pal_va,name,object_file,source_file,source_path,source_line
0x00102540,Emergency_DestroyAllThread,main.o,,,
0x00101C80,Main,main.o,main.c,/backup/ico/20020116MasterVer1.00EU/ico2/common/src/main.c,1031
0x001025E0,movie_abort_check,main.o,,,
0x00102620,demoEnd,main.o,,,
0x001023E0,main,main.o,,,
0x001027C0,sampleModeDemoEndTimeOut,sampleMode.o,,,
0x001027F8,sampleModeStageInit,sampleMode.o,,,
0x00102648,sampleModeNoContTimeOutMain,sampleMode.o,,,
0x00102868,sampleModeExec,sampleMode.o,,,
0x00102788,sampleModeDemoEnd,sampleMode.o,,,
0x001028F8,EntryDelayFree,delayFreeManager.o,,,
0x00102988,InitDelayFree,delayFreeManager.o,,,
0x00102A20,ExecDelayFree,delayFreeManager.o,,,
0x001046D8,GetRootPosition,geometryManager.o,,,
0x00102D10,SetRootMatrixWithTransOffset,geometryManager.o,,,
0x00102BF0,GetRootQuaternion,geometryManager.o,,,
0x001040D0,CylinderCollisionWithControlDynamics,geometryManager.o,,,
0x00103CA0,LocalizeDirectionOrient,geometryManager.o,,,
0x00104310,GetRootMatrix,geometryManager.o,,,
0x00104C08,GetCharGObjList,geometryManager.o,,,
0x00104530,SetDirectRootPositionNoFitting,geometryManager.o,,,
0x00103478,GetInitialSkeltonMatrixByDObj,geometryManager.o,,,
0x00102D60,SetRootMatrixRotOffsetByDObj,geometryManager.o,,,
0x00102FB0,SetDirectRootPositionWithNodePoint,geometryManager.o,,,
0x00102C00,SetRootBaseQuaternion,geometryManager.o,,,
0x00103170,GetGlobalDirectionOrient,geometryManager.o,,,
0x001049E8,GetRootMotionMatrix,geometryManager.o,,,
0x001048C0,GetRootMatrixTransOffset,geometryManager.o,,,
0x00103540,MakeCharGObjList,geometryManager.o,,,
0x00104918,GetRootMotionOrient,geometryManager.o,,,
0x00102C10,SetRootQuaternion,geometryManager.o,,,
0x00104868,GetRootMatrixTransOffsetByDObj,geometryManager.o,,,
0x00104390,GetRootPositionByDObj,geometryManager.o,,,
0x001032F0,GetInitialInverseMatrixByDObj,geometryManager.o,,,
0x00104B10,GetProjectionOfPlane,geometryManager.o,,,
0x00103E18,GetCylinderCollisionWithExceptOwnCollision,geometryManager.o,,,
0x00102D18,GetRootMatrixRotOffsetByDObj,geometryManager.o,,,
0x00102B68,UpdateRootMatrixByDObj,geometryManager.o,,,
0x00104290,GetRootMatrixByDObj,geometryManager.o,,,
0x001031E8,GlobalizeGeometry,geometryManager.o,,,
0x00104808,LimitExistGeometry,geometryManager.o,,,
0x00102FD8,LocalizeGeometry,geometryManager.o,,,
0x00104760,GetRootOrient,geometryManager.o,,,
0x00104410,SetDirectRootPosition,geometryManager.o,,,
0x00102BF8,UpdateRootMatrix,geometryManager.o,,,
0x001033B0,GetInitialInverseMatrix,geometryManager.o,,,
0x00102DE0,SetDirectRootPositionNoFittingWithNodePoint,geometryManager.o,,,
0x00102C90,SetRootMatrixWithTransOffsetByDObj,geometryManager.o,,,
0x001032E0,GetRootVelocity,geometryManager.o,,,
0x00103F20,CylinderCollision,geometryManager.o,,,
0x00103688,cylinderCollisionCheck,geometryManager.o,,,
0x00104B90,GetProjectionOfPlaneWithKeepAway,geometryManager.o,,,
0x00104A98,GetProjectionPosOfPlane,geometryManager.o,,,
0x00102D58,GetRootMatrixRotOffset,geometryManager.o,,,
0x00103D18,GetCylinderCollision,geometryManager.o,,,
0x00104648,SetRootPosition,geometryManager.o,,,
0x00102DD8,SetRootMatrixRotOffset,geometryManager.o,,,
0x00102B30,GetRootQuaternionByDObj,geometryManager.o,,,
0x00104D68,InitKeyInput,keyInput.o,,,
0x00104E50,ExecKeyInput,keyInput.o,,,
0x001059F8,MatrixDrive_GetTurnXAngleZY,matrixDrive.o,,,
0x001054D8,MatrixDrive_TransMatrix,matrixDrive.o,,,
0x00105F58,MatrixDrive_GetTurnMinusZAngleXY,matrixDrive.o,,,
0x00105AD8,MatrixDrive_GetTurnXAngleYZ,matrixDrive.o,,,
0x001061B0,FSqrt,matrixDrive.o,,,
0x00105428,MatrixDrive_PushMatrixWithNoCopy,matrixDrive.o,,,
0x00105740,MatrixDrive_TurnXObjectMatrixYZ,matrixDrive.o,,,
0x00105190,MatrixDrive_RotMatrixY,matrixDrive.o,,,
0x00105460,MatrixDrive_GetLastMatrix,matrixDrive.o,,,
0x00105448,MatrixDrive_GetMatrix,matrixDrive.o,,,
0x00105280,MatrixDrive_ScaleMatrix,matrixDrive.o,,,
0x00106160,SubVectorXYZ,matrixDrive.o,,,
0x00105478,MatrixDrive_TransMatrixV,matrixDrive.o,,,
0x00105BB8,MatrixDrive_GetTurnYAngleXZ,matrixDrive.o,,,
0x00105E68,MatrixDrive_GetTurnZAngleYX,matrixDrive.o,,,
0x001061F8,VectorLengthSquare,matrixDrive.o,,,
0x00105910,MatrixDrive_TurnZObjectMatrixXY,matrixDrive.o,,,
0x001050F0,MatrixDrive_PushMatrix,matrixDrive.o,,,
0x001052B0,MatrixDrive_TurnViewMatrix,matrixDrive.o,,,
0x00105560,MatrixDrive_TurnObjectMatrix,matrixDrive.o,,,
0x00106040,MatrixDrive_SetTransposeMatrix,matrixDrive.o,,,
0x00105658,MatrixDrive_TurnXObjectMatrixZY,matrixDrive.o,,,
0x001061D0,VectorLength,matrixDrive.o,,,
0x00106178,UnitRotation,matrixDrive.o,,,
0x00106118,CopyMatrixUncached,matrixDrive.o,,,
0x00105D88,MatrixDrive_GetTurnZAngleXY,matrixDrive.o,,,
0x001060F0,CopyMatrix,matrixDrive.o,,,
0x001060E0,CopyIVector,matrixDrive.o,,,
0x00105208,MatrixDrive_RotMatrixZ,matrixDrive.o,,,
0x00105438,MatrixDrive_PopMatrix,matrixDrive.o,,,
0x00105C98,MatrixDrive_GetTurnYEAngleXZ,matrixDrive.o,,,
0x00106148,AddVectorXYZ,matrixDrive.o,,,
0x00106218,GetPointDistance,matrixDrive.o,,,
0x00105118,MatrixDrive_RotMatrixX,matrixDrive.o,,,
0x00105828,MatrixDrive_TurnYObjectMatrixXZ,matrixDrive.o,,,
0x001060D0,CopyVector,matrixDrive.o,,,
0x001050C0,InitMatrixDrive,matrixDrive.o,,,
0x001080C0,AdjustVerticalSidePlaneOfWall,motionManager2.o,,,
0x0010B3E0,_getMotRotElem,motionManager2.o,,,
0x00108390,GetPureVerticalPlane,motionManager2.o,,,
0x0010A9D8,InitMotionRotElem,motionManager2.o,,,
0x0010A2D8,AdjustMotionHeightToNearestField,motionManager2.o,,,
0x0010A3E8,DisableMotionOrientUpdate,motionManager2.o,,,
0x00108CE8,GetStreamMotion,motionManager2.o,,,
0x00109F48,DebugDisp1CollisionWithColor,motionManager2.o,,,
0x00109E30,GetMotionPointer,motionManager2.o,,,
0x0010A4D0,GetDifferenceFromWallUpperField,motionManager2.o,,,
0x0010AC18,CopyMotion,motionManager2.o,,,
0x0010AC58,GetMotionRootPos,motionManager2.o,,,
0x0010A3D8,EnableMotionOrientUpdate,motionManager2.o,,,
0x0010A3B8,ForMotionViewer_GetCurrentAnimationFrame,motionManager2.o,,,
0x0010A9C8,GetHeightOfCliffFromGObj,motionManager2.o,,,
0x0010B1E8,GetOutOutsideOfWall,motionManager2.o,,,
0x00109E40,GetCollisionOfLastActiveField,motionManager2.o,,,
0x0010A758,GetDifferenceFromWallLowerPlane,motionManager2.o,,,
0x0010A9B8,GetHeightOfWallFromGObj,motionManager2.o,,,
0x0010A670,GetDifferenceFromLowerField,motionManager2.o,,,
0x001079B0,SlopeIKControl,motionManager2.o,,,
0x0010ABB0,ClearMotionGeometryInfo,motionManager2.o,,,
0x0010B348,fitYToPlane,motionManager2.o,,,
0x0010A1A0,InitMotionStateInfo,motionManager2.o,,,
0x0010A918,DisableChangeRootUpdateMode,motionManager2.o,,,
0x0010A928,EnableChangeRootUpdateMode,motionManager2.o,,,
0x0010A418,CheckWallAttribute,motionManager2.o,,,
0x0010B160,GetShapeMotion,motionManager2.o,,,
0x00107930,DispSkelton,motionManager2.o,,,
0x00108548,_getS16MotRotElem,motionManager2.o,,,
0x0010B040,GetFloatingMotionRootPos,motionManager2.o,,,
0x0010B298,AdjustRootPositionToVerticalSidePlaneOfWall,motionManager2.o,,,
0x00106D50,SetMotionDirectionWithLimit,motionManager2.o,,,
0x0010B1E0,UnlockForceGroundParent,motionManager2.o,,,
0x00109BB0,GetFloatingShapeMotion,motionManager2.o,,,
0x0010AC10,SetSkeltonDispSwitch,motionManager2.o,,,
0x0010A968,GetHeightOfFieldPlaneDifference,motionManager2.o,,,
0x00106740,dispPlane,motionManager2.o,,,
0x0010A160,ClearMotionBlendlessNode,motionManager2.o,,,
0x00106C88,SetMotionDirection,motionManager2.o,,,
0x0010A838,GetDifferenceFromWallUpperPlane,motionManager2.o,,,
0x0010A948,GetMotionFrameFlag1,motionManager2.o,,,
0x0010AA28,SetMotionNodeFixModeParameter,motionManager2.o,,,
0x00109038,GetFloatingMotion,motionManager2.o,,,
0x0010ACA0,GetMotion,motionManager2.o,,,
0x00107440,InitMotionGeoInfo,motionManager2.o,,,
0x0010A478,GetStreamShapeMotion,motionManager2.o,,,
0x0010A3F8,CheckFloorAttribute,motionManager2.o,,,
0x0010A5A0,GetDifferenceFromLastField,motionManager2.o,,,
0x00106560,CheckFieldContact,motionManager2.o,,,
0x0010A040,SetMotionBlendlessNode,motionManager2.o,,,
0x00106C78,GetOrientOfCliffOfGObj,motionManager2.o,,,
0x0010A958,GetMotionFrameFlag2,motionManager2.o,,,
0x0010A3A8,SetRootUpdateMode,motionManager2.o,,,
0x0010ABA0,SetMotionPlaySpeedRatio,motionManager2.o,,,
0x00106EF0,GetRootPosOfNextFrame,motionManager2.o,,,
0x00108930,_getMotion,motionManager2.o,,,
0x00106D40,_GetMotionDirection,motionManager2.o,,,
0x00106260,GetWaterReaction,motionManager2.o,,,
0x00108F30,CopyMotionWithNodeHrc,motionManager2.o,,,
0x0010A458,CheckPureCliffAttribute,motionManager2.o,,,
0x0010B388,GetBlendedMotionRootPos,motionManager2.o,,,
0x00109A38,MakeMirrorMotion,motionManager2.o,,,
0x00106F78,GetLowerPlaneCollision,motionManager2.o,,,
0x0010A438,CheckPureWallAttribute,motionManager2.o,,,
0x0010A228,GetSkeltonFocusNode,motionManager2.o,,,
0x00107DC0,GetPureVerticalPlaneOfCurrentPosition,motionManager2.o,,,
0x0010A3C8,ForMotionViewer_GetCurrentMotion,motionManager2.o,,,
0x0010AB58,GetRootProjectionPosOfGObj,motionManager2.o,,,
0x0010A938,GetRopeHangablePos,motionManager2.o,,,
0x00109E50,DebugDisp1Collision,motionManager2.o,,,
0x00106C68,GetOrientOfWallOfGObj,motionManager2.o,,,
0x00106F38,AdjustMotionHeightToField,motionManager2.o,,,
0x00109DF0,FeedbackWallWorkInfoToBrainSystem,motionManager2.o,,,
0x0010B1D8,LockForceGroundParent,motionManager2.o,,,
0x0010AE58,GetBlendedMotion,motionManager2.o,,,
0x0010D780,PoolGeo,pool.o,,,
0x0010CDB8,InitLimitedPoolReflactionMesh,pool.o,,,
0x0010B798,SetFallDownSplash,pool.o,,,
0x0010B9B8,GetPoolGlobalDrainVector,pool.o,,,
0x0010CF00,SetLayoutedPoolReflactionMesh,pool.o,,,
0x0010D788,GetPoolGlobalHeight,pool.o,,,
0x0010D8F8,InitLayoutedPoolReflactionMesh,pool.o,,,
0x0010D8E0,CheckPoolHasGridMesh,pool.o,,,
0x0010D240,SetLimitedPoolReflactionMesh,pool.o,,,
0x0010D7C8,GetPoolGlobalHeightDetail,pool.o,,,
0x0010DAC0,getWave,pool.o,,,
0x0010D698,DispLimitedPoolReflactionMesh,pool.o,,,
0x0010B9C8,InitPoolGeo,pool.o,,,
0x0010CCB8,PoolDL,pool.o,,,
0x0010DBE8,RotCurrentQuaternionZ,quaternion.o,,,
0x0010ED18,GetZUnitVectorOfQuaternion,quaternion.o,,,
0x0010DF90,CopyQuaternion,quaternion.o,,,
0x0010E8B8,RotQuaternionY,quaternion.o,,,
0x0010E330,SetQuaternionByAxisRotateWithNoRegularize,quaternion.o,,,
0x0010EC88,GetYUnitVectorOfQuaternion,quaternion.o,,,
0x0010DC90,SetIdentityQuaternion,quaternion.o,,,
0x0010DF98,GetInverseQuaternion,quaternion.o,,,
0x0010E200,GetCurrentQuaternion,quaternion.o,,,
0x0010DBA8,RotCurrentQuaternionX,quaternion.o,,,
0x0010DB40,MultiCurrentQuaternion,quaternion.o,,,
0x0010E398,SetQuaternionByAxisRotateEAngle,quaternion.o,,,
0x0010E620,GetMatrixFromQuaternionPos,quaternion.o,,,
0x0010EBF8,GetXUnitVectorOfQuaternion,quaternion.o,,,
0x0010EDA8,GetDifferencialQuaternionWithNoRegularize,quaternion.o,,,
0x0010DC08,PushQuaternion,quaternion.o,,,
0x0010EAF8,RotQuaternionEAZ,quaternion.o,,,
0x0010E6D0,MultiMatrixByQuaternion,quaternion.o,,,
0x0010E5A0,GetMatrixFromQuaternionRotElem,quaternion.o,,,
0x0010DF58,GetQuaternionFromMatrix,quaternion.o,,,
0x0010E518,MultiQuaternion,quaternion.o,,,
0x0010E230,PushQuaternionWithNoCopy,quaternion.o,,,
0x0010E9F8,RotQuaternionEAX,quaternion.o,,,
0x0010DC80,InitQuaternionDrive,quaternion.o,,,
0x0010DFD8,RegularizeQuaternion,quaternion.o,,,
0x0010E458,SetQuaternionByAxisRotateV,quaternion.o,,,
0x0010DBC8,RotCurrentQuaternionY,quaternion.o,,,
0x0010EF38,SetQuaternionByCosineAxisRotateV,quaternion.o,,,
0x0010E218,GetLastQuaternion,quaternion.o,,,
0x0010E958,RotQuaternionZ,quaternion.o,,,
0x0010DCA0,GetMatrixFromQuaternion,quaternion.o,,,
0x0010E718,GetMirrorQuaternion,quaternion.o,,,
0x0010EEA8,SetQuaternionByCosineAxisRotateVWithNoRegularize,quaternion.o,,,
0x0010E558,DivQuaternion,quaternion.o,,,
0x0010EE68,GetQuaternionMagnitude,quaternion.o,,,
0x0010DB68,InvertCurrentQuaternion,quaternion.o,,,
0x0010E818,RotQuaternionX,quaternion.o,,,
0x0010E4B8,SetQuaternionByAxisRotateVWithNoRegularize,quaternion.o,,,
0x0010E040,GetSlerpQuaternionNoRegularize,quaternion.o,,,
0x0010EFC8,SetQuaternionByAxisRotateVEAngle,quaternion.o,,,
0x0010E1D8,GetSlerpQuaternion,quaternion.o,,,
0x0010E2C0,SetQuaternionByAxisRotate,quaternion.o,,,
0x0010DB88,SetCurrentQuaternion,quaternion.o,,,
0x0010E288,PopQuaternion,quaternion.o,,,
0x0010F088,GetQuaternionCosRadian,quaternion.o,,,
0x0010F2C0,GetTableArcCos,tableSin.o,,,
0x0010F158,InitTableSin,tableSin.o,,,
0x0010F368,GetTableArcTan2,tableSin.o,,,
0x0010F100,GetTableCos,tableSin.o,,,
0x0010F230,GetTableArcSin,tableSin.o,,,
0x0010F0B0,GetTableSin,tableSin.o,,,
0x0010F408,p2o_DispVU1Multi,DisplayP2O.o,,,
0x0010F3B0,p2o_MakePacket,DisplayP2O.o,,,
0x0010F3C0,p2o_DispShadowVolume,DisplayP2O.o,,,
0x0010F438,p2o_SetDefaultEnviroment,DisplayP2O.o,,,
0x0010F428,p2o_TransMicroProgram,DisplayP2O.o,,,
0x0010F418,p2o_DispVU1,DisplayP2O.o,,,
0x0010F3F8,p2o_DispVU1DObj,DisplayP2O.o,,,
0x0010F400,p2o_DispVU1DObjMulti,DisplayP2O.o,,,
0x0010F420,p2o_DispVU1Default,DisplayP2O.o,,,
0x0010F3C8,p2o_HideDispVU1,DisplayP2O.o,,,
0x0010F410,p2o_DispVU1MultiDefault,DisplayP2O.o,,,
0x0010FD20,file_LoadFile,FileManager.o,,,
0x0010F440,file_Init,FileManager.o,,,
0x00111258,gif_SpriteSensitiveOrg,GifPacket.o,,,
0x00112360,gif_MakeSpriteNoTexture,GifPacket.o,,,
0x00111568,gif_DrawPolyF4,GifPacket.o,,,
0x0010FFE8,gif_MakeLine2DOffset,GifPacket.o,,,
0x001110B0,gif_SpriteOrg,GifPacket.o,,,
0x00111870,gif_DrawStripF,GifPacket.o,,,
0x00112178,gif_MakePoint2DOffset,GifPacket.o,,,
0x00112710,gif_SetAlpha,GifPacket.o,,,
0x00110290,gif_MakeSpriteOffset,GifPacket.o,,,
0x001107B8,gif_Line,GifPacket.o,,,
0x00111A30,gif_DrawStripG,GifPacket.o,,,
0x00112458,gif_MakeSpriteNoTextureOffset,GifPacket.o,,,
0x00110B48,gif_SpriteSensitive,GifPacket.o,,,
0x0010FED0,gif_EndPacketPath1,GifPacket.o,,,
0x0010FD98,gif_EndPacket,GifPacket.o,,,
0x00112948,gif_SetHalfOffset,GifPacket.o,,,
0x001127B0,gif_MoveImage,GifPacket.o,,,
0x00112660,gif_LineOffset,GifPacket.o,,,
0x00112018,gif_Init,GifPacket.o,,,
0x001129C8,_IsInScreen,GifPacket.o,,,
0x001128B0,gif_SetZTest,GifPacket.o,,,
0x00112020,gif_StartPacketPri,GifPacket.o,,,
0x00110690,gif_PointOffset,GifPacket.o,,,
0x00110EF8,gif_SpriteSensitiveOffset,GifPacket.o,,,
0x00110CE8,gif_SpriteOffset,GifPacket.o,,,
0x001120A8,gif_CheckOpen,GifPacket.o,,,
0x00111C38,gif_Draw2DStripG,GifPacket.o,,,
0x00112080,gif_SetGsReg,GifPacket.o,,,
0x00112250,gif_MakeLine2D,GifPacket.o,,,
0x00110428,gif_MakeSpriteWithStrip,GifPacket.o,,,
0x00110110,gif_MakeSprite,GifPacket.o,,,
0x00112568,gif_Point,GifPacket.o,,,
0x001128F0,gif_SetZWrite,GifPacket.o,,,
0x00111E10,gif_Draw2DUVStripG,GifPacket.o,,,
0x00112050,gif_StartPacketPriPath1,GifPacket.o,,,
0x001120B0,gif_MakePoint2D,GifPacket.o,,,
0x00110948,gif_Sprite,GifPacket.o,,,
0x001113A0,gif_SetDrawEnviroment,GifPacket.o,,,
0x00112A30,gsb_SetFrame,GsBase.o,,,
0x00112C90,gsb_Reduction,GsBase.o,,,
0x00115568,gsb_SetZoom,GsBase.o,,,
0x001154E0,gsb_SetBGColor,GsBase.o,,,
0x00114F98,gsb_StageSettingTool,GsBase.o,,,
0x00115718,gsb_ClearFrameBuffer,GsBase.o,,,
0x00115678,gsb_SaveStageSettings,GsBase.o,,,
0x00115578,gsb_SyncGSSystem,GsBase.o,,,
0x001155D8,gsb_LoadStageSettings,GsBase.o,,,
0x00115538,gsb_GetBGColor,GsBase.o,,,
0x001146C0,gsb_UpdateGSSystem,GsBase.o,,,
0x001147E0,gsb_ResetGSSystem,GsBase.o,,,
0x001140F0,gsb_MakeCommonMatrix,GsBase.o,,,
0x00114EA8,gsb_ClipBox,GsBase.o,,,
0x001145D0,gsb_InitGSSystem,GsBase.o,,,
0x00115378,gsb_StageSetting,GsBase.o,,,
0x00114CC0,gsb_SetVSMatrix,GsBase.o,,,
0x00112B28,gsb_Init,GsBase.o,,,
0x00118010,light_AddAmbientObject,Light.o,,,
0x00117FB8,light_KillAllAmbient,Light.o,,,
0x001167B0,light_DispVolume,Light.o,,,
0x00117400,light_Tool,Light.o,,,
0x00115900,light_AddLight,Light.o,,,
0x00117F48,light_InitLight,Light.o,,,
0x00117F58,light_KillAllFixLight,Light.o,,,
0x001166D0,light_MakeLightMatrix,Light.o,,,
0x00118E38,_ApplyMatrix,Matrix.o,,,
0x001189D0,_PushVu0Registers,Matrix.o,,,
0x001187C8,_GetCurrentMatrixTrans,Matrix.o,,,
0x00119200,_MakeLightColorMatrix,Matrix.o,,,
0x00118450,_UnitCurrentMatrix,Matrix.o,,,
0x001188D0,_RotTransPersCurrentMatrix,Matrix.o,,,
0x00118B78,_AddVectorXYZ,Matrix.o,,,
0x00118C50,_CopyVector,Matrix.o,,,
0x00118BE0,_ScaleVectorXYZ,Matrix.o,,,
0x00118D98,_CopyMatrix,Matrix.o,,,
0x00118F00,_InversMatrix,Matrix.o,,,
0x001188B0,_ApplyCurrentMatrix,Matrix.o,,,
0x00118488,_PopCurrentMatrix,Matrix.o,,,
0x001185A0,_RotCurrentMatrixY,Matrix.o,,,
0x00118140,_RemakeNormal,Matrix.o,,,
0x00118BC0,_ScaleVector,Matrix.o,,,
0x00118720,_ScaleCurrentMatrix,Matrix.o,,,
0x00118B90,_SubVector,Matrix.o,,,
0x00118C60,_CopyIVector,Matrix.o,,,
0x00118B60,_AddVector,Matrix.o,,,
0x001187B0,_GetCurrentMatrix,Matrix.o,,,
0x00118C70,_UnitVector,Matrix.o,,,
0x00118BA8,_SubVectorXYZ,Matrix.o,,,
0x00118C80,_InterVector,Matrix.o,,,
0x00119270,_GetRandomVector,Matrix.o,,,
0x00118980,_InverseCurrentMatrix,Matrix.o,,,
0x00118C38,_FTOI0Vector,Matrix.o,,,
0x00118858,_MulCurrentMatrixL,Matrix.o,,,
0x001192A8,_RotTransCurrentMatrix,Matrix.o,,,
0x00118410,_Sqrt,Matrix.o,,,
0x001187F0,_MulCurrentMatrixR,Matrix.o,,,
0x00118B40,_OuterProduct,Matrix.o,,,
0x00118660,_RotCurrentMatrixZ,Matrix.o,,,
0x00118E68,_UnitMatrix,Matrix.o,,,
0x00119258,_GetRandom,Matrix.o,,,
0x001187D8,_SetCurrentMatrix,Matrix.o,,,
0x00118C20,_FTOI4Vector,Matrix.o,,,
0x00118C00,_ScaleVector2XYZ,Matrix.o,,,
0x00118F70,_ScaleMatrixV,Matrix.o,,,
0x00118950,_TransposeRotationCurrentMatrix,Matrix.o,,,
0x00118EB8,_TransposeMatrix,Matrix.o,,,
0x00119130,_MakeNormalLightMatrix,Matrix.o,,,
0x00118D00,_GetLength,Matrix.o,,,
0x00118CD0,_GetNorm,Matrix.o,,,
0x00118430,_InitCurrentMatrix,Matrix.o,,,
0x00118D68,_GetLengthXZ,Matrix.o,,,
0x00119238,_InitRandom,Matrix.o,,,
0x001184A0,_TransCurrentMatrix,Matrix.o,,,
0x00118B10,_InnerProduct,Matrix.o,,,
0x00119290,_GetRandomVector0,Matrix.o,,,
0x00118DC0,_MulMatrix,Matrix.o,,,
0x00119008,_SetCameraMatrix,Matrix.o,,,
0x00118AE0,_NormalizeVector,Matrix.o,,,
0x00118900,_TransposeCurrentMatrix,Matrix.o,,,
0x00118470,_PushCurrentMatrix,Matrix.o,,,
0x001184C0,_SetTransCurrentMatrix,Matrix.o,,,
0x00118D38,_GetLengthXY,Matrix.o,,,
0x001184D0,_ClearTransCurrentMatrix,Matrix.o,,,
0x00118A58,_PopVu0Registers,Matrix.o,,,
0x001184E0,_RotCurrentMatrixX,Matrix.o,,,
0x00118E90,_UnitRotation,Matrix.o,,,
0x00118CA8,_InterVectorXYZ,Matrix.o,,,
0x00119748,mc_Reset,MicroCode.o,,,
0x00119788,mc_Init,MicroCode.o,,,
0x00119458,mc_SetMicroCode,MicroCode.o,,,
0x00119678,mc_TransMicroCode,MicroCode.o,,,
0x0011C6D0,pac_MakePacket,Packet.o,,,
0x0011C750,pac_DispVu1Memory,Packet.o,,,
0x001199B0,pac_DumpPac,Packet.o,,,
0x0011C748,pac_Init,Packet.o,,,
0x0011C6F0,pac_Dump,Packet.o,,,
0x0011CC90,prim_DispFan2D,Primitive.o,,,
0x0011DA78,prim_UpdateMesh3D,Primitive.o,,,
0x0011E660,prim_DeleteParticle,Primitive.o,,,
0x0011DF90,prim_DispMesh3D,Primitive.o,,,
0x0011E488,prim_DispParticle,Primitive.o,,,
0x0011C7B8,prim_InitFan2D,Primitive.o,,,
0x0011D388,prim_InitMesh3D,Primitive.o,,,
0x0011EC78,prim_DispWireBox,Primitive.o,,,
0x0011E838,prim_DispWireYCylinder,Primitive.o,,,
0x0011E130,prim_InitParticle,Primitive.o,,,
0x0011E9A0,prim_DispWireSphere,Primitive.o,,,
0x0011CA48,prim_SetFan2D,Primitive.o,,,
0x00122EF0,reg_Init,RegistPacket.o,,,
0x00122E10,reg_DispObj,RegistPacket.o,,,
0x00122B28,reg_DispEnemy,RegistPacket.o,,,
0x001223D8,reg_DispAccessoryWithShadow,RegistPacket.o,,,
0x00122EB0,reg_DispObj2,RegistPacket.o,,,
0x00122EF8,reg_GetShinePri,RegistPacket.o,,,
0x00122790,reg_RenderReflection,RegistPacket.o,,,
0x00122EC0,reg_TransTexturePacket,RegistPacket.o,,,
0x00122EB8,reg_SetScissorSw,RegistPacket.o,,,
0x00122F48,shadow_Reset,Shadow.o,,,
0x001264D0,shadow_RenderVolumeMulti,Shadow.o,,,
0x001246C8,shadow_RenderVolume,Shadow.o,,,
0x00128978,shadow_KillShadow,Shadow.o,,,
0x00123E70,shadow_Render,Shadow.o,,,
0x00128980,shadow_DispCancel,Shadow.o,,,
0x00128A28,shadow_SetLength,Shadow.o,,,
0x00128628,shadow_Tool,Shadow.o,,,
0x001282C0,shadow_MakeObjectData,Shadow.o,,,
0x00128A58,shadow_Init,Shadow.o,,,
0x001233B0,shadow_Draw,Shadow.o,,,
0x0012A018,stage_DispAnimation,StageAnimation.o,,,
0x0012B080,stage_KillPlayBgAnimationIfOverMaxCount,StageAnimation.o,,,
0x0012AA98,stage_DispBgAnimation,StageAnimation.o,,,
0x0012A8A0,stage_MakePlayBgAnimation,StageAnimation.o,,,
0x00128CF0,stage_ApplyData,StageAnimation.o,,,
0x00129E80,stage_CalcAnimationParent,StageAnimation.o,,,
0x0012ADE8,stage_CheckAnimationFrame,StageAnimation.o,,,
0x0012A280,stage_PlayBgAnimation,StageAnimation.o,,,
0x0012AA30,stage_KillPlayBgAnimation,StageAnimation.o,,,
0x001299A0,stage_SetAnimation,StageAnimation.o,,,
0x0012AE78,stage_SetLoopFlag,StageAnimation.o,,,
0x0012AFD8,stage_SetLocalizeGeometry,StageAnimation.o,,,
0x00129C78,stage_ResetAnimation,StageAnimation.o,,,
0x0012AF70,stage_SetParentOfGObjWithLocalRotationFlag,StageAnimation.o,,,
0x0012A178,stage_SetScale,StageAnimation.o,,,
0x0012A570,stage_PlayBgAnimationDissolve,StageAnimation.o,,,
0x00128ED0,stage_Init,StageAnimation.o,,,
0x0012B0D8,stage_CheckAnimationFrameIn,StageAnimation.o,,,
0x00129C80,stage_CalcAnimationNoParent,StageAnimation.o,,,
0x00129B70,stage_ContinueAnimation,StageAnimation.o,,,
0x0012AD18,stage_CheckAnimationFinish,StageAnimation.o,,,
0x0012AEC0,stage_SetFrameStep,StageAnimation.o,,,
0x0012AF08,stage_SetParentOfGObj,StageAnimation.o,,,
0x0012E098,tex_SetClutAnimation,Texture.o,,,
0x00130008,tex_GetTextureNo,Texture.o,,,
0x001300D0,tex_SetSamplingType,Texture.o,,,
0x0012FFC8,tex_InitTexture,Texture.o,,,
0x001300A0,tex_GetTextureData,Texture.o,,,
0x00130470,tex_RemakeRegistersSampleMin,Texture.o,,,
0x0012E230,tex_ResetVram,Texture.o,,,
0x001303C0,tex_Init,Texture.o,,,
0x0012E118,tex_FreeTexture,Texture.o,,,
0x001301F0,tex_ResetVramPri,Texture.o,,,
0x00130280,tex_GetTextureNum,Texture.o,,,
0x00130110,tex_GetVramFreeAddress,Texture.o,,,
0x0012D4B0,tex_LoadTexturePart,Texture.o,,,
0x001300F8,tex_GetTexExtData,Texture.o,,,
0x0012B168,tex_AllocVramAuto,Texture.o,,,
0x00130288,tex_SetUVScroll,Texture.o,,,
0x0012FFE8,tex_LoadTexture,Texture.o,,,
0x0012FF78,tex_GetTWTH,Texture.o,,,
0x0012FAB0,tex_ListTool,Texture.o,,,
0x00130130,tex_UpdateMipMapLevel,Texture.o,,,
0x001300B8,tex_GetTextureName,Texture.o,,,
0x0012D608,tex_TransTexture,Texture.o,,,
0x001304E8,fog_MakeFogClut,ZFog.o,,,
0x001306E8,fog_DrawFog,ZFog.o,,,
0x00131230,fog_FogTool,ZFog.o,,,
0x001333D8,iosCdvdBackGroundRead,cdvd.o,,,
0x00132398,iosCdvdHandlerRead,cdvd.o,,,
0x001334E8,iosCdvdBackGroundReadIOPm,cdvd.o,,,
0x001319B0,temp_loadfunc,cdvd.o,,,
0x001328D0,iosCdvdLoad,cdvd.o,,,
0x001322E8,iosCdvdHandlerReadInflate,cdvd.o,,,
0x00133268,iosCdvdSync,cdvd.o,,,
0x00132F28,iosCdvdDirectStOpen,cdvd.o,,,
0x00132638,iosCdvdManager,cdvd.o,,,
0x00133640,iosCdvdDirectStRead,cdvd.o,,,
0x001335F8,iosCdvdBackGroundMgrGetRunning,cdvd.o,,,
0x001333D0,iosCdvdBackGroundMgrSeek,cdvd.o,,,
0x00133330,iosCdvdBackGroundMgrNotDiskReadyPauseSet,cdvd.o,,,
0x00132928,iosCdvdBackGroundMgrAdd,cdvd.o,,,
0x00133318,iosCdvdDiskStatusGet,cdvd.o,,,
0x00133600,iosCdvdDirectStClose,cdvd.o,,,
0x00133398,iosCdvdBackGroundMgrEntryNum,cdvd.o,,,
0x00133298,iosCdvdLoadPackFile,cdvd.o,,,
0x00131F40,iosCdvdHandlerReadNoInflate,cdvd.o,,,
0x001328B0,iosCdvdDiskReady,cdvd.o,,,
0x00133188,iosCdvdGetFileLsn,cdvd.o,,,
0x00133320,iosCdvdBackGroundMgrDelete,cdvd.o,,,
0x001336A0,inflate_cd_read_func,cdvd.o,,,
0x00133350,iosCdvdBackGroundMgrDeleteRequestGet,cdvd.o,,,
0x001330E8,iosCdvdChgFileName,cdvd.o,,,
0x001355F8,inflate,inflate.o,,,
0x00135AC0,open_inflate_handler,inflate.o,,,
0x00135530,close_inflate_handler,inflate.o,,,
0x00135E08,iosInitialize,ios.o,,,
0x00135FD8,iosSifAllocIopHeapDebug,ios.o,,,
0x001362B8,strdup_mblock,mblock.o,,,
0x001361A8,init_mblock,mblock.o,,,
0x00136260,reuse_mblock,mblock.o,,,
0x001361B8,new_segment,mblock.o,,,
0x00136798,iosMcHandlerRead,mcard.o,,,
0x00137F68,iosMcMgrSync,mcard.o,,,
0x001363A0,iosMcHandlerWrite,mcard.o,,,
0x00138008,iosMcTest,mcard.o,,,
0x001381D0,iosMcSaveProductBlock,mcard.o,,,
0x00138218,iosMcLoadProductBlock,mcard.o,,,
0x00138140,iosMcDelete,mcard.o,,,
0x00137838,iosMcManager,mcard.o,,,
0x001382F0,iosMcChdirProduct,mcard.o,,,
0x001382A8,iosMcLoadGameBlock,mcard.o,,,
0x001380B0,iosMcUnformat,mcard.o,,,
0x00138338,iosMcGetBlockSaveInfo,mcard.o,,,
0x00138010,iosMcSync,mcard.o,,,
0x00138188,iosMcSaveIconBlock,mcard.o,,,
0x00138028,iosMcGetInfo,mcard.o,,,
0x001380F8,iosMcGetDir,mcard.o,,,
0x00138068,iosMcFormat,mcard.o,,,
0x00138260,iosMcSaveGameBlock,mcard.o,,,
0x00138738,iosMcIconWriteIcon,mcdata.o,,,
0x00138630,iosMcIconWriteIconsys,mcdata.o,,,
0x00139460,_iosFreeWithFill,memory.o,,,
0x0013A068,iosMallocAlignDebug,memory.o,,,
0x00139508,iosFree,memory.o,,,
0x00138D98,iosMallocClearPartition,memory.o,,,
0x00138D10,iosMallocSetPartitionName,memory.o,,,
0x00139BA0,iosMallocCheckLeak2,memory.o,,,
0x00138B30,iosMallocResetPartition,memory.o,,,
0x00139CE8,iosReallocDebug,memory.o,,,
0x00138F50,iosMallocDebug,memory.o,,,
0x00138910,iosMallocSetPartition,memory.o,,,
0x00139F58,iosMallocInitPartition,memory.o,,,
0x001399C0,iosMallocCheckLeak,memory.o,,,
0x0013A480,iosMsgInit,message.o,,,
0x0013A5C0,iosMsgRecv,message.o,,,
0x0013A150,iosMsgQueueCreate,message.o,,,
0x0013A1F8,iosMsgQueueDestroy,message.o,,,
0x0013A4B8,iosMsgSend,message.o,,,
0x0013A398,iosMsgSetEvent,message.o,,,
0x0013A6C8,iosMsgQueueDestroyAll,message.o,,,
0x0013B510,iosPadActRequest,pad.o,,,
0x0013B6C0,iosPadConnect,pad.o,,,
0x0013B660,iosPadGetSlot,pad.o,,,
0x0013B6E0,iosPadStickCameraCoord,pad.o,,,
0x0013BA78,iosPadErrorWait,pad.o,,,
0x0013B678,iosPadGetDevice,pad.o,,,
0x0013B648,iosPadGetPort,pad.o,,,
0x0013B198,iosPadNormalizeStick,pad.o,,,
0x0013AC58,iosPadDevInit,pad.o,,,
0x0013B870,iosPadActStopAll,pad.o,,,
0x0013BA70,iosPadDisconWait,pad.o,,,
0x0013B060,iosPadRead,pad.o,,,
0x0013B8D8,iosPadActVolumeSet,pad.o,,,
0x0013B350,iosPadGetStick,pad.o,,,
0x0013B758,iosPadEnable,pad.o,,,
0x0013B618,iosPadDevRead,pad.o,,,
0x0013B778,iosPadActInit,pad.o,,,
0x0013B770,iosPadEnableGet,pad.o,,,
0x0013B7F0,iosPadActStop,pad.o,,,
0x0013B768,iosPadDisable,pad.o,,,
0x0013CE08,Shock_SetShockVoiceSet,shockdriver.o,,,
0x0013BD20,Vibration_WaveDecode,shockdriver.o,,,
0x0013CC30,Get_ShockRequestStruct,shockdriver.o,,,
0x0013CE80,Shock_RequestClear,shockdriver.o,,,
0x0013CF98,dumyAllocFunc,shockdriver.o,,,
0x0013C9D8,ShockDriver_VoiceSet_Regist,shockdriver.o,,,
0x0013C498,ShockRequestBox_Regst,shockdriver.o,,,
0x0013C220,Shock_SetMotor,shockdriver.o,,,
0x0013CEE0,Shock_Decode,shockdriver.o,,,
0x0013CE70,Init_Controler,shockdriver.o,,,
0x0013C778,ShockRequestBox_VoiceSetUseRequestFree,shockdriver.o,,,
0x0013CAD0,ShockDriver_GetShockVoiceSet,shockdriver.o,,,
0x0013C858,ShockRequestBox_RequestCancel,shockdriver.o,,,
0x0013C438,ShockRequestBox_Clear,shockdriver.o,,,
0x0013C948,Init_ShockDriver,shockdriver.o,,,
0x0013CB78,ShockEmulator_EmulationWave,shockdriver.o,,,
0x0013BA80,Vibration_ShotDecode,shockdriver.o,,,
0x0013C720,ShockRequestBox_EndRequestFree,shockdriver.o,,,
0x0013CD48,Init_Shock,shockdriver.o,,,
0x0013CB00,ShockDriver_GetShockVoice,shockdriver.o,,,
0x0013C9A0,ShockDriver_VoiceSet_NumberRegist,shockdriver.o,,,
0x0013CE38,Init_Player,shockdriver.o,,,
0x0013CBE8,Init_ShockRequestAlloc,shockdriver.o,,,
0x0013CA88,ShockDriver_GetShockVoiceMax,shockdriver.o,,,
0x0013C820,ShockRequestBox_GetRequest,shockdriver.o,,,
0x0013C648,ShockRequestBox_DecodeRequest,shockdriver.o,,,
0x0013CB70,ShockEmulator_EmulationShot,shockdriver.o,,,
0x0013C8D8,ShockRequestBox_RequestDirectCancel,shockdriver.o,,,
0x0013C388,Init_ShockVoiceSet,shockdriver.o,,,
0x0013CA50,ShockDriver_VoiceSet_Remove,shockdriver.o,,,
0x0013C3C0,Vibration_SetDecodeData,shockdriver.o,,,
0x0013CC70,Reset_ShockRequestStruct,shockdriver.o,,,
0x0013C4B8,ShockRequestBox_Request,shockdriver.o,,,
0x0013C410,Init_ShockRequestBox,shockdriver.o,,,
0x0013CFA0,Vibration_SetDecodeEnd,shockdriver.o,,,
0x0013CC78,ShockRevice_Wave,shockdriver.o,,,
0x0013CB60,Init_ShockEmulator,shockdriver.o,,,
0x0013C010,Shock_Request,shockdriver.o,,,
0x0013DA60,iosSemaSignal,thread.o,,,
0x0013D848,iosThreadJoin,thread.o,,,
0x0013D828,iosThreadWakeup,thread.o,,,
0x0013D2C8,iosThreadStart,thread.o,,,
0x0013D340,iosThreadSetPri,thread.o,,,
0x0013D7E0,iosGetIOSThreadFromId,thread.o,,,
0x0013D0B0,iosThreadCreateS,thread.o,,,
0x0013D450,iosThreadInit,thread.o,,,
0x0013D600,iosThreadCreate,thread.o,,,
0x0013D2F8,iosThreadDestroy,thread.o,,,
0x0013D440,iosThreadSuspend,thread.o,,,
0x0013D7A0,iosThreadGetPri,thread.o,,,
0x0013D8C8,iosThreadCancelWakeup,thread.o,,,
0x0013D2D8,iosThreadStop,thread.o,,,
0x0013DAB0,iosSemaReferStatus,thread.o,,,
0x0013D448,iosThreadResume,thread.o,,,
0x0013D2F0,iosThreadSleep,thread.o,,,
0x0013D988,iosSemaDelete,thread.o,,,
0x0013DC20,iosThreadAllQuit,thread.o,,,
0x0013D398,iosThreadMessage,thread.o,,,
0x0013D900,iosSemaCreate,thread.o,,,
0x0013D438,iosThreadName,thread.o,,,
0x0013DA00,iosSemaWait,thread.o,,,
0x0013E448,isysGObjRemove,gobj.o,,,
0x0013E250,isysGObjAddBeforeGObj,gobj.o,,,
0x0013E9E8,isysGObjSearchFromObjLayoutID,gobj.o,,,
0x0013EBA8,isysGObjGetExist_begin,gobj.o,,,
0x0013EBF8,isysGObjGetExist_next,gobj.o,,,
0x0013EC40,isysGObjActiveLink,gobj.o,,,
0x0013EAE0,isysGObjSearchFromObjKindID_next,gobj.o,,,
0x0013EC78,isysGObjActiveDlLink,gobj.o,,,
0x0013E3D0,isysGObjAlloc,gobj.o,,,
0x0013DCA0,isysGObjInit,gobj.o,,,
0x0013EB50,isysGObjSearchFromLabelTypeID,gobj.o,,,
0x0013E388,isysGetNbAllocedGObjs,gobj.o,,,
0x0013E628,isysGObjKindTableRemove,gobj.o,,,
0x0013E7D8,isysGObjAdd,gobj.o,,,
0x0013E768,isysGObjMoveBeforeGObj,gobj.o,,,
0x0013E0D8,isysGObjMoveHead,gobj.o,,,
0x0013DDA0,isysGObjRemoveAll,gobj.o,,,
0x0013E120,isysGObjAddAfterGObj,gobj.o,,,
0x0013E090,isysGObjMove,gobj.o,,,
0x0013E8E0,isysGObjAddHead,gobj.o,,,
0x0013E548,isysGObjKindTableAdd,gobj.o,,,
0x0013E6F8,isysGObjMoveAfterGObj,gobj.o,,,
0x0013EA50,isysGObjSearchFromObjKindID_begin,gobj.o,,,
0x0013EFE8,isysGObjMoveObjDLHead,gobj_dl.o,,,
0x0013F160,isysGObjLinkObjDLBeforeGObj,gobj_dl.o,,,
0x0013F278,isysGObjMoveObjDLBeforeGObj,gobj_dl.o,,,
0x0013EFA0,isysGObjMoveObjDL,gobj_dl.o,,,
0x0013F0F8,isysGObjLinkObjDLAfterGObj,gobj_dl.o,,,
0x0013ED58,isysGObjRemoveObjDL,gobj_dl.o,,,
0x0013F208,isysGObjMoveObjDLAfterGObj,gobj_dl.o,,,
0x0013F1C8,isysGObjDlInit,gobj_dl.o,,,
0x0013F030,isysGObjLinkObjDL,gobj_dl.o,,,
0x0013F0D0,isysGObjLinkObjDLHead,gobj_dl.o,,,
0x0013F6A8,isysGObjProcAddS,gobj_process.o,,,
0x0013F6D8,isysGObjProcAddGOppArg,gobj_process.o,,,
0x0013F860,isysGObjProcActivePtr,gobj_process.o,,,
0x0013F7F8,isysGObjProcThreadSleep,gobj_process.o,,,
0x0013F830,isysGObjProcAddSGOppArg,gobj_process.o,,,
0x0013F708,isysGObjProcPause,gobj_process.o,,,
0x0013F778,isysGObjProcActive,gobj_process.o,,,
0x0013F600,isysGObjProcessAlloc,gobj_process.o,,,
0x0013F710,isysGObjProcPauseAll,gobj_process.o,,,
0x0013F7C0,isysGObjProcRemoveAll,gobj_process.o,,,
0x0013F788,isysGObjProcActiveAll,gobj_process.o,,,
0x0013F2E8,isysGObjProcessInit,gobj_process.o,,,
0x0013F5B8,isysGObjProcRemove,gobj_process.o,,,
0x0013F678,isysGObjProcAdd,gobj_process.o,,,
0x0013F748,isysGObjProcPausePtr,gobj_process.o,,,
0x0013F890,free_gobj_process_resource,gobj_process.o,,,
0x0013F898,isysInitialize,isys.o,,,
0x0013FE88,iosOmSendMail,obj_manager.o,,,
0x0013FC78,iosOmExeEachGObjAll,obj_manager.o,,,
0x0013FDE0,iosOmSearchGObjId,obj_manager.o,,,
0x0013FAF8,iosOmMain,obj_manager.o,,,
0x0013FF48,iosOmExeMail,obj_manager.o,,,
0x0013FE80,iosOmBeforeFuncStandard,obj_manager.o,,,
0x0013FC10,iosOmExeEachGObj,obj_manager.o,,,
0x0013FB00,iosOmCreateDL,obj_manager.o,,,
0x0013FD18,iosOmReturnExeEachGObj,obj_manager.o,,,
0x0013FDB0,iosOmGetGObjStatus,obj_manager.o,,,
0x0013FED0,iosOmSendMailLink,obj_manager.o,,,
0x0013FE20,iosOmSearchGObjIdAll,obj_manager.o,,,
0x0013F8A0,iosOmInit,obj_manager.o,,,
0x00142B80,soundBufAdpcmFree,s_init.o,,,
0x00142A68,soundReverbDepthGet,s_init.o,,,
0x001435B8,debug_req,s_init.o,,,
0x001429A8,Ee2Iop,s_init.o,,,
0x00140190,soundReverbDepthSet,s_init.o,,,
0x00143048,soundSeDefPlayWithVolumeRate,s_init.o,,,
0x00140AF0,soundDataOpen,s_init.o,,,
0x00142D30,soundHDDataSet,s_init.o,,,
0x00142118,soundSeDefStop,s_init.o,,,
0x00142388,soundSeEnvNotUseClose,s_init.o,,,
0x001431B0,soundSeGroupGet,s_init.o,,,
0x00140BE0,soundDataOpenSync,s_init.o,,,
0x00142BE8,soundDataAreaGet,s_init.o,,,
0x00142120,soundSeDefStopNoRelease,s_init.o,,,
0x00143110,soundSeGroupStop,s_init.o,,,
0x00140730,soundBufSegFree,s_init.o,,,
0x00142A60,soundOutputModeGet,s_init.o,,,
0x00143098,soundSeDefVolumeRateGet,s_init.o,,,
0x001433D0,soundSeKindBuild,s_init.o,,,
0x00140180,soundOutputModeSet,s_init.o,,,
0x00140268,soundAllocIopFree,s_init.o,,,
0x00140CC8,soundDataClose,s_init.o,,,
0x00142010,_soundSeDefStop,s_init.o,,,
0x00140E28,soundDataSegAllClose,s_init.o,,,
0x00142168,soundSeEnvPlay,s_init.o,,,
0x001430D8,soundSeDefVolumeRateSet,s_init.o,,,
0x00140848,soundBDDataSet,s_init.o,,,
0x001431D8,soundSePlayModeStop,s_init.o,,,
0x00142BA0,soundDataAreaSearch,s_init.o,,,
0x00143490,soundSeSemiCommonLoadChk,s_init.o,,,
0x00140528,soundBufAlloc,s_init.o,,,
0x00142FF0,soundSeDefPlay,s_init.o,,,
0x00142128,soundSeDefPitchSet,s_init.o,,,
0x00143370,soundVBlank,s_init.o,,,
0x00142A70,soundBufAdpcmChAlloc,s_init.o,,,
0x00140208,soundAllocIopHeap,s_init.o,,,
0x00140030,soundInit,s_init.o,,,
0x00142E90,soundSQDataSet,s_init.o,,,
0x00142820,soundDataSegNextStageNotUseClose,s_init.o,,,
0x00143260,soundReqTickProc,s_init.o,,,
0x001436F8,sndManager,soundManager.o,,,
0x001436B0,sndInit,soundManager.o,,,
0x00143650,sndBgmReadyNextStage,soundManager.o,,,
0x00148B60,ACTGameCollisionOn,soundManager.o,,,
0x00144A18,ACTGame_BeforeFunc,soundManager.o,,,
0x00149370,ACTGame_isHangChain,soundManager.o,,,
0x00144518,ACTParaStatus_Exec,soundManager.o,,,
0x00149AB0,ACTGameView_FirstSet,soundManager.o,,,
0x00147A88,GetOtherStageGirlOrient,soundManager.o,,,
0x0014A268,ACTGame_LwsEffect_Guard,soundManager.o,,,
0x00149D70,ACTGame_GetNearestGObj,soundManager.o,,,
0x0014A3B8,_GetRootObjectOrient,soundManager.o,,,
0x00149508,ACTCheckCollis_W,soundManager.o,,,
0x0014A178,ACTGame_SendSoundMail,soundManager.o,,,
0x00149F28,_ACTCharStatus_Set,soundManager.o,,,
0x00149128,PAIR_IsStatus_BOY_PULL,soundManager.o,,,
0x00148DB8,GetSkeltonPosition,soundManager.o,,,
0x0014A008,_ACTGame_GetParamF,soundManager.o,,,
0x00144508,ACTParaStatus_Clear,soundManager.o,,,
0x00147ED0,ACTLookTargetSystem_Exec,soundManager.o,,,
0x00143CE0,ACTGame_TryDisconnectHand,soundManager.o,,,
0x0014A310,ActGame_GetOrientQ,soundManager.o,,,
0x0014A708,ACTGame_SetMotionPlaySpeedRatio_Exec,soundManager.o,,,
0x00149218,PAIR_IsStatus_BOY_WAIT,soundManager.o,,,
0x00148C28,ACTGame_StageChangeGObjID,soundManager.o,,,
0x00144678,_ACTCharStatus_Clear,soundManager.o,,,
0x00149E08,ACTLookTarget_Init,soundManager.o,,,
0x00149E20,_ACTLookTarget_Set,soundManager.o,,,
0x00149FD0,_ACTSetEnemyDisappearSpeed,soundManager.o,,,
0x00148A18,RequestChangeHandMode,soundManager.o,,,
0x00148BD8,ACTGame_CheckHandMotion,soundManager.o,,,
0x001496E0,ACTCheckCollis_WELL,soundManager.o,,,
0x001437A8,ACTGame_SaveActorInformation,soundManager.o,,,
0x001437F8,ACTGame_DeleteActorInformation,soundManager.o,,,
0x00143D00,ACTGame_DisconnectHand_WithMail,soundManager.o,,,
0x00149E88,ACTParaStatus_Init,soundManager.o,,,
0x00149B80,ACTGameView_Add,soundManager.o,,,
0x00148FE8,ACTGame_ConnectHand,soundManager.o,,,
0x00149400,ACTCheckCollis_WF,soundManager.o,,,
0x00149930,ACTCheckViewCl,soundManager.o,,,
0x00149FE0,ACTGame_SetMotionPlaySpeedRatio_Reserve,soundManager.o,,,
0x001447D0,GetSkeltonOrient,soundManager.o,,,
0x0014A458,ACTCheckCollis_VIEW,soundManager.o,,,
0x001497E8,ACTCheckCollis_WAY,soundManager.o,,,
0x001492B8,PAIR_IsStatus_BOY_DITCH,soundManager.o,,,
0x00148BB0,ACTGame_CheckItemMotion,soundManager.o,,,
0x00149F18,_ACTCharStatus_Init,soundManager.o,,,
0x00148B28,ACTNotNeedCameraOffset,soundManager.o,,,
0x00149278,PAIR_GetPosition_BOY_DITCH,soundManager.o,,,
0x00149638,ACTCheckCollis_CI,soundManager.o,,,
0x00149FC8,_ACTCharStatus_Exec,soundManager.o,,,
0x00148CA8,ACTGame_StageChangeGObjDirect,soundManager.o,,,
0x00148FC0,ACTCharctrl_Unlock,soundManager.o,,,
0x001441F8,_ACTGame_SearchGObj,soundManager.o,,,
0x00149198,PAIR_IsStatus_GIRL_PULL,soundManager.o,,,
0x00148D60,ACTGame_FLAG_LIFEPINCH,soundManager.o,,,
0x00149CB8,ACTGame_GetMotOrientFromWeapon,soundManager.o,,,
0x00149C70,ACTGameViewSimple_Check,soundManager.o,,,
0x00149F00,_ACTParaStatus_Check,soundManager.o,,,
0x001443C8,ACTLookTarget_Exec,soundManager.o,,,
0x00148E30,SetDirectRootPositionWithNodePointLimit,soundManager.o,,,
0x00148F68,ACTGameView_Init,soundManager.o,,,
0x00149C28,ACTGameView_Check,soundManager.o,,,
0x001493B8,ACTGame_isWeaponEnableCatchfire,soundManager.o,,,
0x001438D8,ACTGame_StageChangeGObj,soundManager.o,,,
0x001490E8,PAIR_GetPosition_BOY,soundManager.o,,,
0x00149D00,ACTGame_NoWeapon,soundManager.o,,,
0x0014A020,ACTGame_GetCurrentCallStatus,soundManager.o,,,
0x00148F80,ACTCharctrl_Lock,soundManager.o,,,
0x00143CC0,ACTGame_TryConnectHand,soundManager.o,,,
0x00146FD8,ACTGame_CommonLoop,soundManager.o,,,
0x00148B88,ACTGameCollisionOff,soundManager.o,,,
0x00143A28,ACTGame_SetActors_Debug,soundManager.o,,,
0x0014A6E8,ACTGame_SetMotionPlaySpeedRatio_Clear,soundManager.o,,,
0x00149060,ACTGame_DisconnectHand,soundManager.o,,,
0x00143D28,ACTCheckView,soundManager.o,,,
0x00148798,ACTGame_InsertCamera_GirlIsPinch,soundManager.o,,,
0x0014A418,ACTItemForceDrop,soundManager.o,,,
0x00148D90,ACTGame_FLAG_TETSUNAGI,soundManager.o,,,
0x00149D48,ACTGame_isWeaponCombustible,soundManager.o,,,
0x00149EE0,_ACTParaStatus_Set,soundManager.o,,,
0x0014A558,ACTCheckViewClDetail,soundManager.o,,,
0x00149FA8,_ACTCharStatus_Check,soundManager.o,,,
0x0014A230,ACTGame_LwsEffectInit,soundManager.o,,,
0x00143F18,ACTGameView_Loop,soundManager.o,,,
0x0014A0E0,ACTGame_CheckPriInputFrame,soundManager.o,,,
0x0014A980,ActPara_StatusToFlag,soundManager.o,,,
0x0014A7D8,ActPara_MakeTbl,soundManager.o,,,
0x0014A930,ActPara_InitSystem,soundManager.o,,,
0x0014A970,ActPara_GetDefTbl,soundManager.o,,,
0x0014A998,ActPara_DebugOut,soundManager.o,,,
0x0014A9A0,ACTGetWish_FromPad,soundManager.o,,,
0x00153348,actBoyJump,boyact.o,,,
0x00150CA8,actBoyPullupGo,boyact.o,,,
0x00151AB8,SetStatusBoy_OtherStageGirlPinch,boyact.o,,,
0x001527B0,IsAbleBoyControl,boyact.o,,,
0x00151C08,actBoyStart,boyact.o,,,
0x00152928,actBoyHand200,boyact.o,,,
0x001526D0,actBoySupportBGBegin,boyact.o,,,
0x00152DE8,IsGirlEscortedInNextStage,boyact.o,,,
0x001525C0,actBoyRescueSrc,boyact.o,,,
0x0014EDF8,subBoyCollision,boyact.o,,,
0x001532D8,afterBoySwim,boyact.o,,,
0x00150A80,actBoyPullupReady,boyact.o,,,
0x00152180,actBoyBHang,boyact.o,,,
0x001520E0,actBoyStand,boyact.o,,,
0x001502F0,actBoyAttack,boyact.o,,,
0x00152F68,GetsizeCharacterPacket,boyact.o,,,
0x00150E40,actBoyBelift,boyact.o,,,
0x001527B8,actBoyHand50,boyact.o,,,
0x00152300,actBoyCliffHesitate,boyact.o,,,
0x00152CE8,ACTChkAttackIgnore_BOY,boyact.o,,,
0x00152148,actBoyHang,boyact.o,,,
0x001521B8,actBoyFall,boyact.o,,,
0x00153480,subBoyBrainMain,boyact.o,,,
0x00153170,ACTSearchGObj,boyact.o,,,
0x00152270,actBoyItem,boyact.o,,,
0x001528F0,afterBoyHand100,boyact.o,,,
0x00151210,actBoyRescueReady,boyact.o,,,
0x001529E0,ACTSearchEnemy,boyact.o,,,
0x0014D3C8,subBoyControl,boyact.o,,,
0x00152630,actBoySupportGBLoop,boyact.o,,,
0x00153470,afterCommonItem,boyact.o,,,
0x00152700,actBoyDitch3mExec,boyact.o,,,
0x001521F8,actBoyCall,boyact.o,,,
0x00152730,actBoyHangG3M,boyact.o,,,
0x0014C230,motBoyHand50,boyact.o,,,
0x00152D30,IsBoyStatus_EnemyMustWait,boyact.o,,,
0x00152F48,IsBackFromEfStage,boyact.o,,,
0x0014C5F0,motBoyHand200,boyact.o,,,
0x00152E58,OnGirlEscortFlag,boyact.o,,,
0x0014C8E0,hand_heroin,boyact.o,,,
0x00152458,actBoyReadyMove,boyact.o,,,
0x00152F28,GetEfStageCameraTargetID,boyact.o,,,
0x00152C10,BoyInfoUpdate_StageChange,boyact.o,,,
0x00152838,afterBoyHand50,boyact.o,,,
0x001525F0,actBoySupportGBBegin,boyact.o,,,
0x001520C0,GetBoyWeaponGObj,boyact.o,,,
0x00153588,Boy_Init,boyact.o,,,
0x00152E78,RequestStageChangeKidnapEnd,boyact.o,,,
0x001523A8,actBoyHangBefore,boyact.o,,,
0x001534D8,GetBoyRootPositionForCamera,boyact.o,,,
0x001529A8,afterBoyHand200,boyact.o,,,
0x001534A0,SetBoyInfo,boyact.o,,,
0x001530A8,ReadCharacterPacket,boyact.o,,,
0x0014FE20,actBoySwim,boyact.o,,,
0x00152BE8,isLiftBoyEnable,boyact.o,,,
0x00152B58,DeleteBoyWeapon,boyact.o,,,
0x001522A0,actBoyItemAfter,boyact.o,,,
0x00152F58,GetbufpCharacterPacket,boyact.o,,,
0x00150180,actBoyRun,boyact.o,,,
0x00152088,CorrectStickInfo,boyact.o,,,
0x00152E00,IsGirlEscortedInCurrentStage,boyact.o,,,
0x00152568,actBoyBeslam,boyact.o,,,
0x0014C340,motBoyHand100,boyact.o,,,
0x00152F70,MakeCharacterPacket,boyact.o,,,
0x00152E08,GetSaveSofaLayoutID,boyact.o,,,
0x00152690,actBoySupportGBEnd,boyact.o,,,
0x00150510,actBoyTakeWeaponReady,boyact.o,,,
0x001516B8,actBoyDitch3mReady,boyact.o,,,
0x00150010,actBoyWalk,boyact.o,,,
0x00152870,actBoyHand100,boyact.o,,,
0x00153378,afterBoyTakeWeapon,boyact.o,,,
0x00150698,actBoyTakeWeapon,boyact.o,,,
0x0015B948,actCommonPlay,commonact.o,,,
0x001553E8,motCommonRopeTurnL,commonact.o,,,
0x00159C98,SetMotionDirectionSmooze,commonact.o,,,
0x0015BCD8,actCommonCliffdown,commonact.o,,,
0x0015B7C8,WithMailFunc_BossDamaged,commonact.o,,,
0x0015B0C8,ContinueCorrectPosition,commonact.o,,,
0x0015BB68,actCommonCatchFireBomb,commonact.o,,,
0x0015D730,afterCommonStone,commonact.o,,,
0x00156E48,actCommonStone,commonact.o,,,
0x0015CA28,motCommonBoxPull,commonact.o,,,
0x0015B408,actCommonBackhand,commonact.o,,,
0x0015D818,actAfterFly,commonact.o,,,
0x0015CD68,motCommonRopeTurnSpecialR,commonact.o,,,
0x00156C48,actCommonSlip,commonact.o,,,
0x0015BF18,actCommonDodge,commonact.o,,,
0x0015D518,ACTMotDirToWall,commonact.o,,,
0x00157908,funcCommonFallDircorrect,commonact.o,,,
0x00155298,motCommonRopeTurnR,commonact.o,,,
0x00154BC0,WithMailFunc_AttackRejectInQueen,commonact.o,,,
0x0015C8C0,actCommonTurnStrict,commonact.o,,,
0x00156BB0,actCommonCling,commonact.o,,,
0x0015CD08,motCommonHangWall,commonact.o,,,
0x0015C9D0,motCommonBoxPush,commonact.o,,,
0x0015BAF0,actCommonCatchFire,commonact.o,,,
0x0015CA88,motCommonBarPush,commonact.o,,,
0x0015BA08,actCommonDelete,commonact.o,,,
0x00159B90,funcCommonEndReady,commonact.o,,,
0x00159ED0,_ACTDebugPrint,commonact.o,,,
0x00153620,ACTSetPositionNodeWithFitting,commonact.o,,,
0x0015D208,_ACTMotReqResult,commonact.o,,,
0x0015C140,actCommonFallDamage,commonact.o,,,
0x0015D6D0,afterCommonCling,commonact.o,,,
0x0015D878,ACTCheckFlagAttack,commonact.o,,,
0x0015AB78,subCommonIdle,commonact.o,,,
0x0015D2B0,test_CURRENTROOT,commonact.o,,,
0x0015B7E0,WithMailFunc_FallDead,commonact.o,,,
0x0015BD28,actCommonLadderBellow,commonact.o,,,
0x00153878,_ACTCorrectMsg,commonact.o,,,
0x00155538,actCommonRopeClimbEnd1,commonact.o,,,
0x0015D868,afterCommonOneWall,commonact.o,,,
0x0015CC00,motCommonSlip,commonact.o,,,
0x00155F40,actCommonRopeSpecial,commonact.o,,,
0x0015B680,ACT_LAYOUT_GAMEOVER,commonact.o,,,
0x0015B8F8,actCommonReviveAir,commonact.o,,,
0x001599D0,actCommonEdgeHang,commonact.o,,,
0x00155858,actCommonRopeCliff,commonact.o,,,
0x0015BFF0,actCommonDodgeJump,commonact.o,,,
0x0015BE60,actCommonLadderBellowHang,commonact.o,,,
0x00159408,actCommonLadder,commonact.o,,,
0x00159BE8,funcCommonEndExec,commonact.o,,,
0x00157C98,actCommonFall,commonact.o,,,
0x00159C40,funcCommonError,commonact.o,,,
0x0015D790,afterCommonBar,commonact.o,,,
0x0015D560,SetCorrectOrientOfChain,commonact.o,,,
0x0015D708,afterCommonRevive,commonact.o,,,
0x00154B78,WithMailFunc_AttackFail,commonact.o,,,
0x0015BC58,actCommonBoxReverbe,commonact.o,,,
0x00154F30,actCommonRope,commonact.o,,,
0x0015D668,actAfterDown,commonact.o,,,
0x0015D890,afterCommonTruckLever,commonact.o,,,
0x00153618,ACTSetPositionWithFitting,commonact.o,,,
0x0015BEB8,actCommonEdge,commonact.o,,,
0x0015B6B0,_ACTMotDirSmzDirect,commonact.o,,,
0x00159B38,funcCommonBeginReady,commonact.o,,,
0x0015C808,actCommonTurnWarn,commonact.o,,,
0x0015C080,actCommonGuard,commonact.o,,,
0x0015D130,afterCommonRope,commonact.o,,,
0x0015B210,actCommonTurn,commonact.o,,,
0x0015D768,afterCommonBox,commonact.o,,,
0x0015D598,actAfterForceRope,commonact.o,,,
0x0015B550,actCommonSlowrun,commonact.o,,,
0x00156698,actCommonDie,commonact.o,,,
0x0015D7E8,actAfterFall,commonact.o,,,
0x0015B878,actCommonRevive,commonact.o,,,
0x0015C7D8,actCommonLookaround,commonact.o,,,
0x0015D1F8,funcCommonSofaWakeup,commonact.o,,,
0x0015CEC0,motCommonRopeTurnSpecialL,commonact.o,,,
0x00154248,ACTGetOrientFromIntrK,commonact.o,,,
0x00157B88,actCommonJump,commonact.o,,,
0x0015C770,actCommonCornered,commonact.o,,,
0x0015B978,actCommonOne,commonact.o,,,
0x00154B70,WithMailFunc_WayBeginPosError,commonact.o,,,
0x00157128,actCommonBox,commonact.o,,,
0x001548F0,ACTRunIntrCorrect,commonact.o,,,
0x0015D1A8,extraCommonCall,commonact.o,,,
0x001575E8,actCommonBar,commonact.o,,,
0x0015D120,funcCommonRopeBefore,commonact.o,,,
0x0015D1E0,funcCommonWayOn,commonact.o,,,
0x0015A1C8,ACTSendMailCorrect,commonact.o,,,
0x0015C6F0,actCommonRopeJumpBefore,commonact.o,,,
0x0015C720,actCommonRopeTurnSpecial,commonact.o,,,
0x0015D600,actAfterForceRopeSwing,commonact.o,,,
0x0015BBE0,actCommonPutFire,commonact.o,,,
0x0015C290,actCommonTruckLever,commonact.o,,,
0x0015CD38,motCommonHangCliff,commonact.o,,,
0x00156D68,actCommonStoneDead,commonact.o,,,
0x0015D4D8,_ACTMotDir_V,commonact.o,,,
0x0015CC98,motCommonRopejumpDircorrect,commonact.o,,,
0x0015D018,motCommonTruckLeverLoop,commonact.o,,,
0x0015D188,extraCommonNull,commonact.o,,,
0x0015CAB8,motCommonBarPull,commonact.o,,,
0x0015CCD8,motCommonHangNone,commonact.o,,,
0x0015C950,actCommonHandrail,commonact.o,,,
0x0015BC90,actCommonClimb,commonact.o,,,
0x0015C970,actCommonOneWall,commonact.o,,,
0x0015C5D0,actCommonRopeDownEnd,commonact.o,,,
0x0015C4B8,actCommonRopeSwing,commonact.o,,,
0x0015A630,E3_LeverCheck,commonact.o,,,
0x0015C690,actCommonRopeJump,commonact.o,,,
0x0015C740,actCommonRopeClimbEnd2,commonact.o,,,
0x0015C1B8,actCommonDamage,commonact.o,,,
0x0015A248,_ACTCommonMailTest,commonact.o,,,
0x00158108,debugDispFlyLimit,commonact.o,,,
0x0015C9A8,motCommonNull,commonact.o,,,
0x0015C420,actCommonRopeTouchWall,commonact.o,,,
0x0015B718,WithMailFunc_Idling,commonact.o,,,
0x0015C930,actCommonPPipe,commonact.o,,,
0x0015D4B8,ControlMotionOrient,commonact.o,,,
0x001578F8,funcCommonJumpDircorrect,commonact.o,,,
0x0015A6F0,actCommonBecarry,commonact.o,,,
0x0015D070,motCommonTruckLeverPull,commonact.o,,,
0x0015BA28,actCommonSofa,commonact.o,,,
0x0015D348,StartCorrectPosition,commonact.o,,,
0x00156330,actCommonLever,commonact.o,,,
0x0015C238,actCommonShoal,commonact.o,,,
0x0015C268,actCommonSwim,commonact.o,,,
0x0015C5B0,actCommonRopeTurn,commonact.o,,,
0x0015D498,IsCorrectPosition,commonact.o,,,
0x0015D0C8,motCommonTruckLeverPush,commonact.o,,,
0x0015D6F8,actAfterSlip,commonact.o,,,
0x0015B6A0,ACTAdjustPlane,commonact.o,,,
0x0015D240,test_CURRENTORIENT,commonact.o,,,
0x0015CAF0,motCommonLadderUp,commonact.o,,,
0x00154C48,GetCorrectOrientOfChain,commonact.o,,,
0x0015C388,actCommonLever2,commonact.o,,,
0x00159330,actCommonFly,commonact.o,,,
0x0015CB70,motCommonLadderDown,commonact.o,,,
0x001565A8,actCommonDown,commonact.o,,,
0x00162950,subEnemyBrain_Attack,enemy_act.o,,,
0x0015E8F0,actEnemyRestart,enemy_act.o,,,
0x001634C0,isEnemyActive,enemy_act.o,,,
0x00162F98,actEnemyBodyslam,enemy_act.o,,,
0x00163DE0,motEnemyRun,enemy_act.o,,,
0x00163E38,actEnemyJump,enemy_act.o,,,
0x0015F298,actEnemyKidnapBegin,enemy_act.o,,,
0x00163320,actEnemy_GetClingTarget,enemy_act.o,,,
0x00162E78,actEnemyWalk,enemy_act.o,,,
0x0015DF28,subEnemyControl,enemy_act.o,,,
0x00163148,actEnemyFlagOnFree,enemy_act.o,,,
0x0015FFC0,subEnemyBrainMain,enemy_act.o,,,
0x00162F08,actEnemyHang,enemy_act.o,,,
0x00163458,GetEnemyType,enemy_act.o,,,
0x00163220,EnemyBrainStatus_Boy,enemy_act.o,,,
0x00163530,subEnemyBrain_Idle,enemy_act.o,,,
0x00162E30,actEnemyStand,enemy_act.o,,,
0x00163380,actEnemy_isSmallEnemy,enemy_act.o,,,
0x00162E10,funcEnemyAiGetGirl,enemy_act.o,,,
0x0015ED90,actEnemyKidnapEnd,enemy_act.o,,,
0x00163590,subEnemyBrain_Await,enemy_act.o,,,
0x001618F0,subEnemyBrain_ToGirl,enemy_act.o,,,
0x00163350,actEnemy_isNormalEnemy,enemy_act.o,,,
0x00163178,afterCommonCarry,enemy_act.o,,,
0x00163D40,motEnemyStand,enemy_act.o,,,
0x00163368,actEnemy_isLargeEnemy,enemy_act.o,,,
0x00162CB0,subEnemyBrain_Cling,enemy_act.o,,,
0x00163A58,subEnemyBrain_Bodyslam,enemy_act.o,,,
0x00163648,subEnemyBrain_ToGenerator,enemy_act.o,,,
0x0015F648,actEnemyBodylift,enemy_act.o,,,
0x00162820,subEnemyBrain_Irregular,enemy_act.o,,,
0x001631F0,actEnemyFlagOnDead,enemy_act.o,,,
0x00163238,EnemyBrainStatus_Girl,enemy_act.o,,,
0x001630F8,actEnemyHyde,enemy_act.o,,,
0x0015E2C8,subEnemyCollision,enemy_act.o,,,
0x00163A08,subEnemyBrain_Pickup,enemy_act.o,,,
0x0015FA58,actEnemyPickupBegin,enemy_act.o,,,
0x00162F50,actEnemyCarry,enemy_act.o,,,
0x00163F00,isEnemyHyde,enemy_act.o,,,
0x00163F78,afterEnemyBodylift,enemy_act.o,,,
0x001630D8,funcEnemyCarryFail,enemy_act.o,,,
0x00161180,subEnemyBrain_ToBoy,enemy_act.o,,,
0x00163408,IsEnemyBrainToBoy,enemy_act.o,,,
0x00162EC0,actEnemyRun,enemy_act.o,,,
0x00163898,subEnemyBrain_BodyGuard,enemy_act.o,,,
0x00163278,actEnemyFlagCheckActive,enemy_act.o,,,
0x00163448,GetEnemyTypeFromGObj,enemy_act.o,,,
0x00163D88,motEnemyWalk,enemy_act.o,,,
0x00163978,subEnemyBrain_Shoulder,enemy_act.o,,,
0x001632C8,ACTEnemyForceSwitchToCarry,enemy_act.o,,,
0x00163250,actEnemyFlagCheckDead,enemy_act.o,,,
0x00162FE0,actEnemyBodyslamFail,enemy_act.o,,,
0x00163460,isEnemyKidnapEnable,enemy_act.o,,,
0x00163398,IsEnemyBrainToGenerator,enemy_act.o,,,
0x00163020,actEnemyNest,enemy_act.o,,,
0x0015E7C8,actEnemyAttack,enemy_act.o,,,
0x00163700,subEnemyBrain_FindGirl,enemy_act.o,,,
0x001623E0,actEnemyStart,enemy_act.o,,,
0x00166488,ClipWallFieldCheckCB,fieldCollision.o,,,
0x00166C00,PositionOfExit,fieldCollision.o,,,
0x00166320,ClipWallDebug,fieldCollision.o,,,
0x00163FA0,MakeCollisionDependGObjList,fieldCollision.o,,,
0x00166400,ClipWallBoxStop,fieldCollision.o,,,
0x001663E0,ClipWallEField,fieldCollision.o,,,
0x00165D78,DrawCollisionRay,fieldCollision.o,,,
0x00166530,ClipFloorCheckCB,fieldCollision.o,,,
0x001664B0,ClipFloor,fieldCollision.o,,,
0x001680A8,ClipWallRD,fieldCollision.o,,,
0x001669B8,GetWallAttribute,fieldCollision.o,,,
0x00166858,GetOrientOfWall,fieldCollision.o,,,
0x001663A0,ClipWallFuchiHangWalkStop,fieldCollision.o,,,
0x00165748,GetEdgeOfFloor,fieldCollision.o,,,
0x00166C40,GetGlobalWallPlane,fieldCollision.o,,,
0x00164988,DispCollisionPC,fieldCollision.o,,,
0x00165FD0,MakeExitAttributeIndex,fieldCollision.o,,,
0x00166650,DrawCollision,fieldCollision.o,,,
0x00168130,MapCollisionData,fieldCollision.o,,,
0x00166B18,GetDistanceFromPlane,fieldCollision.o,,,
0x00166340,ClipWall,fieldCollision.o,,,
0x001669A0,SetSimplePlane,fieldCollision.o,,,
0x00166460,ClipWallCheckCB,fieldCollision.o,,,
0x00166380,ClipWallWaveForce,fieldCollision.o,,,
0x001654A0,DrawGObjFloorCollision,fieldCollision.o,,,
0x00166558,ClipCollision,fieldCollision.o,,,
0x00166BD0,ResetCollisionPC,fieldCollision.o,,,
0x00166730,ClipPlane,fieldCollision.o,,,
0x00166510,ClipFloorIH,fieldCollision.o,,,
0x00166B48,GetYDistanceFromPlane,fieldCollision.o,,,
0x001663C0,ClipWallField,fieldCollision.o,,,
0x00166440,ClipWallE,fieldCollision.o,,,
0x00166A58,GetWallGlobalInfo,fieldCollision.o,,,
0x00166B90,GetYProjectionOfPlane,fieldCollision.o,,,
0x00166120,ClipFloorByGObj,fieldCollision.o,,,
0x001669D8,GetFloorAttribute,fieldCollision.o,,,
0x001664F0,ClipFloorR,fieldCollision.o,,,
0x00166608,LoadCollision,fieldCollision.o,,,
0x001651F0,DrawGObjWallCollision,fieldCollision.o,,,
0x001656D8,DBG_VECTOR,fieldCollision.o,,,
0x00166420,ClipWallAdjustPos,fieldCollision.o,,,
0x00166360,ClipWallR,fieldCollision.o,,,
0x001665C8,ChangeFieldCollisionDebugMode,fieldCollision.o,,,
0x001680D0,ClipWallVector,fieldCollision.o,,,
0x001664D0,ClipFloorE,fieldCollision.o,,,
0x001669F8,CompareAttribute,fieldCollision.o,,,
0x00164090,GetReflectionElement,fieldCollision.o,,,
0x00168150,fzShowV,fuzio.o,,,
0x001681B8,fzShowM,fuzio.o,,,
0x00168298,fzMagnitude2fv,fuzio.o,,,
0x00168218,fzMagnitude2f,fuzio.o,,,
0x00168328,fzMagnitudeByLine,fuzio.o,,,
0x001683D8,fzMagnitudeByLineSeg,fuzio.o,,,
0x00168240,fzMagnitude3f,fuzio.o,,,
0x00168270,fzMagnitudefv,fuzio.o,,,
0x00172BC0,IsGirlStatusEscortEnable,girl_act.o,,,
0x00172860,actGirlStart,girl_act.o,,,
0x00172460,actGirlRescueDst,girl_act.o,,,
0x00173270,actGirlStand,girl_act.o,,,
0x001736E0,afterGirlHand50,girl_act.o,,,
0x0016D988,subGirlBrain_Escape,girl_act.o,,,
0x001732B8,actGirlWalk,girl_act.o,,,
0x00173968,subGirlBrain_Hesitate,girl_act.o,,,
0x00173128,actGirlHangG3M,girl_act.o,,,
0x001737A0,afterGirlHand100,girl_act.o,,,
0x00173488,actGirlBecall,girl_act.o,,,
0x001687A0,motGirlHand100,girl_act.o,,,
0x001737E0,actGirlHand200,girl_act.o,,,
0x00172708,actGirlSupportBGBegin,girl_act.o,,,
0x00173D78,afterGirlHand,girl_act.o,,,
0x00172328,actGirlReadyMove,girl_act.o,,,
0x00173938,subGirlBrain_Idle,girl_act.o,,,
0x0016FB88,subGirlControl,girl_act.o,,,
0x00168618,motGirlHand50,girl_act.o,,,
0x00173A48,subGirlBrain_Busy,girl_act.o,,,
0x0016F908,WayTest,girl_act.o,,,
0x00173720,actGirlHand100,girl_act.o,,,
0x00172240,actGirlDitch3mReady,girl_act.o,,,
0x00173098,actGirlSupportGBLoop,girl_act.o,,,
0x001738F8,SetGirlDangerGObj,girl_act.o,,,
0x00173608,actGirlAttractAction,girl_act.o,,,
0x001738A0,NotNeedBackHand,girl_act.o,,,
0x001720D8,actGirlPulledGo,girl_act.o,,,
0x00173C08,ACTCheckCollis_SAFE,girl_act.o,,,
0x00173580,actGirlBehanged,girl_act.o,,,
0x00173918,ClearGirlDangerGObj,girl_act.o,,,
0x00172F90,ACTGame_GirlBeforeFunc,girl_act.o,,,
0x00173170,actGirlDitch3mExec,girl_act.o,,,
0x00173300,actGirlRun,girl_act.o,,,
0x00172D58,DebugDispAutoEscort,girl_act.o,,,
0x0016F478,subGirlBrain_HideAdvance,girl_act.o,,,
0x00173860,afterGirlHand200,girl_act.o,,,
0x00173E18,afterGirlSupportBGBegin,girl_act.o,,,
0x0016CB48,subGirlBrain_Hide,girl_act.o,,,
0x001702F0,subGirlCollision,girl_act.o,,,
0x00173DD0,actGirlJump,girl_act.o,,,
0x00172FC8,actGirlSupportGBBegin,girl_act.o,,,
0x00173A18,subGirlBrain_Becarry,girl_act.o,,,
0x00172A38,GirlAct_BoyAndMeCollisionMail,girl_act.o,,,
0x0016E0C0,ClipTwinVector,girl_act.o,,,
0x00169BF8,subGirlBrainMain,girl_act.o,,,
0x00171F88,actGirlPulledReady,girl_act.o,,,
0x00173440,actGirlAttack,girl_act.o,,,
0x001685F0,funcGirlHandDisconnect,girl_act.o,,,
0x00173E38,isMustCheckCylinder,girl_act.o,,,
0x001733C0,actGirlBHang,girl_act.o,,,
0x00173638,actGirlHand50,girl_act.o,,,
0x0016B4D0,subGirlBrain_Attract,girl_act.o,,,
0x00173DB0,afterGirlPulledGo,girl_act.o,,,
0x00173348,actGirlHang,girl_act.o,,,
0x00173B50,subGirlBrain_DangerEnv,girl_act.o,,,
0x0016ACE8,subGirlBrain_Pulledup,girl_act.o,,,
0x001730F8,actGirlSupportGBEnd,girl_act.o,,,
0x00168960,motGirlHand200,girl_act.o,,,
0x00171548,actGirlHand,girl_act.o,,,
0x00174848,jimakuDisp,jimaku.o,,,
0x00174788,jimakuNext,jimaku.o,,,
0x001747B8,jimakuJump,jimaku.o,,,
0x00174018,iosCdvdBackGroundReadJimaku,jimaku.o,,,
0x00174A50,jimakuUndisp,jimaku.o,,,
0x00174968,jimakuManager,jimaku.o,,,
0x00174768,jimakuBegin,jimaku.o,,,
0x00174838,jimakuEnd,jimaku.o,,,
0x00176560,GetWay_begin,way_sys.o,,,
0x00176580,BridgeBox,way_sys.o,,,
0x00174A60,_FUNC_GetWay_begin,way_sys.o,,,
0x00175F08,GetNearNigePointN,way_sys.o,,,
0x00176588,DeleteGuideWay,way_sys.o,,,
0x00175920,GetWay_next,way_sys.o,,,
0x001781C8,nearest_waypoint_by_lineseg_of_group_from_gobj,way_util.o,,,
0x00176778,visible_waypoint_of_all_except_gid_ThreadVersion,way_util.o,,,
0x001771A8,WayUtilWorkFree,way_util.o,,,
0x001777A0,GetWgAll,way_util.o,,,
0x001774C8,shortest_path_ThreadVersion,way_util.o,,,
0x00176EA0,wgid_next,way_util.o,,,
0x00178658,visible_waypoint,way_util.o,,,
0x00176C98,ez_line,way_util.o,,,
0x00176AD0,visible_waypoint_of_all_except_temp_ThreadVersion,way_util.o,,,
0x00177A60,set_check_wp,way_util.o,,,
0x00177090,WayUtilWorkAlloc,way_util.o,,,
0x001765E8,visible_waypoint_of_all_except_gid,way_util.o,,,
0x00178B90,waypoint_connect_group_side_me,way_util.o,,,
0x00178060,nearest_waypoint_by_lineseg_of_group,way_util.o,,,
0x00178928,get_wp_nearest_bridge_side_bridge,way_util.o,,,
0x00177208,shortest_path,way_util.o,,,
0x00178348,waypoint_with_range,way_util.o,,,
0x00177E80,nearest_waypoint_of_group,way_util.o,,,
0x00177BB8,set_bridge,way_util.o,,,
0x00178628,visible_waypoint_of_all_from_gobj,way_util.o,,,
0x00178BD8,bridge_waypoint_side_bridge,way_util.o,,,
0x00176CB8,short_direction_between_wp,way_util.o,,,
0x00178CD0,NearestWgFromTarget,way_util.o,,,
0x00178480,nearest_waypoint_of_all_not_bridge_except_group,way_util.o,,,
0x00178A48,waybridge_between_group,way_util.o,,,
0x00178C88,waypoint_connect_group_side_bridge,way_util.o,,,
0x00176920,visible_waypoint_of_all_except_temp,way_util.o,,,
0x001789B8,direction_across_bridge,way_util.o,,,
0x00178608,visible_waypoint_of_all,way_util.o,,,
0x00178288,nearest_waypoint_by_lineseg_from_gobj,way_util.o,,,
0x00178110,nearest_waypoint_by_lineseg,way_util.o,,,
0x00178560,nearest_waypoint_of_all,way_util.o,,,
0x00177F18,nearest_waypoint,way_util.o,,,
0x00177FB8,nearest_waypoint_from_gobj,way_util.o,,,
0x00176CA8,ez_circle,way_util.o,,,
0x00178770,visible_waypoint_from_gobj,way_util.o,,,
0x001783D8,nearest_waypoint_of_all_except_group,way_util.o,,,
0x00178AE8,bridge_waypoint_side_me,way_util.o,,,
0x00178898,get_wp_nearest_bridge_side_me,way_util.o,,,
0x00178EA8,gflagOn,gflag.o,,,
0x00178DF8,gflagSave,gflag.o,,,
0x00178E40,gflagLoad,gflag.o,,,
0x00178D60,gflagInit,gflag.o,,,
0x00178ED8,gflagOff,gflag.o,,,
0x00178E80,gflagChk,gflag.o,,,
0x0017B618,_SCPMoveCharactorByWay,script.o,,,
0x00179500,scpDoorTypeUpUp,script.o,,,
0x0017B868,scpSearchGobj,script.o,,,
0x00179178,scpPlayStart,script.o,,,
0x0017A0D8,scpKillSpiderGroup,script.o,,,
0x0017A0F8,preload,script.o,,,
0x001791F0,scpTrans,script.o,,,
0x0017B5C0,scpKillEnemyOne,script.o,,,
0x0017BC30,scpFadeOut,script.o,,,
0x0017A770,scpAdpcmPlayRequestFunc,script.o,,,
0x0017AFC8,scpTriggerWallAttr,script.o,,,
0x0017A198,scpDispOnAllWithKind,script.o,,,
0x0017BCC0,scpIsWallLever2On,script.o,,,
0x0017AAB0,scpTransLinear,script.o,,,
0x0017B888,scpPlayMotNode,script.o,,,
0x0017A328,scpLinkBGAtoLayoutedTargetSkeltonWithLocalRotationFlag,script.o,,,
0x0017BB80,RequestStageChangeSimple,script.o,,,
0x0017BA08,InitStageChange,script.o,,,
0x0017BC50,scpFadeIn,script.o,,,
0x0017A868,scpDeamon,script.o,,,
0x00178F68,scpSetCageVelocityFriction,script.o,,,
0x0017A9E8,scpIsRotObjectZPlusDirInclude,script.o,,,
0x0017BC90,scpGameStat_BoyWeaponkind,script.o,,,
0x0017B6E0,_SCPMoveByWay_ToChar,script.o,,,
0x0017BCE0,scpIsHangChain,script.o,,,
0x0017BA10,RequestStageChange,script.o,,,
0x0017C308,scpDoorTypeUpMain,script.o,,,
0x0017A1E0,scpActivateAllWithKind,script.o,,,
0x0017AED0,scpTriggerFloorAttr,script.o,,,
0x0017BF18,scpSetStreamMotionRootOffset,script.o,,,
0x0017B578,scpMaskGeneratorAll,script.o,,,
0x00179130,scpPlayJump,script.o,,,
0x00178F38,scpTorchLightOff,script.o,,,
0x0017A5C0,scpDoorTypeUp,script.o,,,
0x0017A260,scpLinkBGAtoLayoutedTarget,script.o,,,
0x0017A030,_SCPMoveCharactorByWay_Cancel,script.o,,,
0x0017B950,scpPlayPosSet,script.o,,,
0x0017C0E0,ScpCallCameraOn,script.o,,,
0x0017B840,_SCPCharacterStop,script.o,,,
0x0017C0B8,ScpCallCameraOff,script.o,,,
0x00179650,scpSubAdpcmPlay,script.o,,,
0x001793B0,scpDoorTypeUpDown,script.o,,,
0x0017B440,scpWakeupEnemyAll,script.o,,,
0x0017B0C0,scpTriggerFloorAttrTargetMan,script.o,,,
0x0017A810,scpAdpcmFadeClose,script.o,,,
0x0017BA38,RequestStageChangeWithColor,script.o,,,
0x0017C230,scpTriggerIgnore,script.o,,,
0x0017A3C0,scpLinkBGAtoKindTargetSkeltonWithLocalRotationFlag,script.o,,,
0x0017A2A0,scpLinkBGAtoLayoutedTargetSkelton,script.o,,,
0x0017A158,scpDispOffAllWithKind,script.o,,,
0x0017A910,scpIsTorchLightOn,script.o,,,
0x0017BD00,scpIsHangChainOptional,script.o,,,
0x0017A058,scpSekizouCheckPoint,script.o,,,
0x0017B3B8,scpSleepEnemyAll,script.o,,,
0x0017BF50,scpWakeupItemWithBoundary,script.o,,,
0x00179200,scpTriggerBallTargetMan,script.o,,,
0x0017A838,scpAdpcmCloseChk,script.o,,,
0x0017B4C8,scpKillEnemyAll,script.o,,,
0x0017A9A8,scpGetRotObjectRotCount,script.o,,,
0x0017A950,scpIsBombExplode,script.o,,,
0x0017BBD0,RequestStageChangeDirect,script.o,,,
0x0017C020,ScpCallCameraSetTarget,script.o,,,
0x0017C108,ScpCallCameraTargetOff,script.o,,,
0x0017C1B0,scpExplodeSecretItem,script.o,,,
0x0017C000,scpCheckReadyAllObjects,script.o,,,
0x00178FA8,scpPlayMotDir,script.o,,,
0x0017C130,scpTransGObj,script.o,,,
0x00178F08,scpTorchLightOn,script.o,,,
0x0017A6E0,scpDoorTypeUpSwitch,script.o,,,
0x0017B920,scpPlayMotReq,script.o,,,
0x0017BD40,scpBornSpider,script.o,,,
0x0017C090,ScpCallCameraGetTarget,script.o,,,
0x0017ADB8,scpTriggerBall,script.o,,,
0x0017B238,scpTriggerPosBox,script.o,,,
0x0017A220,scpDisActivateAllWithKind,script.o,,,
0x001791B8,scpPlayEnd,script.o,,,
0x0017A458,scpGetWallCollision,script.o,,,
0x0017C338,actSubSekizoSe,script.o,,,
0x00179048,scpPlayMot,script.o,,,
0x001797E0,scpSekizou,script.o,,,
0x0017B370,scpEffectStart,script.o,,,
0x0017A7D8,scpAdpcmPlayRequestNum,script.o,,,
0x00178FE8,scpPlayMotDirSmz,script.o,,,
0x0017BE60,scpActStatusDeathFall,script.o,,,
0x0017AB88,scpRotateLinear,script.o,,,
0x00179DD0,_SCPBoySupportGirl,script.o,,,
0x0017BC68,scpFadeChk,script.o,,,
0x0017B9C8,scpPlayWaitMotEnd,script.o,,,
0x0017ACC8,scpTriggerPosBall,script.o,,,
0x0017C910,actSt25aQueenTalkChk,st25a.o,,,
0x0017E0A0,actItouQueenAttackChk,st25a.o,,,
0x0017DDA0,actItouQueenAttack,st25a.o,,,
0x0017C658,actConte11,st25a.o,,,
0x0017C3D0,actSt25aQueenAppear,st25a.o,,,
0x0017DCA8,actSt25aQueenTalk,st25a.o,,,
0x0017DC08,actSt25aGenerator,st25a.o,,,
0x0017DBD8,BoySekikaTexScroll,st25a.o,,,
0x0017DE08,actSwordEff,st25a.o,,,
0x0017E090,actSt25aQueenDeadEvent,st25a.o,,,
0x0017DEB0,actSt25aQueenBeforeChk,st25a.o,,,
0x0017DE48,actSwordEffXL,st25a.o,,,
0x0017DA30,actConte13Jimaku,st25a.o,,,
0x0017DD38,actSt25aQueenDead,st25a.o,,,
0x0017DF28,actConte11Jimaku,st25a.o,,,
0x0017D318,actConte12Jimaku,st25a.o,,,
0x0017CE38,actConte12,st25a.o,,,
0x0017D560,actSt25aQueenDeadChk,st25a.o,,,
0x0017DC30,actSt25aQueenBefore,st25a.o,,,
0x0017C560,actSt25aQueenAppearChk,st25a.o,,,
0x0017E128,warpGirlOutStage,warpGirl.o,,,
0x0017E4A0,warpGirlInit,warpGirl.o,,,
0x0017E380,warpGirlInStage,warpGirl.o,,,
0x0017F0A8,CommonAttackCenter,attackhit.o,,,
0x0017F098,EnemyAttackCenter,attackhit.o,,,
0x0017F0A0,BoyAttackCenter,attackhit.o,,,
0x0017F0D8,AttackCenter,attackhit.o,,,
0x0017F268,AttackCenter_WithDir,attackhit.o,,,
0x0017FF98,brainLockGirl,brain.o,,,
0x0017FC08,brainGetLevel,brain.o,,,
0x0017FFA8,brainUnlockGirl,brain.o,,,
0x0017FCF8,brainInitGirlSet,brain.o,,,
0x0017FE58,brainSetLevelGop,brain.o,,,
0x0017F418,brainAddLevelGirl,brain.o,,,
0x0017F5E8,brainLevelProcess,brain.o,,,
0x0017FDE0,brainSubLevelGop,brain.o,,,
0x0017F490,brainStatusDefaultSet,brain.o,,,
0x0017FD70,brainAddLevelGop,brain.o,,,
0x0017F438,brainInit,brain.o,,,
0x0017FEF8,brainDecTargetTimer,brain.o,,,
0x0017FC30,brainClsTargetLevel,brain.o,,,
0x0017FF88,brainSetSpMode,brain.o,,,
0x0017FAF8,brainStatusSet,brain.o,,,
0x0017FC00,brainStatusDel,brain.o,,,
0x0017F880,brainGetTarget,brain.o,,,
0x00183ED8,_CameraEdit_del_pin,brain.o,,,
0x00185590,CameraEdit_Enter,brain.o,,,
0x00185030,StickToTrans,brain.o,,,
0x001845F0,CameraEdit_del_box,brain.o,,,
0x00184720,InitCameraEditor,brain.o,,,
0x00184670,CameraEdit_DispBox,brain.o,,,
0x00181C20,dispCameraGroupType2,brain.o,,,
0x001829D8,menuGroupSelect,brain.o,,,
0x00182C28,menuGroupEdit,brain.o,,,
0x00180588,gif_test,brain.o,,,
0x00184B50,CameraEdit_reflect_pin,brain.o,,,
0x00183D80,_CameraEdit_del_box,brain.o,,,
0x00185210,group_select,brain.o,,,
0x00184EC0,ConvertCameraSetBuffer,brain.o,,,
0x00185280,_CameraEdit_BOX,brain.o,,,
0x00184D18,CameraEdit_PIN,brain.o,,,
0x001851A8,menu_2,brain.o,,,
0x00181C10,CameraEdit_DispPinType2,brain.o,,,
0x00184730,debug_CameraEditor,brain.o,,,
0x00184058,CameraEdit_add_box,brain.o,,,
0x001849F8,CameraEdit_reflect_box,brain.o,,,
0x00184D00,CameraEdit_BOX,brain.o,,,
0x001852C0,_CameraEdit_add_box,brain.o,,,
0x00184D40,CameraEdit_DispPin,brain.o,,,
0x00184718,debug_Arrow,brain.o,,,
0x00184CC0,CameraEdit_PIN_NUMBER_ALL,brain.o,,,
0x00184340,CameraEdit_add_pin,brain.o,,,
0x00181600,DispAxisArrow,brain.o,,,
0x00184710,debug_Marker,brain.o,,,
0x00180670,DebugDispBox,brain.o,,,
0x00184C68,CameraEdit_BOX_NUMBER,brain.o,,,
0x00183CE8,wakeup_cameraedit,brain.o,,,
0x00184688,CameraEdit_Save,brain.o,,,
0x00184788,CameraEdit_reset_box,brain.o,,,
0x00183018,menuPinSelect,brain.o,,,
0x00185438,_CameraEdit_add_pin,brain.o,,,
0x001825F8,CameraEdit_DispBoxType2_Plane,brain.o,,,
0x00184C78,CameraEdit_PIN_NUMBER,brain.o,,,
0x00184678,CameraEdit_Reflect,brain.o,,,
0x001848E0,CameraEdit_reset_pin,brain.o,,,
0x00184628,CameraEdit_del_pin,brain.o,,,
0x001834D8,menuPinEdit,brain.o,,,
0x001829D0,CameraEdit_DispBoxType2,brain.o,,,
0x00184698,debug_NMarker,brain.o,,,
0x00183D68,test_camedit,brain.o,,,
0x00185298,_CameraEdit_PIN,brain.o,,,
0x00186E20,InitIco2Camera,brain.o,,,
0x001886E0,MakeCameraSetBinary,brain.o,,,
0x00185598,CameraSetCameraSet,brain.o,,,
0x00186B00,ReflectCameraSetBinary,brain.o,,,
0x001883D0,SetCameraZoomOffsetRatio,brain.o,,,
0x001883D8,GetCameraGroupCurrent,brain.o,,,
0x001883E0,GetCameraGroupFromGObj,brain.o,,,
0x001870C0,SetCameraMatrix_Ico2,brain.o,,,
0x001884B8,GetCameraGroupFromPosition,brain.o,,,
0x00188958,GetSizeOfCameraSetBinary,brain.o,,,
0x001889A0,SetCameraTargetPosition,brain.o,,,
0x00188630,InitPluralCameraSet,brain.o,,,
0x00185600,CameraSetCameraSet_Default,brain.o,,,
0x00188580,AddPluralCameraSet,brain.o,,,
0x00188638,GetPluralCameraSet,brain.o,,,
0x00189F08,CameraGetTarget,brain.o,,,
0x00189F40,CameraGetOtherObjOffset,brain.o,,,
0x0018A258,CameraSetTargetPos,brain.o,,,
0x0018A028,InsertCamera_Set,brain.o,,,
0x0018A280,GetCameraInfo_tmp,brain.o,,,
0x0018A1C0,GetCurrentCameraSet2,brain.o,,,
0x0018A200,CameraSetCameraPosition,brain.o,,,
0x00189DA0,Camctrl_ExitEveRock,brain.o,,,
0x00188A70,ConvertCameraSet,brain.o,,,
0x0018A1D0,SetCameraFlag_LwsCutBack,brain.o,,,
0x00189DD0,Camctrl_SetTarget,brain.o,,,
0x0018A2E0,SetMonitorCameraInitializeFlag,brain.o,,,
0x00189540,SetCameraMatrix,brain.o,,,
0x00189F10,CameraGetTargets,brain.o,,,
0x00189F38,CameraGetMode,brain.o,,,
0x0018A260,GetCameraPos,brain.o,,,
0x00189E38,CameraSetTargetGObj,brain.o,,,
0x00189E48,CameraChangeTargetParallel,brain.o,,,
0x00189E00,GetCameraDefaultTargetGObj,brain.o,,,
0x0018A1E0,SetCameraFlag_GamecamCutBack,brain.o,,,
0x00188A38,SetWSMatrix,brain.o,,,
0x001893E0,InitCamera,brain.o,,,
0x0018A0B8,InsertCamera_SetNoraml,brain.o,,,
0x00189F28,CameraSetMode,brain.o,,,
0x0018A150,InsertCamera_Exec,brain.o,,,
0x0018A2D0,testcamerazoom,brain.o,,,
0x001893B0,GetCameraInfomationFromGlobalPosition,brain.o,,,
0x00188BB8,MakeCameraMatrix,brain.o,,,
0x0018A2F0,InitCameraSetManager,brain.o,,,
0x0018B8B0,InitChainGeo,chain.o,,,
0x0018DD70,LockChainGeo,chain.o,,,
0x0018C438,ChainGeo,chain.o,,,
0x0018DE08,_GetCorrectOrientOfChain,chain.o,,,
0x0018DDD0,EnableChainHang,chain.o,,,
0x0018DC38,InitPendulum,chain.o,,,
0x0018DAB0,PlumbOrientUpdateChain,chain.o,,,
0x0018DA18,ReleaseChain,chain.o,,,
0x0018DB90,GetChainDirCorrectVal,chain.o,,,
0x0018DD98,GetChainHangRange,chain.o,,,
0x0018CD90,ChainDL,chain.o,,,
0x0018D9E8,HoldChain,chain.o,,,
0x0018DA80,DecreasePdlChain,chain.o,,,
0x0018DDE8,UnableChainHang,chain.o,,,
0x0018E198,GetChainNearestNodePosition,chain.o,,,
0x0018DA68,IncreasePdlChain,chain.o,,,
0x0018DB08,GetChainClimbOrient,chain.o,,,
0x0018B2F8,correct_vector,chain.o,,,
0x0018DB80,SetChainParentGObj,chain.o,,,
0x0018DAF8,isStopChain,chain.o,,,
0x0018DAD8,isBottomOfChain,chain.o,,,
0x0018DA28,GetChainPendulum,chain.o,,,
0x0018DBC8,GetRootPositionHandExtra,chain.o,,,
0x0018DD88,UnLockChainGeo,chain.o,,,
0x0018DDF8,IsAbleChainHang,chain.o,,,
0x0018DDA8,GetChainLength,chain.o,,,
0x0018DB30,CheckChainClimbablePos,chain.o,,,
0x0018DB58,GetChainClimbCollision,chain.o,,,
0x0018E4C0,eBrainGetTargetGeneratorFromLabel,ebrain.o,,,
0x0018E280,eBrainProcess,ebrain.o,,,
0x0018F040,eBrainStatusSet,ebrain.o,,,
0x0018F0F0,eBrainSendMes,ebrain.o,,,
0x0018E680,eBrainGetTarget,ebrain.o,,,
0x0018F1F0,GetStageFromLabel,ebrain.o,,,
0x0018EFF8,eBrainInit,ebrain.o,,,
0x0018F2C0,eBrainGetTargetGeneratorFromLabelStage,ebrain.o,,,
0x0018F3D0,EnemyCtrlBeforeFunc,ebrain.o,,,
0x0018F458,InitEnemyCtrlGeo,ebrain.o,,,
0x0018F470,IsSelectID_EnemyCtrl,ebrain.o,,,
0x0018F7E0,fightSoundProcessRequestStatus,fightSound.o,,,
0x0018F7A0,fightSoundClose,fightSound.o,,,
0x0018F790,fightSoundProcessRequestPause,fightSound.o,,,
0x0018F7E8,fightSoundPlayChk,fightSound.o,,,
0x0018F7D8,fightSoundProcessRequestStart,fightSound.o,,,
0x0018F6A0,fightSoundProcess,fightSound.o,,,
0x00190E88,Generator_Call,generator.o,,,
0x0018FFC8,CallEnemy,generator.o,,,
0x00190FA0,Generator_Init,generator.o,,,
0x00191430,RestoreReviveCount,generator.o,,,
0x00191558,SearchActiveGenerator,generator.o,,,
0x001913A0,UnlockEnemyGenerate,generator.o,,,
0x00190EE0,SetMotherGenerator,generator.o,,,
0x00191070,RestoreGeneratorExtGeo,generator.o,,,
0x001914C0,ReturnEnemyToGenerator,generator.o,,,
0x00190DA0,InitGeneratorGeo,generator.o,,,
0x001904C8,MakeGeneratorPacket,generator.o,,,
0x00191540,GeneratorWorkEnd,generator.o,,,
0x00191048,GetsizeGeneratorPacket,generator.o,,,
0x00190578,generatorBeforeFunc,generator.o,,,
0x00190770,GeneratorGeo,generator.o,,,
0x001915D0,SetInfoSpKidnapEnemy,generator.o,,,
0x001915C0,SetInfoSpKidnapGenerator,generator.o,,,
0x00190258,GetMotherGenerator,generator.o,,,
0x001903E0,ReadGeneratorPacket,generator.o,,,
0x001910C8,MemoryGenerator,generator.o,,,
0x00190ED0,Generator_MaskOff,generator.o,,,
0x00191038,GetbufpGeneratorPacket,generator.o,,,
0x0018F7F8,CheckGeneratorCollision,generator.o,,,
0x00190EA0,Generator_ResetCount,generator.o,,,
0x00190C70,GeneratorDL,generator.o,,,
0x00191358,LockEnemyGenerate,generator.o,,,
0x0018F948,GetGeneratorSafePosition,generator.o,,,
0x001915F8,IsEnableCallEnemyByTargetGObj,generator.o,,,
0x00190218,Generator_QuickCall,generator.o,,,
0x00191050,RestoreGeneratorGeo,generator.o,,,
0x001911E8,DirectCallEnemy,generator.o,,,
0x001910E8,IsEnableCallEnemy,generator.o,,,
0x00190EB8,Generator_Mask,generator.o,,,
0x001919B0,_DistxzSqGV,gv.o,,,
0x00191E20,_OrientXZGV,gv.o,,,
0x00191C08,_ApplyRyGV,gv.o,,,
0x00191868,_InterRotGV,gv.o,,,
0x00191E58,_OrientGV,gv.o,,,
0x00191700,GetMatrixDirectionToZ,gv.o,,,
0x00191E90,_FrontGV,gv.o,,,
0x00191FB0,RoundDegGV,gv.o,,,
0x00191D68,_RotGVF,gv.o,,,
0x00192008,AlignDegGV,gv.o,,,
0x00191C80,_GetDirection,gv.o,,,
0x00191F40,GetCorrectDistance,gv.o,,,
0x00191BE0,_AbsRotyGV,gv.o,,,
0x00191A90,_MoveGV,gv.o,,,
0x00191A50,_DistxzGV,gv.o,,,
0x00191CC8,_RotGV,gv.o,,,
0x001919E8,_DistSqGV,gv.o,,,
0x00191B58,_RotyGV,gv.o,,,
0x00191A18,_DistGV,gv.o,,,
0x00191EF8,SwapGV,gv.o,,,
0x00191670,_InterGV,gv.o,,,
0x00192510,HandCameraCorrect,gv.o,,,
0x00192478,InitHandCameraCorrect,gv.o,,,
0x001924F8,SetLimitHandCameraCorrect,gv.o,,,
0x00192410,ClearHandCameraCorrect,gv.o,,,
0x00192638,InitMailAdditionalData,gv.o,,,
0x001927F0,ClearMailAdditionalData,gv.o,,,
0x00192648,ActSendMail_WithAdditionalData,gv.o,,,
0x00192748,GetMailAdditionalData,gv.o,,,
0x00192B60,IsPointIsInScreen,gv.o,,,
0x001929A0,before_DrawLine,gv.o,,,
0x001929D0,DrawPolygon,gv.o,,,
0x00192880,after_DrawPolygon,gv.o,,,
0x00192A68,do_DrawLine,gv.o,,,
0x00192858,before_DrawPolygon,gv.o,,,
0x001929C8,after_DrawLine,gv.o,,,
0x00194648,BirdGeo,act_bird.o,,,
0x001948F0,BirdAI,act_bird.o,,,
0x00194730,subBirdControl,act_bird.o,,,
0x001948F8,_ACTSendMailToBirdAll,act_bird.o,,,
0x00194650,BirdDL,act_bird.o,,,
0x00193090,subBirdBrainMain,act_bird.o,,,
0x00194790,actBirdStart,act_bird.o,,,
0x001946B0,_ACTSendMailToBird,act_bird.o,,,
0x001946B8,vector_angle_degree,act_bird.o,,,
0x00194768,subBirdCollision,act_bird.o,,,
0x00194810,InitBirdGeo,act_bird.o,,,
0x00192D38,birdBeforeFunc,act_bird.o,,,
0x00194C98,GatherEffect_Set,gather_effect.o,,,
0x001949B0,GatherEffect_Proc,gather_effect.o,,,
0x00194968,GatherEffect_SetGoal,gather_effect.o,,,
0x00194D68,GatherEffect_InqEnd,gather_effect.o,,,
0x00195698,itou_boss_gflag_init,itou_boss.o,,,
0x001957B0,InitBossCtrlGeo,itou_boss.o,,,
0x001956B0,InqCapsuleGhostBossStage,itou_boss.o,,,
0x001958D0,InqCapsuleGhostBossEnd,itou_boss.o,,,
0x001956E0,actBossCtrlStart,itou_boss.o,,,
0x00194E70,bossCtrlBeforeFunc,itou_boss.o,,,
0x00195560,BossCtrlGeo,itou_boss.o,,,
0x00194FF8,BossEnemyFunc,itou_boss.o,,,
0x001958C0,CapsuleGhostBossStart,itou_boss.o,,,
0x00195990,BossCtrlDL,itou_boss.o,,,
0x001959C0,itouGFlagInit,itou_gflag.o,,,
0x001959D0,itouGflagSave,itou_gflag.o,,,
0x001959C8,itouGflagLoad,itou_gflag.o,,,
0x00195C48,apply_matrix_w1,itou_sub.o,,,
0x00195C78,ico_m33_to_quat,itou_sub.o,,,
0x00195C18,lw_pos_to_ico_pos,itou_sub.o,,,
0x00195CB0,pbga_start,itou_sub.o,,,
0x00196D30,apply_m34,lightning.o,,,
0x00196BC0,DrawLightningN,lightning.o,,,
0x00196110,DrawLightning2,lightning.o,,,
0x00196D58,DrawLightning,lightning.o,,,
0x00196E60,lightning_test,lightning.o,,,
0x00198EB0,queenBarrierBeforeFunc,queen.o,,,
0x00198E28,QueenBoysWeaponPower,queen.o,,,
0x00198D10,actQueenStart,queen.o,,,
0x00198370,QueenBarrierDL,queen.o,,,
0x00197D30,InitQueenGeo,queen.o,,,
0x00198B78,QueenBallDL,queen.o,,,
0x00197E38,QueenGeo,queen.o,,,
0x00198E60,QueenBarrierInqBreakable,queen.o,,,
0x001990F8,InitQueenBallGeo,queen.o,,,
0x00197F40,QueenBarrierGeo,queen.o,,,
0x001983B8,QueenBallGeo,queen.o,,,
0x00199018,queenBallBeforeFunc,queen.o,,,
0x00197ED0,QueenDL,queen.o,,,
0x00198DA0,QueenStartAttack,queen.o,,,
0x00199180,subQueenControl,queen.o,,,
0x00198FF8,QueenBallRadius,queen.o,,,
0x00197500,subQueenBrainMain,queen.o,,,
0x00198E00,QueenInqDead,queen.o,,,
0x00198E50,QueenBarrierRadius,queen.o,,,
0x00197000,queenBeforeFunc,queen.o,,,
0x001991D0,subQueenCollision,queen.o,,,
0x00198F60,InitQueenBarrierGeo,queen.o,,,
0x001971B0,gene_enemy,queen.o,,,
0x00199748,queen_barrier_disp_proc,queen_barrier_disp.o,,,
0x00199A20,queen_barrier_disp_init,queen_barrier_disp.o,,,
0x00199C60,queen_barrier_anim,queen_barrier_disp.o,,,
0x001994D8,queen_barrier_set_damage,queen_barrier_disp.o,,,
0x00199D88,StageOrientGet,stage_orient.o,,,
0x00199C98,StageOrientInit,stage_orient.o,,,
0x0019A518,movie_init,mv_main.o,,,
0x0019A800,movie_proc,mv_main.o,,,
0x00199EB8,switchThread,mv_main.o,,,
0x0019A6F0,movie_end,mv_main.o,,,
0x0019A9F0,readBufEndGet,mv_readbuf.o,,,
0x0019A888,readBufCreate,mv_readbuf.o,,,
0x0019A938,readBufBeginPut,mv_readbuf.o,,,
0x0019A968,readBufEndPut,mv_readbuf.o,,,
0x0019A9A8,readBufBeginGet,mv_readbuf.o,,,
0x0019A870,readBufDelete,mv_readbuf.o,,,
0x0019AA68,strFileRead,mv_strfile.o,,,
0x0019AA48,strFileClose,mv_strfile.o,,,
0x0019AA10,strFileOpen,mv_strfile.o,,,
0x0019B040,videoDecSetStream,mv_videodec.o,,,
0x0019AA90,videoDecCreate,mv_videodec.o,,,
0x0019B000,videoDecDelete,mv_videodec.o,,,
0x0019B060,videoDecAbort,mv_videodec.o,,,
0x0019ABE8,videoDecFlush,mv_videodec.o,,,
0x0019B0C8,videoDecMain,mv_videodec.o,,,
0x0019B078,videoDecIsFlushed,mv_videodec.o,,,
0x0019ACB0,videoCallback,mv_videodec.o,,,
0x0019B070,videoDecGetState,mv_videodec.o,,,
0x0019B3C0,voBufIncCount,mv_vobuf.o,,,
0x0019B220,voBufCreate,mv_vobuf.o,,,
0x0019B4C8,voBufDecCount,mv_vobuf.o,,,
0x0019B438,voBufGetData,mv_vobuf.o,,,
0x0019B398,voBufReset,mv_vobuf.o,,,
0x0019B470,voBufGetTag,mv_vobuf.o,,,
0x0019B3A8,voBufIsFull,mv_vobuf.o,,,
0x0019B380,voBufDelete,mv_vobuf.o,,,
0x0019C378,LinkParentOfDObj,DObj.o,,,
0x0019C3C0,UnlinkParentOfDObj,DObj.o,,,
0x0019C370,FreeDObj,DObj.o,,,
0x0019C1B0,CSVSYSTEM_InitDObj,DObj.o,,,
0x0019CE98,stgmgrNextStagePreLoadForceStageSet,StageManager.o,,,
0x0019CEB0,stgmgrNextStagePreLoadDistBoyMode,StageManager.o,,,
0x0019CEC0,stgmgrNextStagePreLoadForceNoCancel,StageManager.o,,,
0x0019CEC8,CheckPoint,StageManager.o,,,
0x0019CE20,stgmgrForceSwitchWithFade,StageManager.o,,,
0x0019CDF0,stgmgrForceSwitch,StageManager.o,,,
0x0019CB00,StageManager,StageManager.o,,,
0x0019CE30,stgmgrForceSwitchWithFadeColor,StageManager.o,,,
0x0019DE48,backStageProcessInit,backStage.o,,,
0x0019DE60,backStageDebugTimeZero,backStage.o,,,
0x0019DCF8,backStageSave,backStage.o,,,
0x0019DDA0,backStageLoad,backStage.o,,,
0x0019D878,backStageProcessInStage,backStage.o,,,
0x0019CF28,backStageProcessOutStage,backStage.o,,,
0x0019DE68,backStageTsuresariReturn,backStage.o,,,
0x0019D438,backStageProcessMain,backStage.o,,,
0x0019E4F8,ReadTextureFile,charFileManager.o,,,
0x0019DF78,ReadModelFile,charFileManager.o,,,
0x0019E148,ReadVolumeModelFile,charFileManager.o,,,
0x0019FA58,ReadSoundAdpcmFile,charFileManager.o,,,
0x0019ECD0,ReadMotionFile,charFileManager.o,,,
0x0019F8F0,ReadSoundSqFile,charFileManager.o,,,
0x0019F450,ReadCamerasetFile,charFileManager.o,,,
0x0019DEF0,ResetCharFileManager,charFileManager.o,,,
0x0019EF18,ReadParticleEffectFile,charFileManager.o,,,
0x0019E318,ReadShadowModelFile,charFileManager.o,,,
0x0019F638,CSVSYSTEM_ReadCharFiles,charFileManager.o,,,
0x0019FB98,GetPObjAddress,charFileManager.o,,,
0x0019F520,ReadEndCheckFile,charFileManager.o,,,
0x0019F598,ReadStageSettingFile,charFileManager.o,,,
0x0019DE70,InitCharFileManager,charFileManager.o,,,
0x0019F340,ReadShockFile,charFileManager.o,,,
0x0019E600,ReadSkeltonFile,charFileManager.o,,,
0x0019E858,ReadCollisionFile,charFileManager.o,,,
0x0019EFB0,ReadSoundBdFile,charFileManager.o,,,
0x0019EBC8,ReadStageAnimationFile,charFileManager.o,,,
0x0019F160,ReadSoundHdFile,charFileManager.o,,,
0x001A0000,debug_SetDmaCallback,debug.o,,,
0x001A6FA8,debugSceOpen,debug.o,,,
0x001A65E0,debug_Menu,debug.o,,,
0x001A69E0,debug_SetBar,debug.o,,,
0x001A6CC8,debug_DispMatrix,debug.o,,,
0x001A6D18,debug_SelectCsvWindowWithLine,debug.o,,,
0x001A2988,debug_SnapShot,debug.o,,,
0x001A38F0,debug_StdPrintfDummy,debug.o,,,
0x001A70C0,debugCdvdLoadInfoSegAdd,debug.o,,,
0x001A38C8,debug_PrintFontWindowDummy,debug.o,,,
0x001A7840,debug_mcUnformat,debug.o,,,
0x0019FBB8,debug_Assert,debug.o,,,
0x001A70F0,debugCdvdLoadInfoSegCls,debug.o,,,
0x001A35D8,debug_PrintFontWindow,debug.o,,,
0x001A7038,debugSceCloseFdNew,debug.o,,,
0x001A4310,debug_SelectCsvWindow,debug.o,,,
0x001A2438,debug_DispBar,debug.o,,,
0x001A6C20,debug_DispVu1SReg,debug.o,,,
0x001A6B78,debug_DispVu1IReg,debug.o,,,
0x001A4180,debug_SelectCsvWindowVal,debug.o,,,
0x001A5648,debug_SESlotDisp,debug.o,,,
0x001A7978,debug_STAFFROLLTest,debug.o,,,
0x001A7070,debug_closeLog,debug.o,,,
0x001A0048,debug_VariableInit,debug.o,,,
0x001A3AD0,debug_PrintMatrix,debug.o,,,
0x001A53A8,debug_SETest,debug.o,,,
0x001A1228,debug_FlushFont,debug.o,,,
0x001A34F8,debug_Printf,debug.o,,,
0x001A6FA0,debug_TryToGetStartStage,debug.o,,,
0x001A6840,debug_Menu_off,debug.o,,,
0x001A74B0,debug_SelectCsvWindowWithLineColor,debug.o,,,
0x001A7078,debugCdvdLoadInfoSegInit,debug.o,,,
0x001A3918,debug_PrintFontf,debug.o,,,
0x001A01C8,debug_Load,debug.o,,,
0x001A6870,debug_GetTimerSec,debug.o,,,
0x001A7008,debugSceClose,debug.o,,,
0x001A38A8,debug_PrintfDummy,debug.o,,,
0x001A7758,debug_mcFormat,debug.o,,,
0x0019FC68,debug_LogPrintf,debug.o,,,
0x0019FC50,debug_openLog,debug.o,,,
0x001A6940,debug_GetTimerCount,debug.o,,,
0x001A7158,debug_SaveStartStageFile,debug.o,,,
0x001A7A80,debug_AdpcmTest,debug.o,,,
0x001A3B80,debug_DispVu1FReg,debug.o,,,
0x001A3568,debug_Printf2,debug.o,,,
0x001A69A0,debug_ClearFontWindow,debug.o,,,
0x001A6848,debug_BeginTimer,debug.o,,,
0x001A5128,debug_MemoryCard,debug.o,,,
0x001A6A98,debug_SetBar2,debug.o,,,
0x001A69D8,debug_ResizeFontWindowHeight,debug.o,,,
0x001A0170,debug_Init,debug.o,,,
0x001A6D10,debug_SetBarDummy,debug.o,,,
0x001A79E0,debug_reverbTest,debug.o,,,
0x001A7C70,debug_tsuresariTimeZero,debug.o,,,
0x001A3310,debug_DispQW,debug.o,,,
0x001A4670,debug_SelectStage,debug.o,,,
0x001A7118,gsResetFunc,debug.o,,,
0x001A7208,_debug_SelectCsvWindow,debug.o,,,
0x001A6B50,debug_ResetBar,debug.o,,,
0x001A7E30,SendVif1DirectPacket,debug_exception.o,,,
0x001AA2A8,SetPrimColor,debug_exception.o,,,
0x001A8128,SetDrawEnvironment,debug_exception.o,,,
0x001A7FB8,SetTexDrawEnvironment,debug_exception.o,,,
0x001AA120,debug_SetExceptionMessage,debug_exception.o,,,
0x001AA3A0,SetPrimColorTex,debug_exception.o,,,
0x001A9FF0,debugIOPExceptionMain,debug_exception.o,,,
0x001A7EF8,SetTextureWithFrameBuffer,debug_exception.o,,,
0x001AA1F8,debugIOPExceptionInit,debug_exception.o,,,
0x001A8060,SetDrawnTextureEnvironment,debug_exception.o,,,
0x001AA200,debug_assertMessage,debug_exception.o,,,
0x001AA180,debugExceptionInit,debug_exception.o,,,
0x001AA220,debug_assert,debug_exception.o,,,
0x001A7E88,RestoreNormalDrawEnvironment,debug_exception.o,,,
0x001A7DF0,CloseVif1DirectPacket,debug_exception.o,,,
0x001A8580,PutFont,debug_exception.o,,,
0x001AA240,OpenVif1DirectPacket,debug_exception.o,,,
0x001AA628,init_debug_menu,debug_menu.o,,,
0x001AA4C0,debug_TargetGObj,debug_menu.o,,,
0x001AB0A8,gamesysObjInfoGet,gamesys.o,,,
0x001AB1B0,gamesysObjInfoCls,gamesys.o,,,
0x001AAED8,gamesysObjInfoPosSetStage,gamesys.o,,,
0x001AB3B0,gamesysMemoryLoad,gamesys.o,,,
0x001AA6D0,gamesysObjInfoSave,gamesys.o,,,
0x001AB2C0,gamesysGirlStageGet,gamesys.o,,,
0x001AAE28,gamesysNObjInfoInit,gamesys.o,,,
0x001AA990,gamesysObjInfoBaseSet,gamesys.o,,,
0x001AAF18,gamesysObjInfoUniqDataSet,gamesys.o,,,
0x001AA768,gamesysObjInfoLoad,gamesys.o,,,
0x001AA678,gamesysObjInfoInit,gamesys.o,,,
0x001AAC40,gamesysBackStageProcess,gamesys.o,,,
0x001AB308,gamesysMemoryHandlerRead,gamesys.o,,,
0x001AB358,gamesysMemorySave,gamesys.o,,,
0x001AAE68,gamesysObjInfoStageInitFlagCls,gamesys.o,,,
0x001AAEA0,gamesysObjInfoStageInitPosSaveUnlock,gamesys.o,,,
0x001AAC70,gamesysMemoryHandlerWrite,gamesys.o,,,
0x001AAF80,gamesysObjInfoPosNewStageSet,gamesys.o,,,
0x001AB2E8,gamesysStageExitTimeSet,gamesys.o,,,
0x001AB4C0,ParentSimpleObjDL,haveParentSimpleObj.o,,,
0x001AB4C8,InitParentSimpleObjGeo,haveParentSimpleObj.o,,,
0x001AB4B8,ParentSimpleObjGeo,haveParentSimpleObj.o,,,
0x001ABF18,InitIcoMisc,icoMisc.o,,,
0x001ABBF8,ExecIcoMisc,icoMisc.o,,,
0x001AC440,DispIcoMisc,icoMisc.o,,,
0x001AC608,ExitIcoMisc,icoMisc.o,,,
0x001AD020,kanbanExec,kanban.o,,,
0x001ACFE8,kanbanReqAllDelFade,kanban.o,,,
0x001AC610,kanbanReqAdd,kanban.o,,,
0x001AC8C8,kanbanInit,kanban.o,,,
0x001ACF90,kanbanReqDelFade,kanban.o,,,
0x001ACFB0,kanbanReqAllDel,kanban.o,,,
0x001ACF58,kanbanReqDel,kanban.o,,,
0x001AD4A0,kanbanBootInit,kanbanBoot.o,,,
0x001AD358,kanbanBootMain,kanbanBoot.o,,,
0x001AD4C0,kanbanBootStart,kanbanBoot.o,,,
0x001B1930,la_boot_no_free_area,layout_action.o,,,
0x001AD518,la_TESTFUNCTION,layout_action.o,,,
0x001AFB58,la_save_game_memory_card_check,layout_action.o,,,
0x001B0FF0,la_game_over_continue,layout_action.o,,,
0x001B1960,la_boot_confirm_memory_card,layout_action.o,,,
0x001B2190,la_save_confirm_fail,layout_action.o,,,
0x001AD4D0,POSITIVE_SE,layout_action.o,,,
0x001B1A00,la_title_demo,layout_action.o,,,
0x001AEB20,la_mc_load_current_slot_select,layout_action.o,,,
0x001B2250,la_delete_confirm,layout_action.o,,,
0x001AE058,la_vibe_select,layout_action.o,,,
0x001B0990,la_save_processing,layout_action.o,,,
0x001AF190,la_load_confirm_no_data,layout_action.o,,,
0x001B2158,la_save_confirm_yesno,layout_action.o,,,
0x001B0D88,la_delete_processing,layout_action.o,,,
0x001AE450,la_title_new_game_only,layout_action.o,,,
0x001B1900,la_boot_no_memory_card,layout_action.o,,,
0x001B22E8,la_delete_confirm_fail,layout_action.o,,,
0x001B1878,PSH_POSITIVE_OR_NEGATIVE,layout_action.o,,,
0x001B1748,la_adjust_screen,layout_action.o,,,
0x001B1E90,la_save_confirm_no_free_area,layout_action.o,,,
0x001B1CA0,la_mc_current_slot,layout_action.o,,,
0x001B1DA0,la_save_confirm_no_memory_card,layout_action.o,,,
0x001B1F90,la_format_processing,layout_action.o,,,
0x001B0248,la_save_start_check,layout_action.o,,,
0x001AF860,la_mc_confirm_save_file,layout_action.o,,,
0x001AD4E8,NEGATIVE_SE,layout_action.o,,,
0x001AF360,la_load_start_check,layout_action.o,,,
0x001AFF68,la_mc_save_file_select,layout_action.o,,,
0x001B2308,la_game_demo_pause,layout_action.o,,,
0x001AE268,la_title_continue_or_new,layout_action.o,,,
0x001B2198,la_format_confirm_fail,layout_action.o,,,
0x001B1998,la_scei_logo,layout_action.o,,,
0x001B18B8,la_boot_memory_card_check,layout_action.o,,,
0x001B21A0,la_delete_start_check,layout_action.o,,,
0x001B1CD8,la_general_mc_confirm,layout_action.o,,,
0x001B0570,la_format_confirm,layout_action.o,,,
0x001B1C60,la_mc_preview_info,layout_action.o,,,
0x001B1B10,la_mc_file_select,layout_action.o,,,
0x001AEC50,la_mc_load_file_select,layout_action.o,,,
0x001AD500,CUR_SE,layout_action.o,,,
0x001B15F8,la_game_option,layout_action.o,,,
0x001B22F0,la_game_loading,layout_action.o,,,
0x001B1198,la_key_config,layout_action.o,,,
0x001B0708,la_system_save_processing,layout_action.o,,,
0x001B0E80,la_game_loop,layout_action.o,,,
0x001B22A8,la_delete_confirm_complete,layout_action.o,,,
0x001AE950,la_load_game_memory_card_check,layout_action.o,,,
0x001B24B0,la_switching_stage,layout_action.o,,,
0x001AEFB8,la_load_confirm_no_memory_card,layout_action.o,,,
0x001B1D10,la_mc_save_current_slot_select,layout_action.o,,,
0x001B03C8,la_save_confirm_overwrite,layout_action.o,,,
0x001B2410,la_game_pause,layout_action.o,,,
0x001B2350,la_game_demo,layout_action.o,,,
0x001AF470,la_load_processing,layout_action.o,,,
0x001B2070,la_save_confirm_complete,layout_action.o,,,
0x001B0C38,la_end_confirm,layout_action.o,,,
0x001B3B28,lt_fade_status,layout_texture.o,,,
0x001B3B38,lt_set_fade_mode,layout_texture.o,,,
0x001B3A38,lt_next_layout,layout_texture.o,,,
0x001B39A8,lt_prev_layout,layout_texture.o,,,
0x001B38F0,lt_link_layout,layout_texture.o,,,
0x001B38E8,lt_current_property_item,layout_texture.o,,,
0x001B32F0,exec_layout_texture,layout_texture.o,,,
0x001B3880,lt_switch_layout,layout_texture.o,,,
0x001B3B30,lt_set_item_select_func,layout_texture.o,,,
0x001B3AC0,lt_mask_property,layout_texture.o,,,
0x001B3700,init_layout_texture,layout_texture.o,,,
0x001B2778,lt_analog2Pad,layout_texture.o,,,
0x001B3AF8,lt_default_mask_property,layout_texture.o,,,
0x001B4588,InitSceneObjects,sceneManager.o,,,
0x001B49B0,GetStageStartInfo,sceneManager.o,,,
0x001B3CB0,InitStageLight,sceneManager.o,,,
0x001B4940,MoveNextStage_Set,sceneManager.o,,,
0x001B4858,ChangeStageStartInfo,sceneManager.o,,,
0x001B4A38,MoveNextStage_Clear,sceneManager.o,,,
0x001B4878,CreateLayoutedGObj,sceneManager.o,,,
0x001B49A0,test_nextstage_firstwalk_set,sceneManager.o,,,
0x001B47B0,HotInitSceneObjects,sceneManager.o,,,
0x001B4F50,staffRollWide,staffroll.o,,,
0x001B4A48,staffRollStart,staffroll.o,,,
0x001B4D58,staffRollMain,staffroll.o,,,
0x001B6E60,SetAP1VisualState,a_p_1.o,,,
0x001B6F40,AP1MotReq,a_p_1.o,,,
0x001B6F80,AP1JumpReq,a_p_1.o,,,
0x001B6DC0,AP1DL,a_p_1.o,,,
0x001B4FB0,InitAP1,a_p_1.o,,,
0x001B6BC0,AP1Geo,a_p_1.o,,,
0x001B7000,MakeAP1GObj,a_p_1.o,,,
0x001B7050,GetAP1Mode,a_p_1.o,,,
0x001B6E70,AP1Turn,a_p_1.o,,,
0x001B6EF8,AP1MotReqForce,a_p_1.o,,,
0x001B6E50,GetAP1SpecType,a_p_1.o,,,
0x001B80A0,SetAP1PriorLevel,act_a_p_1.o,,,
0x001B7C70,AP1BeforeFunc,act_a_p_1.o,,,
0x001B7790,SleepAP1,act_a_p_1.o,,,
0x001B80B0,GetAP1AIMode,act_a_p_1.o,,,
0x001B8140,subAP1Control,act_a_p_1.o,,,
0x001B8090,SetAP1HostGObj,act_a_p_1.o,,,
0x001B7860,subAP1BrainMain,act_a_p_1.o,,,
0x001B7C28,SetAP1DeadStatus,act_a_p_1.o,,,
0x001B7770,hehehe,act_a_p_1.o,,,
0x001B7F40,actAP1Start,act_a_p_1.o,,,
0x001B77D8,WakeUpAP1,act_a_p_1.o,,,
0x001B8070,IsActCharDead,act_a_p_1.o,,,
0x001B8150,SetActressLight,actressLight.o,,,
0x001B8870,CreateAttackCheckBoundary,attackCheckBoundary.o,,,
0x001B8918,GetAttackCheckBoundaryManagerStatus,attackCheckBoundary.o,,,
0x001B8668,AttackCheckBoundaryManagerGeo,attackCheckBoundary.o,,,
0x001B8730,AttackCheckBoundaryGeo,attackCheckBoundary.o,,,
0x001B86E0,InitAttackCheckBoundaryGeo,attackCheckBoundary.o,,,
0x001B8860,GetAttackCheckBoundaryRadius,attackCheckBoundary.o,,,
0x001B86D8,AttackCheckBoundaryManagerDL,attackCheckBoundary.o,,,
0x001B8808,actAttackCheckBoundaryStart,attackCheckBoundary.o,,,
0x001B8758,AttackCheckBoundaryDL,attackCheckBoundary.o,,,
0x001B83B0,InitAttackCheckBoundaryManagerGeo,attackCheckBoundary.o,,,
0x001B8218,AttackCheckBoundaryBeforeFunc,attackCheckBoundary.o,,,
0x001B8928,SetAttackCheckBoundaryAttribute,attackCheckBoundary.o,,,
0x001B8D48,GetWallLeverGlobalHoldPoint,box.o,,,
0x001B8CC8,FloorLeverDL,box.o,,,
0x001B8948,GetFloorLeverGlobalHoldPoint,box.o,,,
0x001BD2D0,CanWallLeverPull,box.o,,,
0x001BCF28,BoxExtGeoRestore,box.o,,,
0x001BBFF0,MoveBoxWithHoldPoint,box.o,,,
0x001BD1C8,GetFloorLeverAngle,box.o,,,
0x001BCF30,BoxMemoryFunc,box.o,,,
0x001B8938,switchOnSE,box.o,,,
0x001BCAB8,BoxGeo,box.o,,,
0x001BD538,GetDistanceOfGObj,box.o,,,
0x001BBB38,GetBoxHoldPoint,box.o,,,
0x001BA950,MoveFloatingBox,box.o,,,
0x001BD0A0,CanFloorLeverPull,box.o,,,
0x001BD0B8,InitFloorLeverGeo,box.o,,,
0x001B8940,switchReleaseSE,box.o,,,
0x001BCD38,GetBoxGlobalHoldPoint,box.o,,,
0x001BD330,InitWallLeverGeo,box.o,,,
0x001B89C0,FloorLeverTriStateGeo,box.o,,,
0x001BD2E8,IsWallLeverStatus,box.o,,,
0x001B9080,WallLeverDL,box.o,,,
0x001BD1D8,SetWallLeverWithNodePoint,box.o,,,
0x001BCE80,BoxGeoRestore,box.o,,,
0x001BCF50,SetSwitchTriggerFunc,box.o,,,
0x001BD450,initParentize,box.o,,,
0x001BCB38,AlignBox,box.o,,,
0x001BCF40,SwitchGeo,box.o,,,
0x001BCD90,ExecBoxMoveStartReaction,box.o,,,
0x001BCD80,IsThisBoxTruck,box.o,,,
0x001BCCC0,BoxDL,box.o,,,
0x001B8DC0,WallLeverGeo,box.o,,,
0x001BCF48,SwitchDL,box.o,,,
0x001BD440,GetWallLeverAngle,box.o,,,
0x001B9100,CheckReadyAllSwitches,box.o,,,
0x001BCDF8,ExecBoxMoveEndReaction,box.o,,,
0x001BCB28,GetBoxMode,box.o,,,
0x001BC690,InitBoxGeo,box.o,,,
0x001BCCA8,CanHoldBox,box.o,,,
0x001BCF38,InitSwitchGeo,box.o,,,
0x001BC488,ReInitBoxGeo,box.o,,,
0x001BD8B0,BoxRideFunc,box.o,,,
0x001BCF60,SetSwitchState,box.o,,,
0x001B8A38,FloorLeverGeo,box.o,,,
0x001BCFA8,SetFloorLeverWithNodePoint,box.o,,,
0x001BE338,BoyGeo,boy.o,,,
0x001BE680,LightLineGeo,boy.o,,,
0x001BE670,SelectBoyCrown,boy.o,,,
0x001BDA70,InitLightLineGeo,boy.o,,,
0x001BE530,BoyDL,boy.o,,,
0x001BE188,InitBoyGeo,boy.o,,,
0x001BE748,SetBoyStonizedVisual,boy.o,,,
0x001BDD98,LightLineDL,boy.o,,,
0x001BED30,HotInitCageGeo,cage.o,,,
0x001BE910,InitCageGeo,cage.o,,,
0x001BEEA0,CageGeo,cage.o,,,
0x001BE8C8,SetCageFixGeometry,cage.o,,,
0x001BF3C8,CageDL,cage.o,,,
0x001BF488,SetCageVelocityFriction,cage.o,,,
0x001BF498,StabilizeAllLayoutedCage,cage.o,,,
0x001BF3F8,GetCageChainPoint,cage.o,,,
0x001BE790,CageRideFunc,cage.o,,,
0x001BF560,CageFixDL,cageFix.o,,,
0x001BF5A8,InitCageFixGeo,cageFix.o,,,
0x001BF4E0,CageFixGeo,cageFix.o,,,
0x001BF8F8,_deleteLayoutedCandleParticleEffect,candle.o,,,
0x001BF5B0,InitCandleGeo,candle.o,,,
0x001BF6F0,CandleDL,candle.o,,,
0x001BF830,DeleteLayoutedCandleParticleEffect,candle.o,,,
0x001BF738,CandleGeo,candle.o,,,
0x001BFA78,InitChandelierGeo,chandelier.o,,,
0x001BF998,ChandelierGeo,chandelier.o,,,
0x001BFA30,ChandelierDL,chandelier.o,,,
0x001BFCE0,RequestClipCollision,clipCollisionManager.o,,,
0x001BFCA0,CreateClipCollisionManagerGObj,clipCollisionManager.o,,,
0x001C5470,scaleAndAddVectorXYZ,clothAnimation.o,,,
0x001C5638,checkOverThePlane,clothAnimation.o,,,
0x001C4FC0,MoveChainExtendedWeight,clothAnimation.o,,,
0x001C5200,GetChainExWeightGlobalQuaternion,clothAnimation.o,,,
0x001C54B8,tensionMoveNoReduce,clothAnimation.o,,,
0x001C50E0,DeleteChainExtendedWeight,clothAnimation.o,,,
0x001C5120,ResetClothAnimation,clothAnimation.o,,,
0x001C0FE8,GetClothAnimation,clothAnimation.o,,,
0x001C47D8,GetCloth4D,clothAnimation.o,,,
0x001C53F0,getXZInvLength,clothAnimation.o,,,
0x001C5418,getXZLengthSquare,clothAnimation.o,,,
0x001C2590,DispClothMesh,clothAnimation.o,,,
0x001C2160,InitClothes,clothAnimation.o,,,
0x001BFD38,TestDispChainAnimation,clothAnimation.o,,,
0x001C08B0,GetChainAnimation,clothAnimation.o,,,
0x001C2650,DispMeshWire,clothAnimation.o,,,
0x001C5510,tensionMove,clothAnimation.o,,,
0x001C53C8,getXZLength,clothAnimation.o,,,
0x001C2890,DispCloth4D,clothAnimation.o,,,
0x001C53A8,FSqrtInv,clothAnimation.o,,,
0x001C5108,GetChainNodeID,clothAnimation.o,,,
0x001C4FD8,InitChainVelocity,clothAnimation.o,,,
0x001C52C8,GetChainCollision,clothAnimation.o,,,
0x001C5678,checkFrontAcross,clothAnimation.o,,,
0x001C4F18,GetChainNodeGlobalQuaternion,clothAnimation.o,,,
0x001C5770,getCloth4D_planeClip,clothAnimation.o,,,
0x001C5578,getCrossPoint,clothAnimation.o,,,
0x001C4A38,InitCloth4D,clothAnimation.o,,,
0x001C5438,subAndGetInvLength,clothAnimation.o,,,
0x001C0EB8,SetChainExtendedWeight,clothAnimation.o,,,
0x001C5498,scaleVectorXZ,clothAnimation.o,,,
0x001C56E8,LockZAnimation,clothAnimation.o,,,
0x001BFF30,GetChainExWeightGlobalPos,clothAnimation.o,,,
0x001C1E80,InitChains,clothAnimation.o,,,
0x001C58F0,ClothTestDL,clothTest.o,,,
0x001C58E8,ClothTestGeo,clothTest.o,,,
0x001C5898,InitClothTestGeo,clothTest.o,,,
0x001C7ED0,SetDarkVolumeEffect,darkVolume.o,,,
0x001C8148,GetGameOverEffectCenterPosition,darkVolume.o,,,
0x001C8340,ExecGameOverEffect,darkVolume.o,,,
0x001C83E0,StartQueenAttackEffect,darkVolume.o,,,
0x001C8338,DarkVolumeDL,darkVolume.o,,,
0x001C8328,InitDarkVolumeGeo,darkVolume.o,,,
0x001C8158,InitGameOverEffect,darkVolume.o,,,
0x001C7EE8,DispGameOverEffect,darkVolume.o,,,
0x001C8348,StartGameOverEffect,darkVolume.o,,,
0x001C8438,ResetGameOverEffect,darkVolume.o,,,
0x001C8330,DarkVolumeGeo,darkVolume.o,,,
0x001C9A98,EffectTool,effectTool.o,,,
0x001CAD38,EnemySetfAppearAll,enemy.o,,,
0x001CAD20,EnemyAI,enemy.o,,,
0x001CAEB0,enemySetParticleDie,enemy.o,,,
0x001CB1B0,RandomizeEnemy,enemy.o,,,
0x001CAC50,EnemyDL,enemy.o,,,
0x001CAD88,EnemySetfDisappearAll,enemy.o,,,
0x001CB250,GetEnemyDefLife,enemy.o,,,
0x001CAF38,ReviveEnemyParticle,enemy.o,,,
0x001CB278,ResetEnemyPositionInfo,enemy.o,,,
0x001CB0F8,SetEnemyHitGeometryAction,enemy.o,,,
0x001CA7E0,InitEnemyGeo,enemy.o,,,
0x001CADD8,EnemySetfDisappear,enemy.o,,,
0x001CABB8,DisplayEnemy,enemy.o,,,
0x001CACB0,DemoMotionGeo,enemy.o,,,
0x001CAF78,EnemyGetNSafeParts,enemy.o,,,
0x001CAFC0,EnemyDeleteParticle,enemy.o,,,
0x001CA5E8,CheckEnemyHit,enemy.o,,,
0x001CA980,EnemyGeo,enemy.o,,,
0x001CB1E0,SetEnemyWingRatio,enemy.o,,,
0x001CB108,InitDemoMotionGeo,enemy.o,,,
0x001CB1A0,GetEnemyHitNodeFlag,enemy.o,,,
0x001CAF58,isExistEnemyParticle,enemy.o,,,
0x001CB220,GetEnemyBattleType,enemy.o,,,
0x001CA3F0,EnemyCheckHit,enemy.o,,,
0x001CAD28,SetEnemyFootPrintSwitch,enemy.o,,,
0x001CB1F0,CanThisEnemyFly,enemy.o,,,
0x001CB318,SetEnemyStonizedVisual,enemy.o,,,
0x001CB158,HotInitDemoMotionGeo,enemy.o,,,
0x001CACD8,SetEnemyDissolve,enemy.o,,,
0x001CB868,InitEnemyFootPrint,enemyParts.o,,,
0x001CBF78,DispEnemyEye,enemyParts.o,,,
0x001CBF10,UpdateEnemyEye,enemyParts.o,,,
0x001CBD50,DispEnemyFootPrints,enemyParts.o,,,
0x001CBB28,ExecEnemyFootPrints,enemyParts.o,,,
0x001CBD70,InitPointBlur,enemyParts.o,,,
0x001CB370,UpdatePointBlur,enemyParts.o,,,
0x001CB570,InitEnemyEye,enemyParts.o,,,
0x001CBCA0,EntryEnemyFootPrint,enemyParts.o,,,
0x001CC000,ResetEnemyEye,enemyParts.o,,,
0x001CBEB0,DispPointBlur,enemyParts.o,,,
0x001CC6D8,FlagGeo,flag.o,,,
0x001CC7C8,FlagDL,flag.o,,,
0x001CC138,InitFlagGeo,flag.o,,,
0x001CC9C8,GetFlyLimitHeight,flyManager.o,,,
0x001CC980,DispFlyInfo,flyManager.o,,,
0x001CC9C0,InitFlyManager,flyManager.o,,,
0x001CC9A8,InitFlyInfo,flyManager.o,,,
0x001CCA98,GetFlyLimitClearance,flyManager.o,,,
0x001CDA08,StopSEPackage,frameDependSequence.o,,,
0x001CDA10,InitFrameDependSequence,frameDependSequence.o,,,
0x001CD9F0,StopSEPackageWithGroupVariation,frameDependSequence.o,,,
0x001CD9E0,ExecuteSEPackageWithVolumeRate,frameDependSequence.o,,,
0x001CD9D8,ExecuteSEPackage,frameDependSequence.o,,,
0x001CD9B8,ExecuteSEPackageWithGroupVariation,frameDependSequence.o,,,
0x001CD400,ExecFrameDependSequence,frameDependSequence.o,,,
0x001CE200,GirlAI,girl.o,,,
0x001CDF28,GirlGeo,girl.o,,,
0x001CDD98,InitGirlGeo,girl.o,,,
0x001CE1C8,GirlDL,girl.o,,,
0x001CE208,SetGirlClothDispSwitch,girl.o,,,
0x001CE428,GirlForceFieldDL,girlForceField.o,,,
0x001CE3A8,InitGirlForceFieldGeo,girlForceField.o,,,
0x001CE260,GirlForceFieldGeo,girlForceField.o,,,
0x001CEB10,HandManager,handManager.o,,,
0x001D05B0,ReviveCarryableItemsWithBoundary,item.o,,,
0x001CEE68,ThrowItem,item.o,,,
0x001D04C8,IsBombExplode,item.o,,,
0x001D0160,ItemGeo,item.o,,,
0x001D0320,BreakItemFromOutside,item.o,,,
0x001D04E0,GetBombTorchGObj,item.o,,,
0x001D0808,StopItemExplodeAnimationAll,item.o,,,
0x001D06A8,ReviveAllCarryableItemsWithRandomVelocity,item.o,,,
0x001D04B0,IsItemHoldable,item.o,,,
0x001D07D0,CheckItemDead,item.o,,,
0x001CEDF8,ReleaseItem,item.o,,,
0x001D0258,ItemDL,item.o,,,
0x001CEC80,HoldItem,item.o,,,
0x001D0508,ReviveAllCarryableItems,item.o,,,
0x001D04A0,GetItemKind,item.o,,,
0x001D08A0,ReviveAllCarryableItemsWithNonSleepFrame,item.o,,,
0x001CEED8,InitItemGeo,item.o,,,
0x001D0470,CheckCarryableItem,item.o,,,
0x001D0958,Draw2DLine,lineManager.o,,,
0x001D0CE0,_getLine,lineManager.o,,,
0x001D1188,DrawLineG,lineManager.o,,,
0x001D10F0,DrawLine,lineManager.o,,,
0x001D0A78,Draw2DLineSeg_Start,lineManager.o,,,
0x001D0B28,Draw2DLineG,lineManager.o,,,
0x001D0A88,Draw2DLineSeg_Loop,lineManager.o,,,
0x001D1270,SetLodLevel,lodManager.o,,,
0x001D14C8,InitMotionMemorySize,motionFileManager.o,,,
0x001D14D8,AddMotionMemorySize,motionFileManager.o,,,
0x001D1518,ResetDynamicMotionManager,motionFileManager.o,,,
0x001D1560,ResetStatic2MotionManager,motionFileManager.o,,,
0x001D13F8,InitMotionFile,motionFileManager.o,,,
0x001D1500,GetMotionMemorySize,motionFileManager.o,,,
0x001D15A0,CheckMotionIncludeFacialData,motionFileManager.o,,,
0x001DD000,SetDirectMotionProgramInterpInfo,motionManager.o,,,
0x001DCF80,SetHitCollisionDisplay,motionManager.o,,,
0x001DC700,GetMatrixOfMotion,motionManager.o,,,
0x001DD240,upperFieldCheck,motionManager.o,,,
0x001DC1D0,GetGeometryOfMotion,motionManager.o,,,
0x001DD210,GetWallVector,motionManager.o,,,
0x001D4B08,EditRotEmphasys,motionManager.o,,,
0x001DCEC0,SkelTestGeo,motionManager.o,,,
0x001DD2A0,getGeometryOfMotion,motionManager.o,,,
0x001DCF90,ResetMotionProgramInterpInfo,motionManager.o,,,
0x001DCE68,SkelTest,motionManager.o,,,
0x001D7520,landingFieldAction,motionManager.o,,,
0x001E0D70,InitMotionOrient,motionOrientManager.o,,,
0x001DEFF0,SetMotionRequest,motionOrientManager.o,,,
0x001E0A98,GetMotionOrient,motionOrientManager.o,,,
0x001E0758,SetNodeRotationLimitDataTable,motionOrientManager.o,,,
0x001E0F10,ExecutePauseSlipProc,motionOrientManager.o,,,
0x001E0BB8,CopyBlendMotionDataSource,motionOrientManager.o,,,
0x001E0D00,SetParallelMotionTable,motionOrientManager.o,,,
0x001E0E40,ExecuteSlipProc,motionOrientManager.o,,,
0x001DD8A8,UpdateFrameCounter,motionOrientManager.o,,,
0x001E0CD8,SetParallelMotionTableWithNoRequest,motionOrientManager.o,,,
0x001E0E10,GetCurrentMotionDirectionAdjustFlag,motionOrientManager.o,,,
0x001DD5F0,GetNbMotionFrames,motionOrientManager.o,,,
0x001DE978,ForTest_ForceShiftMotion,motionOrientManager.o,,,
0x001E0B20,getMotionOrient,motionOrientManager.o,,,
0x001DD6F8,GetMotionPlaySpeedRatio,motionOrientManager.o,,,
0x001E05A0,ExecMotionOrient,motionOrientManager.o,,,
0x001E1E20,modeMessage,motionViewer.o,,,
0x001E2550,MotionViewer,motionViewer.o,,,
0x001E2F40,InitMoveColTestGeo,moveColTest.o,,,
0x001E2D60,MoveColTestGeo,moveColTest.o,,,
0x001E2F38,MoveColTestDL,moveColTest.o,,,
0x001E3148,DispMultiBgaManager,multiBgaManager.o,,,
0x001E3278,DispMultiBgaManagerWithKind,multiBgaManager.o,,,
0x001E3070,EntryMultiBgaManager,multiBgaManager.o,,,
0x001E30D8,EntryMultiBgaManagerSensitive,multiBgaManager.o,,,
0x001E3208,EntryMultiBgaManagerNoKind,multiBgaManager.o,,,
0x001E2FB0,InitMultiBgaManager,multiBgaManager.o,,,
0x001E52E8,GetParticleEffectData,particleEffect.o,,,
0x001E5398,GetParticleLoopFlag,particleEffect.o,,,
0x001E5120,SetParticleEffectActiveSensing,particleEffect.o,,,
0x001E53C8,ParticleEffects_SetAllGoal,particleEffect.o,,,
0x001E5190,GetParticleEffectPackage,particleEffect.o,,,
0x001E4FD0,InitParticleEffects,particleEffect.o,,,
0x001E51A8,DeleteParticleEffectsByPackage,particleEffect.o,,,
0x001E5240,DeleteParticleEffectsByID,particleEffect.o,,,
0x001E5090,DeleteParticleEffect,particleEffect.o,,,
0x001E5438,SetParticleEffectClipEnableFlag,particleEffect.o,,,
0x001E5308,DisableParticleEffectGeometryControl,particleEffect.o,,,
0x001E5038,DispParticleEffects,particleEffect.o,,,
0x001E4F08,SetParticleEffectPackage,particleEffect.o,,,
0x001E49E0,SetParticleEffect,particleEffect.o,,,
0x001E4C00,ExecParticleEffects,particleEffect.o,,,
0x001E4DF8,ResetParticleEffectPackages,particleEffect.o,,,
0x001E4BC0,SetParticleEffectUpperLimit,particleEffect.o,,,
0x001E5328,GetParticleIDWithName,particleEffect.o,,,
0x001E4B80,SetParticleEffectGeometry,particleEffect.o,,,
0x001E54E8,ParticleLayoutDL,particleLayout.o,,,
0x001E5460,DeleteParticleLayout,particleLayout.o,,,
0x001E54E0,ParticleLayoutGeo,particleLayout.o,,,
0x001E5470,InitParticleLayoutGeo,particleLayout.o,,,
0x001E54F0,InitRopeGeo,rope.o,,,
0x001E5DB0,CheckRopeUpperWallClimbable,rope.o,,,
0x001E5DC8,RopeGeo,rope.o,,,
0x001E5BE8,RopeDL,rope.o,,,
0x001E59A0,HoldRope,rope.o,,,
0x001E5DC0,ReleaseRope,rope.o,,,
0x001E5988,SetRopeFixPoint,rope.o,,,
0x001E5E40,RopeFixGeo,ropeFix.o,,,
0x001E5E80,RopeFixDL,ropeFix.o,,,
0x001E5EC8,InitRopeFixGeo,ropeFix.o,,,
0x001E63C0,ExecRotObjectMoveEndReaction,rotObject.o,,,
0x001E65E0,RestoreRotObjectGeo,rotObject.o,,,
0x001E63B8,ExecRotObjectMoveStartReaction,rotObject.o,,,
0x001E6438,InitRotObjectGeo,rotObject.o,,,
0x001E63C8,GetRotObjectGlobalHoldGeometry,rotObject.o,,,
0x001E6560,GetRotObjectRotCount,rotObject.o,,,
0x001E5FD8,GetRotObjectHoldPoint,rotObject.o,,,
0x001E5FA0,RotObjectDL,rotObject.o,,,
0x001E65E8,RestoreRotObjectExtGeo,rotObject.o,,,
0x001E60D0,MoveRotObjectWithHoldPoint,rotObject.o,,,
0x001E6580,GetRotObjectZPlusDirection,rotObject.o,,,
0x001E5F08,RotObjectGeo,rotObject.o,,,
0x001E6608,MemoryRotObject,rotObject.o,,,
0x001E7598,MemorySpiderLayout,spider.o,,,
0x001E74E0,RestoreSpiderLayoutExtGeo,spider.o,,,
0x001E6B50,SpiderLayoutGeo,spider.o,,,
0x001E74D8,RestoreSpiderLayoutGeo,spider.o,,,
0x001E7250,SetSpiderGroupReviveStatus,spider.o,,,
0x001E7658,WakeUpSpidersFromGenerator,spider.o,,,
0x001E72B0,GetNearestOfLayoutSpiders,spider.o,,,
0x001E73E0,CheckSpidersInsideOfReviveRange,spider.o,,,
0x001E6790,WakeUpLayoutedSpiders,spider.o,,,
0x001E7890,DeadAllSpiders,spider.o,,,
0x001E69E8,CallSpidersToReviveEnemy,spider.o,,,
0x001E77C8,GetAliveSpiders,spider.o,,,
0x001E6628,InitSpiderLayoutGeo,spider.o,,,
0x001E7730,DeleteAllSpidersOfLayoutGroup,spider.o,,,
0x001E7290,DeleteSpiderFromLayoutGroup,spider.o,,,
0x001E6F30,DispAllMemberOfSpider,spider.o,,,
0x001E7908,EntrySpiderGroupManager,spiderGroupManager.o,,,
0x001E7F10,EntryToSpiderGroupManagerForReviveMaster,spiderGroupManager.o,,,
0x001E7F38,getReviveEnemyGObj,spiderGroupManager.o,,,
0x001E7E18,InitSpiderGroupManager,spiderGroupManager.o,,,
0x001E7E68,DispAllSpiderGroups,spiderGroupManager.o,,,
0x001E7E40,EntryRevivedSpiderGroupManager,spiderGroupManager.o,,,
0x001E7C40,ExecSpiderGroupManager,spiderGroupManager.o,,,
0x001E7F98,InitStageMultiBgaManager,stageMultiBgaManager.o,,,
0x001E80F8,EntryStageMultiBgaManagerSensitive,stageMultiBgaManager.o,,,
0x001E8038,EntryStageMultiBgaManager,stageMultiBgaManager.o,,,
0x001E81C8,DispStageMultiBgaManager,stageMultiBgaManager.o,,,
0x001EBA68,SetMotionBlur,staticBlur.o,,,
0x001EAFD0,MotionBlur,staticBlur.o,,,
0x001EB9C0,InitStaticBlur,staticBlur.o,,,
0x001EBAB0,InitializeStaticBlur,staticBlur.o,,,
0x001EBAA8,SetAuraInspireParam,staticBlur.o,,,
0x001EB848,FullScreenEffectAfter,staticBlur.o,,,
0x001EA918,depthField,staticBlur.o,,,
0x001EB6D0,FullScreenEffectBefore,staticBlur.o,,,
0x001E97E0,makeFullScreenFlareBefore,staticBlur.o,,,
0x001EAFC0,GetSunWorldPos,staticBlur.o,,,
0x001EA1A0,makeFullScreenFlareAfter,staticBlur.o,,,
0x001EBAB8,_initStaticBlur,staticBlur.o,,,
0x001EBA58,StaticBlur,staticBlur.o,,,
0x001EBA80,SetDepthFadeParam,staticBlur.o,,,
0x001EBA70,SetStaticBlur,staticBlur.o,,,
0x001EBB30,SetAuraEffect,staticBlur.o,,,
0x001EBA60,StaticBlurDL,staticBlur.o,,,
0x001EBB38,InitStormPackage,stormTest.o,,,
0x001EC628,StormTestDL,stormTest.o,,,
0x001EC640,InitStormTestGeo,stormTest.o,,,
0x001EC618,StormTestGeo,stormTest.o,,,
0x001EBFB8,ClipStormByCamera,stormTest.o,,,
0x001EC170,UpdateStormPackage,stormTest.o,,,
0x001EC338,DispStormPackage,stormTest.o,,,
0x001EBDF0,ClipStormByVolume,stormTest.o,,,
0x001ECB00,GetStreamMotionData,streamMotionManager.o,,,
0x001ED038,StopStreamMotion,streamMotionManager.o,,,
0x001ED100,EntryStreamMotion,streamMotionManager.o,,,
0x001ECC90,ExecStreamMotionManager,streamMotionManager.o,,,
0x001EC910,PlayStreamMotion,streamMotionManager.o,,,
0x001EC930,ClearStreamMotionEntry,streamMotionManager.o,,,
0x001ECE68,StandbyStreamMotion,streamMotionManager.o,,,
0x001ED1A8,CheckReadyStreamMotion,streamMotionManager.o,,,
0x001ED208,ClearAllStreamMotionEntry,streamMotionManager.o,,,
0x001ED150,GetDataSizeOfStreamMotion,streamMotionManager.o,,,
0x001ED040,DeleteStreamMotionManager,streamMotionManager.o,,,
0x001ED1E8,SetStreamMotionFinishCallBackFunc,streamMotionManager.o,,,
0x001ED1A0,InitStreamMotionManager,streamMotionManager.o,,,
0x001ED398,SugiLeafGeo2,sugiTree.o,,,
0x001ED570,SugiLeafDL2,sugiTree.o,,,
0x001ED760,SugiLeafGeo,sugiTree.o,,,
0x001ED818,InitSugiLeafGeo2,sugiTree.o,,,
0x001ED708,InitSugiLeafGeo,sugiTree.o,,,
0x001EE060,IsTorchLightOn,torch.o,,,
0x001EE058,TorchDL,torch.o,,,
0x001EE158,SetTorchChainReactionFlag,torch.o,,,
0x001EDF60,InitTorchGeo,torch.o,,,
0x001ED8D0,LightTorchOn,torch.o,,,
0x001EE148,SetTorchLife,torch.o,,,
0x001EDA38,LightTorchOff,torch.o,,,
0x001EE070,CheckTorchChainReaction,torch.o,,,
0x001ED8A0,torchOffSE,torch.o,,,
0x001EDD38,TorchGeo,torch.o,,,
0x001EE168,UpdateRealTimeGeometryValue,torch.o,,,
0x001EDBE0,CheckTorchChainReactionReverse,torch.o,,,
0x001EE1F8,RequestGetWayBegin,waySystemManager.o,,,
0x001EE1B8,CreateWaySystemManagerGObj,waySystemManager.o,,,
0x001EE2D8,weaponHitReactionSE,weapon.o,,,
0x001EFFE0,CheckWeaponKind,weapon.o,,,
0x001F0168,ReleaseWeaponWithFumble,weapon.o,,,
0x001F0068,LightTorchOnOfWeaponWithNoSE,weapon.o,,,
0x001EFEC8,CheckSwapableWeapon,weapon.o,,,
0x001EF608,InitWeaponGeo,weapon.o,,,
0x001EF220,WeaponCurPos,weapon.o,,,
0x001EFFF0,LightTorchOnOfWeapon,weapon.o,,,
0x001EF2A0,ExecWeaponHitReaction,weapon.o,,,
0x001F03E0,ExecDemoQueensSword,weapon.o,,,
0x001EE2E8,weaponStickSE,weapon.o,,,
0x001EE2F0,ReleaseWeaponWithFumbleTargetPos,weapon.o,,,
0x001F00E0,LightTorchOffOfWeapon,weapon.o,,,
0x001EE418,ReleaseWeaponWithFumbleSequential,weapon.o,,,
0x001EF280,WeaponHitEffect,weapon.o,,,
0x001EF918,WeaponGeo,weapon.o,,,
0x001F0140,GetTorchGObjOfWeapon,weapon.o,,,
0x001EF940,dispInsectNet,weapon.o,,,
0x001F01E8,InitWeaponFumbleSequence,weapon.o,,,
0x001EFAE8,WeaponDL,weapon.o,,,
0x001EE2A8,torchOffOfWeaponSE,weapon.o,,,
0x001F02E8,InitDemoQueensSword,weapon.o,,,
0x001EFE70,PickupWeapon,weapon.o,,,
0x001F0200,GetWeaponWeight,weapon.o,,,
0x001EE2A0,torchOnOfWeaponSE,weapon.o,,,
0x001EE2E0,weaponFumbleSE,weapon.o,,,
0x001EFFB0,ReleaseWeapon,weapon.o,,,
0x001F0230,SetWeaponTorchChainReactionFlagAll,weapon.o,,,
0x001F03F8,InitWindField,windField.o,,,
0x001F0580,drawSenpuukiHaneUnit,windField.o,,,
0x001F0AF8,GetWindVector,windField.o,,,
0x001F0D80,drawSenpuukiHane,windField.o,,,
0x001F0E80,drawSenpuukiBase,windField.o,,,
0x001F0868,ExecWindField,windField.o,,,
0x001F0CF0,StopWindField,windField.o,,,
0x001F0D00,drawLines,windField.o,,,
0x001F0718,drawSenpuuki,windField.o,,,
0x001F0E00,drawSenpuukiUnit,windField.o,,,
0x001F0F80,ReinitWindManager,windManager.o,,,
0x001F0F00,ExecWindManager,windManager.o,,,
0x001F11B0,GetRegularizedWindSpeed,windManager.o,,,
0x001F1058,SetWindManager,windManager.o,,,
0x001F10D8,InitWindManager,windManager.o,,,
0x001F13E8,DispWireString,wireLetter.o,,,
0x001F1538,Draw2DBox,wireLetter.o,,,
0x001F14F0,DefaultColorWireString,wireLetter.o,,,
0x001F1290,DispWireLetter,wireLetter.o,,,
0x001F1520,ChangeColorWireString,wireLetter.o,,,
0x001F28D0,SetDirectWormTargetPos,worm.o,,,
0x001F2608,WormGeo,worm.o,,,
0x001F1FF0,GetWormRoute,worm.o,,,
0x001F28C8,WormDL,worm.o,,,
0x001F25B8,GetWormCaptureVector,worm.o,,,
0x001F29A8,SetWormReduceRatio,worm.o,,,
0x001F2200,InitWormGeo,worm.o,,,
0x001F29B8,TraceWormRoute,worm.o,,,
0x001F2BB8,malloc_SetPartition,Basic.o,,,
0x001F2CA8,freeseki,Basic.o,,,
0x001F2BA0,matrix_init,Basic.o,,,
0x001F2BC0,malloc_GetPartition,Basic.o,,,
0x001F2BC8,mallocseki,Basic.o,,,
0x001F2CD0,mallocsekistage,Basic.o,,,
0x001F2D18,reallocseki,Basic.o,,,
0x001F2BB0,malloc_MemCpy,Basic.o,,,
0x001F2B38,dma_init,Basic.o,,,
0x001F2CC8,resetmallocseki,Basic.o,,,
0x001F5288,bga_CalcAnimation,BgAnimation.o,,,
0x001F5610,bga_CalcSdfCamera,BgAnimation.o,,,
0x001F65B0,bga_InitLightning,BgAnimation.o,,,
0x001F65C0,bga_ResetAnimation,BgAnimation.o,,,
0x001F5080,bga_SetFrame,BgAnimation.o,,,
0x001F6378,bga_CheckAnimationFrameIn,BgAnimation.o,,,
0x001F5C60,bga_DispLightning,BgAnimation.o,,,
0x001F6490,bga_CheckSdfCameraFrame,BgAnimation.o,,,
0x001F6220,bga_SetCamFrame,BgAnimation.o,,,
0x001F6518,bga_CheckSdfCameraFrameIn,BgAnimation.o,,,
0x001F6170,bga_GetCameraMatrix,BgAnimation.o,,,
0x001F61A8,bga_InitSdfCamera,BgAnimation.o,,,
0x001F65B8,bga_SetUniqAnimationFlag,BgAnimation.o,,,
0x001F6258,bga_CheckAnimationFinish,BgAnimation.o,,,
0x001F6418,bga_CheckSdfCameraFinish,BgAnimation.o,,,
0x001F2D78,bga_InitData,BgAnimation.o,,,
0x001F62E0,bga_CheckAnimationFrame,BgAnimation.o,,,
0x001F6168,bga_ResetCamera,BgAnimation.o,,,
0x001F3438,bga_ApplyDObject,BgAnimation.o,,,
0x001F6610,bga_GetZoom,BgAnimation.o,,,
0x001F6BE8,font_Print,DisplayFont.o,,,
0x001F7010,font_Init,DisplayFont.o,,,
0x001F6FE0,font_GetWidth,DisplayFont.o,,,
0x001F6FE8,font_GetHeight,DisplayFont.o,,,
0x001F6618,font_CheckAlign,DisplayFont.o,,,
0x001F73E8,dl_Debug,DisplayList.o,,,
0x001F7610,dl_OpenDma,DisplayList.o,,,
0x001F71C0,dl_Swap,DisplayList.o,,,
0x001F7030,dl_Init,DisplayList.o,,,
0x001F7420,dl_CloseDma,DisplayList.o,,,
0x001F76A8,dl_GetPri,DisplayList.o,,,
0x001F7360,dl_PopPriority,DisplayList.o,,,
0x001F75E8,dl_SetDLPriority,DisplayList.o,,,
0x001F7560,dl_Out,DisplayList.o,,,
0x001F72D0,dl_PushPriority,DisplayList.o,,,
0x001F7148,dl_Clear,DisplayList.o,,,
0x001F7780,dpk_CheckBufferSize,DmaPacket.o,,,
0x001F76B0,dpk_Init,DmaPacket.o,,,
0x001F7748,dpk_SwapBuffer,DmaPacket.o,,,
0x001F77B0,enemy_Initialize,EnemyInit.o,,,
0x001F7AF0,enemy_GetPositionTable,EnemyInit.o,,,
0x001F8028,isysObjMoveCameraDLBeforeGObj,gobj_cam_dl.o,,,
0x001F7D88,isysGObjLinkCameraDLAfterGObj,gobj_cam_dl.o,,,
0x001F7E38,isysGObjCameraDlInit,gobj_cam_dl.o,,,
0x001F7DE0,isysGObjLinkCameraDLBeforeGObj,gobj_cam_dl.o,,,
0x001F7E48,isysGObjMoveCameraDLHead,gobj_cam_dl.o,,,
0x001F7F18,isysGObjLinkCameraDLHead,gobj_cam_dl.o,,,
0x001F7FC8,isysObjMoveCameraDLAfterGObj,gobj_cam_dl.o,,,
0x001F7CD0,isysGObjMoveCameraDL,gobj_cam_dl.o,,,
0x001F7D08,isysGObjLinkCameraDL,gobj_cam_dl.o,,,
0x001F7BA8,isysGObjRemoveCameraDL,gobj_cam_dl.o,,,
0x001F8D30,AdpcmUseAreaGet,adpcm_init.o,,,
0x001F8DA0,AdpcmInterStereoVolumeSetAll,adpcm_init.o,,,
0x001F8B98,AdpcmInterLeaveVolumeSet,adpcm_init.o,,,
0x001F8088,AdpcmStreamInit,adpcm_init.o,,,
0x001F8E48,AdpcmVolumeGet,adpcm_init.o,,,
0x001F8BD8,adpcmPauseRequest,adpcm_init.o,,,
0x001F88F0,AdpcmClose,adpcm_init.o,,,
0x001F83A8,adpcmDataSet,adpcm_init.o,,,
0x001F8E58,adpcmTickProc,adpcm_init.o,,,
0x001F87A8,AdpcmStop,adpcm_init.o,,,
0x001F81A0,adpcmTickProc2,adpcm_init.o,,,
0x001F8CF8,AdpcmFadeCloseAll,adpcm_init.o,,,
0x001F8E30,AdpcmInterLeaveVolumeGet,adpcm_init.o,,,
0x001F8778,AdpcmPlay,adpcm_init.o,,,
0x001F87B0,AdpcmOpen,adpcm_init.o,,,
0x001F8BC8,AdpcmVolumeSet,adpcm_init.o,,,
0x001F8D68,AdpcmFreeAreaGet,adpcm_init.o,,,
0x001F8BE0,AdpcmIopBuffAlloc,adpcm_init.o,,,
0x001F8C58,AdpcmOpenSync,adpcm_init.o,,,
0x001FCF68,ACTSetEnvAllmighty,adpcm_init.o,,,
0x001FD090,GetSofaPosition,adpcm_init.o,,,
0x001F92D8,ACTGetEnvironment,adpcm_init.o,,,
0x001F9030,DebugActOrientFlag,adpcm_init.o,,,
0x001FD110,GetCollisCenterPositionSimple,adpcm_init.o,,,
0x001FD1B8,CheckWallAttributeEdegWall,adpcm_init.o,,,
0x001FE370,ACTWay_SetBeginPositionIllegal,adpcm_init.o,,,
0x001FE118,ACTWayExec_Position,adpcm_init.o,,,
0x001FD938,ACTWayMove_NextDetail,adpcm_init.o,,,
0x001FE2F8,ACTWay_IsMustWalkFromWay,adpcm_init.o,,,
0x001FD5D0,ACTWayMove_BeginDetail,adpcm_init.o,,,
0x001FFEA0,actInitialize_only_charcter,act.o,,,
0x00200028,_ACTWait,act.o,,,
0x00200240,ActSetStartBrainStatus,act.o,,,
0x002001C8,ConvertStickToAbsCoord,act.o,,,
0x002001C0,actSetInterrupt,act.o,,,
0x001FE7B0,actInitialize,act.o,,,
0x001FF008,BeforeFunc,act.o,,,
0x001FFE98,actInitialize_geo,act.o,,,
0x001FFF98,ACTReserveTarget,act.o,,,
0x001FE388,actChangeActBrain,act.o,,,
0x001FFFE0,_ACTRun,act.o,,,
0x00200258,actWaitCondition,act.o,,,
0x001FE418,actChangeActMain,act.o,,,
0x00200100,actCreateSubThread,act.o,,,
0x001FE6F0,actInitialize_ext_charcter,act.o,,,
0x001FF6B8,ACTDebugMove,act.o,,,
0x001FE4E0,actCreateMotionThread,act.o,,,
0x002000C8,actCreateSubThreadGOppArg,act.o,,,
0x00200318,BeforeFunc2,act2.o,,,
0x00200470,actDummy,act2.o,,,
0x00200648,seMailTargetDistCheck,seMail.o,,,
0x002004D0,seMail,seMail.o,,,
0x002012F8,NearestEnemyFromGirl,way_kidnap.o,,,
0x00201418,NumOfWpPos,way_kidnap.o,,,
0x002014E0,WayLengthOfGObj_Pos,way_kidnap.o,,,
0x00200998,WayPointWithRangeFromPos,way_kidnap.o,,,
0x00201420,CopyWpPos,way_kidnap.o,,,
0x00201530,WayLengthOfGObj_GObj,way_kidnap.o,,,
0x00201588,WayPointWithRangeFromGObj,way_kidnap.o,,,
0x00200D68,WayPointWithRangeFromPos2,way_kidnap.o,,,
0x00200788,WayLengthOfPos_Pos,way_kidnap.o,,,
0x00201E60,CheckWayGroupActive,way_llf.o,,,
0x00201E40,SetWayGroupActive,way_llf.o,,,
0x00201710,CreateTempWayGroup,way_llf.o,,,
0x00201A98,WayGroup_begin,way_llf.o,,,
0x00201980,InsertWayPointAfter,way_llf.o,,,
0x00201698,CreateWayGroup,way_llf.o,,,
0x00201BC8,WayBridgeAll_begin,way_llf.o,,,
0x00201DE8,waypoint_bidirectional_list,way_llf.o,,,
0x00201938,AddWayPointTop,way_llf.o,,,
0x00201C10,WayBridgeAll_next,way_llf.o,,,
0x00201858,CreateWayPoint,way_llf.o,,,
0x00201608,InitWayPointSystem,way_llf.o,,,
0x002019B8,DeleteWayPoint,way_llf.o,,,
0x00201D08,WayPoint_begin,way_llf.o,,,
0x00201C58,WayBridgeVar_begin,way_llf.o,,,
0x002018D0,AddWayPoint,way_llf.o,,,
0x00201B18,WayBridge_begin,way_llf.o,,,
0x00201CB0,WayBridgeVar_next,way_llf.o,,,
0x00201828,CloseWayGroup,way_llf.o,,,
0x00201B70,WayBridge_next,way_llf.o,,,
0x00201D88,WayPointList_begin,way_llf.o,,,
0x002017A8,DeleteWayGroup,way_llf.o,,,
0x00201D48,WayPoint_next,way_llf.o,,,
0x00201DA8,WayPointList_next,way_llf.o,,,
0x00201AD8,WayGroup_next,way_llf.o,,,
0x00202638,ExtractWayData,way_tool.o,,,
0x00203028,debug_WayTool,way_tool.o,,,
0x00203478,cursor_control,way_tool.o,,,
0x002034F8,actDejaChk,deja.o,,,
0x00203BC8,actDejaAfterChk,deja.o,,,
0x00203CE8,actDeja,deja.o,,,
0x00203A78,actDejaAfter,deja.o,,,
0x00203D98,actEnemySleep,deja.o,,,
0x00203658,actDejaDemo,deja.o,,,
0x00206890,actE3St13cIntroChk,e3.o,,,
0x00205E00,actE3Door,e3.o,,,
0x00203FB0,actE3TitleChk,e3.o,,,
0x002061B8,actE3St01bGene1,e3.o,,,
0x00206980,actE3St01bEneChk,e3.o,,,
0x002060F8,actE3Floor,e3.o,,,
0x00205AD8,actE3GateJimaku,e3.o,,,
0x00205600,actE3GateChk,e3.o,,,
0x00204B70,actE3CageFallDemo,e3.o,,,
0x00205350,actE3St09aSekizoChk,e3.o,,,
0x00206128,actE3St01bEne,e3.o,,,
0x00204900,actE3St13cInit,e3.o,,,
0x00205D48,actE3Inst1,e3.o,,,
0x00204710,actE3CapsuleDemo,e3.o,,,
0x00206498,actE3WarningChk,e3.o,,,
0x00205F10,actE3St13cIntro,e3.o,,,
0x00206058,actE3St13cGene2,e3.o,,,
0x00206748,actE3DoorMain,e3.o,,,
0x00205E98,actE3CageFallReady,e3.o,,,
0x002043E8,actE3Capsule,e3.o,,,
0x00206270,actE3St01bGene2,e3.o,,,
0x00206780,actE3DoorSwitch,e3.o,,,
0x002067D8,actE3DoorUp,e3.o,,,
0x00204260,actE3Inst1Chk,e3.o,,,
0x00205778,actE3GateDemo,e3.o,,,
0x00206678,actE3CapsuleDemoEnd,e3.o,,,
0x00205240,actE3St09aSekizo,e3.o,,,
0x00204940,actE3CageFall,e3.o,,,
0x00205FA0,actE3St13cGene1,e3.o,,,
0x002063D0,actE3Gate,e3.o,,,
0x002065E8,actE3CapsuleChk,e3.o,,,
0x00206A38,actE3St09aGirlWay,e3.o,,,
0x00204A40,actE3CageFallChk,e3.o,,,
0x00206320,actE3St01bGene3,e3.o,,,
0x00206910,actE3CageFallReadyChk,e3.o,,,
0x00205C90,actE3Warning,e3.o,,,
0x002040A8,actE3TitleFrameChk,e3.o,,,
0x00203DC0,actE3Title,e3.o,,,
0x00204E80,actE3CageFallEffect,e3.o,,,
0x00204570,actE3CapsuleDemoCancel,e3.o,,,
0x00205C80,actE3St01bInit,e3.o,,,
0x002090D8,actSt27aEnd,end.o,,,
0x002082A0,actStaff3Demo,end.o,,,
0x00207208,actEndDemo06,end.o,,,
0x002088B8,actSt27aEndChk,end.o,,,
0x002093E0,actEndDemo04Chk,end.o,,,
0x002098B0,actConte14_11,end.o,,,
0x00209040,actStaff3,end.o,,,
0x002095C8,actEndDemo07Chk,end.o,,,
0x002077F0,actConte14_10,end.o,,,
0x00209648,actEndDemo10Chk,end.o,,,
0x00207540,actConte14_7,end.o,,,
0x00207F08,actStaff2Demo,end.o,,,
0x00206FC8,actConte14_2,end.o,,,
0x00209590,actEndDemo06Chk,end.o,,,
0x002094E0,actEndDemo05Chk,end.o,,,
0x00208FA8,actStaff2,end.o,,,
0x00209A48,actStaff2Chk,end.o,,,
0x002092E0,actEndDemo03Chk,end.o,,,
0x00208E30,actEndDemo13,end.o,,,
0x00207AF0,actConte14_13,end.o,,,
0x00209880,actEndDemo11Chk,end.o,,,
0x00208A38,actSt27aEndDemo,end.o,,,
0x00208CA8,actEndDemo05,end.o,,,
0x00207BF0,actStaff1Demo,end.o,,,
0x00209B28,actEndDemo14Chk,end.o,,,
0x002096F0,actConte14_10_Jimaku,end.o,,,
0x002085A0,actEndDemo14,end.o,,,
0x00209AB8,actStaff3RollChk,end.o,,,
0x00209A20,actStaff1Chk,end.o,,,
0x00208C00,actEndDemo04,end.o,,,
0x00209A80,actStaff3Chk,end.o,,,
0x002099F0,actEndDemo13Chk,end.o,,,
0x00209468,actConte14_4,end.o,,,
0x00209368,actConte14_3,end.o,,,
0x00206BD8,actConte14_1,end.o,,,
0x00208698,actConte14_14,end.o,,,
0x00209150,actEndLogo,end.o,,,
0x00206AC8,actEndDemo01,end.o,,,
0x00208ED0,actStaff1,end.o,,,
0x00207710,actEndDemo10,end.o,,,
0x00208DA8,actEndDemo12,end.o,,,
0x00207450,actEndDemo07,end.o,,,
0x00209258,actEndDemo02Chk,end.o,,,
0x00206E88,actEndDemo02,end.o,,,
0x002091B8,actEndDemo01Chk,end.o,,,
0x00209B58,actEndLogoChk,end.o,,,
0x00209968,actConte14_12,end.o,,,
0x00208D20,actEndDemo11,end.o,,,
0x00207340,actConte14_6,end.o,,,
0x00209938,actEndDemo12Chk,end.o,,,
0x00208B58,actEndDemo03,end.o,,,
0x00209510,actConte14_5,end.o,,,
0x0020B110,actSt24aConte01_2,op.o,,,
0x0020A3E0,actTitleReadTimeDemo0,op.o,,,
0x0020B000,actOpDemo02,op.o,,,
0x0020B9F0,actSubMpegReturnPreload,op.o,,,
0x0020BB00,actOpDemo02Chk,op.o,,,
0x0020B610,actSt13aConte01_3,op.o,,,
0x00209DA0,actOpDemo01,op.o,,,
0x0020A2A0,actTitleShortCut,op.o,,,
0x0020ACE0,actOpDemo01_2Chk,op.o,,,
0x0020BBE0,actSt24aConte01_2_Jimaku,op.o,,,
0x0020ABA8,actOpDemo01_2,op.o,,,
0x00209C18,actTitleCamera2,op.o,,,
0x0020B958,actOpDemo03,op.o,,,
0x0020BA70,actSt26aConte01_1_newgame,op.o,,,
0x0020B4B0,actOpDemo03Chk,op.o,,,
0x0020C7A0,actSt00aDoor1DownChk,st00a.o,,,
0x0020BEE8,actSt00aStairChk,st00a.o,,,
0x0020C610,actSt00aDoor1UpChk,st00a.o,,,
0x0020CE08,actSt00aDoor1Event,st00a.o,,,
0x0020CD28,actSt00aDoor2DownEffect,st00a.o,,,
0x0020CE18,actSt00aDoor1UpEffect,st00a.o,,,
0x0020CB68,actSt00aAtr2,st00a.o,,,
0x0020C0D0,actSt00aDoor2,st00a.o,,,
0x0020C370,actSt00aDoor2DownChk,st00a.o,,,
0x0020C930,actSt00aEne,st00a.o,,,
0x0020BD68,actSt00aInit,st00a.o,,,
0x0020C9A8,actSt00aEnemy1,st00a.o,,,
0x0020BDC8,actSt00aEnd,st00a.o,,,
0x0020BE00,actSt00aEneChk,st00a.o,,,
0x0020CAE0,actSt00aStair,st00a.o,,,
0x0020CEF8,actSt00aDoor1DownEffect,st00a.o,,,
0x0020C508,actSt00aDoor1,st00a.o,,,
0x0020CA50,actSt00aEnemy2,st00a.o,,,
0x0020C1D8,actSt00aDoor2UpChk,st00a.o,,,
0x0020CC38,actSt00aDoor2Event,st00a.o,,,
0x0020CC48,actSt00aDoor2UpEffect,st00a.o,,,
0x0020CBE0,actSt00aAtr2Chk,st00a.o,,,
0x0020D600,actSt01bEnemy4,st01b.o,,,
0x0020D170,actSt01bFloorChk,st01b.o,,,
0x0020D328,actSt01bSekizo,st01b.o,,,
0x0020D6E0,actSt01bEnemy6,st01b.o,,,
0x0020CFD8,actSt01bInit,st01b.o,,,
0x0020D848,actSt01bFloorEvent,st01b.o,,,
0x0020D830,actSt01bEnd,st01b.o,,,
0x0020D398,actSt01bEne,st01b.o,,,
0x0020D4C8,actSt01bEnemy2,st01b.o,,,
0x0020D670,actSt01bEnemy5,st01b.o,,,
0x0020D838,actSt01bSekizoEvent,st01b.o,,,
0x0020D858,actSt01bWayOnChk,st01b.o,,,
0x0020D570,actSt01bEnemy3,st01b.o,,,
0x0020D750,actSt01bFloor,st01b.o,,,
0x0020D050,actSt01bEneChk,st01b.o,,,
0x0020D410,actSt01bEnemy1,st01b.o,,,
0x0020D908,actSt01bWayOffChk,st01b.o,,,
0x0020D7C8,actSt01bWay,st01b.o,,,
0x0020EC38,actSt02aWaterFallReflactionEffect,st02a.o,,,
0x0020DB10,actSt02aDoorUpChk,st02a.o,,,
0x0020EF38,actSt02aWayOffChk,st02a.o,,,
0x0020ED50,actSt02aGondolaSwitch,st02a.o,,,
0x0020E788,actSt02aWay,st02a.o,,,
0x0020DE20,actSt02WaterFallBoySplashCheck,st02a.o,,,
0x0020E498,actSt02aWaterFall,st02a.o,,,
0x0020E170,actSt02aGondolaDown,st02a.o,,,
0x0020F008,actSt02aTakiWayOnChk,st02a.o,,,
0x0020E420,actSt02aFence,st02a.o,,,
0x0020E690,actSt02aEnemy2,st02a.o,,,
0x0020E538,actSt02aBoxEvent2,st02a.o,,,
0x0020EAF0,actSt02aFenceMain,st02a.o,,,
0x0020DF50,actSt02aWaterFallChk,st02a.o,,,
0x0020E050,actSt02aGondolaUp,st02a.o,,,
0x0020EB90,actSt02aFenceOpen,st02a.o,,,
0x0020EE68,actSt02aWayOnChk,st02a.o,,,
0x0020E920,actSt02aDoorEvent,st02a.o,,,
0x0020ED10,actSt02aGondolaMain,st02a.o,,,
0x0020E600,actSt02aEnemy1,st02a.o,,,
0x0020EB28,actSt02aFenceSwitch,st02a.o,,,
0x0020EA10,actSt02aDoorDownEffect,st02a.o,,,
0x0020D9B8,actSt02aInit,st02a.o,,,
0x0020DA08,actSt02aDoor,st02a.o,,,
0x0020EE58,actSt02aSekizoEvent,st02a.o,,,
0x0020E830,actSt02aTakiWay,st02a.o,,,
0x0020E930,actSt02aDoorUpEffect,st02a.o,,,
0x0020E588,actSt02aEne,st02a.o,,,
0x0020E370,actSt02aGondola,st02a.o,,,
0x0020E288,actSt02aBox,st02a.o,,,
0x0020DC98,actSt02aDoorDownChk,st02a.o,,,
0x0020F168,actSt02aSecretItemChk,st02a.o,,,
0x0020E720,actSt02aSekizo,st02a.o,,,
0x0020EDF0,actSt02aEneChk,st02a.o,,,
0x0020E8A8,actSt02aSecretItem,st02a.o,,,
0x0020F0B8,actSt02aTakiWayOffChk,st02a.o,,,
0x0020FC70,actSt03tGirlCam,st03t.o,,,
0x0020F1B8,actSt03tSwitchL,st03t.o,,,
0x0020FF18,actSt03tGirlCamStartChk,st03t.o,,,
0x00210230,actSt03tWayOffChk,st03t.o,,,
0x0020F648,actSt03tSwitchR,st03t.o,,,
0x0020FC20,actSt03tInit,st03t.o,,,
0x0020FE60,actSt03tGene,st03t.o,,,
0x0020FDE8,actSt03tEne,st03t.o,,,
0x002100C8,actSt03tEneChk,st03t.o,,,
0x0020FB68,actSt03tBoxB,st03t.o,,,
0x002100B8,actSt03tSekizoEvent,st03t.o,,,
0x0020F920,actSt03tSwitchRUpChk,st03t.o,,,
0x0020FF08,actSt03tGirlCamEvent,st03t.o,,,
0x00210188,actSt03tWayOnChk,st03t.o,,,
0x0020F730,actSt03tSwitchRChk,st03t.o,,,
0x0020FCD8,actSt03tSekizo,st03t.o,,,
0x0020F4E8,actSt03tSwitchLUpChk,st03t.o,,,
0x0020F2A0,actSt03tSwitchLChk,st03t.o,,,
0x0020FD40,actSt03tWay,st03t.o,,,
0x0020FAB8,actSt03tBoxA,st03t.o,,,
0x0020FFE8,actSt03tGirlCamEndChk,st03t.o,,,
0x002139D8,actSt04aTorchXL,st04a.o,,,
0x002134E8,actSt04aTorch1Chk,st04a.o,,,
0x00214140,actConte09_3Jimaku,st04a.o,,,
0x00213BD0,actSt04aGirlSit,st04a.o,,,
0x00213AA0,actSt04aGateOpen3,st04a.o,,,
0x00211290,actSt04aGateOpen,st04a.o,,,
0x00213000,actSt04aGateRChk,st04a.o,,,
0x00210FA8,actSt04aConte06Jimaku,st04a.o,,,
0x00213F58,actSt04aGateOpen2ReadyChk,st04a.o,,,
0x00212F00,actSt04aGateLChk,st04a.o,,,
0x00211E78,actSt04aGateOpen2Chk,st04a.o,,,
0x002136B8,actSt04aTorchAllFlagfChk,st04a.o,,,
0x00211F68,actConte09_2,st04a.o,,,
0x00214018,actSt04aEnvSeWakare2,st04a.o,,,
0x00213D60,actSt04aEnvSeWakare1,st04a.o,,,
0x002102D8,actSt04aGate,st04a.o,,,
0x00213A18,actSt04aGateOpen2,st04a.o,,,
0x002103D8,actSt04aGateChk,st04a.o,,,
0x00213B68,actSt04aGateOpen2Ready,st04a.o,,,
0x002131D8,actSt04aTorch1,st04a.o,,,
0x002124F8,actConte09_3,st04a.o,,,
0x00211890,actConte09,st04a.o,,,
0x00211CD0,actConte09Jimaku,st04a.o,,,
0x00210970,actSt04aConte06,st04a.o,,,
0x00213C38,actSt04aEnvSe,st04a.o,,,
0x00211370,actSt04aGateOpenChk,st04a.o,,,
0x00213930,actSt04aGateR,st04a.o,,,
0x002142C8,actSt04aGirlSitChk,st04a.o,,,
0x002123E8,actSt04aGateOpen3Chk,st04a.o,,,
0x00213888,actSt04aGateL,st04a.o,,,
0x00214AD0,actSt04bEnemy2,st04b.o,,,
0x00214C38,actSt04bSekizoEvent,st04b.o,,,
0x002143A8,actSt04bEnd,st04b.o,,,
0x002147C8,actSt04bCrest01XL,st04b.o,,,
0x00214BD8,actSt04bSolarXL,st04b.o,,,
0x00214C48,actSt04bGirlWay,st04b.o,,,
0x002143F0,actSt04bSekizoChk,st04b.o,,,
0x002148F8,actSt04bSekizo,st04b.o,,,
0x002149B8,actSt04bEne1,st04b.o,,,
0x00214A30,actSt04bEnemy1,st04b.o,,,
0x00214B70,actSt04bBallXL,st04b.o,,,
0x00214898,actSt04bMonyoDoorXL,st04b.o,,,
0x00214858,actSt04bDoorXL,st04b.o,,,
0x002146F0,actSt04bEne1Chk,st04b.o,,,
0x00215350,actSt04cDoorDownEffect,st04c.o,,,
0x00215340,actSt04cDoorDownEvent,st04c.o,,,
0x00215158,actSt04cEne,st04c.o,,,
0x00214E10,actSt04lDoorChk,st04c.o,,,
0x002154D8,actSt04cIntroChk,st04c.o,,,
0x002155A0,actSt04lDoorEvent,st04c.o,,,
0x00214D08,actSt04cDoorDownChk,st04c.o,,,
0x00215070,actSt04cIntro,st04c.o,,,
0x00214F78,actSt04cSolarXL,st04c.o,,,
0x00215468,actSt04cEneChk,st04c.o,,,
0x002151D0,actSt04cEnemy1,st04c.o,,,
0x002152F0,actSt04cWaterXL,st04c.o,,,
0x00214CD0,actSt04cEnd,st04c.o,,,
0x00214FC8,actSt04lDoor,st04c.o,,,
0x002150E8,actSt04cDoorDown,st04c.o,,,
0x00215260,actSt04cEnemy2,st04c.o,,,
0x002156B8,actSt04dDoor1UpChk,st04d.o,,,
0x00215D20,actSt04dDoor1Event,st04d.o,,,
0x00215810,actSt04dDoor1DownChk,st04d.o,,,
0x00215E10,actSt04dDoor1DownEffect,st04d.o,,,
0x002155B0,actSt04dDoor1,st04d.o,,,
0x00215F00,actSt04dDoor2UpEffect,st04d.o,,,
0x00215FE0,actSt04dDoor2DownEffect,st04d.o,,,
0x00215D30,actSt04dDoor1UpEffect,st04d.o,,,
0x00215EF0,actSt04dDoor2Event,st04d.o,,,
0x00215A70,actSt04dDoor2UpChk,st04d.o,,,
0x00215968,actSt04dDoor2,st04d.o,,,
0x00215BC8,actSt04dDoor2DownChk,st04d.o,,,
0x002161F0,actSt04eWaterStop,st04e.o,,,
0x00216198,actSt04eWaterSwitch,st04e.o,,,
0x002162B8,actSt04eWaterFlagOn,st04e.o,,,
0x00216168,actSt04eWaterMain,st04e.o,,,
0x002160C0,actSt04eWater,st04e.o,,,
0x002184B0,actSt04lMonyou03Chk,st04l.o,,,
0x002167E0,actSt04eInit,st04l.o,,,
0x0021A718,actSt04lTorch2_2XL,st04l.o,,,
0x0021ADA0,actSt04lRope1Event,st04l.o,,,
0x00219A18,actSt04lOri,st04l.o,,,
0x0021B180,actSt04lTorch2_2Chk,st04l.o,,,
0x00219B38,actSt04lOriRopeCutL,st04l.o,,,
0x00218680,actSt04lMonyou05Chk,st04l.o,,,
0x0021A118,actSt04lCrest01XL,st04l.o,,,
0x00216BA0,actSt04lCrest02,st04l.o,,,
0x0021AB10,actSt04lC1BallMain,st04l.o,,,
0x0021A238,actSt04lC2BallXL,st04l.o,,,
0x0021B020,actSt04lMonyou04Event,st04l.o,,,
0x0021AFF0,actSt04lMonyou01Event,st04l.o,,,
0x002172D8,actSt04lStairChk,st04l.o,,,
0x00217FB8,actSt04lGondolaChk,st04l.o,,,
0x00219C28,actSt04lGondola,st04l.o,,,
0x002195C8,actSt04lBrg2Way,st04l.o,,,
0x0021AE00,actSt04lBrg1WayChk,st04l.o,,,
0x0021A840,actSt04cDoorInit,st04l.o,,,
0x002182E0,actSt04lMonyou01Chk,st04l.o,,,
0x00219E20,actSt04lMonyou03,st04l.o,,,
0x0021B060,actSt04lOriEvent,st04l.o,,,
0x0021AB48,actSt04lC1BallSwitch,st04l.o,,,
0x0021A680,actSt04lTorch2_1XL,st04l.o,,,
0x0021A5F8,actSt04lTorch3_2,st04l.o,,,
0x00216878,actSt04lC1BallTurn,st04l.o,,,
0x00218850,actSt04lMonyou07Chk,st04l.o,,,
0x002183C8,actSt04lMonyou02Chk,st04l.o,,,
0x0021ADE0,actSt04lRope4Event,st04l.o,,,
0x0021B138,actSt04lTorch2_1Chk,st04l.o,,,
0x0021AF68,actSt04lGondolaCharaChk,st04l.o,,,
0x002169A0,actSt04lC2BallTurn,st04l.o,,,
0x0021A330,actSt04lTorch1_1,st04l.o,,,
0x0021ABD8,actSt04lC2BallSwitch,st04l.o,,,
0x00219460,actSt04lBrg1,st04l.o,,,
0x00219FE8,actSt04lMonyou06,st04l.o,,,
0x00216AC8,actSt04lC3BallTurn,st04l.o,,,
0x0021A3B8,actSt04lTorch1_2,st04l.o,,,
0x0021ABA0,actSt04lC2BallMain,st04l.o,,,
0x00219838,actSt04lRope4,st04l.o,,,
0x0021AE48,actSt04lBrg2WayChk,st04l.o,,,
0x00216518,actSt04dInit,st04l.o,,,
0x00217A90,actSt04lRope4Chk,st04l.o,,,
0x0021AC68,actSt04lC3BallSwitch,st04l.o,,,
0x0021B1C8,actSt04lTorch3_1Chk,st04l.o,,,
0x00219978,actSt04lTuri,st04l.o,,,
0x00216330,actSt04cInit,st04l.o,,,
0x0021ADF0,actSt04lBrg2Event,st04l.o,,,
0x00219550,actSt04lBrg1Way,st04l.o,,,
0x0021B0F0,actSt04lTorch1_2Chk,st04l.o,,,
0x0021A970,actSt04dEnemy2,st04l.o,,,
0x0021B258,actSt04lTorch2_1XLChk,st04l.o,,,
0x00219CF0,actSt04lMonyou01,st04l.o,,,
0x002175A0,actSt04lRope1Chk,st04l.o,,,
0x0021ACC0,actSt04eSolarBeamChk,st04l.o,,,
0x0021B050,actSt04lMonyou07Event,st04l.o,,,
0x002196E8,actSt04lRope2,st04l.o,,,
0x00218E48,actSt04lOri2,st04l.o,,,
0x00218AD8,actSt04lOriRopeCutRChk,st04l.o,,,
0x0021B210,actSt04lTorch3_2Chk,st04l.o,,,
0x00217BD0,actSt04lBrg2Chk,st04l.o,,,
0x00217D00,actSt04lSekizoChk,st04l.o,,,
0x0021B040,actSt04lMonyou06Event,st04l.o,,,
0x00219BB0,actSt04lSword,st04l.o,,,
0x00219790,actSt04lRope3,st04l.o,,,
0x0021B2A0,actSt04lTorch2_2XLChk,st04l.o,,,
0x00218F28,actSt04lOri2Chk,st04l.o,,,
0x00219250,actSt04lC2Ball,st04l.o,,,
0x0021AC30,actSt04lC3BallMain,st04l.o,,,
0x00219EB8,actSt04lMonyou04,st04l.o,,,
0x00217950,actSt04lRope3Chk,st04l.o,,,
0x0021B030,actSt04lMonyou05Event,st04l.o,,,
0x00218598,actSt04lMonyou04Chk,st04l.o,,,
0x0021B070,actSt04lOri2Event,st04l.o,,,
0x0021ADD0,actSt04lRope3Event,st04l.o,,,
0x002176E0,actSt04lRope2Chk,st04l.o,,,
0x0021A4D8,actSt04lTorch2_2,st04l.o,,,
0x0021A7F8,actSt04lTorch3_2XL,st04l.o,,,
0x00218C90,actSt04lOriRopeCutLChk,st04l.o,,,
0x00219068,actSt04lCrest01,st04l.o,,,
0x0021AEB0,actSt04lTuriChk,st04l.o,,,
0x0021A178,actSt04lCrest02XL,st04l.o,,,
0x0021ADC0,actSt04lBrg1Event,st04l.o,,,
0x0021A2B8,actSt04lC3BallXL,st04l.o,,,
0x0021A080,actSt04lMonyou07,st04l.o,,,
0x00218768,actSt04lMonyou06Chk,st04l.o,,,
0x00216E70,actSt04lCrest2Main,st04l.o,,,
0x0021A440,actSt04lTorch2_1,st04l.o,,,
0x0021B000,actSt04lMonyou02Event,st04l.o,,,
0x0021AEA0,actSt04lTuriEvent,st04l.o,,,
0x0021ADB0,actSt04lRope2Event,st04l.o,,,
0x0021B010,actSt04lMonyou03Event,st04l.o,,,
0x00219308,actSt04lC3Ball,st04l.o,,,
0x0021A8C8,actSt04dEnemy1,st04l.o,,,
0x00219D88,actSt04lMonyou02,st04l.o,,,
0x0021B0A8,actSt04lTorch1_1Chk,st04l.o,,,
0x002198E0,actSt04lSekizo,st04l.o,,,
0x00219198,actSt04lC1Ball,st04l.o,,,
0x0021AA60,actSt04eSolarBeam,st04l.o,,,
0x0021A7B0,actSt04lTorch3_1XL,st04l.o,,,
0x00218938,actSt04lOriChk,st04l.o,,,
0x00217148,actSt04lCrest3Main,st04l.o,,,
0x0021A570,actSt04lTorch3_1,st04l.o,,,
0x00216C80,actSt04lCrestMain,st04l.o,,,
0x00217820,actSt04lBrg1Chk,st04l.o,,,
0x0021A9F8,actSt04dEnemy3,st04l.o,,,
0x00219100,actSt04lCrest03,st04l.o,,,
0x0021A1D8,actSt04lCrest03XL,st04l.o,,,
0x00219F50,actSt04lMonyou05,st04l.o,,,
0x00219AC0,actSt04lOriRopeCutR,st04l.o,,,
0x002194D8,actSt04lBrg2,st04l.o,,,
0x002193C0,actSt04lStair,st04l.o,,,
0x00219640,actSt04lRope1,st04l.o,,,
0x0021B080,actSt04lSwordChk,st04l.o,,,
0x0021F3B0,actSt04rC2BallMain,st04r.o,,,
0x0021E360,actSt04rRope2,st04r.o,,,
0x0021E750,actSt04rCrest01XL,st04r.o,,,
0x0021F358,actSt04rC1BallSwitch,st04r.o,,,
0x0021F6A8,actSt04rMonyou05Event,st04r.o,,,
0x0021F6D8,actSt04rBarricadeEvent,st04r.o,,,
0x0021E688,actSt04rGondola,st04r.o,,,
0x0021FA28,actSt04rTorch2_2XLChk,st04r.o,,,
0x0021D2A0,actSt04rMonyou01Chk,st04r.o,,,
0x0021F0D0,actSt04rMonyou05,st04r.o,,,
0x0021ECB0,actSt04rTorch2_1XL,st04r.o,,,
0x0021F6C8,actSt04rMonyou07Event,st04r.o,,,
0x0021F610,actSt04rBrg2WayChk,st04r.o,,,
0x0021F7A8,actSt04rGondolaCharaChk,st04r.o,,,
0x0021E1C8,actSt04rBrg1Way,st04r.o,,,
0x0021F950,actSt04rTorch3_1Chk,st04r.o,,,
0x0021EE28,actSt04rTorch3_2XL,st04r.o,,,
0x0021E0D8,actSt04rBrg1,st04r.o,,,
0x0021E7B0,actSt04rCrest02XL,st04r.o,,,
0x0021B320,actSt05cInit,st04r.o,,,
0x0021B528,actSt05dInit,st04r.o,,,
0x0021F6B8,actSt04rMonyou06Event,st04r.o,,,
0x0021D728,actSt04rMonyou06Chk,st04r.o,,,
0x0021BBD8,actSt04rCrest02,st04r.o,,,
0x0021CEF0,actSt04rRope3Chk,st04r.o,,,
0x0021F038,actSt04rMonyou04,st04r.o,,,
0x0021C338,actSt04rSolarBeam,st04r.o,,,
0x0021E240,actSt04rBrg2Way,st04r.o,,,
0x0021B9D8,actSt04rC2BallTurn,st04r.o,,,
0x0021EA70,actSt04rTorch2_1,st04r.o,,,
0x0021DE10,actSt04rC1Ball,st04r.o,,,
0x0021E038,actSt04rStair,st04r.o,,,
0x0021F5C8,actSt04rBrg1WayChk,st04r.o,,,
0x0021BCB8,actSt04rCrestMain,st04r.o,,,
0x0021CC80,actSt04rRope2Chk,st04r.o,,,
0x0021F478,actSt04rC3BallSwitch,st04r.o,,,
0x0021EE70,actSt04rMonyou01,st04r.o,,,
0x0021D558,actSt04rMonyou04Chk,st04r.o,,,
0x0021F200,actSt04rMonyou07,st04r.o,,,
0x0021F698,actSt04rMonyou04Event,st04r.o,,,
0x0021DC68,actSt04rSolarStageChange,st04r.o,,,
0x0021E8E8,actSt04rC3BallXL,st04r.o,,,
0x0021F558,actSt04rStairEvent,st04r.o,,,
0x0021E9E8,actSt04rTorch1_2,st04r.o,,,
0x0021EC28,actSt04rTorch3_2,st04r.o,,,
0x0021E870,actSt04rC2BallXL,st04r.o,,,
0x0021E150,actSt04rBrg2,st04r.o,,,
0x0021E408,actSt04rRope3,st04r.o,,,
0x0021D810,actSt04rMonyou07Chk,st04r.o,,,
0x0021F320,actSt04rC1BallMain,st04r.o,,,
0x0021E558,actSt04rSekizo,st04r.o,,,
0x0021E4B0,actSt04rRope4,st04r.o,,,
0x0021C5C0,actSt04rStairChk,st04r.o,,,
0x0021EBA0,actSt04rTorch3_1,st04r.o,,,
0x0021E810,actSt04rCrest03XL,st04r.o,,,
0x0021F688,actSt04rMonyou03Event,st04r.o,,,
0x0021EFA0,actSt04rMonyou03,st04r.o,,,
0x0021F678,actSt04rMonyou02Event,st04r.o,,,
0x0021BB00,actSt04rC3BallTurn,st04r.o,,,
0x0021D470,actSt04rMonyou03Chk,st04r.o,,,
0x0021ED48,actSt04rTorch2_2XL,st04r.o,,,
0x0021F5B8,actSt04rBrg2Event,st04r.o,,,
0x0021F3E8,actSt04rC2BallSwitch,st04r.o,,,
0x0021C498,actSt04rSolarBeamChk,st04r.o,,,
0x0021EB08,actSt04rTorch2_2,st04r.o,,,
0x0021B2E8,actSt05eEnd,st04r.o,,,
0x0021EDE0,actSt04rTorch3_1XL,st04r.o,,,
0x0021F440,actSt04rC3BallMain,st04r.o,,,
0x0021D170,actSt04rBrg2Chk,st04r.o,,,
0x0021F578,actSt04rRope2Event,st04r.o,,,
0x0021DCE0,actSt04rCrest01,st04r.o,,,
0x0021F5A8,actSt04rRope4Event,st04r.o,,,
0x0021F6E8,actSt04rBarricadeChk,st04r.o,,,
0x0021BE68,actSt04rCrest2Main,st04r.o,,,
0x0021F168,actSt04rMonyou06,st04r.o,,,
0x0021F908,actSt04rTorch2_2Chk,st04r.o,,,
0x0021F878,actSt04rTorch1_2Chk,st04r.o,,,
0x0021F568,actSt04rRope1Event,st04r.o,,,
0x0021DEC8,actSt04rC2Ball,st04r.o,,,
0x0021D030,actSt04rRope4Chk,st04r.o,,,
0x0021D640,actSt04rMonyou05Chk,st04r.o,,,
0x0021D388,actSt04rMonyou02Chk,st04r.o,,,
0x0021E2B8,actSt04rRope1,st04r.o,,,
0x0021F298,actSt05cDoorInit,st04r.o,,,
0x0021CB40,actSt04rRope1Chk,st04r.o,,,
0x0021DD78,actSt04rCrest03,st04r.o,,,
0x0021DF80,actSt04rC3Ball,st04r.o,,,
0x0021F998,actSt04rTorch3_2Chk,st04r.o,,,
0x0021E5F0,actSt04rBarricade,st04r.o,,,
0x0021CDC0,actSt04rBrg1Chk,st04r.o,,,
0x0021F8C0,actSt04rTorch2_1Chk,st04r.o,,,
0x0021F4D0,actSt04rSolarStageChangeChk,st04r.o,,,
0x0021C888,actSt04rSekizoChk,st04r.o,,,
0x0021F9E0,actSt04rTorch2_1XLChk,st04r.o,,,
0x0021B8B0,actSt04rC1BallTurn,st04r.o,,,
0x0021E960,actSt04rTorch1_1,st04r.o,,,
0x0021B818,actSt05eInit,st04r.o,,,
0x0021F830,actSt04rTorch1_1Chk,st04r.o,,,
0x0021EF08,actSt04rMonyou02,st04r.o,,,
0x0021D8F8,actSt04rGondolaChk,st04r.o,,,
0x0021C160,actSt04rCrest3Main,st04r.o,,,
0x0021F668,actSt04rMonyou01Event,st04r.o,,,
0x0021F598,actSt04rRope3Event,st04r.o,,,
0x0021F588,actSt04rBrg1Event,st04r.o,,,
0x0021FE00,actSt05bDoorXL,st05b.o,,,
0x0021FED0,actSt05bSekizo,st05b.o,,,
0x0021FD70,actSt05bCrest01XL,st05b.o,,,
0x0021FA70,actSt05bSekizoChk,st05b.o,,,
0x00220058,actSt05bSekizoEvent,st05b.o,,,
0x0021FF90,actSt05bBallXL,st05b.o,,,
0x0021FE70,actSt05bMonyoDoorXL,st05b.o,,,
0x00220068,actSt05bGirlWay,st05b.o,,,
0x0021FFF8,actSt05bSolarXL,st05b.o,,,
0x00220208,actSt04rDoorChk,st05c.o,,,
0x00220A00,actSt05cEneChk,st05c.o,,,
0x002208D8,actSt05cDoorDownEvent,st05c.o,,,
0x002208E8,actSt05cDoorDownEffect,st05c.o,,,
0x00220848,actSt05cEnemy2,st05c.o,,,
0x00220528,actSt05cWaterXL,st05c.o,,,
0x00220370,actSt04rDoor2Chk,st05c.o,,,
0x002204D8,actSt05cSolarXL,st05c.o,,,
0x00220738,actSt05cEne,st05c.o,,,
0x002206C8,actSt05cDoorDown,st05c.o,,,
0x00220578,actSt04rDoor,st05c.o,,,
0x002207B0,actSt05cEnemy1,st05c.o,,,
0x002200F0,actSt05cDoorDownChk,st05c.o,,,
0x00220620,actSt04rDoor2,st05c.o,,,
0x00220E38,actSt05dEne,st05d.o,,,
0x00220F48,actSt05dEnemy2,st05d.o,,,
0x00220A70,actSt05dDoor2,st05d.o,,,
0x00220FD8,actSt05dDoor2Event,st05d.o,,,
0x002210C8,actSt05dDoor2DownEffect,st05d.o,,,
0x00220EB0,actSt05dEnemy1,st05d.o,,,
0x002211A8,actSt05dEneChk,st05d.o,,,
0x00220B78,actSt05dDoor2UpChk,st05d.o,,,
0x00220FE8,actSt05dDoor2UpEffect,st05d.o,,,
0x00220CD8,actSt05dDoor2DownChk,st05d.o,,,
0x002215E8,actSt05eWaterFlagOn,st05e.o,,,
0x00221218,actSt05eSolarChk,st05e.o,,,
0x002214C8,actSt05eWaterSwitch,st05e.o,,,
0x00221498,actSt05eWaterMain,st05e.o,,,
0x00221400,actSt05eSolar,st05e.o,,,
0x00221358,actSt05eWater,st05e.o,,,
0x00221520,actSt05eWaterStop,st05e.o,,,
0x00222BE0,actSt06aDoorDownEffect,st06a.o,,,
0x00223460,actSt06aTreeChk,st06a.o,,,
0x00222258,actSt06aExit,st06a.o,,,
0x00221660,actSt06aInit,st06a.o,,,
0x002222C0,actSt06aBox,st06a.o,,,
0x00223268,actSt06aWallWayOffChk,st06a.o,,,
0x00222020,actSt06aHeadChk,st06a.o,,,
0x002219F0,actSt06aDoorUpChk,st06a.o,,,
0x00222E38,actSt06aBox3Chk,st06a.o,,,
0x00221CE0,actSt06aShutterOpen,st06a.o,,,
0x002226F8,actSt06aStatue,st06a.o,,,
0x00221EB8,actSt06aStatueChk,st06a.o,,,
0x00222850,actSt06aTree,st06a.o,,,
0x00221DB0,actSt06aBoxChk,st06a.o,,,
0x00222DC0,actSt06aBox2Chk,st06a.o,,,
0x00222CC0,actSt06aShutterMain,st06a.o,,,
0x00222CF8,actSt06aShutterSwitch,st06a.o,,,
0x002228E8,actSt06aBallDelete,st06a.o,,,
0x00223310,actSt06aWallWay2OnChk,st06a.o,,,
0x002218E8,actSt06aDoor,st06a.o,,,
0x002227B0,actSt06aHead,st06a.o,,,
0x00222AF0,actSt06aDoorEvent,st06a.o,,,
0x002223E0,actSt06aBox3,st06a.o,,,
0x00222950,actSt06aSuimonEvent,st06a.o,,,
0x00222A78,actSt06aSuimonFlagOn,st06a.o,,,
0x00221B68,actSt06aDoorDownChk,st06a.o,,,
0x00222578,actSt06aWallWay,st06a.o,,,
0x002221A8,actSt06aShutter,st06a.o,,,
0x00222468,actSt06aBoxEvent2,st06a.o,,,
0x002231C0,actSt06aWallWayOnChk,st06a.o,,,
0x00222960,actSt06aSuimonEffect,st06a.o,,,
0x00222510,actSt06aWay,st06a.o,,,
0x00223050,actSt06aWayOnChk,st06a.o,,,
0x00222358,actSt06aBox2,st06a.o,,,
0x00222B00,actSt06aDoorUpEffect,st06a.o,,,
0x002233B8,actSt06aWallWay2OffChk,st06a.o,,,
0x00222EB0,actSt06aBallDeleteChk,st06a.o,,,
0x00222F20,actSt06aBoxEvent2InChk,st06a.o,,,
0x00222638,actSt06aWallWay2,st06a.o,,,
0x002216D8,actSt06aSuimon,st06a.o,,,
0x00222D50,actSt06aExitChk,st06a.o,,,
0x002217A0,actSt06aSuimonChk,st06a.o,,,
0x00223108,actSt06aWayOffChk,st06a.o,,,
0x00222FB8,actSt06aBoxEvent2OutChk,st06a.o,,,
0x002235F0,actSt07aEnd,st07a.o,,,
0x00224BA0,actSt07aGene2,st07a.o,,,
0x00224FC0,actSt07aChanFall,st07a.o,,,
0x00225040,actSt07aChanMot,st07a.o,,,
0x00223D18,actSt07aTsuroChk,st07a.o,,,
0x002251C8,actSt07aGirlWay,st07a.o,,,
0x00224C70,actSt07aGene3,st07a.o,,,
0x00224A50,actSt07aSekizo,st07a.o,,,
0x00224F40,actSt07aGene2_3,st07a.o,,,
0x00223978,actSt07aChanEffect,st07a.o,,,
0x00224DB8,actSt07aGene2_1,st07a.o,,,
0x002246D0,actSt07aEne,st07a.o,,,
0x00223528,actSt07aInit,st07a.o,,,
0x00225230,actSt07aIntroChk,st07a.o,,,
0x00224D40,actSt07aEne2,st07a.o,,,
0x002252E0,actSt07aSekizoEvent,st07a.o,,,
0x00225158,actSt07aTsuroConte,st07a.o,,,
0x00224898,actSt07aChan,st07a.o,,,
0x002250F0,actSt07aChanWay2,st07a.o,,,
0x00224950,actSt07aTsuro,st07a.o,,,
0x002252F0,actSt07aEne2Chk,st07a.o,,,
0x00225220,actSt07aCamera2,st07a.o,,,
0x002243A8,actSt07aSekizoChk,st07a.o,,,
0x00223FF0,actSt07aTsuroEffect,st07a.o,,,
0x00224FB0,actSt07ChanEvent,st07a.o,,,
0x00225148,actSt07TsuroEvent,st07a.o,,,
0x002249D8,actSt07aIntro,st07a.o,,,
0x00225098,actSt07aChanWay1,st07a.o,,,
0x00223668,actSt07aChanChk,st07a.o,,,
0x002247A0,actSt07aEneChk,st07a.o,,,
0x00224AE8,actSt07aGene1,st07a.o,,,
0x00224E70,actSt07aGene2_2,st07a.o,,,
0x00225488,actSt08aDoorUp,st08a.o,,,
0x00225600,actSt08aEne1,st08a.o,,,
0x00225558,actSt08aDoor,st08a.o,,,
0x00225368,actSt08aEnd,st08a.o,,,
0x00225A70,actSt08aEne1Chk,st08a.o,,,
0x002258E0,actSt08aEnemy4,st08a.o,,,
0x002259F8,actSt08aInit,st08a.o,,,
0x00225798,actSt08aEnemy2,st08a.o,,,
0x00225B28,actSt08aDoorMain,st08a.o,,,
0x00225BB8,actSt08aIntroChk,st08a.o,,,
0x00225678,actSt08aEne2,st08a.o,,,
0x002256F0,actSt08aEnemy1,st08a.o,,,
0x00225980,actSt08aIntro,st08a.o,,,
0x002253A0,actSt08aEne2Chk,st08a.o,,,
0x00225840,actSt08aEnemy3,st08a.o,,,
0x00225B60,actSt08aDoorSwitch,st08a.o,,,
0x00226A88,actSt08bEneChk,st08b.o,,,
0x00225C60,actSt08bKurenSwitch,st08b.o,,,
0x00226860,actSt08aGirlYoro,st08b.o,,,
0x002268C8,actSt08bDoorUpEffect,st08b.o,,,
0x002269A8,actSt08bDoorDownEffect,st08b.o,,,
0x00226680,actSt08bEne,st08b.o,,,
0x00226120,actSt08bKurenRight,st08b.o,,,
0x00226220,actSt08bDoor,st08b.o,,,
0x00226818,actSt08bKurenMain,st08b.o,,,
0x00226618,actSt08bKuren,st08b.o,,,
0x00226328,actSt08bDoorUpChk,st08b.o,,,
0x00226788,actSt08bEnemy2,st08b.o,,,
0x002266F8,actSt08bEnemy1,st08b.o,,,
0x002264A0,actSt08bDoorDownChk,st08b.o,,,
0x00226008,actSt08bKurenLeft,st08b.o,,,
0x002268B8,actSt08bDoorEvent,st08b.o,,,
0x00226E10,actSt09aElv,st09a.o,,,
0x00227068,actSt09aElvUp,st09a.o,,,
0x00227158,actSt09aIntroChk,st09a.o,,,
0x002271D8,actSt09aBrgMain,st09a.o,,,
0x00227210,actSt09aBrgSwitch,st09a.o,,,
0x00226EA8,actSt09aIntro,st09a.o,,,
0x00226F98,actSt09aElvMain,st09a.o,,,
0x00226CE8,actSt09aBrgDown,st09a.o,,,
0x00226AF0,actSt09aInit,st09a.o,,,
0x00227148,actSt09aSekizoEvent,st09a.o,,,
0x00226F20,actSt09aBrg,st09a.o,,,
0x00226FD0,actSt09aElvSwitch,st09a.o,,,
0x00226B30,actSt09aElvDown,st09a.o,,,
0x00226C20,actSt09aSekizo,st09a.o,,,
0x00227C58,actSt10lFloor,st10l.o,,,
0x00228838,actSt10lBoxAChk,st10l.o,,,
0x00227DD8,actSt10lBox,st10l.o,,,
0x002282B0,actSt10lEneCam3,st10l.o,,,
0x00228718,actSt10lBoxChk,st10l.o,,,
0x00227D70,actSt10lSekizo,st10l.o,,,
0x00228940,actSt10lChainSwitch,st10l.o,,,
0x00228488,actSt10lFloorMain,st10l.o,,,
0x00227F40,actSt10lEnemy2_1,st10l.o,,,
0x002276E8,actSt10lGondolaUp,st10l.o,,,
0x002284F8,actSt10lFloorSwitch,st10l.o,,,
0x002272E0,actSt10lFloorLeft,st10l.o,,,
0x00228140,actSt10lEnemy3_2,st10l.o,,,
0x002285A0,actSt10lGondolaMain,st10l.o,,,
0x002281C0,actSt10lEneCam1,st10l.o,,,
0x00228778,actSt10lEneCam2Chk,st10l.o,,,
0x00228908,actSt10lChainMain,st10l.o,,,
0x002283B0,actSt10lBoxB,st10l.o,,,
0x00228828,actSt10lSekizoEvent,st10l.o,,,
0x00227520,actSt10lFloorRight,st10l.o,,,
0x002280C0,actSt10lEnemy3_1,st10l.o,,,
0x00227EC0,actSt10lEnemy1_2,st10l.o,,,
0x00227268,actSt10lInit,st10l.o,,,
0x00228040,actSt10lEnemy2_3,st10l.o,,,
0x00228438,actSt10lGateXL,st10l.o,,,
0x002288A0,actSt10lBoxBChk,st10l.o,,,
0x00227E40,actSt10lEnemy1_1,st10l.o,,,
0x00227CC0,actSt10lGondola,st10l.o,,,
0x00227848,actSt10lGondolaDown,st10l.o,,,
0x00227FC0,actSt10lEnemy2_2,st10l.o,,,
0x00228690,actSt10lEneCam1Chk,st10l.o,,,
0x002279C0,actSt10lEneCam3Chk,st10l.o,,,
0x00227AD8,actSt10lChainMove,st10l.o,,,
0x00228328,actSt10lBoxA,st10l.o,,,
0x002285E8,actSt10lGondolaSwitch,st10l.o,,,
0x00228238,actSt10lEneCam2,st10l.o,,,
0x00227BB0,actSt10lChain,st10l.o,,,
0x002299E0,actSt10rEne,st10r.o,,,
0x00229478,actSt10rFenceDownChk2,st10r.o,,,
0x00229200,actSt10rFenceDownChk,st10r.o,,,
0x002295B8,actSt10rFenceUpChk2,st10r.o,,,
0x00229C98,actSt10rExitChk,st10r.o,,,
0x00229D68,actSt10rChainMain,st10r.o,,,
0x00229DF8,actSt10rSekizoEvent,st10r.o,,,
0x00229C40,actSt10rGirlWay,st10r.o,,,
0x002297F0,actSt10rTower,st10r.o,,,
0x002298D0,actSt10rChain,st10r.o,,,
0x00229768,actSt10rCage,st10r.o,,,
0x00229978,actSt10rSekizo,st10r.o,,,
0x002296F0,actSt10rFloor,st10r.o,,,
0x00229A58,actSt10rEnemy1,st10r.o,,,
0x00228E58,actSt10rTowerConte,st10r.o,,,
0x00228FE0,actSt10rChainMove,st10r.o,,,
0x00229868,actSt10rExit,st10r.o,,,
0x00228C48,actSt10rTowerChk,st10r.o,,,
0x00229B70,actSt10rElv,st10r.o,,,
0x00228B58,actSt10rCageMain,st10r.o,,,
0x00229BF0,actSt10rGateXL,st10r.o,,,
0x002290C8,actSt10rFence,st10r.o,,,
0x00229340,actSt10rFenceUpChk,st10r.o,,,
0x00228A60,actSt10rFloorChk,st10r.o,,,
0x00229E08,actSt10rEneChk,st10r.o,,,
0x00228998,actSt10rInit,st10r.o,,,
0x00229B00,actSt10rEnemy2,st10r.o,,,
0x00229DA0,actSt10rChainSwitch,st10r.o,,,
0x0022A5E8,actSt13aCheck,st13a.o,,,
0x0022A900,actSt13aChainNG,st13a.o,,,
0x0022A660,actSt13aChain,st13a.o,,,
0x0022A580,actSt13aExit,st13a.o,,,
0x0022A178,actSt13aSekizoChk,st13a.o,,,
0x0022A020,actSt13aElevDownChk,st13a.o,,,
0x0022A708,actSt13aElevMain,st13a.o,,,
0x0022A418,actSt13aElevDown,st13a.o,,,
0x0022A378,actSt13aElev,st13a.o,,,
0x00229E80,actSt13aElevUp,st13a.o,,,
0x0022A820,actSt13aCheckChk,st13a.o,,,
0x0022A4E8,actSt13aSekizo,st13a.o,,,
0x0022A7A0,actSt13aExitChk,st13a.o,,,
0x0022A850,actSt13aChainOK,st13a.o,,,
0x0022A738,actSt13aElevSwitch,st13a.o,,,
0x0022C918,actSt13bElevMain,st13b.o,,,
0x0022BE78,actSt13bSekizo,st13b.o,,,
0x0022C4D8,actConte10a,st13b.o,,,
0x0022C410,actSt13bSekizo2Event,st13b.o,,,
0x0022C588,actSt13bBossChk,st13b.o,,,
0x0022C7E8,actConte10c,st13b.o,,,
0x0022B508,actSt13bSekizoChk,st13b.o,,,
0x0022AC00,actSt13bConte02,st13b.o,,,
0x0022C9A0,actSt13bDoorMain,st13b.o,,,
0x0022C110,actSt13bElev,st13b.o,,,
0x0022BB08,actSt13bElevDown,st13b.o,,,
0x0022C948,actSt13bElevSwitch,st13b.o,,,
0x0022CA30,actSt13bDoorUp,st13b.o,,,
0x0022BD58,actSt13bElevUpChk,st13b.o,,,
0x0022AB18,actSt13bFloorChk,st13b.o,,,
0x0022C9D8,actSt13bDoorSwitch,st13b.o,,,
0x0022C718,actSt13bBossAfterChk,st13b.o,,,
0x0022BF10,actSt13bSekizo2,st13b.o,,,
0x0022BFA8,actSt13bBossAfter,st13b.o,,,
0x0022BA10,actSt13bBoss,st13b.o,,,
0x0022A9B0,actSt13bFloor,st13b.o,,,
0x0022C040,actSt13bStoneGirl,st13b.o,,,
0x0022C650,actConte10b,st13b.o,,,
0x0022C290,actSt13bConte02Jimaku,st13b.o,,,
0x0022BC70,actSt13bElevUp,st13b.o,,,
0x0022C178,actSt13bDoor,st13b.o,,,
0x0022C210,actBossTest,st13b.o,,,
0x0022B8F8,actSt13bMeetAgain,st13b.o,,,
0x0022B700,actSt13bSekizo2Chk,st13b.o,,,
0x0022C420,actSt13bMeetAgainChk,st13b.o,,,
0x0022C0A8,actSt13bExit,st13b.o,,,
0x0022C8A0,actSt13bExitChk,st13b.o,,,
0x0022CAE8,actSt13b2Generator,st13b2.o,,,
0x0022F7B8,actSt13cBukiChk,st13c.o,,,
0x0022CC98,actSt13cBmg1Chk,st13c.o,,,
0x0022F638,actSt13cGirlCarryAgainChk,st13c.o,,,
0x0022CB48,actSt13cEnd,st13c.o,,,
0x0022F058,actSt13cGirlCarry,st13c.o,,,
0x0022EA70,actSt13cHandJimaku,st13c.o,,,
0x0022DC00,actSt13cConte05,st13c.o,,,
0x0022F2E8,actSt13cCageDownSwitch,st13c.o,,,
0x0022F0D0,actSt13cRescue,st13c.o,,,
0x0022F4A8,actSt13cSekizoJimakuEff,st13c.o,,,
0x0022D098,actSt13cConte04Jimaku,st13c.o,,,
0x0022F2B0,actSt13cCageDownMain,st13c.o,,,
0x0022D648,actSt13cCageFallChk,st13c.o,,,
0x0022F1D0,actSt13cSleepEvent,st13c.o,,,
0x0022F438,actSt13cSekizoEvent,st13c.o,,,
0x0022EC20,actSt13cSleep,st13c.o,,,
0x0022D250,actSt13cCage1stDownDemoCancel,st13c.o,,,
0x0022E088,actSt13cConte05Jimaku,st13c.o,,,
0x0022EF68,actSt13cSekizoJimaku,st13c.o,,,
0x0022F7A8,actSt13cBukiEvent,st13c.o,,,
0x0022CB78,actSt13cBmg1,st13c.o,,,
0x0022EDD0,actSt13cEnemy,st13c.o,,,
0x0022E5C8,actSt13cGirlCarryChk,st13c.o,,,
0x0022F428,actSt13cCageFallEvent,st13c.o,,,
0x0022EE68,actSt13cEnemyNull,st13c.o,,,
0x0022F158,actSt13cBuki,st13c.o,,,
0x0022D398,actSt13cCage1stDown,st13c.o,,,
0x0022EFE0,actSt13cHand,st13c.o,,,
0x0022ED58,actSt13cCageFallReady,st13c.o,,,
0x0022F1C0,actSt13cBmg1Event,st13c.o,,,
0x0022EED0,actSt13cSekizo,st13c.o,,,
0x0022F1E0,actSt13cSleepChk,st13c.o,,,
0x0022F358,actSt13cCage1stDownDemo,st13c.o,,,
0x0022E6C8,actSt13cHandChk,st13c.o,,,
0x0022CB18,actSt13cInit,st13c.o,,,
0x0022EC98,actSt13cCageDown,st13c.o,,,
0x0022F700,actSt13cRescueChk,st13c.o,,,
0x0022E250,actSt13cCageFallEffect,st13c.o,,,
0x0022CF58,actSt13cConte04,st13c.o,,,
0x0022D4F8,actSt13cCageFall,st13c.o,,,
0x0022F448,actSt13cSekizoJimakuChk,st13c.o,,,
0x0022F3A8,actSt13cCageFallReadyChk,st13c.o,,,
0x0022F810,actSt13dExit,st13d.o,,,
0x0022FA90,actSt13dInit,st13d.o,,,
0x0022F9C0,actSt13dExitL,st13d.o,,,
0x0022F8F0,actSt13dExitR,st13d.o,,,
0x00230668,actSt17aDoorUpEffect,st17a.o,,,
0x00230578,actSt17aIntro,st17a.o,,,
0x00230828,actSt17aHasiEvent,st17a.o,,,
0x0022FBE8,actSt17aDoorUpChk,st17a.o,,,
0x00230748,actSt17aDoorDownEffect,st17a.o,,,
0x002303F0,actLinkTest,st17a.o,,,
0x00230458,actSt17aSekizo,st17a.o,,,
0x00230658,actSt17aDoorEvent,st17a.o,,,
0x00230600,actLinkTestChk,st17a.o,,,
0x0022FA98,actSt17aDoor,st17a.o,,,
0x00230838,actSt17aIntroChk,st17a.o,,,
0x002304C0,actSt17aHasi,st17a.o,,,
0x0022FF18,actSt17aHasiChk,st17a.o,,,
0x002308F8,actSt17aGirlWay,st17a.o,,,
0x002305F0,actSt17aSekizoEvent,st17a.o,,,
0x0022FD88,actSt17aDoorDownChk,st17a.o,,,
0x00230120,actSt17aHasiEffect,st17a.o,,,
0x00230AC8,actSt17bIntroChk,st17b.o,,,
0x00230A98,actSt17bCheckChk,st17b.o,,,
0x00230A20,actSt17bIntro,st17b.o,,,
0x00230978,actSt17bCheck,st17b.o,,,
0x00230948,actSt17bTest,st17b.o,,,
0x002316D8,actSt18aDoor,st18a.o,,,
0x00231A60,actSt18aEne2,st18a.o,,,
0x00230F08,actSt18aSwitchRChk,st18a.o,,,
0x00230DC8,actSt18aSwitchLUpChk,st18a.o,,,
0x00230BA0,actSt18aSwitchLChk,st18a.o,,,
0x00230B68,actSt18aEnd,st18a.o,,,
0x002319A8,actSt18aEnemy1_2,st18a.o,,,
0x00231B90,actSt18aCamera,st18a.o,,,
0x002313A8,actSt18aDoorDownChk,st18a.o,,,
0x00231AD8,actSt18aEnemy2_2,st18a.o,,,
0x00231590,actSt18aEnemy2_1,st18a.o,,,
0x00231660,actSt18aIntro,st18a.o,,,
0x002314B8,actSt18aEnemy1_1,st18a.o,,,
0x00231CC0,actSt18aEne2Chk,st18a.o,,,
0x00231C50,actSt18aEneChk,st18a.o,,,
0x002317A0,actSt18aSwitchL,st18a.o,,,
0x00231270,actSt18aDoorChk,st18a.o,,,
0x00231868,actSt18aSwitchR,st18a.o,,,
0x00231130,actSt18aSwitchRUpChk,st18a.o,,,
0x00231930,actSt18aEne,st18a.o,,,
0x00231BA0,actSt18aIntroChk,st18a.o,,,
0x00232910,actSt19aOriMain,st19a.o,,,
0x00232390,actSt19aChainDown,st19a.o,,,
0x002329E0,actSt19aChainMain,st19a.o,,,
0x00232800,actSt19aChain,st19a.o,,,
0x00232948,actSt19aOriSwitch,st19a.o,,,
0x00231F90,actSt19aHaguruma,st19a.o,,,
0x002324D8,actSt19aChainUp,st19a.o,,,
0x00232A18,actSt19aChainSwitch,st19a.o,,,
0x00232288,actSt19aPipeChk,st19a.o,,,
0x00232AB8,actSt19bIntroChk,st19a.o,,,
0x002325C8,actSt19aOri,st19a.o,,,
0x00231E68,actSt19aOriUp,st19a.o,,,
0x00231D40,actSt19aOriDown,st19a.o,,,
0x00232678,actSt19aOriXL,st19a.o,,,
0x002326E8,actSt19aPipe,st19a.o,,,
0x002327A0,actSt19aPipeXL,st19a.o,,,
0x002320E0,actSt19aHagurumaChk,st19a.o,,,
0x00232898,actSt19bIntro,st19a.o,,,
0x00233638,actSt20aGondola,st20a.o,,,
0x00232BB0,actSt20aEnd,st20a.o,,,
0x00233A40,actSt20aBridgeSwitch,st20a.o,,,
0x002337D0,actSt20aEne,st20a.o,,,
0x00233A08,actSt20aBridgeMain,st20a.o,,,
0x00232CE8,actSt20aGondolaDown,st20a.o,,,
0x002335C0,actSt20aBridge,st20a.o,,,
0x00233B88,actSt20aExitChk,st20a.o,,,
0x00233A98,actSt20aGondolaMain,st20a.o,,,
0x00233C58,actSt20aEneChk,st20a.o,,,
0x00233100,actSt20aFenceDownChk,st20a.o,,,
0x00233998,actSt20aEnemy3,st20a.o,,,
0x002336E8,actSt20aExit,st20a.o,,,
0x00232B58,actSt20aInit,st20a.o,,,
0x00233230,actSt20aFenceUpChk,st20a.o,,,
0x00233360,actSt20aFenceDownChk2,st20a.o,,,
0x002338F0,actSt20aEnemy2,st20a.o,,,
0x00233750,actSt20aElv,st20a.o,,,
0x00232FD0,actSt20aFence,st20a.o,,,
0x00233848,actSt20aEnemy1,st20a.o,,,
0x00232E68,actSt20aGondolaUp,st20a.o,,,
0x00233490,actSt20aFenceUpChk2,st20a.o,,,
0x00233AE0,actSt20aGondolaSwitch,st20a.o,,,
0x00232BF8,actSt20aBridgeDown,st20a.o,,,
0x00233F00,actSt22aIntroChk,st22a.o,,,
0x00233CD0,actSt22aLightningVolime,st22a.o,,,
0x00234188,actSt22aIntroSub,st22a.o,,,
0x00233D90,actSt22aIntro,st22a.o,,,
0x002342A0,actSt24aSwordChk,st24a.o,,,
0x00234458,actSt24aSword,st24a.o,,,
0x002344E8,actSt24aSaku,st24a.o,,,
0x00235218,actSt47aBarricade,st47a.o,,,
0x002355A0,actSt47aGirlWay,st47a.o,,,
0x002356A8,actSt47aHane1Switch,st47a.o,,,
0x00235BF0,actSt47aExitChk,st47a.o,,,
0x00235408,actSt47aEnemy2,st47a.o,,,
0x00235088,actSt47aHane1,st47a.o,,,
0x002352B0,actSt47aExit,st47a.o,,,
0x00235590,actSt47aSekizo1Event,st47a.o,,,
0x002345D0,actSt47aEnd,st47a.o,,,
0x00234EA8,actSt47aSekizo1,st47a.o,,,
0x00234608,actSt47aSekizo1Chk,st47a.o,,,
0x00234D30,actSt47aEnemy1,st47a.o,,,
0x00235640,actSt47aSekizo3Event,st47a.o,,,
0x00234DF8,actSt47aTorch,st47a.o,,,
0x00234930,actSt47aHane1Up,st47a.o,,,
0x002358E8,actSt47aHane2Main,st47a.o,,,
0x00234528,actSt47aInit,st47a.o,,,
0x00235AD0,actSt47aHane2Girl,st47a.o,,,
0x00234FC8,actSt47aSekizo3,st47a.o,,,
0x00235750,actSt47aHane1Down,st47a.o,,,
0x00235930,actSt47aHane2Switch,st47a.o,,,
0x00235848,actSt47aHane1_1Girl,st47a.o,,,
0x00234A70,actSt47aHane2Up,st47a.o,,,
0x00235390,actSt47aEne,st47a.o,,,
0x002359D8,actSt47aHane2Down,st47a.o,,,
0x00235650,actSt47aSekizo4Event,st47a.o,,,
0x00235318,actSt47aExit2,st47a.o,,,
0x002350F8,actSt47aHane2,st47a.o,,,
0x00235C68,actSt47aExit2Chk,st47a.o,,,
0x00235898,actSt47aHane1_2Girl,st47a.o,,,
0x00235028,actSt47aSekizo4,st47a.o,,,
0x00234F68,actSt47aSekizo2,st47a.o,,,
0x00235498,actSt47aEnemy3,st47a.o,,,
0x00235CA0,actSt47aEneChk,st47a.o,,,
0x00235528,actSt47aEnemy4,st47a.o,,,
0x00235660,actSt47aHane1Main,st47a.o,,,
0x00235B30,actSt47aBarricadeChk,st47a.o,,,
0x00235B20,actSt47aBarricadeEvent,st47a.o,,,
0x00235630,actSt47aSekizo2Event,st47a.o,,,
0x00235160,actSt47aRope,st47a.o,,,
0x00234B90,actSt47aRopeChk,st47a.o,,,
0x00236190,actSplash2Chk,st99a.o,,,
0x00236030,actExplodeChk,st99a.o,,,
0x00236240,actWaveChk,st99a.o,,,
0x00235F80,actQueenLightning,st99a.o,,,
0x00235D78,actSplash1,st99a.o,,,
0x00236318,actSt27aWave1,st99a.o,,,
0x00235EB0,actSpider,st99a.o,,,
0x00235FC8,actSt27aWave,st99a.o,,,
0x00235F38,actDevilLightning,st99a.o,,,
0x002360E0,actSplash1Chk,st99a.o,,,
0x002363A0,actSpiderChk,st99a.o,,,
0x00235D10,actExplode,st99a.o,,,
0x00235E48,actWave,st99a.o,,,
0x00235DE0,actSplash2,st99a.o,,,
0x002362F0,actSt27aWaveChk,st99a.o,,,
0x00236268,actWave1,st99a.o,,,
0x00237220,stageSE06abirdIn,stageSEProc.o,,,
0x002375E8,stageSE08bcrane,stageSEProc.o,,,
0x00236FD0,stageSE04ewind,stageSEProc.o,,,
0x00236408,stageSEtaimatsu,stageSEProc.o,,,
0x00238070,stageSE47anoise,stageSEProc.o,,,
0x00236A30,stageSE19ataki,stageSEProc.o,,,
0x00237D30,stageSE19astrong,stageSEProc.o,,,
0x002368E8,stageSE10lstrong2,stageSEProc.o,,,
0x00236DC8,stageSE02atakib,stageSEProc.o,,,
0x00236C50,stageSE02astrong,stageSEProc.o,,,
0x00237B18,stageSE18awind,stageSEProc.o,,,
0x00237410,stageSE08astrong2,stageSEProc.o,,,
0x00238050,stageSE24ariver,stageSEProc.o,,,
0x00237EB0,stageSE22astrong,stageSEProc.o,,,
0x00237998,stageSE13cNoise,stageSEProc.o,,,
0x00236E28,stageSE03tsuiro,stageSEProc.o,,,
0x00236F70,stageSE04bstrong,stageSEProc.o,,,
0x00237DD0,stageSE20astrong,stageSEProc.o,,,
0x00236598,stageSE04eriver,stageSEProc.o,,,
0x00237C38,stageSE17bstrong,stageSEProc.o,,,
0x002374E8,stageSE08anoise3,stageSEProc.o,,,
0x00237FC8,stageSE24astrong,stageSEProc.o,,,
0x00237BA8,stageSE17brain,stageSEProc.o,,,
0x00236790,stageSE06ariver,stageSEProc.o,,,
0x00237DA8,stageSE19arain,stageSEProc.o,,,
0x00237AB8,stageSE17astrong,stageSEProc.o,,,
0x00237570,stageSE08ataimatsu,stageSEProc.o,,,
0x002379C0,stageSE13dterrace,stageSEProc.o,,,
0x00237958,stageSE13arain,stageSEProc.o,,,
0x00237860,stageSE10rstrong,stageSEProc.o,,,
0x00237110,stageSE06astrong,stageSEProc.o,,,
0x00237D10,stageSE17btaki,stageSEProc.o,,,
0x00237060,stageSE04eriverDown,stageSEProc.o,,,
0x00238028,stageSE24arain,stageSEProc.o,,,
0x00237E50,stageSE20astrong2,stageSEProc.o,,,
0x00237340,stageSE08astrong,stageSEProc.o,,,
0x00237720,stageSE10lstrong,stageSEProc.o,,,
0x00236EA0,stageSE04agate,stageSEProc.o,,,
0x002378F8,stageSE10rstrong2,stageSEProc.o,,,
0x00237A00,stageSE13dstrong,stageSEProc.o,,,
0x00237F30,stageSE22arain,stageSEProc.o,,,
0x002372D0,stageSE06ataimatsu,stageSEProc.o,,,
0x00236E60,stageSE03tnotSuiro,stageSEProc.o,,,
0x00237668,stageSE08brail,stageSEProc.o,,,
0x002376E8,stageSE09asea,stageSEProc.o,,,
0x00236D70,stageSE02ataki,stageSEProc.o,,,
0x00237278,stageSE06abirdOut,stageSEProc.o,,,
0x00238100,GetDataFileName,access.o,,,
0x00238148,GetDataFileName2,access.o,,,
0x00238288,SetParamKyomiGObj,lws_kyomi.o,,,
0x00238208,CreateKyomiGObj,lws_kyomi.o,,,
0x002381F8,LwsKyomiGeo,lws_kyomi.o,,,
0x00238340,ObjAction_CorrectGeo,objact.o,,,
0x00238428,ObjAction_MailCenter,objact.o,,,
0x00238338,ObjectBeforeFunc,objact.o,,,
0x00238520,ObjAction_Init,objact.o,,,
0x002383C0,ObjAction_Mail,objact.o,,,
0x00238580,audioDecCreate,mv_audiodec.o,,,
0x00238F08,audioDecIsPreset,mv_audiodec.o,,,
0x00238D50,pcmCallback,mv_audiodec.o,,,
0x00238F20,audioDecStart,mv_audiodec.o,,,
0x00238E48,audioDecDelete,mv_audiodec.o,,,
0x00238FF0,audioDecResume,mv_audiodec.o,,,
0x00238B78,audioDecSendToIOP,mv_audiodec.o,,,
0x00238EB0,audioDecReset,mv_audiodec.o,,,
0x00238FB8,audioDecPause,mv_audiodec.o,,,
0x00239AB0,vblankHandler,mv_disp.o,,,
0x0023A3C8,setTRXPOS,mv_disp.o,,,
0x00239F40,setPRIM,mv_disp.o,,,
0x00239CF8,endDisplay,mv_disp.o,,,
0x00239408,sendDispEnv,mv_disp.o,,,
0x0023A088,setXYZ2,mv_disp.o,,,
0x00239DE8,setTEXFLUSH,mv_disp.o,,,
0x0023A020,setRGBAQ,mv_disp.o,,,
0x0023A258,setPRMODECONT,mv_disp.o,,,
0x0023A400,setTRXREG,mv_disp.o,,,
0x0023A0D8,setFRAME_1,mv_disp.o,,,
0x002393F8,setImageSize,mv_disp.o,,,
0x0023A138,setTEST_1,mv_disp.o,,,
0x00239D08,setDMAscTag,mv_disp.o,,,
0x0023A1C8,setSCISSOR_1,mv_disp.o,,,
0x00239CB8,startDisplay,mv_disp.o,,,
0x00239518,dispSetTags,mv_disp.o,,,
0x0023A438,setTRXDIR,mv_disp.o,,,
0x00239FD8,setUV,mv_disp.o,,,
0x0023A288,setPRMODE,mv_disp.o,,,
0x00239C80,handler_endimage,mv_disp.o,,,
0x00239A78,dispSwitch,mv_disp.o,,,
0x00239E08,setTEX1_1,mv_disp.o,,,
0x00239DB8,setGIFad,mv_disp.o,,,
0x00239200,setDispEnv,mv_disp.o,,,
0x0023A390,setBITBLTBUF,mv_disp.o,,,
0x00239D60,setGIFtag,mv_disp.o,,,
0x0023A318,setCLAMP_1,mv_disp.o,,,
0x00239470,dispCreate,mv_disp.o,,,
0x00239C40,loadImage,mv_disp.o,,,
0x00239E88,setTEX0_1,mv_disp.o,,,
0x0023A220,setXYOFFSET_1,mv_disp.o,,,
0x00239C38,dispDelete,mv_disp.o,,,
0x00239088,dispClear,mv_disp.o,,,
0x0023A478,copy2area,mv_sub.o,,,
0x0023A468,ErrMessage,mv_sub.o,,,
0x0023B6A8,viBufCount,mv_vibuf.o,,,
0x0023AEA0,viBufRestartDMA,mv_vibuf.o,,,
0x0023AA78,viBufAddDMA,mv_vibuf.o,,,
0x0023AA28,viBufEndPut,mv_vibuf.o,,,
0x0023A5E8,viBufCreate,mv_vibuf.o,,,
0x0023B6F8,viBufPutTs,mv_vibuf.o,,,
0x0023A7A8,viBufReset,mv_vibuf.o,,,
0x0023B288,viBufFlush,mv_vibuf.o,,,
0x0023A940,viBufBeginPut,mv_vibuf.o,,,
0x0023B5E8,viBufDelete,mv_vibuf.o,,,
0x0023B448,viBufGetTs,mv_vibuf.o,,,
0x0023AD18,viBufStopDMA,mv_vibuf.o,,,
0x0023BB28,CreateGObjByFuncSet,GobjProc.o,,,
0x0023B7F8,GetGObjP,GobjProc.o,,,
0x0023B7E8,ResetGObjProc,GobjProc.o,,,
0x0023B9C8,CreateGObj,GobjProc.o,,,
0x0023B8D8,InitCameraGObjs,GobjProc.o,,,
0x0023B810,GetGObjId,GobjProc.o,,,
0x0023B7F0,GetMaxGObj,GobjProc.o,,,
0x0023B858,PrintGObjID,GobjProc.o,,,
0x0023C078,AllocPObj,PObj.o,,,
0x0023C528,InitPObj,PObj.o,,,
0x0023C688,FreePObj,PObj.o,,,
0x0023C770,SetVObjRT,vobj.o,,,
0x0023C6A8,DrawVObj,vobj.o,,,
0x0023C8C0,sceGsGetGParam,vobj.o,,,
0x0023C7B0,sceGsResetGraph,vobj.o,,,
0x0023C8D0,sceGsResetPath,vobj.o,,,
0x0023C938,sceGsSetDefDispEnv,vobj.o,,,
0x0023CBA8,sceGsPutDispEnv,vobj.o,,,
0x0023CC68,sceGsSetDefDrawEnv,vobj.o,,,
0x0023CE50,sceGsPutDrawEnv,vobj.o,,,
0x0023CF38,sceGsSetDefDBuff,vobj.o,,,
0x0023D1D0,sceGsSwapDBuff,vobj.o,,,
0x0023D230,sceGsSyncV,vobj.o,,,
0x0023D2C8,sceGsSyncPath,vobj.o,,,
0x0023D5E0,sceGsSetDefTexEnv,vobj.o,,,
0x0023D6F0,sceGsSetDefAlphaEnv,vobj.o,,,
0x0023D750,sceGsSetDefLoadImage,vobj.o,,,
0x0023D938,sceGsSetDefStoreImage,vobj.o,,,
0x0023DA78,sceGsExecLoadImage,vobj.o,,,
0x0023DBF8,sceGsExecStoreImage,vobj.o,,,
0x0023E288,sceGsPutIMR,vobj.o,,,
0x0023E2C8,sceGsSetHalfOffset,vobj.o,,,
0x0023E350,sceGsGetIMR,vobj.o,,,
0x0023E370,sceGszbufaddr,vobj.o,,,
0x0023E438,sceGsSetDefClear,vobj.o,,,
0x0023ECE0,sceVu0LightColorMatrix,vobj.o,,,
0x0023E840,sceVu0ITOF4Vector,vobj.o,,,
0x0023F190,sceVu0ClipAll,vobj.o,,,
0x0023ED48,sceVu0ViewScreenMatrix,vobj.o,,,
0x0023F038,sceVu0RotTransPers,vobj.o,,,
0x0023F080,sceVu0CopyVectorXYZ,vobj.o,,,
0x0023EFE0,sceVu0RotTransPersN,vobj.o,,,
0x0023E6F0,sceVu0DivVector,vobj.o,,,
0x0023E9A8,sceVu0RotMatrixX,vobj.o,,,
0x0023F130,sceVu0ClipScreen3,vobj.o,,,
0x0023E820,sceVu0FTOI4Vector,vobj.o,,,
0x0023E850,sceVu0ITOF0Vector,vobj.o,,,
0x0023E730,sceVu0InterVector,vobj.o,,,
0x0023F0E8,sceVu0ClipScreen,vobj.o,,,
0x0023E830,sceVu0FTOI0Vector,vobj.o,,,
0x0023E600,sceVu0Normalize,vobj.o,,,
0x0023E860,sceVu0UnitMatrix,vobj.o,,,
0x0023EB70,sceVu0CameraMatrix,vobj.o,,,
0x0023E638,sceVu0TransposeMatrix,vobj.o,,,
0x0023EB48,sceVu0ClampVector,vobj.o,,,
0x0023E7E8,sceVu0CopyVector,vobj.o,,,
0x0023E570,sceVu0MulMatrix,vobj.o,,,
0x0023E900,sceVu0RotMatrixZ,vobj.o,,,
0x0023E788,sceVu0MulVector,vobj.o,,,
0x0023E5B8,sceVu0OuterProduct,vobj.o,,,
0x0023E5D8,sceVu0InnerProduct,vobj.o,,,
0x0023F220,sceVpu0Reset,vobj.o,,,
0x0023F0A0,sceVu0InterVectorXYZ,vobj.o,,,
0x0023EA50,sceVu0RotMatrixY,vobj.o,,,
0x0023EAF8,sceVu0RotMatrix,vobj.o,,,
0x0023E7A0,sceVu0ScaleVector,vobj.o,,,
0x0023E770,sceVu0SubVector,vobj.o,,,
0x0023E758,sceVu0AddVector,vobj.o,,,
0x0023E680,sceVu0InversMatrix,vobj.o,,,
0x0023E540,sceVu0ApplyMatrix,vobj.o,,,
0x0023F0D0,sceVu0ScaleVectorXYZ,vobj.o,,,
0x0023E7F8,sceVu0CopyMatrix,vobj.o,,,
0x0023E710,sceVu0DivVectorXYZ,vobj.o,,,
0x0023EC20,sceVu0NormalLightMatrix,vobj.o,,,
0x0023E7B8,sceVu0TransMatrix,vobj.o,,,
0x0023EE50,sceVu0DropShadowMatrix,vobj.o,,,
0x0023FB58,sceDmaSync,vobj.o,,,
0x0023FA68,sceDmaRecvI,vobj.o,,,
0x0023FC20,sceDmaWatch,vobj.o,,,
0x0023F8B0,sceDmaRecv,vobj.o,,,
0x0023F6E0,sceDmaSendN,vobj.o,,,
0x0023F978,sceDmaRecvN,vobj.o,,,
0x0023FD10,sceDmaRestart,vobj.o,,,
0x0023F2E0,sceDmaReset,vobj.o,,,
0x0023FCF0,sceDmaPause,vobj.o,,,
0x0023F3D0,sceDmaPutEnv,vobj.o,,,
0x0023F3C0,sceDmaDebug,vobj.o,,,
0x0023F2B8,sceDmaGetChan,vobj.o,,,
0x0023F7C8,sceDmaSendI,vobj.o,,,
0x0023F608,sceDmaSend,vobj.o,,,
0x0023F5E0,sceDmaPutStallAddr,vobj.o,,,
0x0023F5A8,sceDmaGetEnv,vobj.o,,,
0x0023FD30,sceVif1PkInit,vobj.o,,,
0x0023FD40,sceVif1PkReset,vobj.o,,,
0x0023FD50,sceVif1PkTerminate,vobj.o,,,
0x0023FDA8,sceVif1PkCnt,vobj.o,,,
0x0023FE00,sceVif1PkEnd,vobj.o,,,
0x0023FE58,sceVif1PkOpenDirectCode,vobj.o,,,
0x0023FEB0,sceVif1PkCloseDirectCode,vobj.o,,,
0x0023FEE0,sceVif1PkOpenGifTag,vobj.o,,,
0x0023FEF8,sceVif1PkCloseGifTag,vobj.o,,,
0x0023FFA0,sceVif1PkAlign,vobj.o,,,
0x00240020,sceVif1PkAddGsData,vobj.o,,,
0x00240220,ioctl,vobj.o,,,
0x00240048,sceResetttyinit,vobj.o,,,
0x00240300,getpid,vobj.o,,,
0x002402E0,isatty,vobj.o,,,
0x00240228,lseek,vobj.o,,,
0x002400F8,write,vobj.o,,,
0x002402E8,fstat,vobj.o,,,
0x00240308,kill,vobj.o,,,
0x00240178,read,vobj.o,,,
0x00240358,unlink,vobj.o,,,
0x00240098,VSync2,vobj.o,,,
0x00240230,sbrk,vobj.o,,,
0x00240058,VSync,vobj.o,,,
0x00240330,stat,vobj.o,,,
0x002401F0,open,vobj.o,,,
0x00240218,close,vobj.o,,,
0x002407E0,sceTtyInit,vobj.o,,,
0x002405C0,sceTtyWrite,vobj.o,,,
0x00240710,sceTtyRead,vobj.o,,,
0x00240C00,sceSifAddCmdHandler,vobj.o,,,
0x00240BD0,sceSifSetCmdBuffer,vobj.o,,,
0x00240DD0,isceSifSendCmd,vobj.o,,,
0x002408D0,sceSifGetSreg,vobj.o,,,
0x00240B98,sceSifExitCmd,vobj.o,,,
0x00240D90,sceSifSendCmd,vobj.o,,,
0x00240BE8,sceSifSetSysCmdBuffer,vobj.o,,,
0x00240908,sceSifGetDataTable,vobj.o,,,
0x00240F38,sceSifWriteBackDCache,vobj.o,,,
0x00240918,sceSifInitCmd,vobj.o,,,
0x00240C30,sceSifRemoveCmdHandler,vobj.o,,,
0x002408E8,sceSifSetSreg,vobj.o,,,
0x00241A18,sceSifCheckStatRpc,vobj.o,,,
0x00241BC0,sceSifRemoveRpc,vobj.o,,,
0x00241CE8,sceSifGetNextRequest,vobj.o,,,
0x00241658,sceSifBindRpc,vobj.o,,,
0x00240FE8,sceSifInitRpc,vobj.o,,,
0x00241828,sceSifCallRpc,vobj.o,,,
0x00241AF0,sceSifRegisterRpc,vobj.o,,,
0x00241A58,sceSifSetRpcQueue,vobj.o,,,
0x00241188,sceSifExitRpc,vobj.o,,,
0x00241D40,sceSifExecRequest,vobj.o,,,
0x00241400,sceSifGetOtherData,vobj.o,,,
0x00241C58,sceSifRemoveRpcQueue,vobj.o,,,
0x00241F08,sceSifRpcLoop,vobj.o,,,
0x00244138,sceDread,vobj.o,,,
0x00243990,sceRemove,vobj.o,,,
0x00242750,sceOpen,vobj.o,,,
0x002429D8,sceClose,vobj.o,,,
0x00244C88,sceUmount,vobj.o,,,
0x00242B58,sceLseek,vobj.o,,,
0x002432C0,sceIoctl,vobj.o,,,
0x00244EE0,sceDevctl,vobj.o,,,
0x00244CA8,sceLseek64,vobj.o,,,
0x00245110,sceSymlink,vobj.o,,,
0x00242718,sceFsReset,vobj.o,,,
0x00244670,sceRename,vobj.o,,,
0x00244880,sceSync,vobj.o,,,
0x00243B60,sceRmdir,vobj.o,,,
0x002452F0,sceReadlink,vobj.o,,,
0x00243F30,sceDopen,vobj.o,,,
0x00243FD0,sceDclose,vobj.o,,,
0x00243610,sceIoctl2,vobj.o,,,
0x002424E8,sceFsInit,vobj.o,,,
0x00243F10,sceDelDrv,vobj.o,,,
0x00243000,sceWrite,vobj.o,,,
0x00244290,sceGetstat,vobj.o,,,
0x00242D90,sceRead,vobj.o,,,
0x00244430,sceChstat,vobj.o,,,
0x00243B80,sceFormat,vobj.o,,,
0x00244860,sceChdir,vobj.o,,,
0x00244A18,sceMount,vobj.o,,,
0x002439B0,sceMkdir,vobj.o,,,
0x00243DF0,sceAddDrv,vobj.o,,,
0x002455B0,sceSifFreeIopHeap,vobj.o,,,
0x002454B8,sceSifInitIopHeap,vobj.o,,,
0x00245628,sceSifLoadIopHeap,vobj.o,,,
0x00245540,sceSifAllocIopHeap,vobj.o,,,
0x00245FD0,sceSifSetIopAddr,vobj.o,,,
0x00245EE0,sceSifGetIopAddr,vobj.o,,,
0x00245EB8,sceSifLoadElf,vobj.o,,,
0x00245B08,sceSifLoadStartModuleBuffer,vobj.o,,,
0x00245D70,sceSifLoadStartModule,vobj.o,,,
0x00245D50,sceSifLoadModule,vobj.o,,,
0x00245AE8,sceSifLoadModuleBuffer,vobj.o,,,
0x00245E98,sceSifLoadElfPart,vobj.o,,,
0x002458A8,sceSifLoadFileReset,vobj.o,,,
0x00246208,sceSifSyncIop,vobj.o,,,
0x00246250,sceSifRebootIop,vobj.o,,,
0x002461E0,sceSifIsAliveIop,vobj.o,,,
0x002460B0,sceSifResetIop,vobj.o,,,
0x00246828,iPutTLBEntry,vobj.o,,,
0x00246868,iGetTLBEntry,vobj.o,,,
0x002467C8,InitTLBFunctions,vobj.o,,,
0x00246878,ProbeTLBEntry,vobj.o,,,
0x00246730,SetDebugHandler,vobj.o,,,
0x00246888,iProbeTLBEntry,vobj.o,,,
0x00246360,_DumpTLB,vobj.o,,,
0x00246858,GetTLBEntry,vobj.o,,,
0x00246848,iSetTLBEntry,vobj.o,,,
0x00246838,SetTLBEntry,vobj.o,,,
0x00246818,PutTLBEntry,vobj.o,,,
0x002466D0,SetTLBHandler,vobj.o,,,
0x00246898,ExpandScratchPad,vobj.o,,,
0x002469C0,_xlaunch,vobj.o,,,
0x002468C0,_kTLBException,vobj.o,,,
0x00246A00,_kExitTLBHandler,vobj.o,,,
0x00246B00,_kDebugException,vobj.o,,,
0x00247630,_sceCd_ncmd_prechk,vobj.o,,,
0x00247AB8,sceCdInit,vobj.o,,,
0x00246CB0,sceCdCallback,vobj.o,,,
0x00246C48,sceCdDelayThread,vobj.o,,,
0x002477A0,sceCdNcmdDiskReady,vobj.o,,,
0x00246E68,sceCdInitEeCB,vobj.o,,,
0x002470F8,sceCdPOffCallback,vobj.o,,,
0x00246F40,_sceCd_cd_read_intr,vobj.o,,,
0x002478D8,sceCdSyncS,vobj.o,,,
0x00247838,sceCdSync,vobj.o,,,
0x00247948,_sceCd_scmd_prechk,vobj.o,,,
0x00247D98,sceCdDiskReady,vobj.o,,,
0x00247F90,sceCdMmode,vobj.o,,,
0x00246D08,_sceCd_cd_callback,vobj.o,,,
0x00246DA8,_Cdvd_cbLoop,vobj.o,,,
0x00247330,sceCdSearchFile,vobj.o,,,
0x00248058,sceCdRead,vobj.o,,,
0x00248238,sceCdReadIOPm,vobj.o,,,
0x00248390,sceCdGetDiskType,vobj.o,,,
0x00248428,sceCdGetError,vobj.o,,,
0x00248838,sceCdStream,vobj.o,,,
0x00248798,sceCdStResume,vobj.o,,,
0x002485C0,sceCdStRead,vobj.o,,,
0x00248748,sceCdStPause,vobj.o,,,
0x002487F0,sceCdStStat,vobj.o,,,
0x00248528,sceCdStSeekF,vobj.o,,,
0x00248558,sceCdStSeek,vobj.o,,,
0x002484C0,sceCdStInit,vobj.o,,,
0x00248588,sceCdStStop,vobj.o,,,
0x002484F0,sceCdStStart,vobj.o,,,
0x002499C8,scePadInfoPressMode,vobj.o,,,
0x00249618,scePadSetMainMode,vobj.o,,,
0x00248D30,scePadPortOpen,vobj.o,,,
0x00249218,scePadGetReqState,vobj.o,,,
0x002496D0,scePadSetActDirect,vobj.o,,,
0x00249030,scePadGetFrameCount,vobj.o,,,
0x002492A0,scePadInfoAct,vobj.o,,,
0x00249100,scePadGetState,vobj.o,,,
0x002494E0,scePadInfoMode,vobj.o,,,
0x00248AD0,scePadInit,vobj.o,,,
0x00249A28,scePadEnterPressMode,vobj.o,,,
0x00248CB0,scePadEnd,vobj.o,,,
0x00249268,scePadReqIntToStr,vobj.o,,,
0x00249C10,scePadGetSlotMax,vobj.o,,,
0x00248F18,scePadPortClose,vobj.o,,,
0x00249080,scePadRead,vobj.o,,,
0x00249788,scePadSetActAlign,vobj.o,,,
0x00249178,scePadStateIntToStr,vobj.o,,,
0x00249A80,scePadExitPressMode,vobj.o,,,
0x002493C0,scePadInfoComb,vobj.o,,,
0x00249CE0,scePadSetWarningLevel,vobj.o,,,
0x0024AD38,sceMcFormat,vobj.o,,,
0x0024A1E0,sceMcMkdir,vobj.o,,,
0x0024ABE8,sceMcChdir,vobj.o,,,
0x0024B320,sceMcUnformat,vobj.o,,,
0x0024A880,sceMcGetInfo,vobj.o,,,
0x00249F30,sceMcChangeThreadPriority,vobj.o,,,
0x0024A748,sceMcSync,vobj.o,,,
0x00249F00,_lmcGetClientPtr,vobj.o,,,
0x00249D48,sceMcInit,vobj.o,,,
0x0024A0A8,sceMcOpen,vobj.o,,,
0x00249FE8,sceMcGetSlotMax,vobj.o,,,
0x0024AA08,sceMcGetDir,vobj.o,,,
0x0024A438,sceMcRead,vobj.o,,,
0x0024AE00,sceMcDelete,vobj.o,,,
0x0024A2D0,sceMcSeek,vobj.o,,,
0x0024AF28,sceMcFlush,vobj.o,,,
0x0024B3E8,sceMcGetEntSpace,vobj.o,,,
0x0024AFE0,sceMcSetFileInfo,vobj.o,,,
0x0024A218,sceMcClose,vobj.o,,,
0x0024A558,sceMcWrite,vobj.o,,,
0x0024B1B8,sceMcRename,vobj.o,,,
0x0024BB90,_pack_header,vobj.o,,,
0x0024BA98,sceMpegAddStrCallback,vobj.o,,,
0x0024BA78,sceMpegDemuxPss,vobj.o,,,
0x0024B588,_id2type,vobj.o,,,
0x0024B500,_type2id,vobj.o,,,
0x0024B788,sceMpegDemuxPssRing,vobj.o,,,
0x0024BD50,_PES_packet,vobj.o,,,
0x0024BCE0,_system_header,vobj.o,,,
0x0024C7D8,sceMpegAddCallback,vobj.o,,,
0x0024C920,_alalcInit,vobj.o,,,
0x0024C9C0,_alalcRest,vobj.o,,,
0x0024C5B8,sceMpegDelete,vobj.o,,,
0x0024C8D8,sceMpegDispCenterOffX,vobj.o,,,
0x0024C710,sceMpegIsEnd,vobj.o,,,
0x0024C850,_dispatchMpegCbNodata,vobj.o,,,
0x0024C5F8,sceMpegGetPicture,vobj.o,,,
0x0024C6D8,sceMpegSetDecodeMode,vobj.o,,,
0x0024C800,_dispatchMpegCallback,vobj.o,,,
0x0024C2D8,sceMpegInit,vobj.o,,,
0x0024C8B8,sceMpegDispWidth,vobj.o,,,
0x0024C878,sceMpegSetDefaultPtsGap,vobj.o,,,
0x0024C688,sceMpegGetPictureRAW8xy,vobj.o,,,
0x0024C640,sceMpegGetPictureRAW8,vobj.o,,,
0x0024CE38,_sceMpegFlush,vobj.o,,,
0x0024C938,_alalcSetDynamic,vobj.o,,,
0x0024C8E8,sceMpegDispCenterOffY,vobj.o,,,
0x0024C908,sceSetPtm,vobj.o,,,
0x0024C958,_alalcAlloc,vobj.o,,,
0x0024C6F0,sceMpegGetDecodeMode,vobj.o,,,
0x0024C8F8,sceSetBrokenLink,vobj.o,,,
0x0024C5C0,sceMpegAddBs,vobj.o,,,
0x0024C770,sceMpegClearRefBuff,vobj.o,,,
0x0024C8C8,sceMpegDispHeight,vobj.o,,,
0x0024C720,sceMpegIsRefBuffEmpty,vobj.o,,,
0x0024C730,sceMpegReset,vobj.o,,,
0x0024C890,sceMpegResetDefaultPtsGap,vobj.o,,,
0x0024C378,sceMpegCreate,vobj.o,,,
0x0024C948,_alalcFree,vobj.o,,,
0x0024C8A0,sceMpegSetImageBuff,vobj.o,,,
0x0024DA38,_sequenceScalableExtension,vobj.o,,,
0x0024D830,_sequenceExtension,vobj.o,,,
0x0024D068,_Error1,vobj.o,,,
0x0024D1E8,_sequenceHeader,vobj.o,,,
0x0024DA58,_pictureSpatialScalableExtension,vobj.o,,,
0x0024D098,_Error,vobj.o,,,
0x0024CF90,_clearEach,vobj.o,,,
0x0024DA48,_unknown_extension,vobj.o,,,
0x0024D058,_ErrMessage,vobj.o,,,
0x0024CF40,_clearOnce,vobj.o,,,
0x0024DA68,_pictureTemporalScalableExtension,vobj.o,,,
0x0024CEB8,_lastFrame,vobj.o,,,
0x0024D340,_initSeq,vobj.o,,,
0x0024D998,_sequenceDisplayExtension,vobj.o,,,
0x0024D0F0,_sendDataToIPU,vobj.o,,,
0x0024CEA8,_initSeqAgain,vobj.o,,,
0x0024DA78,_defStopDMA,vobj.o,,,
0x0024DA88,_defRestartDMA,vobj.o,,,
0x0024F830,_waitBdecOut,vobj.o,,,
0x00251230,_nextHeader,vobj.o,,,
0x00251B58,_decPicture,vobj.o,,,
0x0024F188,_rix_101,vobj.o,,,
0x0024DDD8,_getAllRefs,vobj.o,,,
0x00252170,_cpr8,vobj.o,,,
0x0024EC00,_ri0_001,vobj.o,,,
0x00251C38,_outputFrame,vobj.o,,,
0x00251820,_groupOfPicturesHeader,vobj.o,,,
0x0024F358,_rix_110,vobj.o,,,
0x00252530,_dispRefImage,vobj.o,,,
0x0024F748,_copyAddRefImage,vobj.o,,,
0x002507A0,_motionVectors,vobj.o,,,
0x0024F438,_ri0_110,vobj.o,,,
0x002511C0,_sliceB,vobj.o,,,
0x0024FCD0,_pictureData0,vobj.o,,,
0x00250920,_motionVector,vobj.o,,,
0x00251AA8,_copyrightExtension,vobj.o,,,
0x002514D8,_pictureCodingExtension,vobj.o,,,
0x0024ED80,_ri0_010,vobj.o,,,
0x00251CF0,_updateRefImage,vobj.o,,,
0x00251358,_pictureHeader,vobj.o,,,
0x0024F030,_rix_100,vobj.o,,,
0x00251708,_extrainfo,vobj.o,,,
0x0024FBC0,_mbAddressIncrement,vobj.o,,,
0x0024E488,_getRef0,vobj.o,,,
0x00250A60,_sendIpuCommand,vobj.o,,,
0x0024EAB0,_ri0_000,vobj.o,,,
0x0024EB48,_rix_001,vobj.o,,,
0x00251428,_extensionAndUserData,vobj.o,,,
0x0024F270,_ri0_101,vobj.o,,,
0x00250BE8,_ipuVdec,vobj.o,,,
0x00251908,_quantMatrixExtension,vobj.o,,,
0x0024F630,_ri0_111,vobj.o,,,
0x00252648,_dispRefImageField,vobj.o,,,
0x00250A90,_waitIpuIdle,vobj.o,,,
0x00250FF0,_nextBit,vobj.o,,,
0x0024FA38,_dualPrimeVector,vobj.o,,,
0x00251158,_nextStartCode,vobj.o,,,
0x0024F508,_rix_111,vobj.o,,,
0x00250B38,_waitIpuIdle64,vobj.o,,,
0x0024F808,_ipuSetMPEG1,vobj.o,,,
0x002519B8,_pictureDisplayExtension,vobj.o,,,
0x0024EE38,_rix_011,vobj.o,,,
0x0024EA38,_rix_000,vobj.o,,,
0x0024ECD0,_rix_010,vobj.o,,,
0x0024EF30,_ri0_011,vobj.o,,,
0x0024FA18,_dmVector,vobj.o,,,
0x00250ED8,_flushBuf,vobj.o,,,
0x0024F7A8,_copyRefImage,vobj.o,,,
0x00250DA0,_peepBit,vobj.o,,,
0x0024F0D8,_ri0_100,vobj.o,,,
0x00252CD0,_csc_storeRefImage,vobj.o,,,
0x00252F60,_sysbitNext,vobj.o,,,
0x00253018,_sysbitGet,vobj.o,,,
0x002530B0,_sysbitJump,vobj.o,,,
0x00253068,_sysbitMarker,vobj.o,,,
0x00252F28,_sysbitInit,vobj.o,,,
0x00253108,_sysbitPtr,vobj.o,,,
0x002532F0,sceIpuRestartDMA,vobj.o,,,
0x00253208,sceIpuStopDMA,vobj.o,,,
0x00253440,sceIpuSync,vobj.o,,,
0x00253510,sceIpuInit,vobj.o,,,
0x002570D0,SgInitHot,vobj.o,,,
0x00258B30,SgStPcmInit,vobj.o,,,
0x00258CF8,SgStPcmVolume,vobj.o,,,
0x002577C0,SgSetReverbEndAddr,vobj.o,,,
0x00258818,SgStAdpcmQuit,vobj.o,,,
0x00258830,SgStAdpcmOpen,vobj.o,,,
0x00257808,SgSetReverbDelaytime,vobj.o,,,
0x00258988,SgStAdpcmChannelPitch,vobj.o,,,
0x00258AC0,SgStAdpcmIopReadAddr,vobj.o,,,
0x00257DE8,SgSetBgmTempo,vobj.o,,,
0x002579A0,SgSetBgmVol,vobj.o,,,
0x00257178,SgSetDigitalOutputMode,vobj.o,,,
0x002577D8,SgSetReverbType,vobj.o,,,
0x00258CA8,SgStPcmLseek,vobj.o,,,
0x002587C0,SgSetSpuSlotFree,vobj.o,,,
0x002580D8,SgSePlay,vobj.o,,,
0x00257148,SgCalledTickProc,vobj.o,,,
0x002585E8,SgGetSpuSlotMalloc,vobj.o,,,
0x002570C8,SgInit,vobj.o,,,
0x00257988,SgSetMasterVol,vobj.o,,,
0x00257820,SgSetReverbFeedback,vobj.o,,,
0x00258D48,SgStPcmIopReadAddr,vobj.o,,,
0x00258B48,SgStPcmQuit,vobj.o,,,
0x00257470,SgVabClose,vobj.o,,,
0x002588C0,SgStAdpcmClose,vobj.o,,,
0x00257AD0,SgBgmPlay,vobj.o,,,
0x00257190,SgDmaWrite,vobj.o,,,
0x00257738,SgBgmClose,vobj.o,,,
0x00257F48,SgGetBgmChStatus,vobj.o,,,
0x002575D0,SgBgmOpen,vobj.o,,,
0x002577F0,SgSetReverbDepth,vobj.o,,,
0x00257860,SgSetTickMode,vobj.o,,,
0x00257080,SgSndn2RemoteSync,vobj.o,,,
0x00258BD0,SgStPcmClose,vobj.o,,,
0x00258C68,SgStPcmStop,vobj.o,,,
0x00257888,SgGetSlotStatus,vobj.o,,,
0x00257308,SgVabOpen,vobj.o,,,
0x00258C28,SgStPcmPlay,vobj.o,,,
0x00258430,SgSeStopAll,vobj.o,,,
0x00258578,SgSetSePitchDirect,vobj.o,,,
0x00258300,SgSeStop,vobj.o,,,
0x00257838,SgSetOutputMode,vobj.o,,,
0x00258C10,SgStPcmSetEffect,vobj.o,,,
0x00258B60,SgStPcmOpen,vobj.o,,,
0x002584D8,SgSetSeVolDirect,vobj.o,,,
0x00257FF8,SgSetBgmPanpot,vobj.o,,,
0x002571C0,SgDmaRead,vobj.o,,,
0x002570D8,SgQuit,vobj.o,,,
0x00257378,SgVabOpenFakeBody,vobj.o,,,
0x00257A48,SgSetSeMasterVol,vobj.o,,,
0x00257EC0,SgGetBgmStatus,vobj.o,,,
0x00258D90,SgStPcmBufMode,vobj.o,,,
0x00257E90,SgGetBgmTempo,vobj.o,,,
0x00258800,SgStAdpcmInit,vobj.o,,,
0x00258A60,SgStAdpcmStop,vobj.o,,,
0x00258A00,SgStAdpcmPlay,vobj.o,,,
0x00258900,SgStAdpcmChannelVolume,vobj.o,,,
0x00256FF0,SgSndn2RemoteInit,vobj.o,,,
0x00257B78,SgBgmStop,vobj.o,,,
0x00257278,SgGetDmaTransferStatus,vobj.o,,,
0x00258E68,sceDemoStart,vobj.o,,,
0x00258F60,sceDemoEnd,vobj.o,,,
0x00258FB0,sinf,vobj.o,,,
0x002590A0,acosf,vobj.o,,,
0x002591A0,asinf,vobj.o,,,
0x002592A0,atan2f,vobj.o,,,
0x002593C8,fmodf,vobj.o,,,
0x00259508,__ieee754_acosf,vobj.o,,,
0x00259938,__ieee754_asinf,vobj.o,,,
0x00259CD8,__ieee754_atan2f,vobj.o,,,
0x00259FC0,__ieee754_fmodf,vobj.o,,,
0x0025A210,__ieee754_rem_pio2f,vobj.o,,,
0x0025A5F0,__ieee754_sqrtf,vobj.o,,,
0x0025A728,__kernel_cosf,vobj.o,,,
0x0025A880,__kernel_rem_pio2f,vobj.o,,,
0x0025B1D0,__kernel_sinf,vobj.o,,,
0x0025B2D8,matherr,vobj.o,,,
0x0025B300,atanf,vobj.o,,,
0x0025B5A8,fabsf,vobj.o,,,
0x0025B5C8,floorf,vobj.o,,,
0x0025B6B0,isnanf,vobj.o,,,
0x0025B6D8,scalbnf,vobj.o,,,
0x0025B838,copysignf,vobj.o,,,
0x0025B970,__main,vobj.o,,,
0x0025B868,__do_global_dtors,vobj.o,,,
0x0025B8C0,__do_global_ctors,vobj.o,,,
0x0025B990,__divdi3,vobj.o,,,
0x0025C080,__fixunsdfdi,vobj.o,,,
0x0025C170,__floatdidf,vobj.o,,,
0x0025C208,__moddi3,vobj.o,,,
0x0025C870,__muldi3,vobj.o,,,
0x0025C8D0,__udivdi3,vobj.o,,,
0x0025CEA0,__umoddi3,vobj.o,,,
0x0025E050,__make_dp,vobj.o,,,
0x0025D848,dpsub,vobj.o,,,
0x0025D8B0,dpmul,vobj.o,,,
0x0025E080,dptofp,vobj.o,,,
0x0025DDD8,dpcmp,vobj.o,,,
0x0025D510,__unpack_d,vobj.o,,,
0x0025DF78,dptoul,vobj.o,,,
0x0025DB58,dpdiv,vobj.o,,,
0x0025DE28,litodp,vobj.o,,,
0x0025DCC0,__fpcmp_parts_d,vobj.o,,,
0x0025E018,__negdf2,vobj.o,,,
0x0025D7F0,dpadd,vobj.o,,,
0x0025DEE0,dptoli,vobj.o,,,
0x0025D3E0,__pack_d,vobj.o,,,
0x0025EA30,sitofp,vobj.o,,,
0x0025E768,fpdiv,vobj.o,,,
0x0025EC48,__make_fp,vobj.o,,,
0x0025E1E8,__unpack_f,vobj.o,,,
0x0025EB78,fptoui,vobj.o,,,
0x0025E0D8,__pack_f,vobj.o,,,
0x0025EC78,fptodp,vobj.o,,,
0x0025EAE8,fptosi,vobj.o,,,
0x0025E4B0,fpadd,vobj.o,,,
0x0025EC10,__negsf2,vobj.o,,,
0x0025E508,fpsub,vobj.o,,,
0x0025E9E0,fpcmp,vobj.o,,,
0x0025E570,fpmul,vobj.o,,,
0x0025E8C8,__fpcmp_parts_f,vobj.o,,,
0x0025ECB8,__assert,vobj.o,,,
0x0025ECF0,atoi,vobj.o,,,
0x0025ED18,__errno,vobj.o,,,
0x0025ED28,fiprintf,vobj.o,,,
0x0025ED5C,memcmp,vobj.o,,,
0x0025EDF0,memcpy,vobj.o,,,
0x0025EEA0,memset,vobj.o,,,
0x0025EFA0,printf,vobj.o,,,
0x0025EF60,_printf_r,vobj.o,,,
0x0025EFF0,qsort,vobj.o,,,
0x0025FA28,rand,vobj.o,,,
0x0025FA18,srand,vobj.o,,,
0x0025FA58,_sprintf_r,vobj.o,,,
0x0025FAC0,sprintf,vobj.o,,,
0x0025FB38,sscanf,vobj.o,,,
0x0025FBC0,strcat,vobj.o,,,
0x0025FCEC,strcmp,vobj.o,,,
0x0025FE30,strcpy,vobj.o,,,
0x0025FF44,strlen,vobj.o,,,
0x00260080,strncmp,vobj.o,,,
0x00260238,strncpy,vobj.o,,,
0x002603F8,strrchr,vobj.o,,,
0x00260448,strstr,vobj.o,,,
0x002604B8,strtok,vobj.o,,,
0x002604E0,strtok_r,vobj.o,,,
0x002607B8,strtol,vobj.o,,,
0x00260580,_strtol_r,vobj.o,,,
0x002608F0,vfiprintf,vobj.o,,,
0x00260968,_vfiprintf_r,vobj.o,,,
0x002616B0,_vfprintf_r,vobj.o,,,
0x00261638,vfprintf,vobj.o,,,
0x00262E58,__svfscanf,vobj.o,,,
0x00263960,__sccl,vobj.o,,,
0x00263A68,vsprintf,vobj.o,,,
0x00263AC0,__swsetup,vobj.o,,,
0x00263BD0,abort,vobj.o,,,
0x00263BF0,atof,vobj.o,,,
0x00263E28,_dtoa_r,vobj.o,,,
0x00264FF8,fflush,vobj.o,,,
0x002652C8,__sinit,vobj.o,,,
0x00265158,__sfmoreglue,vobj.o,,,
0x002652B8,_cleanup,vobj.o,,,
0x002652A8,_cleanup_r,vobj.o,,,
0x002651C8,__sfp,vobj.o,,,
0x00265358,fread,vobj.o,,,
0x00265478,_free_r,vobj.o,,,
0x00265798,_malloc_trim_r,vobj.o,,,
0x00265908,__sfvwrite,vobj.o,,,
0x00265CE0,_fwalk,vobj.o,,,
0x00265D78,_setlocale_r,vobj.o,,,
0x00265E00,_localeconv_r,vobj.o,,,
0x00265E10,setlocale,vobj.o,,,
0x00265E40,localeconv,vobj.o,,,
0x00265E68,__smakebuf,vobj.o,,,
0x00266210,_malloc_r,vobj.o,,,
0x00266988,_mbtowc_r,vobj.o,,,
0x002669C4,memchr,vobj.o,,,
0x00266AA4,memmove,vobj.o,,,
0x00266BB0,__malloc_unlock,vobj.o,,,
0x00266BA8,__malloc_lock,vobj.o,,,
0x00267B68,_mprec_log10,vobj.o,,,
0x00266EF0,_hi0bits,vobj.o,,,
0x00266BB8,_Balloc,vobj.o,,,
0x00267928,_d2b,vobj.o,,,
0x00267070,_multiply,vobj.o,,,
0x00267AA8,_ratio,vobj.o,,,
0x00266DA8,_s2b,vobj.o,,,
0x00267038,_i2b,vobj.o,,,
0x00266F78,_lo0bits,vobj.o,,,
0x00267518,__mcmp,vobj.o,,,
0x002672A0,_pow5mult,vobj.o,,,
0x00267710,_ulp,vobj.o,,,
0x002677A8,_b2d,vobj.o,,,
0x00266C90,_multadd,vobj.o,,,
0x00267580,__mdiff,vobj.o,,,
0x002673A0,_lshift,vobj.o,,,
0x00266C60,_Bfree,vobj.o,,,
0x00267BF8,__srefill,vobj.o,,,
0x00267D70,isinf,vobj.o,,,
0x00267DB8,isnan,vobj.o,,,
0x00267DF0,_sbrk_r,vobj.o,,,
0x00267EC0,_signal_r,vobj.o,,,
0x00267F50,_raise_r,vobj.o,,,
0x00268040,__sigtramp_r,vobj.o,,,
0x00268120,signal,vobj.o,,,
0x00268150,_init_signal,vobj.o,,,
0x00267E50,_init_signal_r,vobj.o,,,
0x00268178,__sigtramp,vobj.o,,,
0x002680F8,raise,vobj.o,,,
0x002681A0,_kill_r,vobj.o,,,
0x00268200,_getpid_r,vobj.o,,,
0x00268308,__sseek,vobj.o,,,
0x00268220,__sread,vobj.o,,,
0x00268370,__sclose,vobj.o,,,
0x00268288,__swrite,vobj.o,,,
0x00268390,_strtod_r,vobj.o,,,
0x002692C0,strtodf,vobj.o,,,
0x00269290,strtod,vobj.o,,,
0x00269508,strtoul,vobj.o,,,
0x002692E8,_strtoul_r,vobj.o,,,
0x00269630,ungetc,vobj.o,,,
0x00269540,__submore,vobj.o,,,
0x002697B8,_write_r,vobj.o,,,
0x00269818,_calloc_r,vobj.o,,,
0x002698D8,_close_r,vobj.o,,,
0x00269930,_fstat_r,vobj.o,,,
0x00269990,_lseek_r,vobj.o,,,
0x002699F0,_read_r,vobj.o,,,
0x00269A50,_realloc_r,vobj.o,,,
0x0026A068,SyncDCache,vobj.o,,,
0x0026A1A8,InvalidDCache,vobj.o,,,
0x00269FC0,_sceSDC,vobj.o,,,
0x0026A228,iInvalidDCache,vobj.o,,,
0x0026A0E8,iSyncDCache,vobj.o,,,
0x0026A100,_sceIDC,vobj.o,,,
0x0026A240,__fixdfdi,vobj.o,,,
0x0026A2A0,ClusterMicroProgram,vobj.o,,,
0x0026B060,MeshMicroProgram,vobj.o,,,
0x0026BA50,NormalCMicroProgram,vobj.o,,,
0x0026D130,NormalLMicroProgram,vobj.o,,,
0x0026EDD0,ParticleMicroProgram,vobj.o,,,
0x0026F400,__ps2_klibinfo__,vobj.o,,,
0x0026FBF0,db,vobj.o,,,
0x0026FF50,pad,vobj.o,,,
0x0026FE20,GlobalStageSetting,vobj.o,,,
0x002704D0,stageMgrMsg,vobj.o,,,
0x002704E8,SchedulerMsgQ,vobj.o,,,
0x0026FBC0,systemStatus,vobj.o,,,
0x00270560,ZeroPoint,vobj.o,,,
0x00270580,YUnitVector,vobj.o,,,
0x002705A0,InitialMatrix,vobj.o,,,
0x00270590,ZUnitVector,vobj.o,,,
0x00270570,XUnitVector,vobj.o,,,
0x00270550,ZeroVector,vobj.o,,,
0x00270E30,IdentityQuaternion,vobj.o,,,
0x00270F00,MicroCodeAddress,vobj.o,,,
0x00270FA0,textype,vobj.o,,,
0x00270F38,mipmap_header_size,vobj.o,,,
0x002791F0,CdvdMsgQ_LoadEnd,vobj.o,,,
0x00271000,iosCdvd,vobj.o,,,
0x00279220,iosCdvdSrhBuff,vobj.o,,,
0x002791C0,CdvdMsgQ,vobj.o,,,
0x0027B8F0,iconName,vobj.o,,,
0x0027B918,iOSMcSaveList,vobj.o,,,
0x0027BC88,McMsgQ,vobj.o,,,
0x0027B900,iOSMcSaveSeg,vobj.o,,,
0x0027BC78,IosMcPreviewInfo,vobj.o,,,
0x0027B960,IosMcProductFile,vobj.o,,,
0x0027BEC0,iosPadDev,vobj.o,,,
0x0027C330,padDevMgrMsgQ,vobj.o,,,
0x0027BCC0,iosPadConfDefault,vobj.o,,,
0x0027BDD0,iosPadConfCustom,vobj.o,,,
0x0027C2C0,th_iosPadDevManager,vobj.o,,,
0x0027C360,ShockDriver,vobj.o,,,
0x0027C370,ShockRequest,vobj.o,,,
0x0027C7D0,gobj_dl_link_tail,vobj.o,,,
0x0027C770,gobj_link_head,vobj.o,,,
0x0027C7B0,gobj_dl_link_head,vobj.o,,,
0x0027C790,gobj_link_tail,vobj.o,,,
0x0027CA60,add_rope_vec,vobj.o,,,
0x0027CA50,test_rope_velo,vobj.o,,,
0x0027D290,boss_look_position1,vobj.o,,,
0x0027D280,boss_throw_position,vobj.o,,,
0x0027D2A0,boss_look_position2,vobj.o,,,
0x0027D350,InitialColInfo,vobj.o,,,
0x0027D7B0,brain_val,vobj.o,,,
0x002830C0,handmgr,vobj.o,,,
0x00285190,jimakuMsgQ,vobj.o,,,
0x00283190,jimakuThreadStack,vobj.o,,,
0x002851C0,jimaku_msg,vobj.o,,,
0x00283120,jimakuThread,vobj.o,,,
0x00285210,gFlag,vobj.o,,,
0x00285250,scpInterDoorUpLever1,vobj.o,,,
0x00285270,scpInterDoorUpLever2,vobj.o,,,
0x00285410,brainGirl,vobj.o,,,
0x00285990,cameraPinDefault,vobj.o,,,
0x002859F0,cameraGroupDefault,vobj.o,,,
0x00285C80,drawline_ws_matrix,vobj.o,,,
0x002875B0,voBuf,vobj.o,,,
0x002875C8,display,vobj.o,,,
0x00287608,accessary,vobj.o,,,
0x00287950,actDataTbl,vobj.o,,,
0x00287990,actIntrList,vobj.o,,,
0x0028C490,cameraSetList,vobj.o,,,
0x0028CF70,gameParam,vobj.o,,,
0x0028D000,motionOrient,vobj.o,,,
0x002998D0,clingData,vobj.o,,,
0x00299AF0,objAction,vobj.o,,,
0x0029D988,objKindData,vobj.o,,,
0x0029F3B8,objLayout,vobj.o,,,
0x002DE810,parallelMotionTbl,vobj.o,,,
0x002E1120,seKind,vobj.o,,,
0x002E1C00,texProperty,vobj.o,,,
0x002EC7C0,stagePreLoadBuff,vobj.o,,,
