pal_va,usa_va,name,object_file,status,notes
0x00101C80,,Main,main.o,NO_ANCHOR,Object has no USA anchor
0x001023E0,,main,main.o,NO_ANCHOR,Object has no USA anchor
0x00102540,,Emergency_DestroyAllThread,main.o,NO_ANCHOR,Object has no USA anchor
0x001025E0,,movie_abort_check,main.o,NO_ANCHOR,Object has no USA anchor
0x00102620,,demoEnd,main.o,NO_ANCHOR,Object has no USA anchor
0x00102648,,sampleModeNoContTimeOutMain,sampleMode.o,NO_ANCHOR,Object has no USA anchor
0x00102788,,sampleModeDemoEnd,sampleMode.o,NO_ANCHOR,Object has no USA anchor
0x001027C0,,sampleModeDemoEndTimeOut,sampleMode.o,NO_ANCHOR,Object has no USA anchor
0x001027F8,,sampleModeStageInit,sampleMode.o,NO_ANCHOR,Object has no USA anchor
0x00102868,,sampleModeExec,sampleMode.o,NO_ANCHOR,Object has no USA anchor
0x001028F8,0x001028B0,EntryDelayFree,delayFreeManager.o,MATCH,offset=0x-0000048
0x00102988,0x00102940,InitDelayFree,delayFreeManager.o,MATCH,offset=0x-0000048
0x00102A20,0x001029D8,ExecDelayFree,delayFreeManager.o,OOB,USA address out of bounds
0x00102B30,0x00102AE8,GetRootQuaternionByDObj,geometryManager.o,MATCH,offset=0x-0000048
0x00102B68,0x00102B20,UpdateRootMatrixByDObj,geometryManager.o,MATCH,offset=0x-0000048
0x00102BF0,0x00102BA8,GetRootQuaternion,geometryManager.o,MATCH,offset=0x-0000048
0x00102BF8,0x00102BB0,UpdateRootMatrix,geometryManager.o,MATCH,offset=0x-0000048
0x00102C00,0x00102BB8,SetRootBaseQuaternion,geometryManager.o,MATCH,offset=0x-0000048
0x00102C10,0x00102BC8,SetRootQuaternion,geometryManager.o,MATCH,offset=0x-0000048
0x00102C90,0x00102C48,SetRootMatrixWithTransOffsetByDObj,geometryManager.o,MATCH,offset=0x-0000048
0x00102D10,0x00102CC8,SetRootMatrixWithTransOffset,geometryManager.o,MATCH,offset=0x-0000048
0x00102D18,0x00102CD0,GetRootMatrixRotOffsetByDObj,geometryManager.o,MATCH,offset=0x-0000048
0x00102D58,0x00102D10,GetRootMatrixRotOffset,geometryManager.o,MATCH,offset=0x-0000048
0x00102D60,0x00102D18,SetRootMatrixRotOffsetByDObj,geometryManager.o,MATCH,offset=0x-0000048
0x00102DD8,0x00102D90,SetRootMatrixRotOffset,geometryManager.o,MATCH,offset=0x-0000048
0x00102DE0,0x00102D98,SetDirectRootPositionNoFittingWithNodePoint,geometryManager.o,MATCH,offset=0x-0000048
0x00102FB0,0x00102F68,SetDirectRootPositionWithNodePoint,geometryManager.o,MATCH,offset=0x-0000048
0x00102FD8,0x00102F90,LocalizeGeometry,geometryManager.o,MATCH,offset=0x-0000048
0x00103170,0x00103128,GetGlobalDirectionOrient,geometryManager.o,MATCH,offset=0x-0000048
0x001031E8,0x001031A0,GlobalizeGeometry,geometryManager.o,MATCH,offset=0x-0000048
0x001032E0,0x00103298,GetRootVelocity,geometryManager.o,MATCH,offset=0x-0000048
0x001032F0,0x001032A8,GetInitialInverseMatrixByDObj,geometryManager.o,MATCH,offset=0x-0000048
0x001033B0,0x00103368,GetInitialInverseMatrix,geometryManager.o,MATCH,offset=0x-0000048
0x00103478,0x00103430,GetInitialSkeltonMatrixByDObj,geometryManager.o,MATCH,offset=0x-0000048
0x00103540,0x001034F8,MakeCharGObjList,geometryManager.o,MATCH,offset=0x-0000048
0x00103688,0x00103640,cylinderCollisionCheck,geometryManager.o,MATCH,offset=0x-0000048
0x00103CA0,0x00103C58,LocalizeDirectionOrient,geometryManager.o,MATCH,offset=0x-0000048
0x00103D18,0x00103CD0,GetCylinderCollision,geometryManager.o,MATCH,offset=0x-0000048
0x00103E18,0x00103DD0,GetCylinderCollisionWithExceptOwnCollision,geometryManager.o,MATCH,offset=0x-0000048
0x00103F20,0x00103ED8,CylinderCollision,geometryManager.o,MATCH,offset=0x-0000048
0x001040D0,0x00104088,CylinderCollisionWithControlDynamics,geometryManager.o,MATCH,offset=0x-0000048
0x00104290,0x00104248,GetRootMatrixByDObj,geometryManager.o,MATCH,offset=0x-0000048
0x00104310,0x001042C8,GetRootMatrix,geometryManager.o,MATCH,offset=0x-0000048
0x00104390,0x00104348,GetRootPositionByDObj,geometryManager.o,MATCH,offset=0x-0000048
0x00104410,0x001043C8,SetDirectRootPosition,geometryManager.o,MATCH,offset=0x-0000048
0x00104530,0x001044E8,SetDirectRootPositionNoFitting,geometryManager.o,MATCH,offset=0x-0000048
0x00104648,0x00104600,SetRootPosition,geometryManager.o,MATCH,offset=0x-0000048
0x001046D8,0x00104690,GetRootPosition,geometryManager.o,MATCH,offset=0x-0000048
0x00104760,0x00104718,GetRootOrient,geometryManager.o,MATCH,offset=0x-0000048
0x00104808,0x001047C0,LimitExistGeometry,geometryManager.o,MATCH,offset=0x-0000048
0x00104868,0x00104820,GetRootMatrixTransOffsetByDObj,geometryManager.o,MATCH,offset=0x-0000048
0x001048C0,0x00104878,GetRootMatrixTransOffset,geometryManager.o,MATCH,offset=0x-0000048
0x00104918,0x001048D0,GetRootMotionOrient,geometryManager.o,MATCH,offset=0x-0000048
0x001049E8,0x001049A0,GetRootMotionMatrix,geometryManager.o,MATCH,offset=0x-0000048
0x00104A98,0x00104A50,GetProjectionPosOfPlane,geometryManager.o,MATCH,offset=0x-0000048
0x00104B10,0x00104AC8,GetProjectionOfPlane,geometryManager.o,MATCH,offset=0x-0000048
0x00104B90,0x00104B48,GetProjectionOfPlaneWithKeepAway,geometryManager.o,MATCH,offset=0x-0000048
0x00104C08,0x00104BC0,GetCharGObjList,geometryManager.o,OOB,USA address out of bounds
0x00104D68,0x00104D20,InitKeyInput,keyInput.o,MATCH,offset=0x-0000048
0x00104E50,0x00104E08,ExecKeyInput,keyInput.o,OOB,USA address out of bounds
0x001050C0,0x00105078,InitMatrixDrive,matrixDrive.o,MATCH,offset=0x-0000048
0x001050F0,0x001050A8,MatrixDrive_PushMatrix,matrixDrive.o,MATCH,offset=0x-0000048
0x00105118,0x001050D0,MatrixDrive_RotMatrixX,matrixDrive.o,MATCH,offset=0x-0000048
0x00105190,0x00105148,MatrixDrive_RotMatrixY,matrixDrive.o,MATCH,offset=0x-0000048
0x00105208,0x001051C0,MatrixDrive_RotMatrixZ,matrixDrive.o,MATCH,offset=0x-0000048
0x00105280,0x00105238,MatrixDrive_ScaleMatrix,matrixDrive.o,MATCH,offset=0x-0000048
0x001052B0,0x00105268,MatrixDrive_TurnViewMatrix,matrixDrive.o,MATCH,offset=0x-0000048
0x00105428,0x001053E0,MatrixDrive_PushMatrixWithNoCopy,matrixDrive.o,MATCH,offset=0x-0000048
0x00105438,0x001053F0,MatrixDrive_PopMatrix,matrixDrive.o,MATCH,offset=0x-0000048
0x00105448,0x00105400,MatrixDrive_GetMatrix,matrixDrive.o,MATCH,offset=0x-0000048
0x00105460,0x00105418,MatrixDrive_GetLastMatrix,matrixDrive.o,MATCH,offset=0x-0000048
0x00105478,0x00105430,MatrixDrive_TransMatrixV,matrixDrive.o,MATCH,offset=0x-0000048
0x001054D8,0x00105490,MatrixDrive_TransMatrix,matrixDrive.o,MATCH,offset=0x-0000048
0x00105560,0x00105518,MatrixDrive_TurnObjectMatrix,matrixDrive.o,MATCH,offset=0x-0000048
0x00105658,0x00105610,MatrixDrive_TurnXObjectMatrixZY,matrixDrive.o,MATCH,offset=0x-0000048
0x00105740,0x001056F8,MatrixDrive_TurnXObjectMatrixYZ,matrixDrive.o,MATCH,offset=0x-0000048
0x00105828,0x001057E0,MatrixDrive_TurnYObjectMatrixXZ,matrixDrive.o,MATCH,offset=0x-0000048
0x00105910,0x001058C8,MatrixDrive_TurnZObjectMatrixXY,matrixDrive.o,MATCH,offset=0x-0000048
0x001059F8,0x001059B0,MatrixDrive_GetTurnXAngleZY,matrixDrive.o,MATCH,offset=0x-0000048
0x00105AD8,0x00105A90,MatrixDrive_GetTurnXAngleYZ,matrixDrive.o,MATCH,offset=0x-0000048
0x00105BB8,0x00105B70,MatrixDrive_GetTurnYAngleXZ,matrixDrive.o,MATCH,offset=0x-0000048
0x00105C98,0x00105C50,MatrixDrive_GetTurnYEAngleXZ,matrixDrive.o,MATCH,offset=0x-0000048
0x00105D88,0x00105D40,MatrixDrive_GetTurnZAngleXY,matrixDrive.o,MATCH,offset=0x-0000048
0x00105E68,0x00105E20,MatrixDrive_GetTurnZAngleYX,matrixDrive.o,MATCH,offset=0x-0000048
0x00105F58,0x00105F10,MatrixDrive_GetTurnMinusZAngleXY,matrixDrive.o,MATCH,offset=0x-0000048
0x00106040,0x00105FF8,MatrixDrive_SetTransposeMatrix,matrixDrive.o,MATCH,offset=0x-0000048
0x001060D0,0x00106088,CopyVector,matrixDrive.o,MATCH,offset=0x-0000048
0x001060E0,0x00106098,CopyIVector,matrixDrive.o,MATCH,offset=0x-0000048
0x001060F0,0x001060A8,CopyMatrix,matrixDrive.o,MATCH,offset=0x-0000048
0x00106118,0x001060D0,CopyMatrixUncached,matrixDrive.o,SEQ_MISMATCH,op_seq differs (sz=48)
0x00106148,0x00106100,AddVectorXYZ,matrixDrive.o,SEQ_MISMATCH,op_seq differs (sz=24)
0x00106160,0x00106118,SubVectorXYZ,matrixDrive.o,SEQ_MISMATCH,op_seq differs (sz=24)
0x00106178,0x00106130,UnitRotation,matrixDrive.o,SEQ_MISMATCH,op_seq differs (sz=56)
0x001061B0,0x00106168,FSqrt,matrixDrive.o,SEQ_MISMATCH,op_seq differs (sz=32)
0x001061D0,0x00106188,VectorLength,matrixDrive.o,SEQ_MISMATCH,op_seq differs (sz=40)
0x001061F8,0x001061B0,VectorLengthSquare,matrixDrive.o,SEQ_MISMATCH,op_seq differs (sz=32)
0x00106218,0x001061D0,GetPointDistance,matrixDrive.o,OOB,USA address out of bounds
0x00106260,,GetWaterReaction,motionManager2.o,NO_ANCHOR,Object has no USA anchor
0x00106560,,CheckFieldContact,motionManager2.o,NO_ANCHOR,Object has no USA anchor
0x00106740,,dispPlane,motionManager2.o,NO_ANCHOR,Object has no USA anchor
0x00106C68,,GetOrientOfWallOfGObj,motionManager2.o,NO_ANCHOR,Object has no USA anchor
0x00106C78,,GetOrientOfCliffOfGObj,motionManager2.o,NO_ANCHOR,Object has no USA anchor
0x00106C88,,SetMotionDirection,motionManager2.o,NO_ANCHOR,Object has no USA anchor
0x00106D40,,_GetMotionDirection,motionManager2.o,NO_ANCHOR,Object has no USA anchor
0x00106D50,,SetMotionDirectionWithLimit,motionManager2.o,NO_ANCHOR,Object has no USA anchor
0x00106EF0,,GetRootPosOfNextFrame,motionManager2.o,NO_ANCHOR,Object has no USA anchor
0x00106F38,,AdjustMotionHeightToField,motionManager2.o,NO_ANCHOR,Object has no USA anchor
0x00106F78,,GetLowerPlaneCollision,motionManager2.o,NO_ANCHOR,Object has no USA anchor
0x00107440,,InitMotionGeoInfo,motionManager2.o,NO_ANCHOR,Object has no USA anchor
0x00107930,,DispSkelton,motionManager2.o,NO_ANCHOR,Object has no USA anchor
0x001079B0,,SlopeIKControl,motionManager2.o,NO_ANCHOR,Object has no USA anchor
0x00107DC0,,GetPureVerticalPlaneOfCurrentPosition,motionManager2.o,NO_ANCHOR,Object has no USA anchor
0x001080C0,,AdjustVerticalSidePlaneOfWall,motionManager2.o,NO_ANCHOR,Object has no USA anchor
0x00108390,,GetPureVerticalPlane,motionManager2.o,NO_ANCHOR,Object has no USA anchor
0x00108548,,_getS16MotRotElem,motionManager2.o,NO_ANCHOR,Object has no USA anchor
0x00108930,,_getMotion,motionManager2.o,NO_ANCHOR,Object has no USA anchor
0x00108CE8,,GetStreamMotion,motionManager2.o,NO_ANCHOR,Object has no USA anchor
0x00108F30,,CopyMotionWithNodeHrc,motionManager2.o,NO_ANCHOR,Object has no USA anchor
0x00109038,,GetFloatingMotion,motionManager2.o,NO_ANCHOR,Object has no USA anchor
0x00109A38,,MakeMirrorMotion,motionManager2.o,NO_ANCHOR,Object has no USA anchor
0x00109BB0,,GetFloatingShapeMotion,motionManager2.o,NO_ANCHOR,Object has no USA anchor
0x00109DF0,,FeedbackWallWorkInfoToBrainSystem,motionManager2.o,NO_ANCHOR,Object has no USA anchor
0x00109E30,,GetMotionPointer,motionManager2.o,NO_ANCHOR,Object has no USA anchor
0x00109E40,,GetCollisionOfLastActiveField,motionManager2.o,NO_ANCHOR,Object has no USA anchor
0x00109E50,,DebugDisp1Collision,motionManager2.o,NO_ANCHOR,Object has no USA anchor
0x00109F48,,DebugDisp1CollisionWithColor,motionManager2.o,NO_ANCHOR,Object has no USA anchor
0x0010A040,,SetMotionBlendlessNode,motionManager2.o,NO_ANCHOR,Object has no USA anchor
0x0010A160,,ClearMotionBlendlessNode,motionManager2.o,NO_ANCHOR,Object has no USA anchor
0x0010A1A0,,InitMotionStateInfo,motionManager2.o,NO_ANCHOR,Object has no USA anchor
0x0010A228,,GetSkeltonFocusNode,motionManager2.o,NO_ANCHOR,Object has no USA anchor
0x0010A2D8,,AdjustMotionHeightToNearestField,motionManager2.o,NO_ANCHOR,Object has no USA anchor
0x0010A3A8,,SetRootUpdateMode,motionManager2.o,NO_ANCHOR,Object has no USA anchor
0x0010A3B8,,ForMotionViewer_GetCurrentAnimationFrame,motionManager2.o,NO_ANCHOR,Object has no USA anchor
0x0010A3C8,,ForMotionViewer_GetCurrentMotion,motionManager2.o,NO_ANCHOR,Object has no USA anchor
0x0010A3D8,,EnableMotionOrientUpdate,motionManager2.o,NO_ANCHOR,Object has no USA anchor
0x0010A3E8,,DisableMotionOrientUpdate,motionManager2.o,NO_ANCHOR,Object has no USA anchor
0x0010A3F8,,CheckFloorAttribute,motionManager2.o,NO_ANCHOR,Object has no USA anchor
0x0010A418,,CheckWallAttribute,motionManager2.o,NO_ANCHOR,Object has no USA anchor
0x0010A438,,CheckPureWallAttribute,motionManager2.o,NO_ANCHOR,Object has no USA anchor
0x0010A458,,CheckPureCliffAttribute,motionManager2.o,NO_ANCHOR,Object has no USA anchor
0x0010A478,,GetStreamShapeMotion,motionManager2.o,NO_ANCHOR,Object has no USA anchor
0x0010A4D0,,GetDifferenceFromWallUpperField,motionManager2.o,NO_ANCHOR,Object has no USA anchor
0x0010A5A0,,GetDifferenceFromLastField,motionManager2.o,NO_ANCHOR,Object has no USA anchor
0x0010A670,,GetDifferenceFromLowerField,motionManager2.o,NO_ANCHOR,Object has no USA anchor
0x0010A758,,GetDifferenceFromWallLowerPlane,motionManager2.o,NO_ANCHOR,Object has no USA anchor
0x0010A838,,GetDifferenceFromWallUpperPlane,motionManager2.o,NO_ANCHOR,Object has no USA anchor
0x0010A918,,DisableChangeRootUpdateMode,motionManager2.o,NO_ANCHOR,Object has no USA anchor
0x0010A928,,EnableChangeRootUpdateMode,motionManager2.o,NO_ANCHOR,Object has no USA anchor
0x0010A938,,GetRopeHangablePos,motionManager2.o,NO_ANCHOR,Object has no USA anchor
0x0010A948,,GetMotionFrameFlag1,motionManager2.o,NO_ANCHOR,Object has no USA anchor
0x0010A958,,GetMotionFrameFlag2,motionManager2.o,NO_ANCHOR,Object has no USA anchor
0x0010A968,,GetHeightOfFieldPlaneDifference,motionManager2.o,NO_ANCHOR,Object has no USA anchor
0x0010A9B8,,GetHeightOfWallFromGObj,motionManager2.o,NO_ANCHOR,Object has no USA anchor
0x0010A9C8,,GetHeightOfCliffFromGObj,motionManager2.o,NO_ANCHOR,Object has no USA anchor
0x0010A9D8,,InitMotionRotElem,motionManager2.o,NO_ANCHOR,Object has no USA anchor
0x0010AA28,,SetMotionNodeFixModeParameter,motionManager2.o,NO_ANCHOR,Object has no USA anchor
0x0010AB58,,GetRootProjectionPosOfGObj,motionManager2.o,NO_ANCHOR,Object has no USA anchor
0x0010ABA0,,SetMotionPlaySpeedRatio,motionManager2.o,NO_ANCHOR,Object has no USA anchor
0x0010ABB0,,ClearMotionGeometryInfo,motionManager2.o,NO_ANCHOR,Object has no USA anchor
0x0010AC10,,SetSkeltonDispSwitch,motionManager2.o,NO_ANCHOR,Object has no USA anchor
0x0010AC18,,CopyMotion,motionManager2.o,NO_ANCHOR,Object has no USA anchor
0x0010AC58,,GetMotionRootPos,motionManager2.o,NO_ANCHOR,Object has no USA anchor
0x0010ACA0,,GetMotion,motionManager2.o,NO_ANCHOR,Object has no USA anchor
0x0010AE58,,GetBlendedMotion,motionManager2.o,NO_ANCHOR,Object has no USA anchor
0x0010B040,,GetFloatingMotionRootPos,motionManager2.o,NO_ANCHOR,Object has no USA anchor
0x0010B160,,GetShapeMotion,motionManager2.o,NO_ANCHOR,Object has no USA anchor
0x0010B1D8,,LockForceGroundParent,motionManager2.o,NO_ANCHOR,Object has no USA anchor
0x0010B1E0,,UnlockForceGroundParent,motionManager2.o,NO_ANCHOR,Object has no USA anchor
0x0010B1E8,,GetOutOutsideOfWall,motionManager2.o,NO_ANCHOR,Object has no USA anchor
0x0010B298,,AdjustRootPositionToVerticalSidePlaneOfWall,motionManager2.o,NO_ANCHOR,Object has no USA anchor
0x0010B348,,fitYToPlane,motionManager2.o,NO_ANCHOR,Object has no USA anchor
0x0010B388,,GetBlendedMotionRootPos,motionManager2.o,NO_ANCHOR,Object has no USA anchor
0x0010B3E0,,_getMotRotElem,motionManager2.o,NO_ANCHOR,Object has no USA anchor
0x0010B798,0x0010B7A0,SetFallDownSplash,pool.o,MATCH,offset=0x00000008
0x0010B9B8,0x0010B9C0,GetPoolGlobalDrainVector,pool.o,MATCH,offset=0x00000008
0x0010B9C8,0x0010B9D0,InitPoolGeo,pool.o,SEQ_MISMATCH,op_seq differs (sz=4848)
0x0010CCB8,0x0010CCC0,PoolDL,pool.o,SEQ_MISMATCH,op_seq differs (sz=256)
0x0010CDB8,0x0010CDC0,InitLimitedPoolReflactionMesh,pool.o,SEQ_MISMATCH,op_seq differs (sz=328)
0x0010CF00,0x0010CF08,SetLayoutedPoolReflactionMesh,pool.o,SEQ_MISMATCH,op_seq differs (sz=832)
0x0010D240,0x0010D248,SetLimitedPoolReflactionMesh,pool.o,SEQ_MISMATCH,op_seq differs (sz=1112)
0x0010D698,0x0010D6A0,DispLimitedPoolReflactionMesh,pool.o,SEQ_MISMATCH,op_seq differs (sz=232)
0x0010D780,0x0010D788,PoolGeo,pool.o,SEQ_MISMATCH,op_seq differs (sz=8)
0x0010D788,0x0010D790,GetPoolGlobalHeight,pool.o,SEQ_MISMATCH,op_seq differs (sz=64)
0x0010D7C8,0x0010D7D0,GetPoolGlobalHeightDetail,pool.o,SEQ_MISMATCH,op_seq differs (sz=280)
0x0010D8E0,0x0010D8E8,CheckPoolHasGridMesh,pool.o,SEQ_MISMATCH,op_seq differs (sz=24)
0x0010D8F8,0x0010D900,InitLayoutedPoolReflactionMesh,pool.o,SEQ_MISMATCH,op_seq differs (sz=456)
0x0010DAC0,0x0010DAC8,getWave,pool.o,OOB,USA address out of bounds
0x0010DB40,0x0010DB78,MultiCurrentQuaternion,quaternion.o,MATCH,offset=0x00000038
0x0010DB68,0x0010DBA0,InvertCurrentQuaternion,quaternion.o,MATCH,offset=0x00000038
0x0010DB88,0x0010DBC0,SetCurrentQuaternion,quaternion.o,MATCH,offset=0x00000038
0x0010DBA8,0x0010DBE0,RotCurrentQuaternionX,quaternion.o,MATCH,offset=0x00000038
0x0010DBC8,0x0010DC00,RotCurrentQuaternionY,quaternion.o,MATCH,offset=0x00000038
0x0010DBE8,0x0010DC20,RotCurrentQuaternionZ,quaternion.o,MATCH,offset=0x00000038
0x0010DC08,0x0010DC40,PushQuaternion,quaternion.o,MATCH,offset=0x00000038
0x0010DC80,0x0010DCB8,InitQuaternionDrive,quaternion.o,MATCH,offset=0x00000038
0x0010DC90,0x0010DCC8,SetIdentityQuaternion,quaternion.o,MATCH,offset=0x00000038
0x0010DCA0,0x0010DCD8,GetMatrixFromQuaternion,quaternion.o,MATCH,offset=0x00000038
0x0010DF58,0x0010DF90,GetQuaternionFromMatrix,quaternion.o,MATCH,offset=0x00000038
0x0010DF90,0x0010DFC8,CopyQuaternion,quaternion.o,MATCH,offset=0x00000038
0x0010DF98,0x0010DFD0,GetInverseQuaternion,quaternion.o,MATCH,offset=0x00000038
0x0010DFD8,0x0010E010,RegularizeQuaternion,quaternion.o,MATCH,offset=0x00000038
0x0010E040,0x0010E078,GetSlerpQuaternionNoRegularize,quaternion.o,MATCH,offset=0x00000038
0x0010E1D8,0x0010E210,GetSlerpQuaternion,quaternion.o,MATCH,offset=0x00000038
0x0010E200,0x0010E238,GetCurrentQuaternion,quaternion.o,MATCH,offset=0x00000038
0x0010E218,0x0010E250,GetLastQuaternion,quaternion.o,MATCH,offset=0x00000038
0x0010E230,0x0010E268,PushQuaternionWithNoCopy,quaternion.o,MATCH,offset=0x00000038
0x0010E288,0x0010E2C0,PopQuaternion,quaternion.o,MATCH,offset=0x00000038
0x0010E2C0,0x0010E2F8,SetQuaternionByAxisRotate,quaternion.o,MATCH,offset=0x00000038
0x0010E330,0x0010E368,SetQuaternionByAxisRotateWithNoRegularize,quaternion.o,MATCH,offset=0x00000038
0x0010E398,0x0010E3D0,SetQuaternionByAxisRotateEAngle,quaternion.o,MATCH,offset=0x00000038
0x0010E458,0x0010E490,SetQuaternionByAxisRotateV,quaternion.o,MATCH,offset=0x00000038
0x0010E4B8,0x0010E4F0,SetQuaternionByAxisRotateVWithNoRegularize,quaternion.o,MATCH,offset=0x00000038
0x0010E518,0x0010E550,MultiQuaternion,quaternion.o,MATCH,offset=0x00000038
0x0010E558,0x0010E590,DivQuaternion,quaternion.o,MATCH,offset=0x00000038
0x0010E5A0,0x0010E5D8,GetMatrixFromQuaternionRotElem,quaternion.o,MATCH,offset=0x00000038
0x0010E620,0x0010E658,GetMatrixFromQuaternionPos,quaternion.o,MATCH,offset=0x00000038
0x0010E6D0,0x0010E708,MultiMatrixByQuaternion,quaternion.o,MATCH,offset=0x00000038
0x0010E718,0x0010E750,GetMirrorQuaternion,quaternion.o,MATCH,offset=0x00000038
0x0010E818,0x0010E850,RotQuaternionX,quaternion.o,MATCH,offset=0x00000038
0x0010E8B8,0x0010E8F0,RotQuaternionY,quaternion.o,MATCH,offset=0x00000038
0x0010E958,0x0010E990,RotQuaternionZ,quaternion.o,MATCH,offset=0x00000038
0x0010E9F8,0x0010EA30,RotQuaternionEAX,quaternion.o,MATCH,offset=0x00000038
0x0010EAF8,0x0010EB30,RotQuaternionEAZ,quaternion.o,MATCH,offset=0x00000038
0x0010EBF8,0x0010EC30,GetXUnitVectorOfQuaternion,quaternion.o,MATCH,offset=0x00000038
0x0010EC88,0x0010ECC0,GetYUnitVectorOfQuaternion,quaternion.o,SEQ_MISMATCH,op_seq differs (sz=144)
0x0010ED18,0x0010ED50,GetZUnitVectorOfQuaternion,quaternion.o,SEQ_MISMATCH,op_seq differs (sz=144)
0x0010EDA8,0x0010EDE0,GetDifferencialQuaternionWithNoRegularize,quaternion.o,SEQ_MISMATCH,op_seq differs (sz=192)
0x0010EE68,0x0010EEA0,GetQuaternionMagnitude,quaternion.o,SEQ_MISMATCH,op_seq differs (sz=64)
0x0010EEA8,0x0010EEE0,SetQuaternionByCosineAxisRotateVWithNoRegularize,quaternion.o,SEQ_MISMATCH,op_seq differs (sz=144)
0x0010EF38,0x0010EF70,SetQuaternionByCosineAxisRotateV,quaternion.o,SEQ_MISMATCH,op_seq differs (sz=144)
0x0010EFC8,0x0010F000,SetQuaternionByAxisRotateVEAngle,quaternion.o,SEQ_MISMATCH,op_seq differs (sz=192)
0x0010F088,0x0010F0C0,GetQuaternionCosRadian,quaternion.o,OOB,USA address out of bounds
0x0010F0B0,,GetTableSin,tableSin.o,NO_ANCHOR,Object has no USA anchor
0x0010F100,,GetTableCos,tableSin.o,NO_ANCHOR,Object has no USA anchor
0x0010F158,,InitTableSin,tableSin.o,NO_ANCHOR,Object has no USA anchor
0x0010F230,,GetTableArcSin,tableSin.o,NO_ANCHOR,Object has no USA anchor
0x0010F2C0,,GetTableArcCos,tableSin.o,NO_ANCHOR,Object has no USA anchor
0x0010F368,,GetTableArcTan2,tableSin.o,NO_ANCHOR,Object has no USA anchor
0x0010F3B0,0x0010F388,p2o_MakePacket,DisplayP2O.o,MATCH,offset=0x-0000028
0x0010F3C0,0x0010F398,p2o_DispShadowVolume,DisplayP2O.o,MATCH,offset=0x-0000028
0x0010F3C8,0x0010F3A0,p2o_HideDispVU1,DisplayP2O.o,MATCH,offset=0x-0000028
0x0010F3F8,0x0010F3D0,p2o_DispVU1DObj,DisplayP2O.o,MATCH,offset=0x-0000028
0x0010F400,0x0010F3D8,p2o_DispVU1DObjMulti,DisplayP2O.o,MATCH,offset=0x-0000028
0x0010F408,0x0010F3E0,p2o_DispVU1Multi,DisplayP2O.o,SEQ_MISMATCH,op_seq differs (sz=8)
0x0010F410,0x0010F3E8,p2o_DispVU1MultiDefault,DisplayP2O.o,SEQ_MISMATCH,op_seq differs (sz=8)
0x0010F418,0x0010F3F0,p2o_DispVU1,DisplayP2O.o,SEQ_MISMATCH,op_seq differs (sz=8)
0x0010F420,0x0010F3F8,p2o_DispVU1Default,DisplayP2O.o,SEQ_MISMATCH,op_seq differs (sz=8)
0x0010F428,0x0010F400,p2o_TransMicroProgram,DisplayP2O.o,SEQ_MISMATCH,op_seq differs (sz=16)
0x0010F438,0x0010F410,p2o_SetDefaultEnviroment,DisplayP2O.o,OOB,USA address out of bounds
0x0010F440,,file_Init,FileManager.o,NO_ANCHOR,Object has no USA anchor
0x0010FD20,,file_LoadFile,FileManager.o,NO_ANCHOR,Object has no USA anchor
0x0010FD98,0x0010FD20,gif_EndPacket,GifPacket.o,MATCH,offset=0x-0000078
0x0010FED0,0x0010FE58,gif_EndPacketPath1,GifPacket.o,MATCH,offset=0x-0000078
0x0010FFE8,0x0010FF70,gif_MakeLine2DOffset,GifPacket.o,MATCH,offset=0x-0000078
0x00110110,0x00110098,gif_MakeSprite,GifPacket.o,MATCH,offset=0x-0000078
0x00110290,0x00110218,gif_MakeSpriteOffset,GifPacket.o,MATCH,offset=0x-0000078
0x00110428,0x001103B0,gif_MakeSpriteWithStrip,GifPacket.o,MATCH,offset=0x-0000078
0x00110690,0x00110618,gif_PointOffset,GifPacket.o,MATCH,offset=0x-0000078
0x001107B8,0x00110740,gif_Line,GifPacket.o,MATCH,offset=0x-0000078
0x00110948,0x001108D0,gif_Sprite,GifPacket.o,MATCH,offset=0x-0000078
0x00110B48,0x00110AD0,gif_SpriteSensitive,GifPacket.o,MATCH,offset=0x-0000078
0x00110CE8,0x00110C70,gif_SpriteOffset,GifPacket.o,SEQ_MISMATCH,op_seq differs (sz=528)
0x00110EF8,0x00110E80,gif_SpriteSensitiveOffset,GifPacket.o,SEQ_MISMATCH,op_seq differs (sz=440)
0x001110B0,0x00111038,gif_SpriteOrg,GifPacket.o,SEQ_MISMATCH,op_seq differs (sz=424)
0x00111258,0x001111E0,gif_SpriteSensitiveOrg,GifPacket.o,SEQ_MISMATCH,op_seq differs (sz=328)
0x001113A0,0x00111328,gif_SetDrawEnviroment,GifPacket.o,SEQ_MISMATCH,op_seq differs (sz=456)
0x00111568,0x001114F0,gif_DrawPolyF4,GifPacket.o,SEQ_MISMATCH,op_seq differs (sz=776)
0x00111870,0x001117F8,gif_DrawStripF,GifPacket.o,SEQ_MISMATCH,op_seq differs (sz=448)
0x00111A30,0x001119B8,gif_DrawStripG,GifPacket.o,SEQ_MISMATCH,op_seq differs (sz=520)
0x00111C38,0x00111BC0,gif_Draw2DStripG,GifPacket.o,SEQ_MISMATCH,op_seq differs (sz=472)
0x00111E10,0x00111D98,gif_Draw2DUVStripG,GifPacket.o,SEQ_MISMATCH,op_seq differs (sz=520)
0x00112018,0x00111FA0,gif_Init,GifPacket.o,SEQ_MISMATCH,op_seq differs (sz=8)
0x00112020,0x00111FA8,gif_StartPacketPri,GifPacket.o,SEQ_MISMATCH,op_seq differs (sz=48)
0x00112050,0x00111FD8,gif_StartPacketPriPath1,GifPacket.o,SEQ_MISMATCH,op_seq differs (sz=48)
0x00112080,0x00112008,gif_SetGsReg,GifPacket.o,SEQ_MISMATCH,op_seq differs (sz=40)
0x001120A8,0x00112030,gif_CheckOpen,GifPacket.o,SEQ_MISMATCH,op_seq differs (sz=8)
0x001120B0,0x00112038,gif_MakePoint2D,GifPacket.o,SEQ_MISMATCH,op_seq differs (sz=200)
0x00112178,0x00112100,gif_MakePoint2DOffset,GifPacket.o,SEQ_MISMATCH,op_seq differs (sz=216)
0x00112250,0x001121D8,gif_MakeLine2D,GifPacket.o,SEQ_MISMATCH,op_seq differs (sz=272)
0x00112360,0x001122E8,gif_MakeSpriteNoTexture,GifPacket.o,SEQ_MISMATCH,op_seq differs (sz=248)
0x00112458,0x001123E0,gif_MakeSpriteNoTextureOffset,GifPacket.o,SEQ_MISMATCH,op_seq differs (sz=272)
0x00112568,0x001124F0,gif_Point,GifPacket.o,SEQ_MISMATCH,op_seq differs (sz=248)
0x00112660,0x001125E8,gif_LineOffset,GifPacket.o,SEQ_MISMATCH,op_seq differs (sz=176)
0x00112710,0x00112698,gif_SetAlpha,GifPacket.o,SEQ_MISMATCH,op_seq differs (sz=160)
0x001127B0,0x00112738,gif_MoveImage,GifPacket.o,SEQ_MISMATCH,op_seq differs (sz=256)
0x001128B0,0x00112838,gif_SetZTest,GifPacket.o,SEQ_MISMATCH,op_seq differs (sz=64)
0x001128F0,0x00112878,gif_SetZWrite,GifPacket.o,SEQ_MISMATCH,op_seq differs (sz=88)
0x00112948,0x001128D0,gif_SetHalfOffset,GifPacket.o,SEQ_MISMATCH,op_seq differs (sz=128)
0x001129C8,0x00112950,_IsInScreen,GifPacket.o,OOB,USA address out of bounds
0x00112A30,,gsb_SetFrame,GsBase.o,NO_ANCHOR,Object has no USA anchor
0x00112B28,,gsb_Init,GsBase.o,NO_ANCHOR,Object has no USA anchor
0x00112C90,,gsb_Reduction,GsBase.o,NO_ANCHOR,Object has no USA anchor
0x001140F0,,gsb_MakeCommonMatrix,GsBase.o,NO_ANCHOR,Object has no USA anchor
0x001145D0,,gsb_InitGSSystem,GsBase.o,NO_ANCHOR,Object has no USA anchor
0x001146C0,,gsb_UpdateGSSystem,GsBase.o,NO_ANCHOR,Object has no USA anchor
0x001147E0,,gsb_ResetGSSystem,GsBase.o,NO_ANCHOR,Object has no USA anchor
0x00114CC0,,gsb_SetVSMatrix,GsBase.o,NO_ANCHOR,Object has no USA anchor
0x00114EA8,,gsb_ClipBox,GsBase.o,NO_ANCHOR,Object has no USA anchor
0x00114F98,,gsb_StageSettingTool,GsBase.o,NO_ANCHOR,Object has no USA anchor
0x00115378,,gsb_StageSetting,GsBase.o,NO_ANCHOR,Object has no USA anchor
0x001154E0,,gsb_SetBGColor,GsBase.o,NO_ANCHOR,Object has no USA anchor
0x00115538,,gsb_GetBGColor,GsBase.o,NO_ANCHOR,Object has no USA anchor
0x00115568,,gsb_SetZoom,GsBase.o,NO_ANCHOR,Object has no USA anchor
0x00115578,,gsb_SyncGSSystem,GsBase.o,NO_ANCHOR,Object has no USA anchor
0x001155D8,,gsb_LoadStageSettings,GsBase.o,NO_ANCHOR,Object has no USA anchor
0x00115678,,gsb_SaveStageSettings,GsBase.o,NO_ANCHOR,Object has no USA anchor
0x00115718,,gsb_ClearFrameBuffer,GsBase.o,NO_ANCHOR,Object has no USA anchor
0x00115900,,light_AddLight,Light.o,NO_ANCHOR,Object has no USA anchor
0x001166D0,,light_MakeLightMatrix,Light.o,NO_ANCHOR,Object has no USA anchor
0x001167B0,,light_DispVolume,Light.o,NO_ANCHOR,Object has no USA anchor
0x00117400,,light_Tool,Light.o,NO_ANCHOR,Object has no USA anchor
0x00117F48,,light_InitLight,Light.o,NO_ANCHOR,Object has no USA anchor
0x00117F58,,light_KillAllFixLight,Light.o,NO_ANCHOR,Object has no USA anchor
0x00117FB8,,light_KillAllAmbient,Light.o,NO_ANCHOR,Object has no USA anchor
0x00118010,,light_AddAmbientObject,Light.o,NO_ANCHOR,Object has no USA anchor
0x00118140,,_RemakeNormal,Matrix.o,NO_ANCHOR,Object has no USA anchor
0x00118410,,_Sqrt,Matrix.o,NO_ANCHOR,Object has no USA anchor
0x00118430,,_InitCurrentMatrix,Matrix.o,NO_ANCHOR,Object has no USA anchor
0x00118450,,_UnitCurrentMatrix,Matrix.o,NO_ANCHOR,Object has no USA anchor
0x00118470,,_PushCurrentMatrix,Matrix.o,NO_ANCHOR,Object has no USA anchor
0x00118488,,_PopCurrentMatrix,Matrix.o,NO_ANCHOR,Object has no USA anchor
0x001184A0,,_TransCurrentMatrix,Matrix.o,NO_ANCHOR,Object has no USA anchor
0x001184C0,,_SetTransCurrentMatrix,Matrix.o,NO_ANCHOR,Object has no USA anchor
0x001184D0,,_ClearTransCurrentMatrix,Matrix.o,NO_ANCHOR,Object has no USA anchor
0x001184E0,,_RotCurrentMatrixX,Matrix.o,NO_ANCHOR,Object has no USA anchor
0x001185A0,,_RotCurrentMatrixY,Matrix.o,NO_ANCHOR,Object has no USA anchor
0x00118660,,_RotCurrentMatrixZ,Matrix.o,NO_ANCHOR,Object has no USA anchor
0x00118720,,_ScaleCurrentMatrix,Matrix.o,NO_ANCHOR,Object has no USA anchor
0x001187B0,,_GetCurrentMatrix,Matrix.o,NO_ANCHOR,Object has no USA anchor
0x001187C8,,_GetCurrentMatrixTrans,Matrix.o,NO_ANCHOR,Object has no USA anchor
0x001187D8,,_SetCurrentMatrix,Matrix.o,NO_ANCHOR,Object has no USA anchor
0x001187F0,,_MulCurrentMatrixR,Matrix.o,NO_ANCHOR,Object has no USA anchor
0x00118858,,_MulCurrentMatrixL,Matrix.o,NO_ANCHOR,Object has no USA anchor
0x001188B0,,_ApplyCurrentMatrix,Matrix.o,NO_ANCHOR,Object has no USA anchor
0x001188D0,,_RotTransPersCurrentMatrix,Matrix.o,NO_ANCHOR,Object has no USA anchor
0x00118900,,_TransposeCurrentMatrix,Matrix.o,NO_ANCHOR,Object has no USA anchor
0x00118950,,_TransposeRotationCurrentMatrix,Matrix.o,NO_ANCHOR,Object has no USA anchor
0x00118980,,_InverseCurrentMatrix,Matrix.o,NO_ANCHOR,Object has no USA anchor
0x001189D0,,_PushVu0Registers,Matrix.o,NO_ANCHOR,Object has no USA anchor
0x00118A58,,_PopVu0Registers,Matrix.o,NO_ANCHOR,Object has no USA anchor
0x00118AE0,,_NormalizeVector,Matrix.o,NO_ANCHOR,Object has no USA anchor
0x00118B10,,_InnerProduct,Matrix.o,NO_ANCHOR,Object has no USA anchor
0x00118B40,,_OuterProduct,Matrix.o,NO_ANCHOR,Object has no USA anchor
0x00118B60,,_AddVector,Matrix.o,NO_ANCHOR,Object has no USA anchor
0x00118B78,,_AddVectorXYZ,Matrix.o,NO_ANCHOR,Object has no USA anchor
0x00118B90,,_SubVector,Matrix.o,NO_ANCHOR,Object has no USA anchor
0x00118BA8,,_SubVectorXYZ,Matrix.o,NO_ANCHOR,Object has no USA anchor
0x00118BC0,,_ScaleVector,Matrix.o,NO_ANCHOR,Object has no USA anchor
0x00118BE0,,_ScaleVectorXYZ,Matrix.o,NO_ANCHOR,Object has no USA anchor
0x00118C00,,_ScaleVector2XYZ,Matrix.o,NO_ANCHOR,Object has no USA anchor
0x00118C20,,_FTOI4Vector,Matrix.o,NO_ANCHOR,Object has no USA anchor
0x00118C38,,_FTOI0Vector,Matrix.o,NO_ANCHOR,Object has no USA anchor
0x00118C50,,_CopyVector,Matrix.o,NO_ANCHOR,Object has no USA anchor
0x00118C60,,_CopyIVector,Matrix.o,NO_ANCHOR,Object has no USA anchor
0x00118C70,,_UnitVector,Matrix.o,NO_ANCHOR,Object has no USA anchor
0x00118C80,,_InterVector,Matrix.o,NO_ANCHOR,Object has no USA anchor
0x00118CA8,,_InterVectorXYZ,Matrix.o,NO_ANCHOR,Object has no USA anchor
0x00118CD0,,_GetNorm,Matrix.o,NO_ANCHOR,Object has no USA anchor
0x00118D00,,_GetLength,Matrix.o,NO_ANCHOR,Object has no USA anchor
0x00118D38,,_GetLengthXY,Matrix.o,NO_ANCHOR,Object has no USA anchor
0x00118D68,,_GetLengthXZ,Matrix.o,NO_ANCHOR,Object has no USA anchor
0x00118D98,,_CopyMatrix,Matrix.o,NO_ANCHOR,Object has no USA anchor
0x00118DC0,,_MulMatrix,Matrix.o,NO_ANCHOR,Object has no USA anchor
0x00118E38,,_ApplyMatrix,Matrix.o,NO_ANCHOR,Object has no USA anchor
0x00118E68,,_UnitMatrix,Matrix.o,NO_ANCHOR,Object has no USA anchor
0x00118E90,,_UnitRotation,Matrix.o,NO_ANCHOR,Object has no USA anchor
0x00118EB8,,_TransposeMatrix,Matrix.o,NO_ANCHOR,Object has no USA anchor
0x00118F00,,_InversMatrix,Matrix.o,NO_ANCHOR,Object has no USA anchor
0x00118F70,,_ScaleMatrixV,Matrix.o,NO_ANCHOR,Object has no USA anchor
0x00119008,,_SetCameraMatrix,Matrix.o,NO_ANCHOR,Object has no USA anchor
0x00119130,,_MakeNormalLightMatrix,Matrix.o,NO_ANCHOR,Object has no USA anchor
0x00119200,,_MakeLightColorMatrix,Matrix.o,NO_ANCHOR,Object has no USA anchor
0x00119238,,_InitRandom,Matrix.o,NO_ANCHOR,Object has no USA anchor
0x00119258,,_GetRandom,Matrix.o,NO_ANCHOR,Object has no USA anchor
0x00119270,,_GetRandomVector,Matrix.o,NO_ANCHOR,Object has no USA anchor
0x00119290,,_GetRandomVector0,Matrix.o,NO_ANCHOR,Object has no USA anchor
0x001192A8,,_RotTransCurrentMatrix,Matrix.o,NO_ANCHOR,Object has no USA anchor
0x00119458,0x00117B90,mc_SetMicroCode,MicroCode.o,MATCH,offset=0x-00018C8
0x00119678,0x00117DB0,mc_TransMicroCode,MicroCode.o,MATCH,offset=0x-00018C8
0x00119748,0x00117E80,mc_Reset,MicroCode.o,MATCH,offset=0x-00018C8
0x00119788,0x00117EC0,mc_Init,MicroCode.o,OOB,USA address out of bounds
0x001199B0,,pac_DumpPac,Packet.o,NO_ANCHOR,Object has no USA anchor
0x0011C6D0,,pac_MakePacket,Packet.o,NO_ANCHOR,Object has no USA anchor
0x0011C6F0,,pac_Dump,Packet.o,NO_ANCHOR,Object has no USA anchor
0x0011C748,,pac_Init,Packet.o,NO_ANCHOR,Object has no USA anchor
0x0011C750,,pac_DispVu1Memory,Packet.o,NO_ANCHOR,Object has no USA anchor
0x0011C7B8,0x0011AFF0,prim_InitFan2D,Primitive.o,MATCH,offset=0x-00017C8
0x0011CA48,0x0011B280,prim_SetFan2D,Primitive.o,MATCH,offset=0x-00017C8
0x0011CC90,0x0011B4C8,prim_DispFan2D,Primitive.o,MATCH,offset=0x-00017C8
0x0011D388,0x0011BBC0,prim_InitMesh3D,Primitive.o,MATCH,offset=0x-00017C8
0x0011DA78,0x0011C2B0,prim_UpdateMesh3D,Primitive.o,MATCH,offset=0x-00017C8
0x0011DF90,0x0011C7C8,prim_DispMesh3D,Primitive.o,MATCH,offset=0x-00017C8
0x0011E130,0x0011C968,prim_InitParticle,Primitive.o,MATCH,offset=0x-00017C8
0x0011E488,0x0011CCC0,prim_DispParticle,Primitive.o,MATCH,offset=0x-00017C8
0x0011E660,0x0011CE98,prim_DeleteParticle,Primitive.o,MATCH,offset=0x-00017C8
0x0011E838,0x0011D070,prim_DispWireYCylinder,Primitive.o,MATCH,offset=0x-00017C8
0x0011E9A0,0x0011D1D8,prim_DispWireSphere,Primitive.o,MATCH,offset=0x-00017C8
0x0011EC78,0x0011D4B0,prim_DispWireBox,Primitive.o,OOB,USA address out of bounds
0x001223D8,,reg_DispAccessoryWithShadow,RegistPacket.o,NO_ANCHOR,Object has no USA anchor
0x00122790,,reg_RenderReflection,RegistPacket.o,NO_ANCHOR,Object has no USA anchor
0x00122B28,,reg_DispEnemy,RegistPacket.o,NO_ANCHOR,Object has no USA anchor
0x00122E10,,reg_DispObj,RegistPacket.o,NO_ANCHOR,Object has no USA anchor
0x00122EB0,,reg_DispObj2,RegistPacket.o,NO_ANCHOR,Object has no USA anchor
0x00122EB8,,reg_SetScissorSw,RegistPacket.o,NO_ANCHOR,Object has no USA anchor
0x00122EC0,,reg_TransTexturePacket,RegistPacket.o,NO_ANCHOR,Object has no USA anchor
0x00122EF0,,reg_Init,RegistPacket.o,NO_ANCHOR,Object has no USA anchor
0x00122EF8,,reg_GetShinePri,RegistPacket.o,NO_ANCHOR,Object has no USA anchor
0x00122F48,,shadow_Reset,Shadow.o,NO_ANCHOR,Object has no USA anchor
0x001233B0,,shadow_Draw,Shadow.o,NO_ANCHOR,Object has no USA anchor
0x00123E70,,shadow_Render,Shadow.o,NO_ANCHOR,Object has no USA anchor
0x001246C8,,shadow_RenderVolume,Shadow.o,NO_ANCHOR,Object has no USA anchor
0x001264D0,,shadow_RenderVolumeMulti,Shadow.o,NO_ANCHOR,Object has no USA anchor
0x001282C0,,shadow_MakeObjectData,Shadow.o,NO_ANCHOR,Object has no USA anchor
0x00128628,,shadow_Tool,Shadow.o,NO_ANCHOR,Object has no USA anchor
0x00128978,,shadow_KillShadow,Shadow.o,NO_ANCHOR,Object has no USA anchor
0x00128980,,shadow_DispCancel,Shadow.o,NO_ANCHOR,Object has no USA anchor
0x00128A28,,shadow_SetLength,Shadow.o,NO_ANCHOR,Object has no USA anchor
0x00128A58,,shadow_Init,Shadow.o,NO_ANCHOR,Object has no USA anchor
0x00128CF0,,stage_ApplyData,StageAnimation.o,NO_ANCHOR,Object has no USA anchor
0x00128ED0,,stage_Init,StageAnimation.o,NO_ANCHOR,Object has no USA anchor
0x001299A0,,stage_SetAnimation,StageAnimation.o,NO_ANCHOR,Object has no USA anchor
0x00129B70,,stage_ContinueAnimation,StageAnimation.o,NO_ANCHOR,Object has no USA anchor
0x00129C78,,stage_ResetAnimation,StageAnimation.o,NO_ANCHOR,Object has no USA anchor
0x00129C80,,stage_CalcAnimationNoParent,StageAnimation.o,NO_ANCHOR,Object has no USA anchor
0x00129E80,,stage_CalcAnimationParent,StageAnimation.o,NO_ANCHOR,Object has no USA anchor
0x0012A018,,stage_DispAnimation,StageAnimation.o,NO_ANCHOR,Object has no USA anchor
0x0012A178,,stage_SetScale,StageAnimation.o,NO_ANCHOR,Object has no USA anchor
0x0012A280,,stage_PlayBgAnimation,StageAnimation.o,NO_ANCHOR,Object has no USA anchor
0x0012A570,,stage_PlayBgAnimationDissolve,StageAnimation.o,NO_ANCHOR,Object has no USA anchor
0x0012A8A0,,stage_MakePlayBgAnimation,StageAnimation.o,NO_ANCHOR,Object has no USA anchor
0x0012AA30,,stage_KillPlayBgAnimation,StageAnimation.o,NO_ANCHOR,Object has no USA anchor
0x0012AA98,,stage_DispBgAnimation,StageAnimation.o,NO_ANCHOR,Object has no USA anchor
0x0012AD18,,stage_CheckAnimationFinish,StageAnimation.o,NO_ANCHOR,Object has no USA anchor
0x0012ADE8,,stage_CheckAnimationFrame,StageAnimation.o,NO_ANCHOR,Object has no USA anchor
0x0012AE78,,stage_SetLoopFlag,StageAnimation.o,NO_ANCHOR,Object has no USA anchor
0x0012AEC0,,stage_SetFrameStep,StageAnimation.o,NO_ANCHOR,Object has no USA anchor
0x0012AF08,,stage_SetParentOfGObj,StageAnimation.o,NO_ANCHOR,Object has no USA anchor
0x0012AF70,,stage_SetParentOfGObjWithLocalRotationFlag,StageAnimation.o,NO_ANCHOR,Object has no USA anchor
0x0012AFD8,,stage_SetLocalizeGeometry,StageAnimation.o,NO_ANCHOR,Object has no USA anchor
0x0012B080,,stage_KillPlayBgAnimationIfOverMaxCount,StageAnimation.o,NO_ANCHOR,Object has no USA anchor
0x0012B0D8,,stage_CheckAnimationFrameIn,StageAnimation.o,NO_ANCHOR,Object has no USA anchor
0x0012B168,,tex_AllocVramAuto,Texture.o,NO_ANCHOR,Object has no USA anchor
0x0012D4B0,,tex_LoadTexturePart,Texture.o,NO_ANCHOR,Object has no USA anchor
0x0012D608,,tex_TransTexture,Texture.o,NO_ANCHOR,Object has no USA anchor
0x0012E098,,tex_SetClutAnimation,Texture.o,NO_ANCHOR,Object has no USA anchor
0x0012E118,,tex_FreeTexture,Texture.o,NO_ANCHOR,Object has no USA anchor
0x0012E230,,tex_ResetVram,Texture.o,NO_ANCHOR,Object has no USA anchor
0x0012FAB0,,tex_ListTool,Texture.o,NO_ANCHOR,Object has no USA anchor
0x0012FF78,,tex_GetTWTH,Texture.o,NO_ANCHOR,Object has no USA anchor
0x0012FFC8,,tex_InitTexture,Texture.o,NO_ANCHOR,Object has no USA anchor
0x0012FFE8,,tex_LoadTexture,Texture.o,NO_ANCHOR,Object has no USA anchor
0x00130008,,tex_GetTextureNo,Texture.o,NO_ANCHOR,Object has no USA anchor
0x001300A0,,tex_GetTextureData,Texture.o,NO_ANCHOR,Object has no USA anchor
0x001300B8,,tex_GetTextureName,Texture.o,NO_ANCHOR,Object has no USA anchor
0x001300D0,,tex_SetSamplingType,Texture.o,NO_ANCHOR,Object has no USA anchor
0x001300F8,,tex_GetTexExtData,Texture.o,NO_ANCHOR,Object has no USA anchor
0x00130110,,tex_GetVramFreeAddress,Texture.o,NO_ANCHOR,Object has no USA anchor
0x00130130,,tex_UpdateMipMapLevel,Texture.o,NO_ANCHOR,Object has no USA anchor
0x001301F0,,tex_ResetVramPri,Texture.o,NO_ANCHOR,Object has no USA anchor
0x00130280,,tex_GetTextureNum,Texture.o,NO_ANCHOR,Object has no USA anchor
0x00130288,,tex_SetUVScroll,Texture.o,NO_ANCHOR,Object has no USA anchor
0x001303C0,,tex_Init,Texture.o,NO_ANCHOR,Object has no USA anchor
0x00130470,,tex_RemakeRegistersSampleMin,Texture.o,NO_ANCHOR,Object has no USA anchor
0x001304E8,,fog_MakeFogClut,ZFog.o,NO_ANCHOR,Object has no USA anchor
0x001306E8,,fog_DrawFog,ZFog.o,NO_ANCHOR,Object has no USA anchor
0x00131230,,fog_FogTool,ZFog.o,NO_ANCHOR,Object has no USA anchor
0x001319B0,,temp_loadfunc,cdvd.o,NO_ANCHOR,Object has no USA anchor
0x00131F40,,iosCdvdHandlerReadNoInflate,cdvd.o,NO_ANCHOR,Object has no USA anchor
0x001322E8,,iosCdvdHandlerReadInflate,cdvd.o,NO_ANCHOR,Object has no USA anchor
0x00132398,,iosCdvdHandlerRead,cdvd.o,NO_ANCHOR,Object has no USA anchor
0x00132638,,iosCdvdManager,cdvd.o,NO_ANCHOR,Object has no USA anchor
0x001328B0,,iosCdvdDiskReady,cdvd.o,NO_ANCHOR,Object has no USA anchor
0x001328D0,,iosCdvdLoad,cdvd.o,NO_ANCHOR,Object has no USA anchor
0x00132928,,iosCdvdBackGroundMgrAdd,cdvd.o,NO_ANCHOR,Object has no USA anchor
0x00132F28,,iosCdvdDirectStOpen,cdvd.o,NO_ANCHOR,Object has no USA anchor
0x001330E8,,iosCdvdChgFileName,cdvd.o,NO_ANCHOR,Object has no USA anchor
0x00133188,,iosCdvdGetFileLsn,cdvd.o,NO_ANCHOR,Object has no USA anchor
0x00133268,,iosCdvdSync,cdvd.o,NO_ANCHOR,Object has no USA anchor
0x00133298,,iosCdvdLoadPackFile,cdvd.o,NO_ANCHOR,Object has no USA anchor
0x00133318,,iosCdvdDiskStatusGet,cdvd.o,NO_ANCHOR,Object has no USA anchor
0x00133320,,iosCdvdBackGroundMgrDelete,cdvd.o,NO_ANCHOR,Object has no USA anchor
0x00133330,,iosCdvdBackGroundMgrNotDiskReadyPauseSet,cdvd.o,NO_ANCHOR,Object has no USA anchor
0x00133350,,iosCdvdBackGroundMgrDeleteRequestGet,cdvd.o,NO_ANCHOR,Object has no USA anchor
0x00133398,,iosCdvdBackGroundMgrEntryNum,cdvd.o,NO_ANCHOR,Object has no USA anchor
0x001333D0,,iosCdvdBackGroundMgrSeek,cdvd.o,NO_ANCHOR,Object has no USA anchor
0x001333D8,,iosCdvdBackGroundRead,cdvd.o,NO_ANCHOR,Object has no USA anchor
0x001334E8,,iosCdvdBackGroundReadIOPm,cdvd.o,NO_ANCHOR,Object has no USA anchor
0x001335F8,,iosCdvdBackGroundMgrGetRunning,cdvd.o,NO_ANCHOR,Object has no USA anchor
0x00133600,,iosCdvdDirectStClose,cdvd.o,NO_ANCHOR,Object has no USA anchor
0x00133640,,iosCdvdDirectStRead,cdvd.o,NO_ANCHOR,Object has no USA anchor
0x001336A0,,inflate_cd_read_func,cdvd.o,NO_ANCHOR,Object has no USA anchor
0x00135530,,close_inflate_handler,inflate.o,NO_ANCHOR,Object has no USA anchor
0x001355F8,,inflate,inflate.o,NO_ANCHOR,Object has no USA anchor
0x00135AC0,,open_inflate_handler,inflate.o,NO_ANCHOR,Object has no USA anchor
0x00135E08,,iosInitialize,ios.o,NO_ANCHOR,Object has no USA anchor
0x00135FD8,,iosSifAllocIopHeapDebug,ios.o,NO_ANCHOR,Object has no USA anchor
0x001361A8,0x001343B8,init_mblock,mblock.o,MATCH,offset=0x-0001DF0
0x001361B8,0x001343C8,new_segment,mblock.o,SEQ_MISMATCH,op_seq differs (sz=168)
0x00136260,0x00134470,reuse_mblock,mblock.o,SEQ_MISMATCH,op_seq differs (sz=88)
0x001362B8,0x001344C8,strdup_mblock,mblock.o,OOB,USA address out of bounds
0x001363A0,,iosMcHandlerWrite,mcard.o,NO_ANCHOR,Object has no USA anchor
0x00136798,,iosMcHandlerRead,mcard.o,NO_ANCHOR,Object has no USA anchor
0x00137838,,iosMcManager,mcard.o,NO_ANCHOR,Object has no USA anchor
0x00137F68,,iosMcMgrSync,mcard.o,NO_ANCHOR,Object has no USA anchor
0x00138008,,iosMcTest,mcard.o,NO_ANCHOR,Object has no USA anchor
0x00138010,,iosMcSync,mcard.o,NO_ANCHOR,Object has no USA anchor
0x00138028,,iosMcGetInfo,mcard.o,NO_ANCHOR,Object has no USA anchor
0x00138068,,iosMcFormat,mcard.o,NO_ANCHOR,Object has no USA anchor
0x001380B0,,iosMcUnformat,mcard.o,NO_ANCHOR,Object has no USA anchor
0x001380F8,,iosMcGetDir,mcard.o,NO_ANCHOR,Object has no USA anchor
0x00138140,,iosMcDelete,mcard.o,NO_ANCHOR,Object has no USA anchor
0x00138188,,iosMcSaveIconBlock,mcard.o,NO_ANCHOR,Object has no USA anchor
0x001381D0,,iosMcSaveProductBlock,mcard.o,NO_ANCHOR,Object has no USA anchor
0x00138218,,iosMcLoadProductBlock,mcard.o,NO_ANCHOR,Object has no USA anchor
0x00138260,,iosMcSaveGameBlock,mcard.o,NO_ANCHOR,Object has no USA anchor
0x001382A8,,iosMcLoadGameBlock,mcard.o,NO_ANCHOR,Object has no USA anchor
0x001382F0,,iosMcChdirProduct,mcard.o,NO_ANCHOR,Object has no USA anchor
0x00138338,,iosMcGetBlockSaveInfo,mcard.o,NO_ANCHOR,Object has no USA anchor
0x00138630,,iosMcIconWriteIconsys,mcdata.o,NO_ANCHOR,Object has no USA anchor
0x00138738,,iosMcIconWriteIcon,mcdata.o,NO_ANCHOR,Object has no USA anchor
0x00138910,,iosMallocSetPartition,memory.o,NO_ANCHOR,Object has no USA anchor
0x00138B30,,iosMallocResetPartition,memory.o,NO_ANCHOR,Object has no USA anchor
0x00138D10,,iosMallocSetPartitionName,memory.o,NO_ANCHOR,Object has no USA anchor
0x00138D98,,iosMallocClearPartition,memory.o,NO_ANCHOR,Object has no USA anchor
0x00138F50,,iosMallocDebug,memory.o,NO_ANCHOR,Object has no USA anchor
0x00139460,,_iosFreeWithFill,memory.o,NO_ANCHOR,Object has no USA anchor
0x00139508,,iosFree,memory.o,NO_ANCHOR,Object has no USA anchor
0x001399C0,,iosMallocCheckLeak,memory.o,NO_ANCHOR,Object has no USA anchor
0x00139BA0,,iosMallocCheckLeak2,memory.o,NO_ANCHOR,Object has no USA anchor
0x00139CE8,,iosReallocDebug,memory.o,NO_ANCHOR,Object has no USA anchor
0x00139F58,,iosMallocInitPartition,memory.o,NO_ANCHOR,Object has no USA anchor
0x0013A068,,iosMallocAlignDebug,memory.o,NO_ANCHOR,Object has no USA anchor
0x0013A150,,iosMsgQueueCreate,message.o,NO_ANCHOR,Object has no USA anchor
0x0013A1F8,,iosMsgQueueDestroy,message.o,NO_ANCHOR,Object has no USA anchor
0x0013A398,,iosMsgSetEvent,message.o,NO_ANCHOR,Object has no USA anchor
0x0013A480,,iosMsgInit,message.o,NO_ANCHOR,Object has no USA anchor
0x0013A4B8,,iosMsgSend,message.o,NO_ANCHOR,Object has no USA anchor
0x0013A5C0,,iosMsgRecv,message.o,NO_ANCHOR,Object has no USA anchor
0x0013A6C8,,iosMsgQueueDestroyAll,message.o,NO_ANCHOR,Object has no USA anchor
0x0013AC58,,iosPadDevInit,pad.o,NO_ANCHOR,Object has no USA anchor
0x0013B060,,iosPadRead,pad.o,NO_ANCHOR,Object has no USA anchor
0x0013B198,,iosPadNormalizeStick,pad.o,NO_ANCHOR,Object has no USA anchor
0x0013B350,,iosPadGetStick,pad.o,NO_ANCHOR,Object has no USA anchor
0x0013B510,,iosPadActRequest,pad.o,NO_ANCHOR,Object has no USA anchor
0x0013B618,,iosPadDevRead,pad.o,NO_ANCHOR,Object has no USA anchor
0x0013B648,,iosPadGetPort,pad.o,NO_ANCHOR,Object has no USA anchor
0x0013B660,,iosPadGetSlot,pad.o,NO_ANCHOR,Object has no USA anchor
0x0013B678,,iosPadGetDevice,pad.o,NO_ANCHOR,Object has no USA anchor
0x0013B6C0,,iosPadConnect,pad.o,NO_ANCHOR,Object has no USA anchor
0x0013B6E0,,iosPadStickCameraCoord,pad.o,NO_ANCHOR,Object has no USA anchor
0x0013B758,,iosPadEnable,pad.o,NO_ANCHOR,Object has no USA anchor
0x0013B768,,iosPadDisable,pad.o,NO_ANCHOR,Object has no USA anchor
0x0013B770,,iosPadEnableGet,pad.o,NO_ANCHOR,Object has no USA anchor
0x0013B778,,iosPadActInit,pad.o,NO_ANCHOR,Object has no USA anchor
0x0013B7F0,,iosPadActStop,pad.o,NO_ANCHOR,Object has no USA anchor
0x0013B870,,iosPadActStopAll,pad.o,NO_ANCHOR,Object has no USA anchor
0x0013B8D8,,iosPadActVolumeSet,pad.o,NO_ANCHOR,Object has no USA anchor
0x0013BA70,,iosPadDisconWait,pad.o,NO_ANCHOR,Object has no USA anchor
0x0013BA78,,iosPadErrorWait,pad.o,NO_ANCHOR,Object has no USA anchor
0x0013BA80,,Vibration_ShotDecode,shockdriver.o,NO_ANCHOR,Object has no USA anchor
0x0013BD20,,Vibration_WaveDecode,shockdriver.o,NO_ANCHOR,Object has no USA anchor
0x0013C010,,Shock_Request,shockdriver.o,NO_ANCHOR,Object has no USA anchor
0x0013C220,,Shock_SetMotor,shockdriver.o,NO_ANCHOR,Object has no USA anchor
0x0013C388,,Init_ShockVoiceSet,shockdriver.o,NO_ANCHOR,Object has no USA anchor
0x0013C3C0,,Vibration_SetDecodeData,shockdriver.o,NO_ANCHOR,Object has no USA anchor
0x0013C410,,Init_ShockRequestBox,shockdriver.o,NO_ANCHOR,Object has no USA anchor
0x0013C438,,ShockRequestBox_Clear,shockdriver.o,NO_ANCHOR,Object has no USA anchor
0x0013C498,,ShockRequestBox_Regst,shockdriver.o,NO_ANCHOR,Object has no USA anchor
0x0013C4B8,,ShockRequestBox_Request,shockdriver.o,NO_ANCHOR,Object has no USA anchor
0x0013C648,,ShockRequestBox_DecodeRequest,shockdriver.o,NO_ANCHOR,Object has no USA anchor
0x0013C720,,ShockRequestBox_EndRequestFree,shockdriver.o,NO_ANCHOR,Object has no USA anchor
0x0013C778,,ShockRequestBox_VoiceSetUseRequestFree,shockdriver.o,NO_ANCHOR,Object has no USA anchor
0x0013C820,,ShockRequestBox_GetRequest,shockdriver.o,NO_ANCHOR,Object has no USA anchor
0x0013C858,,ShockRequestBox_RequestCancel,shockdriver.o,NO_ANCHOR,Object has no USA anchor
0x0013C8D8,,ShockRequestBox_RequestDirectCancel,shockdriver.o,NO_ANCHOR,Object has no USA anchor
0x0013C948,,Init_ShockDriver,shockdriver.o,NO_ANCHOR,Object has no USA anchor
0x0013C9A0,,ShockDriver_VoiceSet_NumberRegist,shockdriver.o,NO_ANCHOR,Object has no USA anchor
0x0013C9D8,,ShockDriver_VoiceSet_Regist,shockdriver.o,NO_ANCHOR,Object has no USA anchor
0x0013CA50,,ShockDriver_VoiceSet_Remove,shockdriver.o,NO_ANCHOR,Object has no USA anchor
0x0013CA88,,ShockDriver_GetShockVoiceMax,shockdriver.o,NO_ANCHOR,Object has no USA anchor
0x0013CAD0,,ShockDriver_GetShockVoiceSet,shockdriver.o,NO_ANCHOR,Object has no USA anchor
0x0013CB00,,ShockDriver_GetShockVoice,shockdriver.o,NO_ANCHOR,Object has no USA anchor
0x0013CB60,,Init_ShockEmulator,shockdriver.o,NO_ANCHOR,Object has no USA anchor
0x0013CB70,,ShockEmulator_EmulationShot,shockdriver.o,NO_ANCHOR,Object has no USA anchor
0x0013CB78,,ShockEmulator_EmulationWave,shockdriver.o,NO_ANCHOR,Object has no USA anchor
0x0013CBE8,,Init_ShockRequestAlloc,shockdriver.o,NO_ANCHOR,Object has no USA anchor
0x0013CC30,,Get_ShockRequestStruct,shockdriver.o,NO_ANCHOR,Object has no USA anchor
0x0013CC70,,Reset_ShockRequestStruct,shockdriver.o,NO_ANCHOR,Object has no USA anchor
0x0013CC78,,ShockRevice_Wave,shockdriver.o,NO_ANCHOR,Object has no USA anchor
0x0013CD48,,Init_Shock,shockdriver.o,NO_ANCHOR,Object has no USA anchor
0x0013CE08,,Shock_SetShockVoiceSet,shockdriver.o,NO_ANCHOR,Object has no USA anchor
0x0013CE38,,Init_Player,shockdriver.o,NO_ANCHOR,Object has no USA anchor
0x0013CE70,,Init_Controler,shockdriver.o,NO_ANCHOR,Object has no USA anchor
0x0013CE80,,Shock_RequestClear,shockdriver.o,NO_ANCHOR,Object has no USA anchor
0x0013CEE0,,Shock_Decode,shockdriver.o,NO_ANCHOR,Object has no USA anchor
0x0013CF98,,dumyAllocFunc,shockdriver.o,NO_ANCHOR,Object has no USA anchor
0x0013CFA0,,Vibration_SetDecodeEnd,shockdriver.o,NO_ANCHOR,Object has no USA anchor
0x0013D0B0,,iosThreadCreateS,thread.o,NO_ANCHOR,Object has no USA anchor
0x0013D2C8,,iosThreadStart,thread.o,NO_ANCHOR,Object has no USA anchor
0x0013D2D8,,iosThreadStop,thread.o,NO_ANCHOR,Object has no USA anchor
0x0013D2F0,,iosThreadSleep,thread.o,NO_ANCHOR,Object has no USA anchor
0x0013D2F8,,iosThreadDestroy,thread.o,NO_ANCHOR,Object has no USA anchor
0x0013D340,,iosThreadSetPri,thread.o,NO_ANCHOR,Object has no USA anchor
0x0013D398,,iosThreadMessage,thread.o,NO_ANCHOR,Object has no USA anchor
0x0013D438,,iosThreadName,thread.o,NO_ANCHOR,Object has no USA anchor
0x0013D440,,iosThreadSuspend,thread.o,NO_ANCHOR,Object has no USA anchor
0x0013D448,,iosThreadResume,thread.o,NO_ANCHOR,Object has no USA anchor
0x0013D450,,iosThreadInit,thread.o,NO_ANCHOR,Object has no USA anchor
0x0013D600,,iosThreadCreate,thread.o,NO_ANCHOR,Object has no USA anchor
0x0013D7A0,,iosThreadGetPri,thread.o,NO_ANCHOR,Object has no USA anchor
0x0013D7E0,,iosGetIOSThreadFromId,thread.o,NO_ANCHOR,Object has no USA anchor
0x0013D828,,iosThreadWakeup,thread.o,NO_ANCHOR,Object has no USA anchor
0x0013D848,,iosThreadJoin,thread.o,NO_ANCHOR,Object has no USA anchor
0x0013D8C8,,iosThreadCancelWakeup,thread.o,NO_ANCHOR,Object has no USA anchor
0x0013D900,,iosSemaCreate,thread.o,NO_ANCHOR,Object has no USA anchor
0x0013D988,,iosSemaDelete,thread.o,NO_ANCHOR,Object has no USA anchor
0x0013DA00,,iosSemaWait,thread.o,NO_ANCHOR,Object has no USA anchor
0x0013DA60,,iosSemaSignal,thread.o,NO_ANCHOR,Object has no USA anchor
0x0013DAB0,,iosSemaReferStatus,thread.o,NO_ANCHOR,Object has no USA anchor
0x0013DC20,,iosThreadAllQuit,thread.o,NO_ANCHOR,Object has no USA anchor
0x0013DCA0,0x0013B8B8,isysGObjInit,gobj.o,MATCH,offset=0x-00023E8
0x0013DDA0,0x0013B9B8,isysGObjRemoveAll,gobj.o,MATCH,offset=0x-00023E8
0x0013E090,0x0013BCA8,isysGObjMove,gobj.o,MATCH,offset=0x-00023E8
0x0013E0D8,0x0013BCF0,isysGObjMoveHead,gobj.o,MATCH,offset=0x-00023E8
0x0013E120,0x0013BD38,isysGObjAddAfterGObj,gobj.o,MATCH,offset=0x-00023E8
0x0013E250,0x0013BE68,isysGObjAddBeforeGObj,gobj.o,MATCH,offset=0x-00023E8
0x0013E388,0x0013BFA0,isysGetNbAllocedGObjs,gobj.o,MATCH,offset=0x-00023E8
0x0013E3D0,0x0013BFE8,isysGObjAlloc,gobj.o,MATCH,offset=0x-00023E8
0x0013E448,0x0013C060,isysGObjRemove,gobj.o,MATCH,offset=0x-00023E8
0x0013E548,0x0013C160,isysGObjKindTableAdd,gobj.o,MATCH,offset=0x-00023E8
0x0013E628,0x0013C240,isysGObjKindTableRemove,gobj.o,MATCH,offset=0x-00023E8
0x0013E6F8,0x0013C310,isysGObjMoveAfterGObj,gobj.o,MATCH,offset=0x-00023E8
0x0013E768,0x0013C380,isysGObjMoveBeforeGObj,gobj.o,MATCH,offset=0x-00023E8
0x0013E7D8,0x0013C3F0,isysGObjAdd,gobj.o,MATCH,offset=0x-00023E8
0x0013E8E0,0x0013C4F8,isysGObjAddHead,gobj.o,MATCH,offset=0x-00023E8
0x0013E9E8,0x0013C600,isysGObjSearchFromObjLayoutID,gobj.o,MATCH,offset=0x-00023E8
0x0013EA50,0x0013C668,isysGObjSearchFromObjKindID_begin,gobj.o,MATCH,offset=0x-00023E8
0x0013EAE0,0x0013C6F8,isysGObjSearchFromObjKindID_next,gobj.o,MATCH,offset=0x-00023E8
0x0013EB50,0x0013C768,isysGObjSearchFromLabelTypeID,gobj.o,MATCH,offset=0x-00023E8
0x0013EBA8,0x0013C7C0,isysGObjGetExist_begin,gobj.o,MATCH,offset=0x-00023E8
0x0013EBF8,0x0013C810,isysGObjGetExist_next,gobj.o,MATCH,offset=0x-00023E8
0x0013EC40,0x0013C858,isysGObjActiveLink,gobj.o,MATCH,offset=0x-00023E8
0x0013EC78,0x0013C890,isysGObjActiveDlLink,gobj.o,OOB,USA address out of bounds
0x0013ED58,,isysGObjRemoveObjDL,gobj_dl.o,NO_ANCHOR,Object has no USA anchor
0x0013EFA0,,isysGObjMoveObjDL,gobj_dl.o,NO_ANCHOR,Object has no USA anchor
0x0013EFE8,,isysGObjMoveObjDLHead,gobj_dl.o,NO_ANCHOR,Object has no USA anchor
0x0013F030,,isysGObjLinkObjDL,gobj_dl.o,NO_ANCHOR,Object has no USA anchor
0x0013F0D0,,isysGObjLinkObjDLHead,gobj_dl.o,NO_ANCHOR,Object has no USA anchor
0x0013F0F8,,isysGObjLinkObjDLAfterGObj,gobj_dl.o,NO_ANCHOR,Object has no USA anchor
0x0013F160,,isysGObjLinkObjDLBeforeGObj,gobj_dl.o,NO_ANCHOR,Object has no USA anchor
0x0013F1C8,,isysGObjDlInit,gobj_dl.o,NO_ANCHOR,Object has no USA anchor
0x0013F208,,isysGObjMoveObjDLAfterGObj,gobj_dl.o,NO_ANCHOR,Object has no USA anchor
0x0013F278,,isysGObjMoveObjDLBeforeGObj,gobj_dl.o,NO_ANCHOR,Object has no USA anchor
0x0013F2E8,0x0013CF00,isysGObjProcessInit,gobj_process.o,MATCH,offset=0x-00023E8
0x0013F5B8,0x0013D1D0,isysGObjProcRemove,gobj_process.o,MATCH,offset=0x-00023E8
0x0013F600,0x0013D218,isysGObjProcessAlloc,gobj_process.o,MATCH,offset=0x-00023E8
0x0013F678,0x0013D290,isysGObjProcAdd,gobj_process.o,MATCH,offset=0x-00023E8
0x0013F6A8,0x0013D2C0,isysGObjProcAddS,gobj_process.o,MATCH,offset=0x-00023E8
0x0013F6D8,0x0013D2F0,isysGObjProcAddGOppArg,gobj_process.o,MATCH,offset=0x-00023E8
0x0013F708,0x0013D320,isysGObjProcPause,gobj_process.o,MATCH,offset=0x-00023E8
0x0013F710,0x0013D328,isysGObjProcPauseAll,gobj_process.o,MATCH,offset=0x-00023E8
0x0013F748,0x0013D360,isysGObjProcPausePtr,gobj_process.o,MATCH,offset=0x-00023E8
0x0013F778,0x0013D390,isysGObjProcActive,gobj_process.o,MATCH,offset=0x-00023E8
0x0013F788,0x0013D3A0,isysGObjProcActiveAll,gobj_process.o,MATCH,offset=0x-00023E8
0x0013F7C0,0x0013D3D8,isysGObjProcRemoveAll,gobj_process.o,MATCH,offset=0x-00023E8
0x0013F7F8,0x0013D410,isysGObjProcThreadSleep,gobj_process.o,MATCH,offset=0x-00023E8
0x0013F830,0x0013D448,isysGObjProcAddSGOppArg,gobj_process.o,MATCH,offset=0x-00023E8
0x0013F860,0x0013D478,isysGObjProcActivePtr,gobj_process.o,MATCH,offset=0x-00023E8
0x0013F890,0x0013D4A8,free_gobj_process_resource,gobj_process.o,OOB,USA address out of bounds
0x0013F898,,isysInitialize,isys.o,NO_ANCHOR,Object has no USA anchor
0x0013F8A0,,iosOmInit,obj_manager.o,NO_ANCHOR,Object has no USA anchor
0x0013FAF8,,iosOmMain,obj_manager.o,NO_ANCHOR,Object has no USA anchor
0x0013FB00,,iosOmCreateDL,obj_manager.o,NO_ANCHOR,Object has no USA anchor
0x0013FC10,,iosOmExeEachGObj,obj_manager.o,NO_ANCHOR,Object has no USA anchor
0x0013FC78,,iosOmExeEachGObjAll,obj_manager.o,NO_ANCHOR,Object has no USA anchor
0x0013FD18,,iosOmReturnExeEachGObj,obj_manager.o,NO_ANCHOR,Object has no USA anchor
0x0013FDB0,,iosOmGetGObjStatus,obj_manager.o,NO_ANCHOR,Object has no USA anchor
0x0013FDE0,,iosOmSearchGObjId,obj_manager.o,NO_ANCHOR,Object has no USA anchor
0x0013FE20,,iosOmSearchGObjIdAll,obj_manager.o,NO_ANCHOR,Object has no USA anchor
0x0013FE80,,iosOmBeforeFuncStandard,obj_manager.o,NO_ANCHOR,Object has no USA anchor
0x0013FE88,,iosOmSendMail,obj_manager.o,NO_ANCHOR,Object has no USA anchor
0x0013FED0,,iosOmSendMailLink,obj_manager.o,NO_ANCHOR,Object has no USA anchor
0x0013FF48,,iosOmExeMail,obj_manager.o,NO_ANCHOR,Object has no USA anchor
0x00140030,0x0013DC48,soundInit,s_init.o,MATCH,offset=0x-00023E8
0x00140180,0x0013DD98,soundOutputModeSet,s_init.o,MATCH,offset=0x-00023E8
0x00140190,0x0013DDA8,soundReverbDepthSet,s_init.o,MATCH,offset=0x-00023E8
0x00140208,0x0013DE20,soundAllocIopHeap,s_init.o,MATCH,offset=0x-00023E8
0x00140268,0x0013DE80,soundAllocIopFree,s_init.o,MATCH,offset=0x-00023E8
0x00140528,0x0013E140,soundBufAlloc,s_init.o,MATCH,offset=0x-00023E8
0x00140730,0x0013E348,soundBufSegFree,s_init.o,MATCH,offset=0x-00023E8
0x00140848,0x0013E460,soundBDDataSet,s_init.o,MATCH,offset=0x-00023E8
0x00140AF0,0x0013E708,soundDataOpen,s_init.o,MATCH,offset=0x-00023E8
0x00140BE0,0x0013E7F8,soundDataOpenSync,s_init.o,MATCH,offset=0x-00023E8
0x00140CC8,0x0013E8E0,soundDataClose,s_init.o,MATCH,offset=0x-00023E8
0x00140E28,0x0013EA40,soundDataSegAllClose,s_init.o,MATCH,offset=0x-00023E8
0x00142010,0x0013FC28,_soundSeDefStop,s_init.o,MATCH,offset=0x-00023E8
0x00142118,0x0013FD30,soundSeDefStop,s_init.o,MATCH,offset=0x-00023E8
0x00142120,0x0013FD38,soundSeDefStopNoRelease,s_init.o,MATCH,offset=0x-00023E8
0x00142128,0x0013FD40,soundSeDefPitchSet,s_init.o,MATCH,offset=0x-00023E8
0x00142168,0x0013FD80,soundSeEnvPlay,s_init.o,MATCH,offset=0x-00023E8
0x00142388,0x0013FFA0,soundSeEnvNotUseClose,s_init.o,MATCH,offset=0x-00023E8
0x00142820,0x00140438,soundDataSegNextStageNotUseClose,s_init.o,MATCH,offset=0x-00023E8
0x001429A8,0x001405C0,Ee2Iop,s_init.o,MATCH,offset=0x-00023E8
0x00142A60,0x00140678,soundOutputModeGet,s_init.o,MATCH,offset=0x-00023E8
0x00142A68,0x00140680,soundReverbDepthGet,s_init.o,MATCH,offset=0x-00023E8
0x00142A70,0x00140688,soundBufAdpcmChAlloc,s_init.o,MATCH,offset=0x-00023E8
0x00142B80,0x00140798,soundBufAdpcmFree,s_init.o,MATCH,offset=0x-00023E8
0x00142BA0,0x001407B8,soundDataAreaSearch,s_init.o,MATCH,offset=0x-00023E8
0x00142BE8,0x00140800,soundDataAreaGet,s_init.o,MATCH,offset=0x-00023E8
0x00142D30,0x00140948,soundHDDataSet,s_init.o,MATCH,offset=0x-00023E8
0x00142E90,0x00140AA8,soundSQDataSet,s_init.o,MATCH,offset=0x-00023E8
0x00142FF0,0x00140C08,soundSeDefPlay,s_init.o,MATCH,offset=0x-00023E8
0x00143048,0x00140C60,soundSeDefPlayWithVolumeRate,s_init.o,MATCH,offset=0x-00023E8
0x00143098,0x00140CB0,soundSeDefVolumeRateGet,s_init.o,MATCH,offset=0x-00023E8
0x001430D8,0x00140CF0,soundSeDefVolumeRateSet,s_init.o,MATCH,offset=0x-00023E8
0x00143110,0x00140D28,soundSeGroupStop,s_init.o,MATCH,offset=0x-00023E8
0x001431B0,0x00140DC8,soundSeGroupGet,s_init.o,MATCH,offset=0x-00023E8
0x001431D8,0x00140DF0,soundSePlayModeStop,s_init.o,MATCH,offset=0x-00023E8
0x00143260,0x00140E78,soundReqTickProc,s_init.o,MATCH,offset=0x-00023E8
0x00143370,0x00140F88,soundVBlank,s_init.o,MATCH,offset=0x-00023E8
0x001433D0,0x00140FE8,soundSeKindBuild,s_init.o,MATCH,offset=0x-00023E8
0x00143490,0x001410A8,soundSeSemiCommonLoadChk,s_init.o,MATCH,offset=0x-00023E8
0x001435B8,0x001411D0,debug_req,s_init.o,OOB,USA address out of bounds
0x00143650,0x00141268,sndBgmReadyNextStage,soundManager.o,MATCH,offset=0x-00023E8
0x001436B0,0x001412C8,sndInit,soundManager.o,MATCH,offset=0x-00023E8
0x001436F8,0x00141310,sndManager,soundManager.o,MATCH,offset=0x-00023E8
0x001437A8,0x001413C0,ACTGame_SaveActorInformation,soundManager.o,MATCH,offset=0x-00023E8
0x001437F8,0x00141410,ACTGame_DeleteActorInformation,soundManager.o,MATCH,offset=0x-00023E8
0x001438D8,0x001414F0,ACTGame_StageChangeGObj,soundManager.o,MATCH,offset=0x-00023E8
0x00143A28,0x00141640,ACTGame_SetActors_Debug,soundManager.o,MATCH,offset=0x-00023E8
0x00143CC0,0x001418D8,ACTGame_TryConnectHand,soundManager.o,MATCH,offset=0x-00023E8
0x00143CE0,0x001418F8,ACTGame_TryDisconnectHand,soundManager.o,MATCH,offset=0x-00023E8
0x00143D00,0x00141918,ACTGame_DisconnectHand_WithMail,soundManager.o,MATCH,offset=0x-00023E8
0x00143D28,0x00141940,ACTCheckView,soundManager.o,MATCH,offset=0x-00023E8
0x00143F18,0x00141B30,ACTGameView_Loop,soundManager.o,MATCH,offset=0x-00023E8
0x001441F8,0x00141E10,_ACTGame_SearchGObj,soundManager.o,MATCH,offset=0x-00023E8
0x001443C8,0x00141FE0,ACTLookTarget_Exec,soundManager.o,MATCH,offset=0x-00023E8
0x00144508,0x00142120,ACTParaStatus_Clear,soundManager.o,MATCH,offset=0x-00023E8
0x00144518,0x00142130,ACTParaStatus_Exec,soundManager.o,MATCH,offset=0x-00023E8
0x00144678,0x00142290,_ACTCharStatus_Clear,soundManager.o,MATCH,offset=0x-00023E8
0x001447D0,0x001423E8,GetSkeltonOrient,soundManager.o,MATCH,offset=0x-00023E8
0x00144A18,0x00142630,ACTGame_BeforeFunc,soundManager.o,MATCH,offset=0x-00023E8
0x00146FD8,0x00144BF0,ACTGame_CommonLoop,soundManager.o,SEQ_MISMATCH,op_seq differs (sz=2736)
0x00147A88,0x001456A0,GetOtherStageGirlOrient,soundManager.o,SEQ_MISMATCH,op_seq differs (sz=1096)
0x00147ED0,0x00145AE8,ACTLookTargetSystem_Exec,soundManager.o,SEQ_MISMATCH,op_seq differs (sz=2248)
0x00148798,0x001463B0,ACTGame_InsertCamera_GirlIsPinch,soundManager.o,SEQ_MISMATCH,op_seq differs (sz=640)
0x00148A18,0x00146630,RequestChangeHandMode,soundManager.o,SEQ_MISMATCH,op_seq differs (sz=272)
0x00148B28,0x00146740,ACTNotNeedCameraOffset,soundManager.o,SEQ_MISMATCH,op_seq differs (sz=56)
0x00148B60,0x00146778,ACTGameCollisionOn,soundManager.o,SEQ_MISMATCH,op_seq differs (sz=40)
0x00148B88,0x001467A0,ACTGameCollisionOff,soundManager.o,SEQ_MISMATCH,op_seq differs (sz=40)
0x00148BB0,0x001467C8,ACTGame_CheckItemMotion,soundManager.o,SEQ_MISMATCH,op_seq differs (sz=40)
0x00148BD8,0x001467F0,ACTGame_CheckHandMotion,soundManager.o,SEQ_MISMATCH,op_seq differs (sz=80)
0x00148C28,0x00146840,ACTGame_StageChangeGObjID,soundManager.o,SEQ_MISMATCH,op_seq differs (sz=128)
0x00148CA8,0x001468C0,ACTGame_StageChangeGObjDirect,soundManager.o,SEQ_MISMATCH,op_seq differs (sz=184)
0x00148D60,0x00146978,ACTGame_FLAG_LIFEPINCH,soundManager.o,SEQ_MISMATCH,op_seq differs (sz=48)
0x00148D90,0x001469A8,ACTGame_FLAG_TETSUNAGI,soundManager.o,SEQ_MISMATCH,op_seq differs (sz=40)
0x00148DB8,0x001469D0,GetSkeltonPosition,soundManager.o,SEQ_MISMATCH,op_seq differs (sz=120)
0x00148E30,0x00146A48,SetDirectRootPositionWithNodePointLimit,soundManager.o,SEQ_MISMATCH,op_seq differs (sz=312)
0x00148F68,0x00146B80,ACTGameView_Init,soundManager.o,SEQ_MISMATCH,op_seq differs (sz=24)
0x00148F80,0x00146B98,ACTCharctrl_Lock,soundManager.o,SEQ_MISMATCH,op_seq differs (sz=64)
0x00148FC0,0x00146BD8,ACTCharctrl_Unlock,soundManager.o,SEQ_MISMATCH,op_seq differs (sz=40)
0x00148FE8,0x00146C00,ACTGame_ConnectHand,soundManager.o,SEQ_MISMATCH,op_seq differs (sz=120)
0x00149060,0x00146C78,ACTGame_DisconnectHand,soundManager.o,SEQ_MISMATCH,op_seq differs (sz=136)
0x001490E8,0x00146D00,PAIR_GetPosition_BOY,soundManager.o,SEQ_MISMATCH,op_seq differs (sz=64)
0x00149128,0x00146D40,PAIR_IsStatus_BOY_PULL,soundManager.o,SEQ_MISMATCH,op_seq differs (sz=112)
0x00149198,0x00146DB0,PAIR_IsStatus_GIRL_PULL,soundManager.o,SEQ_MISMATCH,op_seq differs (sz=128)
0x00149218,0x00146E30,PAIR_IsStatus_BOY_WAIT,soundManager.o,SEQ_MISMATCH,op_seq differs (sz=96)
0x00149278,0x00146E90,PAIR_GetPosition_BOY_DITCH,soundManager.o,SEQ_MISMATCH,op_seq differs (sz=64)
0x001492B8,0x00146ED0,PAIR_IsStatus_BOY_DITCH,soundManager.o,SEQ_MISMATCH,op_seq differs (sz=184)
0x00149370,0x00146F88,ACTGame_isHangChain,soundManager.o,SEQ_MISMATCH,op_seq differs (sz=72)
0x001493B8,0x00146FD0,ACTGame_isWeaponEnableCatchfire,soundManager.o,SEQ_MISMATCH,op_seq differs (sz=72)
0x00149400,0x00147018,ACTCheckCollis_WF,soundManager.o,SEQ_MISMATCH,op_seq differs (sz=264)
0x00149508,0x00147120,ACTCheckCollis_W,soundManager.o,SEQ_MISMATCH,op_seq differs (sz=304)
0x00149638,0x00147250,ACTCheckCollis_CI,soundManager.o,SEQ_MISMATCH,op_seq differs (sz=168)
0x001496E0,0x001472F8,ACTCheckCollis_WELL,soundManager.o,SEQ_MISMATCH,op_seq differs (sz=264)
0x001497E8,0x00147400,ACTCheckCollis_WAY,soundManager.o,SEQ_MISMATCH,op_seq differs (sz=328)
0x00149930,0x00147548,ACTCheckViewCl,soundManager.o,SEQ_MISMATCH,op_seq differs (sz=384)
0x00149AB0,0x001476C8,ACTGameView_FirstSet,soundManager.o,SEQ_MISMATCH,op_seq differs (sz=208)
0x00149B80,0x00147798,ACTGameView_Add,soundManager.o,SEQ_MISMATCH,op_seq differs (sz=168)
0x00149C28,0x00147840,ACTGameView_Check,soundManager.o,SEQ_MISMATCH,op_seq differs (sz=72)
0x00149C70,0x00147888,ACTGameViewSimple_Check,soundManager.o,SEQ_MISMATCH,op_seq differs (sz=72)
0x00149CB8,0x001478D0,ACTGame_GetMotOrientFromWeapon,soundManager.o,SEQ_MISMATCH,op_seq differs (sz=72)
0x00149D00,0x00147918,ACTGame_NoWeapon,soundManager.o,SEQ_MISMATCH,op_seq differs (sz=72)
0x00149D48,0x00147960,ACTGame_isWeaponCombustible,soundManager.o,SEQ_MISMATCH,op_seq differs (sz=40)
0x00149D70,0x00147988,ACTGame_GetNearestGObj,soundManager.o,SEQ_MISMATCH,op_seq differs (sz=152)
0x00149E08,0x00147A20,ACTLookTarget_Init,soundManager.o,SEQ_MISMATCH,op_seq differs (sz=24)
0x00149E20,0x00147A38,_ACTLookTarget_Set,soundManager.o,SEQ_MISMATCH,op_seq differs (sz=104)
0x00149E88,0x00147AA0,ACTParaStatus_Init,soundManager.o,SEQ_MISMATCH,op_seq differs (sz=88)
0x00149EE0,0x00147AF8,_ACTParaStatus_Set,soundManager.o,SEQ_MISMATCH,op_seq differs (sz=32)
0x00149F00,0x00147B18,_ACTParaStatus_Check,soundManager.o,SEQ_MISMATCH,op_seq differs (sz=24)
0x00149F18,0x00147B30,_ACTCharStatus_Init,soundManager.o,SEQ_MISMATCH,op_seq differs (sz=16)
0x00149F28,0x00147B40,_ACTCharStatus_Set,soundManager.o,SEQ_MISMATCH,op_seq differs (sz=128)
0x00149FA8,0x00147BC0,_ACTCharStatus_Check,soundManager.o,SEQ_MISMATCH,op_seq differs (sz=32)
0x00149FC8,0x00147BE0,_ACTCharStatus_Exec,soundManager.o,SEQ_MISMATCH,op_seq differs (sz=8)
0x00149FD0,0x00147BE8,_ACTSetEnemyDisappearSpeed,soundManager.o,SEQ_MISMATCH,op_seq differs (sz=16)
0x00149FE0,0x00147BF8,ACTGame_SetMotionPlaySpeedRatio_Reserve,soundManager.o,SEQ_MISMATCH,op_seq differs (sz=40)
0x0014A008,0x00147C20,_ACTGame_GetParamF,soundManager.o,SEQ_MISMATCH,op_seq differs (sz=24)
0x0014A020,0x00147C38,ACTGame_GetCurrentCallStatus,soundManager.o,SEQ_MISMATCH,op_seq differs (sz=192)
0x0014A0E0,0x00147CF8,ACTGame_CheckPriInputFrame,soundManager.o,SEQ_MISMATCH,op_seq differs (sz=152)
0x0014A178,0x00147D90,ACTGame_SendSoundMail,soundManager.o,SEQ_MISMATCH,op_seq differs (sz=184)
0x0014A230,0x00147E48,ACTGame_LwsEffectInit,soundManager.o,SEQ_MISMATCH,op_seq differs (sz=56)
0x0014A268,0x00147E80,ACTGame_LwsEffect_Guard,soundManager.o,SEQ_MISMATCH,op_seq differs (sz=168)
0x0014A310,0x00147F28,ActGame_GetOrientQ,soundManager.o,SEQ_MISMATCH,op_seq differs (sz=168)
0x0014A3B8,0x00147FD0,_GetRootObjectOrient,soundManager.o,SEQ_MISMATCH,op_seq differs (sz=96)
0x0014A418,0x00148030,ACTItemForceDrop,soundManager.o,SEQ_MISMATCH,op_seq differs (sz=64)
0x0014A458,0x00148070,ACTCheckCollis_VIEW,soundManager.o,SEQ_MISMATCH,op_seq differs (sz=256)
0x0014A558,0x00148170,ACTCheckViewClDetail,soundManager.o,SEQ_MISMATCH,op_seq differs (sz=400)
0x0014A6E8,0x00148300,ACTGame_SetMotionPlaySpeedRatio_Clear,soundManager.o,SEQ_MISMATCH,op_seq differs (sz=32)
0x0014A708,0x00148320,ACTGame_SetMotionPlaySpeedRatio_Exec,soundManager.o,SEQ_MISMATCH,op_seq differs (sz=208)
0x0014A7D8,0x001483F0,ActPara_MakeTbl,soundManager.o,SEQ_MISMATCH,op_seq differs (sz=344)
0x0014A930,0x00148548,ActPara_InitSystem,soundManager.o,SEQ_MISMATCH,op_seq differs (sz=64)
0x0014A970,0x00148588,ActPara_GetDefTbl,soundManager.o,SEQ_MISMATCH,op_seq differs (sz=16)
0x0014A980,0x00148598,ActPara_StatusToFlag,soundManager.o,SEQ_MISMATCH,op_seq differs (sz=24)
0x0014A998,0x001485B0,ActPara_DebugOut,soundManager.o,SEQ_MISMATCH,op_seq differs (sz=8)
0x0014A9A0,0x001485B8,ACTGetWish_FromPad,soundManager.o,OOB,USA address out of bounds
0x0014C230,,motBoyHand50,boyact.o,NO_ANCHOR,Object has no USA anchor
0x0014C340,,motBoyHand100,boyact.o,NO_ANCHOR,Object has no USA anchor
0x0014C5F0,,motBoyHand200,boyact.o,NO_ANCHOR,Object has no USA anchor
0x0014C8E0,,hand_heroin,boyact.o,NO_ANCHOR,Object has no USA anchor
0x0014D3C8,,subBoyControl,boyact.o,NO_ANCHOR,Object has no USA anchor
0x0014EDF8,,subBoyCollision,boyact.o,NO_ANCHOR,Object has no USA anchor
0x0014FE20,,actBoySwim,boyact.o,NO_ANCHOR,Object has no USA anchor
0x00150010,,actBoyWalk,boyact.o,NO_ANCHOR,Object has no USA anchor
0x00150180,,actBoyRun,boyact.o,NO_ANCHOR,Object has no USA anchor
0x001502F0,,actBoyAttack,boyact.o,NO_ANCHOR,Object has no USA anchor
0x00150510,,actBoyTakeWeaponReady,boyact.o,NO_ANCHOR,Object has no USA anchor
0x00150698,,actBoyTakeWeapon,boyact.o,NO_ANCHOR,Object has no USA anchor
0x00150A80,,actBoyPullupReady,boyact.o,NO_ANCHOR,Object has no USA anchor
0x00150CA8,,actBoyPullupGo,boyact.o,NO_ANCHOR,Object has no USA anchor
0x00150E40,,actBoyBelift,boyact.o,NO_ANCHOR,Object has no USA anchor
0x00151210,,actBoyRescueReady,boyact.o,NO_ANCHOR,Object has no USA anchor
0x001516B8,,actBoyDitch3mReady,boyact.o,NO_ANCHOR,Object has no USA anchor
0x00151AB8,,SetStatusBoy_OtherStageGirlPinch,boyact.o,NO_ANCHOR,Object has no USA anchor
0x00151C08,,actBoyStart,boyact.o,NO_ANCHOR,Object has no USA anchor
0x00152088,,CorrectStickInfo,boyact.o,NO_ANCHOR,Object has no USA anchor
0x001520C0,,GetBoyWeaponGObj,boyact.o,NO_ANCHOR,Object has no USA anchor
0x001520E0,,actBoyStand,boyact.o,NO_ANCHOR,Object has no USA anchor
0x00152148,,actBoyHang,boyact.o,NO_ANCHOR,Object has no USA anchor
0x00152180,,actBoyBHang,boyact.o,NO_ANCHOR,Object has no USA anchor
0x001521B8,,actBoyFall,boyact.o,NO_ANCHOR,Object has no USA anchor
0x001521F8,,actBoyCall,boyact.o,NO_ANCHOR,Object has no USA anchor
0x00152270,,actBoyItem,boyact.o,NO_ANCHOR,Object has no USA anchor
0x001522A0,,actBoyItemAfter,boyact.o,NO_ANCHOR,Object has no USA anchor
0x00152300,,actBoyCliffHesitate,boyact.o,NO_ANCHOR,Object has no USA anchor
0x001523A8,,actBoyHangBefore,boyact.o,NO_ANCHOR,Object has no USA anchor
0x00152458,,actBoyReadyMove,boyact.o,NO_ANCHOR,Object has no USA anchor
0x00152568,,actBoyBeslam,boyact.o,NO_ANCHOR,Object has no USA anchor
0x001525C0,,actBoyRescueSrc,boyact.o,NO_ANCHOR,Object has no USA anchor
0x001525F0,,actBoySupportGBBegin,boyact.o,NO_ANCHOR,Object has no USA anchor
0x00152630,,actBoySupportGBLoop,boyact.o,NO_ANCHOR,Object has no USA anchor
0x00152690,,actBoySupportGBEnd,boyact.o,NO_ANCHOR,Object has no USA anchor
0x001526D0,,actBoySupportBGBegin,boyact.o,NO_ANCHOR,Object has no USA anchor
0x00152700,,actBoyDitch3mExec,boyact.o,NO_ANCHOR,Object has no USA anchor
0x00152730,,actBoyHangG3M,boyact.o,NO_ANCHOR,Object has no USA anchor
0x001527B0,,IsAbleBoyControl,boyact.o,NO_ANCHOR,Object has no USA anchor
0x001527B8,,actBoyHand50,boyact.o,NO_ANCHOR,Object has no USA anchor
0x00152838,,afterBoyHand50,boyact.o,NO_ANCHOR,Object has no USA anchor
0x00152870,,actBoyHand100,boyact.o,NO_ANCHOR,Object has no USA anchor
0x001528F0,,afterBoyHand100,boyact.o,NO_ANCHOR,Object has no USA anchor
0x00152928,,actBoyHand200,boyact.o,NO_ANCHOR,Object has no USA anchor
0x001529A8,,afterBoyHand200,boyact.o,NO_ANCHOR,Object has no USA anchor
0x001529E0,,ACTSearchEnemy,boyact.o,NO_ANCHOR,Object has no USA anchor
0x00152B58,,DeleteBoyWeapon,boyact.o,NO_ANCHOR,Object has no USA anchor
0x00152BE8,,isLiftBoyEnable,boyact.o,NO_ANCHOR,Object has no USA anchor
0x00152C10,,BoyInfoUpdate_StageChange,boyact.o,NO_ANCHOR,Object has no USA anchor
0x00152CE8,,ACTChkAttackIgnore_BOY,boyact.o,NO_ANCHOR,Object has no USA anchor
0x00152D30,,IsBoyStatus_EnemyMustWait,boyact.o,NO_ANCHOR,Object has no USA anchor
0x00152DE8,,IsGirlEscortedInNextStage,boyact.o,NO_ANCHOR,Object has no USA anchor
0x00152E00,,IsGirlEscortedInCurrentStage,boyact.o,NO_ANCHOR,Object has no USA anchor
0x00152E08,,GetSaveSofaLayoutID,boyact.o,NO_ANCHOR,Object has no USA anchor
0x00152E58,,OnGirlEscortFlag,boyact.o,NO_ANCHOR,Object has no USA anchor
0x00152E78,,RequestStageChangeKidnapEnd,boyact.o,NO_ANCHOR,Object has no USA anchor
0x00152F28,,GetEfStageCameraTargetID,boyact.o,NO_ANCHOR,Object has no USA anchor
0x00152F48,,IsBackFromEfStage,boyact.o,NO_ANCHOR,Object has no USA anchor
0x00152F58,,GetbufpCharacterPacket,boyact.o,NO_ANCHOR,Object has no USA anchor
0x00152F68,,GetsizeCharacterPacket,boyact.o,NO_ANCHOR,Object has no USA anchor
0x00152F70,,MakeCharacterPacket,boyact.o,NO_ANCHOR,Object has no USA anchor
0x001530A8,,ReadCharacterPacket,boyact.o,NO_ANCHOR,Object has no USA anchor
0x00153170,,ACTSearchGObj,boyact.o,NO_ANCHOR,Object has no USA anchor
0x001532D8,,afterBoySwim,boyact.o,NO_ANCHOR,Object has no USA anchor
0x00153348,,actBoyJump,boyact.o,NO_ANCHOR,Object has no USA anchor
0x00153378,,afterBoyTakeWeapon,boyact.o,NO_ANCHOR,Object has no USA anchor
0x00153470,,afterCommonItem,boyact.o,NO_ANCHOR,Object has no USA anchor
0x00153480,,subBoyBrainMain,boyact.o,NO_ANCHOR,Object has no USA anchor
0x001534A0,,SetBoyInfo,boyact.o,NO_ANCHOR,Object has no USA anchor
0x001534D8,,GetBoyRootPositionForCamera,boyact.o,NO_ANCHOR,Object has no USA anchor
0x00153588,,Boy_Init,boyact.o,NO_ANCHOR,Object has no USA anchor
0x00153618,0x00153464,ACTSetPositionWithFitting,commonact.o,MATCH,offset=0x-00001B4
0x00153620,0x0015346C,ACTSetPositionNodeWithFitting,commonact.o,SEQ_MISMATCH,op_seq differs (sz=600)
0x00153878,0x001536C4,_ACTCorrectMsg,commonact.o,SEQ_MISMATCH,op_seq differs (sz=2512)
0x00154248,0x00154094,ACTGetOrientFromIntrK,commonact.o,SEQ_MISMATCH,op_seq differs (sz=1704)
0x001548F0,0x0015473C,ACTRunIntrCorrect,commonact.o,SEQ_MISMATCH,op_seq differs (sz=640)
0x00154B70,0x001549BC,WithMailFunc_WayBeginPosError,commonact.o,SEQ_MISMATCH,op_seq differs (sz=8)
0x00154B78,0x001549C4,WithMailFunc_AttackFail,commonact.o,SEQ_MISMATCH,op_seq differs (sz=72)
0x00154BC0,0x00154A0C,WithMailFunc_AttackRejectInQueen,commonact.o,SEQ_MISMATCH,op_seq differs (sz=136)
0x00154C48,0x00154A94,GetCorrectOrientOfChain,commonact.o,SEQ_MISMATCH,op_seq differs (sz=744)
0x00154F30,0x00154D7C,actCommonRope,commonact.o,SEQ_MISMATCH,op_seq differs (sz=872)
0x00155298,0x001550E4,motCommonRopeTurnR,commonact.o,SEQ_MISMATCH,op_seq differs (sz=336)
0x001553E8,0x00155234,motCommonRopeTurnL,commonact.o,SEQ_MISMATCH,op_seq differs (sz=336)
0x00155538,0x00155384,actCommonRopeClimbEnd1,commonact.o,SEQ_MISMATCH,op_seq differs (sz=800)
0x00155858,0x001556A4,actCommonRopeCliff,commonact.o,SEQ_MISMATCH,op_seq differs (sz=1768)
0x00155F40,0x00155D8C,actCommonRopeSpecial,commonact.o,SEQ_MISMATCH,op_seq differs (sz=1008)
0x00156330,0x0015617C,actCommonLever,commonact.o,SEQ_MISMATCH,op_seq differs (sz=632)
0x001565A8,0x001563F4,actCommonDown,commonact.o,SEQ_MISMATCH,op_seq differs (sz=240)
0x00156698,0x001564E4,actCommonDie,commonact.o,SEQ_MISMATCH,op_seq differs (sz=1304)
0x00156BB0,0x001569FC,actCommonCling,commonact.o,SEQ_MISMATCH,op_seq differs (sz=152)
0x00156C48,0x00156A94,actCommonSlip,commonact.o,SEQ_MISMATCH,op_seq differs (sz=288)
0x00156D68,0x00156BB4,actCommonStoneDead,commonact.o,SEQ_MISMATCH,op_seq differs (sz=224)
0x00156E48,0x00156C94,actCommonStone,commonact.o,SEQ_MISMATCH,op_seq differs (sz=736)
0x00157128,0x00156F74,actCommonBox,commonact.o,SEQ_MISMATCH,op_seq differs (sz=1216)
0x001575E8,0x00157434,actCommonBar,commonact.o,SEQ_MISMATCH,op_seq differs (sz=784)
0x001578F8,0x00157744,funcCommonJumpDircorrect,commonact.o,SEQ_MISMATCH,op_seq differs (sz=16)
0x00157908,0x00157754,funcCommonFallDircorrect,commonact.o,SEQ_MISMATCH,op_seq differs (sz=640)
0x00157B88,0x001579D4,actCommonJump,commonact.o,SEQ_MISMATCH,op_seq differs (sz=272)
0x00157C98,0x00157AE4,actCommonFall,commonact.o,SEQ_MISMATCH,op_seq differs (sz=1136)
0x00158108,0x00157F54,debugDispFlyLimit,commonact.o,SEQ_MISMATCH,op_seq differs (sz=4648)
0x00159330,0x0015917C,actCommonFly,commonact.o,SEQ_MISMATCH,op_seq differs (sz=216)
0x00159408,0x00159254,actCommonLadder,commonact.o,SEQ_MISMATCH,op_seq differs (sz=1480)
0x001599D0,0x0015981C,actCommonEdgeHang,commonact.o,SEQ_MISMATCH,op_seq differs (sz=360)
0x00159B38,0x00159984,funcCommonBeginReady,commonact.o,SEQ_MISMATCH,op_seq differs (sz=88)
0x00159B90,0x001599DC,funcCommonEndReady,commonact.o,SEQ_MISMATCH,op_seq differs (sz=88)
0x00159BE8,0x00159A34,funcCommonEndExec,commonact.o,SEQ_MISMATCH,op_seq differs (sz=88)
0x00159C40,0x00159A8C,funcCommonError,commonact.o,SEQ_MISMATCH,op_seq differs (sz=88)
0x00159C98,0x00159AE4,SetMotionDirectionSmooze,commonact.o,SEQ_MISMATCH,op_seq differs (sz=568)
0x00159ED0,0x00159D1C,_ACTDebugPrint,commonact.o,SEQ_MISMATCH,op_seq differs (sz=760)
0x0015A1C8,0x0015A014,ACTSendMailCorrect,commonact.o,SEQ_MISMATCH,op_seq differs (sz=128)
0x0015A248,0x0015A094,_ACTCommonMailTest,commonact.o,SEQ_MISMATCH,op_seq differs (sz=1000)
0x0015A630,0x0015A47C,E3_LeverCheck,commonact.o,SEQ_MISMATCH,op_seq differs (sz=192)
0x0015A6F0,0x0015A53C,actCommonBecarry,commonact.o,SEQ_MISMATCH,op_seq differs (sz=1160)
0x0015AB78,0x0015A9C4,subCommonIdle,commonact.o,SEQ_MISMATCH,op_seq differs (sz=1360)
0x0015B0C8,0x0015AF14,ContinueCorrectPosition,commonact.o,SEQ_MISMATCH,op_seq differs (sz=328)
0x0015B210,0x0015B05C,actCommonTurn,commonact.o,SEQ_MISMATCH,op_seq differs (sz=504)
0x0015B408,0x0015B254,actCommonBackhand,commonact.o,SEQ_MISMATCH,op_seq differs (sz=328)
0x0015B550,0x0015B39C,actCommonSlowrun,commonact.o,SEQ_MISMATCH,op_seq differs (sz=304)
0x0015B680,0x0015B4CC,ACT_LAYOUT_GAMEOVER,commonact.o,SEQ_MISMATCH,op_seq differs (sz=32)
0x0015B6A0,0x0015B4EC,ACTAdjustPlane,commonact.o,SEQ_MISMATCH,op_seq differs (sz=16)
0x0015B6B0,0x0015B4FC,_ACTMotDirSmzDirect,commonact.o,SEQ_MISMATCH,op_seq differs (sz=104)
0x0015B718,0x0015B564,WithMailFunc_Idling,commonact.o,SEQ_MISMATCH,op_seq differs (sz=176)
0x0015B7C8,0x0015B614,WithMailFunc_BossDamaged,commonact.o,SEQ_MISMATCH,op_seq differs (sz=24)
0x0015B7E0,0x0015B62C,WithMailFunc_FallDead,commonact.o,SEQ_MISMATCH,op_seq differs (sz=152)
0x0015B878,0x0015B6C4,actCommonRevive,commonact.o,SEQ_MISMATCH,op_seq differs (sz=128)
0x0015B8F8,0x0015B744,actCommonReviveAir,commonact.o,SEQ_MISMATCH,op_seq differs (sz=80)
0x0015B948,0x0015B794,actCommonPlay,commonact.o,SEQ_MISMATCH,op_seq differs (sz=48)
0x0015B978,0x0015B7C4,actCommonOne,commonact.o,SEQ_MISMATCH,op_seq differs (sz=144)
0x0015BA08,0x0015B854,actCommonDelete,commonact.o,SEQ_MISMATCH,op_seq differs (sz=32)
0x0015BA28,0x0015B874,actCommonSofa,commonact.o,SEQ_MISMATCH,op_seq differs (sz=200)
0x0015BAF0,0x0015B93C,actCommonCatchFire,commonact.o,SEQ_MISMATCH,op_seq differs (sz=120)
0x0015BB68,0x0015B9B4,actCommonCatchFireBomb,commonact.o,SEQ_MISMATCH,op_seq differs (sz=120)
0x0015BBE0,0x0015BA2C,actCommonPutFire,commonact.o,SEQ_MISMATCH,op_seq differs (sz=120)
0x0015BC58,0x0015BAA4,actCommonBoxReverbe,commonact.o,SEQ_MISMATCH,op_seq differs (sz=56)
0x0015BC90,0x0015BADC,actCommonClimb,commonact.o,SEQ_MISMATCH,op_seq differs (sz=72)
0x0015BCD8,0x0015BB24,actCommonCliffdown,commonact.o,SEQ_MISMATCH,op_seq differs (sz=80)
0x0015BD28,0x0015BB74,actCommonLadderBellow,commonact.o,SEQ_MISMATCH,op_seq differs (sz=312)
0x0015BE60,0x0015BCAC,actCommonLadderBellowHang,commonact.o,SEQ_MISMATCH,op_seq differs (sz=88)
0x0015BEB8,0x0015BD04,actCommonEdge,commonact.o,SEQ_MISMATCH,op_seq differs (sz=96)
0x0015BF18,0x0015BD64,actCommonDodge,commonact.o,SEQ_MISMATCH,op_seq differs (sz=216)
0x0015BFF0,0x0015BE3C,actCommonDodgeJump,commonact.o,SEQ_MISMATCH,op_seq differs (sz=144)
0x0015C080,0x0015BECC,actCommonGuard,commonact.o,SEQ_MISMATCH,op_seq differs (sz=192)
0x0015C140,0x0015BF8C,actCommonFallDamage,commonact.o,SEQ_MISMATCH,op_seq differs (sz=120)
0x0015C1B8,0x0015C004,actCommonDamage,commonact.o,SEQ_MISMATCH,op_seq differs (sz=128)
0x0015C238,0x0015C084,actCommonShoal,commonact.o,SEQ_MISMATCH,op_seq differs (sz=48)
0x0015C268,0x0015C0B4,actCommonSwim,commonact.o,SEQ_MISMATCH,op_seq differs (sz=40)
0x0015C290,0x0015C0DC,actCommonTruckLever,commonact.o,SEQ_MISMATCH,op_seq differs (sz=248)
0x0015C388,0x0015C1D4,actCommonLever2,commonact.o,SEQ_MISMATCH,op_seq differs (sz=152)
0x0015C420,0x0015C26C,actCommonRopeTouchWall,commonact.o,SEQ_MISMATCH,op_seq differs (sz=152)
0x0015C4B8,0x0015C304,actCommonRopeSwing,commonact.o,SEQ_MISMATCH,op_seq differs (sz=248)
0x0015C5B0,0x0015C3FC,actCommonRopeTurn,commonact.o,SEQ_MISMATCH,op_seq differs (sz=32)
0x0015C5D0,0x0015C41C,actCommonRopeDownEnd,commonact.o,SEQ_MISMATCH,op_seq differs (sz=192)
0x0015C690,0x0015C4DC,actCommonRopeJump,commonact.o,SEQ_MISMATCH,op_seq differs (sz=96)
0x0015C6F0,0x0015C53C,actCommonRopeJumpBefore,commonact.o,SEQ_MISMATCH,op_seq differs (sz=48)
0x0015C720,0x0015C56C,actCommonRopeTurnSpecial,commonact.o,SEQ_MISMATCH,op_seq differs (sz=32)
0x0015C740,0x0015C58C,actCommonRopeClimbEnd2,commonact.o,SEQ_MISMATCH,op_seq differs (sz=48)
0x0015C770,0x0015C5BC,actCommonCornered,commonact.o,SEQ_MISMATCH,op_seq differs (sz=104)
0x0015C7D8,0x0015C624,actCommonLookaround,commonact.o,SEQ_MISMATCH,op_seq differs (sz=48)
0x0015C808,0x0015C654,actCommonTurnWarn,commonact.o,SEQ_MISMATCH,op_seq differs (sz=184)
0x0015C8C0,0x0015C70C,actCommonTurnStrict,commonact.o,SEQ_MISMATCH,op_seq differs (sz=112)
0x0015C930,0x0015C77C,actCommonPPipe,commonact.o,SEQ_MISMATCH,op_seq differs (sz=32)
0x0015C950,0x0015C79C,actCommonHandrail,commonact.o,SEQ_MISMATCH,op_seq differs (sz=32)
0x0015C970,0x0015C7BC,actCommonOneWall,commonact.o,SEQ_MISMATCH,op_seq differs (sz=56)
0x0015C9A8,0x0015C7F4,motCommonNull,commonact.o,SEQ_MISMATCH,op_seq differs (sz=40)
0x0015C9D0,0x0015C81C,motCommonBoxPush,commonact.o,SEQ_MISMATCH,op_seq differs (sz=88)
0x0015CA28,0x0015C874,motCommonBoxPull,commonact.o,SEQ_MISMATCH,op_seq differs (sz=96)
0x0015CA88,0x0015C8D4,motCommonBarPush,commonact.o,SEQ_MISMATCH,op_seq differs (sz=48)
0x0015CAB8,0x0015C904,motCommonBarPull,commonact.o,SEQ_MISMATCH,op_seq differs (sz=56)
0x0015CAF0,0x0015C93C,motCommonLadderUp,commonact.o,SEQ_MISMATCH,op_seq differs (sz=128)
0x0015CB70,0x0015C9BC,motCommonLadderDown,commonact.o,SEQ_MISMATCH,op_seq differs (sz=144)
0x0015CC00,0x0015CA4C,motCommonSlip,commonact.o,SEQ_MISMATCH,op_seq differs (sz=152)
0x0015CC98,0x0015CAE4,motCommonRopejumpDircorrect,commonact.o,SEQ_MISMATCH,op_seq differs (sz=64)
0x0015CCD8,0x0015CB24,motCommonHangNone,commonact.o,SEQ_MISMATCH,op_seq differs (sz=48)
0x0015CD08,0x0015CB54,motCommonHangWall,commonact.o,SEQ_MISMATCH,op_seq differs (sz=48)
0x0015CD38,0x0015CB84,motCommonHangCliff,commonact.o,SEQ_MISMATCH,op_seq differs (sz=48)
0x0015CD68,0x0015CBB4,motCommonRopeTurnSpecialR,commonact.o,SEQ_MISMATCH,op_seq differs (sz=344)
0x0015CEC0,0x0015CD0C,motCommonRopeTurnSpecialL,commonact.o,SEQ_MISMATCH,op_seq differs (sz=344)
0x0015D018,0x0015CE64,motCommonTruckLeverLoop,commonact.o,SEQ_MISMATCH,op_seq differs (sz=88)
0x0015D070,0x0015CEBC,motCommonTruckLeverPull,commonact.o,SEQ_MISMATCH,op_seq differs (sz=88)
0x0015D0C8,0x0015CF14,motCommonTruckLeverPush,commonact.o,SEQ_MISMATCH,op_seq differs (sz=88)
0x0015D120,0x0015CF6C,funcCommonRopeBefore,commonact.o,SEQ_MISMATCH,op_seq differs (sz=16)
0x0015D130,0x0015CF7C,afterCommonRope,commonact.o,SEQ_MISMATCH,op_seq differs (sz=88)
0x0015D188,0x0015CFD4,extraCommonNull,commonact.o,SEQ_MISMATCH,op_seq differs (sz=32)
0x0015D1A8,0x0015CFF4,extraCommonCall,commonact.o,SEQ_MISMATCH,op_seq differs (sz=56)
0x0015D1E0,0x0015D02C,funcCommonWayOn,commonact.o,SEQ_MISMATCH,op_seq differs (sz=24)
0x0015D1F8,0x0015D044,funcCommonSofaWakeup,commonact.o,SEQ_MISMATCH,op_seq differs (sz=16)
0x0015D208,0x0015D054,_ACTMotReqResult,commonact.o,SEQ_MISMATCH,op_seq differs (sz=56)
0x0015D240,0x0015D08C,test_CURRENTORIENT,commonact.o,SEQ_MISMATCH,op_seq differs (sz=112)
0x0015D2B0,0x0015D0FC,test_CURRENTROOT,commonact.o,SEQ_MISMATCH,op_seq differs (sz=152)
0x0015D348,0x0015D194,StartCorrectPosition,commonact.o,SEQ_MISMATCH,op_seq differs (sz=336)
0x0015D498,0x0015D2E4,IsCorrectPosition,commonact.o,SEQ_MISMATCH,op_seq differs (sz=32)
0x0015D4B8,0x0015D304,ControlMotionOrient,commonact.o,SEQ_MISMATCH,op_seq differs (sz=32)
0x0015D4D8,0x0015D324,_ACTMotDir_V,commonact.o,SEQ_MISMATCH,op_seq differs (sz=64)
0x0015D518,0x0015D364,ACTMotDirToWall,commonact.o,SEQ_MISMATCH,op_seq differs (sz=72)
0x0015D560,0x0015D3AC,SetCorrectOrientOfChain,commonact.o,SEQ_MISMATCH,op_seq differs (sz=56)
0x0015D598,0x0015D3E4,actAfterForceRope,commonact.o,SEQ_MISMATCH,op_seq differs (sz=104)
0x0015D600,0x0015D44C,actAfterForceRopeSwing,commonact.o,SEQ_MISMATCH,op_seq differs (sz=104)
0x0015D668,0x0015D4B4,actAfterDown,commonact.o,SEQ_MISMATCH,op_seq differs (sz=104)
0x0015D6D0,0x0015D51C,afterCommonCling,commonact.o,SEQ_MISMATCH,op_seq differs (sz=40)
0x0015D6F8,0x0015D544,actAfterSlip,commonact.o,SEQ_MISMATCH,op_seq differs (sz=16)
0x0015D708,0x0015D554,afterCommonRevive,commonact.o,SEQ_MISMATCH,op_seq differs (sz=40)
0x0015D730,0x0015D57C,afterCommonStone,commonact.o,SEQ_MISMATCH,op_seq differs (sz=56)
0x0015D768,0x0015D5B4,afterCommonBox,commonact.o,SEQ_MISMATCH,op_seq differs (sz=40)
0x0015D790,0x0015D5DC,afterCommonBar,commonact.o,SEQ_MISMATCH,op_seq differs (sz=88)
0x0015D7E8,0x0015D634,actAfterFall,commonact.o,SEQ_MISMATCH,op_seq differs (sz=48)
0x0015D818,0x0015D664,actAfterFly,commonact.o,SEQ_MISMATCH,op_seq differs (sz=80)
0x0015D868,0x0015D6B4,afterCommonOneWall,commonact.o,SEQ_MISMATCH,op_seq differs (sz=16)
0x0015D878,0x0015D6C4,ACTCheckFlagAttack,commonact.o,SEQ_MISMATCH,op_seq differs (sz=24)
0x0015D890,0x0015D6DC,afterCommonTruckLever,commonact.o,OOB,USA address out of bounds
0x0015DF28,,subEnemyControl,enemy_act.o,NO_ANCHOR,Object has no USA anchor
0x0015E2C8,,subEnemyCollision,enemy_act.o,NO_ANCHOR,Object has no USA anchor
0x0015E7C8,,actEnemyAttack,enemy_act.o,NO_ANCHOR,Object has no USA anchor
0x0015E8F0,,actEnemyRestart,enemy_act.o,NO_ANCHOR,Object has no USA anchor
0x0015ED90,,actEnemyKidnapEnd,enemy_act.o,NO_ANCHOR,Object has no USA anchor
0x0015F298,,actEnemyKidnapBegin,enemy_act.o,NO_ANCHOR,Object has no USA anchor
0x0015F648,,actEnemyBodylift,enemy_act.o,NO_ANCHOR,Object has no USA anchor
0x0015FA58,,actEnemyPickupBegin,enemy_act.o,NO_ANCHOR,Object has no USA anchor
0x0015FFC0,,subEnemyBrainMain,enemy_act.o,NO_ANCHOR,Object has no USA anchor
0x00161180,,subEnemyBrain_ToBoy,enemy_act.o,NO_ANCHOR,Object has no USA anchor
0x001618F0,,subEnemyBrain_ToGirl,enemy_act.o,NO_ANCHOR,Object has no USA anchor
0x001623E0,,actEnemyStart,enemy_act.o,NO_ANCHOR,Object has no USA anchor
0x00162820,,subEnemyBrain_Irregular,enemy_act.o,NO_ANCHOR,Object has no USA anchor
0x00162950,,subEnemyBrain_Attack,enemy_act.o,NO_ANCHOR,Object has no USA anchor
0x00162CB0,,subEnemyBrain_Cling,enemy_act.o,NO_ANCHOR,Object has no USA anchor
0x00162E10,,funcEnemyAiGetGirl,enemy_act.o,NO_ANCHOR,Object has no USA anchor
0x00162E30,,actEnemyStand,enemy_act.o,NO_ANCHOR,Object has no USA anchor
0x00162E78,,actEnemyWalk,enemy_act.o,NO_ANCHOR,Object has no USA anchor
0x00162EC0,,actEnemyRun,enemy_act.o,NO_ANCHOR,Object has no USA anchor
0x00162F08,,actEnemyHang,enemy_act.o,NO_ANCHOR,Object has no USA anchor
0x00162F50,,actEnemyCarry,enemy_act.o,NO_ANCHOR,Object has no USA anchor
0x00162F98,,actEnemyBodyslam,enemy_act.o,NO_ANCHOR,Object has no USA anchor
0x00162FE0,,actEnemyBodyslamFail,enemy_act.o,NO_ANCHOR,Object has no USA anchor
0x00163020,,actEnemyNest,enemy_act.o,NO_ANCHOR,Object has no USA anchor
0x001630D8,,funcEnemyCarryFail,enemy_act.o,NO_ANCHOR,Object has no USA anchor
0x001630F8,,actEnemyHyde,enemy_act.o,NO_ANCHOR,Object has no USA anchor
0x00163148,,actEnemyFlagOnFree,enemy_act.o,NO_ANCHOR,Object has no USA anchor
0x00163178,,afterCommonCarry,enemy_act.o,NO_ANCHOR,Object has no USA anchor
0x001631F0,,actEnemyFlagOnDead,enemy_act.o,NO_ANCHOR,Object has no USA anchor
0x00163220,,EnemyBrainStatus_Boy,enemy_act.o,NO_ANCHOR,Object has no USA anchor
0x00163238,,EnemyBrainStatus_Girl,enemy_act.o,NO_ANCHOR,Object has no USA anchor
0x00163250,,actEnemyFlagCheckDead,enemy_act.o,NO_ANCHOR,Object has no USA anchor
0x00163278,,actEnemyFlagCheckActive,enemy_act.o,NO_ANCHOR,Object has no USA anchor
0x001632C8,,ACTEnemyForceSwitchToCarry,enemy_act.o,NO_ANCHOR,Object has no USA anchor
0x00163320,,actEnemy_GetClingTarget,enemy_act.o,NO_ANCHOR,Object has no USA anchor
0x00163350,,actEnemy_isNormalEnemy,enemy_act.o,NO_ANCHOR,Object has no USA anchor
0x00163368,,actEnemy_isLargeEnemy,enemy_act.o,NO_ANCHOR,Object has no USA anchor
0x00163380,,actEnemy_isSmallEnemy,enemy_act.o,NO_ANCHOR,Object has no USA anchor
0x00163398,,IsEnemyBrainToGenerator,enemy_act.o,NO_ANCHOR,Object has no USA anchor
0x00163408,,IsEnemyBrainToBoy,enemy_act.o,NO_ANCHOR,Object has no USA anchor
0x00163448,,GetEnemyTypeFromGObj,enemy_act.o,NO_ANCHOR,Object has no USA anchor
0x00163458,,GetEnemyType,enemy_act.o,NO_ANCHOR,Object has no USA anchor
0x00163460,,isEnemyKidnapEnable,enemy_act.o,NO_ANCHOR,Object has no USA anchor
0x001634C0,,isEnemyActive,enemy_act.o,NO_ANCHOR,Object has no USA anchor
0x00163530,,subEnemyBrain_Idle,enemy_act.o,NO_ANCHOR,Object has no USA anchor
0x00163590,,subEnemyBrain_Await,enemy_act.o,NO_ANCHOR,Object has no USA anchor
0x00163648,,subEnemyBrain_ToGenerator,enemy_act.o,NO_ANCHOR,Object has no USA anchor
0x00163700,,subEnemyBrain_FindGirl,enemy_act.o,NO_ANCHOR,Object has no USA anchor
0x00163898,,subEnemyBrain_BodyGuard,enemy_act.o,NO_ANCHOR,Object has no USA anchor
0x00163978,,subEnemyBrain_Shoulder,enemy_act.o,NO_ANCHOR,Object has no USA anchor
0x00163A08,,subEnemyBrain_Pickup,enemy_act.o,NO_ANCHOR,Object has no USA anchor
0x00163A58,,subEnemyBrain_Bodyslam,enemy_act.o,NO_ANCHOR,Object has no USA anchor
0x00163D40,,motEnemyStand,enemy_act.o,NO_ANCHOR,Object has no USA anchor
0x00163D88,,motEnemyWalk,enemy_act.o,NO_ANCHOR,Object has no USA anchor
0x00163DE0,,motEnemyRun,enemy_act.o,NO_ANCHOR,Object has no USA anchor
0x00163E38,,actEnemyJump,enemy_act.o,NO_ANCHOR,Object has no USA anchor
0x00163F00,,isEnemyHyde,enemy_act.o,NO_ANCHOR,Object has no USA anchor
0x00163F78,,afterEnemyBodylift,enemy_act.o,NO_ANCHOR,Object has no USA anchor
0x00163FA0,0x0015F6F8,MakeCollisionDependGObjList,fieldCollision.o,MATCH,offset=0x-00048A8
0x00164090,0x0015F7E8,GetReflectionElement,fieldCollision.o,SEQ_MISMATCH,op_seq differs (sz=2296)
0x00164988,0x001600E0,DispCollisionPC,fieldCollision.o,SEQ_MISMATCH,op_seq differs (sz=2152)
0x001651F0,0x00160948,DrawGObjWallCollision,fieldCollision.o,SEQ_MISMATCH,op_seq differs (sz=688)
0x001654A0,0x00160BF8,DrawGObjFloorCollision,fieldCollision.o,SEQ_MISMATCH,op_seq differs (sz=568)
0x001656D8,0x00160E30,DBG_VECTOR,fieldCollision.o,SEQ_MISMATCH,op_seq differs (sz=112)
0x00165748,0x00160EA0,GetEdgeOfFloor,fieldCollision.o,SEQ_MISMATCH,op_seq differs (sz=1584)
0x00165D78,0x001614D0,DrawCollisionRay,fieldCollision.o,SEQ_MISMATCH,op_seq differs (sz=600)
0x00165FD0,0x00161728,MakeExitAttributeIndex,fieldCollision.o,SEQ_MISMATCH,op_seq differs (sz=336)
0x00166120,0x00161878,ClipFloorByGObj,fieldCollision.o,SEQ_MISMATCH,op_seq differs (sz=512)
0x00166320,0x00161A78,ClipWallDebug,fieldCollision.o,SEQ_MISMATCH,op_seq differs (sz=32)
0x00166340,0x00161A98,ClipWall,fieldCollision.o,SEQ_MISMATCH,op_seq differs (sz=32)
0x00166360,0x00161AB8,ClipWallR,fieldCollision.o,SEQ_MISMATCH,op_seq differs (sz=32)
0x00166380,0x00161AD8,ClipWallWaveForce,fieldCollision.o,SEQ_MISMATCH,op_seq differs (sz=32)
0x001663A0,0x00161AF8,ClipWallFuchiHangWalkStop,fieldCollision.o,SEQ_MISMATCH,op_seq differs (sz=32)
0x001663C0,0x00161B18,ClipWallField,fieldCollision.o,SEQ_MISMATCH,op_seq differs (sz=32)
0x001663E0,0x00161B38,ClipWallEField,fieldCollision.o,SEQ_MISMATCH,op_seq differs (sz=32)
0x00166400,0x00161B58,ClipWallBoxStop,fieldCollision.o,SEQ_MISMATCH,op_seq differs (sz=32)
0x00166420,0x00161B78,ClipWallAdjustPos,fieldCollision.o,SEQ_MISMATCH,op_seq differs (sz=32)
0x00166440,0x00161B98,ClipWallE,fieldCollision.o,SEQ_MISMATCH,op_seq differs (sz=32)
0x00166460,0x00161BB8,ClipWallCheckCB,fieldCollision.o,SEQ_MISMATCH,op_seq differs (sz=40)
0x00166488,0x00161BE0,ClipWallFieldCheckCB,fieldCollision.o,SEQ_MISMATCH,op_seq differs (sz=40)
0x001664B0,0x00161C08,ClipFloor,fieldCollision.o,SEQ_MISMATCH,op_seq differs (sz=32)
0x001664D0,0x00161C28,ClipFloorE,fieldCollision.o,SEQ_MISMATCH,op_seq differs (sz=32)
0x001664F0,0x00161C48,ClipFloorR,fieldCollision.o,SEQ_MISMATCH,op_seq differs (sz=32)
0x00166510,0x00161C68,ClipFloorIH,fieldCollision.o,SEQ_MISMATCH,op_seq differs (sz=32)
0x00166530,0x00161C88,ClipFloorCheckCB,fieldCollision.o,SEQ_MISMATCH,op_seq differs (sz=40)
0x00166558,0x00161CB0,ClipCollision,fieldCollision.o,SEQ_MISMATCH,op_seq differs (sz=112)
0x001665C8,0x00161D20,ChangeFieldCollisionDebugMode,fieldCollision.o,SEQ_MISMATCH,op_seq differs (sz=64)
0x00166608,0x00161D60,LoadCollision,fieldCollision.o,SEQ_MISMATCH,op_seq differs (sz=72)
0x00166650,0x00161DA8,DrawCollision,fieldCollision.o,SEQ_MISMATCH,op_seq differs (sz=224)
0x00166730,0x00161E88,ClipPlane,fieldCollision.o,SEQ_MISMATCH,op_seq differs (sz=296)
0x00166858,0x00161FB0,GetOrientOfWall,fieldCollision.o,SEQ_MISMATCH,op_seq differs (sz=328)
0x001669A0,0x001620F8,SetSimplePlane,fieldCollision.o,SEQ_MISMATCH,op_seq differs (sz=24)
0x001669B8,0x00162110,GetWallAttribute,fieldCollision.o,SEQ_MISMATCH,op_seq differs (sz=32)
0x001669D8,0x00162130,GetFloorAttribute,fieldCollision.o,SEQ_MISMATCH,op_seq differs (sz=32)
0x001669F8,0x00162150,CompareAttribute,fieldCollision.o,SEQ_MISMATCH,op_seq differs (sz=96)
0x00166A58,0x001621B0,GetWallGlobalInfo,fieldCollision.o,SEQ_MISMATCH,op_seq differs (sz=192)
0x00166B18,0x00162270,GetDistanceFromPlane,fieldCollision.o,SEQ_MISMATCH,op_seq differs (sz=48)
0x00166B48,0x001622A0,GetYDistanceFromPlane,fieldCollision.o,SEQ_MISMATCH,op_seq differs (sz=72)
0x00166B90,0x001622E8,GetYProjectionOfPlane,fieldCollision.o,SEQ_MISMATCH,op_seq differs (sz=64)
0x00166BD0,0x00162328,ResetCollisionPC,fieldCollision.o,SEQ_MISMATCH,op_seq differs (sz=48)
0x00166C00,0x00162358,PositionOfExit,fieldCollision.o,SEQ_MISMATCH,op_seq differs (sz=64)
0x00166C40,0x00162398,GetGlobalWallPlane,fieldCollision.o,SEQ_MISMATCH,op_seq differs (sz=5224)
0x001680A8,0x00163800,ClipWallRD,fieldCollision.o,SEQ_MISMATCH,op_seq differs (sz=40)
0x001680D0,0x00163828,ClipWallVector,fieldCollision.o,SEQ_MISMATCH,op_seq differs (sz=96)
0x00168130,0x00163888,MapCollisionData,fieldCollision.o,OOB,USA address out of bounds
0x00168150,,fzShowV,fuzio.o,NO_ANCHOR,Object has no USA anchor
0x001681B8,,fzShowM,fuzio.o,NO_ANCHOR,Object has no USA anchor
0x00168218,,fzMagnitude2f,fuzio.o,NO_ANCHOR,Object has no USA anchor
0x00168240,,fzMagnitude3f,fuzio.o,NO_ANCHOR,Object has no USA anchor
0x00168270,,fzMagnitudefv,fuzio.o,NO_ANCHOR,Object has no USA anchor
0x00168298,,fzMagnitude2fv,fuzio.o,NO_ANCHOR,Object has no USA anchor
0x00168328,,fzMagnitudeByLine,fuzio.o,NO_ANCHOR,Object has no USA anchor
0x001683D8,,fzMagnitudeByLineSeg,fuzio.o,NO_ANCHOR,Object has no USA anchor
0x001685F0,,funcGirlHandDisconnect,girl_act.o,NO_ANCHOR,Object has no USA anchor
0x00168618,,motGirlHand50,girl_act.o,NO_ANCHOR,Object has no USA anchor
0x001687A0,,motGirlHand100,girl_act.o,NO_ANCHOR,Object has no USA anchor
0x00168960,,motGirlHand200,girl_act.o,NO_ANCHOR,Object has no USA anchor
0x00169BF8,,subGirlBrainMain,girl_act.o,NO_ANCHOR,Object has no USA anchor
0x0016ACE8,,subGirlBrain_Pulledup,girl_act.o,NO_ANCHOR,Object has no USA anchor
0x0016B4D0,,subGirlBrain_Attract,girl_act.o,NO_ANCHOR,Object has no USA anchor
0x0016CB48,,subGirlBrain_Hide,girl_act.o,NO_ANCHOR,Object has no USA anchor
0x0016D988,,subGirlBrain_Escape,girl_act.o,NO_ANCHOR,Object has no USA anchor
0x0016E0C0,,ClipTwinVector,girl_act.o,NO_ANCHOR,Object has no USA anchor
0x0016F478,,subGirlBrain_HideAdvance,girl_act.o,NO_ANCHOR,Object has no USA anchor
0x0016F908,,WayTest,girl_act.o,NO_ANCHOR,Object has no USA anchor
0x0016FB88,,subGirlControl,girl_act.o,NO_ANCHOR,Object has no USA anchor
0x001702F0,,subGirlCollision,girl_act.o,NO_ANCHOR,Object has no USA anchor
0x00171548,,actGirlHand,girl_act.o,NO_ANCHOR,Object has no USA anchor
0x00171F88,,actGirlPulledReady,girl_act.o,NO_ANCHOR,Object has no USA anchor
0x001720D8,,actGirlPulledGo,girl_act.o,NO_ANCHOR,Object has no USA anchor
0x00172240,,actGirlDitch3mReady,girl_act.o,NO_ANCHOR,Object has no USA anchor
0x00172328,,actGirlReadyMove,girl_act.o,NO_ANCHOR,Object has no USA anchor
0x00172460,,actGirlRescueDst,girl_act.o,NO_ANCHOR,Object has no USA anchor
0x00172708,,actGirlSupportBGBegin,girl_act.o,NO_ANCHOR,Object has no USA anchor
0x00172860,,actGirlStart,girl_act.o,NO_ANCHOR,Object has no USA anchor
0x00172A38,,GirlAct_BoyAndMeCollisionMail,girl_act.o,NO_ANCHOR,Object has no USA anchor
0x00172BC0,,IsGirlStatusEscortEnable,girl_act.o,NO_ANCHOR,Object has no USA anchor
0x00172D58,,DebugDispAutoEscort,girl_act.o,NO_ANCHOR,Object has no USA anchor
0x00172F90,,ACTGame_GirlBeforeFunc,girl_act.o,NO_ANCHOR,Object has no USA anchor
0x00172FC8,,actGirlSupportGBBegin,girl_act.o,NO_ANCHOR,Object has no USA anchor
0x00173098,,actGirlSupportGBLoop,girl_act.o,NO_ANCHOR,Object has no USA anchor
0x001730F8,,actGirlSupportGBEnd,girl_act.o,NO_ANCHOR,Object has no USA anchor
0x00173128,,actGirlHangG3M,girl_act.o,NO_ANCHOR,Object has no USA anchor
0x00173170,,actGirlDitch3mExec,girl_act.o,NO_ANCHOR,Object has no USA anchor
0x00173270,,actGirlStand,girl_act.o,NO_ANCHOR,Object has no USA anchor
0x001732B8,,actGirlWalk,girl_act.o,NO_ANCHOR,Object has no USA anchor
0x00173300,,actGirlRun,girl_act.o,NO_ANCHOR,Object has no USA anchor
0x00173348,,actGirlHang,girl_act.o,NO_ANCHOR,Object has no USA anchor
0x001733C0,,actGirlBHang,girl_act.o,NO_ANCHOR,Object has no USA anchor
0x00173440,,actGirlAttack,girl_act.o,NO_ANCHOR,Object has no USA anchor
0x00173488,,actGirlBecall,girl_act.o,NO_ANCHOR,Object has no USA anchor
0x00173580,,actGirlBehanged,girl_act.o,NO_ANCHOR,Object has no USA anchor
0x00173608,,actGirlAttractAction,girl_act.o,NO_ANCHOR,Object has no USA anchor
0x00173638,,actGirlHand50,girl_act.o,NO_ANCHOR,Object has no USA anchor
0x001736E0,,afterGirlHand50,girl_act.o,NO_ANCHOR,Object has no USA anchor
0x00173720,,actGirlHand100,girl_act.o,NO_ANCHOR,Object has no USA anchor
0x001737A0,,afterGirlHand100,girl_act.o,NO_ANCHOR,Object has no USA anchor
0x001737E0,,actGirlHand200,girl_act.o,NO_ANCHOR,Object has no USA anchor
0x00173860,,afterGirlHand200,girl_act.o,NO_ANCHOR,Object has no USA anchor
0x001738A0,,NotNeedBackHand,girl_act.o,NO_ANCHOR,Object has no USA anchor
0x001738F8,,SetGirlDangerGObj,girl_act.o,NO_ANCHOR,Object has no USA anchor
0x00173918,,ClearGirlDangerGObj,girl_act.o,NO_ANCHOR,Object has no USA anchor
0x00173938,,subGirlBrain_Idle,girl_act.o,NO_ANCHOR,Object has no USA anchor
0x00173968,,subGirlBrain_Hesitate,girl_act.o,NO_ANCHOR,Object has no USA anchor
0x00173A18,,subGirlBrain_Becarry,girl_act.o,NO_ANCHOR,Object has no USA anchor
0x00173A48,,subGirlBrain_Busy,girl_act.o,NO_ANCHOR,Object has no USA anchor
0x00173B50,,subGirlBrain_DangerEnv,girl_act.o,NO_ANCHOR,Object has no USA anchor
0x00173C08,,ACTCheckCollis_SAFE,girl_act.o,NO_ANCHOR,Object has no USA anchor
0x00173D78,,afterGirlHand,girl_act.o,NO_ANCHOR,Object has no USA anchor
0x00173DB0,,afterGirlPulledGo,girl_act.o,NO_ANCHOR,Object has no USA anchor
0x00173DD0,,actGirlJump,girl_act.o,NO_ANCHOR,Object has no USA anchor
0x00173E18,,afterGirlSupportBGBegin,girl_act.o,NO_ANCHOR,Object has no USA anchor
0x00173E38,,isMustCheckCylinder,girl_act.o,NO_ANCHOR,Object has no USA anchor
0x00174018,,iosCdvdBackGroundReadJimaku,jimaku.o,NO_ANCHOR,Object has no USA anchor
0x00174768,,jimakuBegin,jimaku.o,NO_ANCHOR,Object has no USA anchor
0x00174788,,jimakuNext,jimaku.o,NO_ANCHOR,Object has no USA anchor
0x001747B8,,jimakuJump,jimaku.o,NO_ANCHOR,Object has no USA anchor
0x00174838,,jimakuEnd,jimaku.o,NO_ANCHOR,Object has no USA anchor
0x00174848,,jimakuDisp,jimaku.o,NO_ANCHOR,Object has no USA anchor
0x00174968,,jimakuManager,jimaku.o,NO_ANCHOR,Object has no USA anchor
0x00174A50,,jimakuUndisp,jimaku.o,NO_ANCHOR,Object has no USA anchor
0x00174A60,,_FUNC_GetWay_begin,way_sys.o,NO_ANCHOR,Object has no USA anchor
0x00175920,,GetWay_next,way_sys.o,NO_ANCHOR,Object has no USA anchor
0x00175F08,,GetNearNigePointN,way_sys.o,NO_ANCHOR,Object has no USA anchor
0x00176560,,GetWay_begin,way_sys.o,NO_ANCHOR,Object has no USA anchor
0x00176580,,BridgeBox,way_sys.o,NO_ANCHOR,Object has no USA anchor
0x00176588,,DeleteGuideWay,way_sys.o,NO_ANCHOR,Object has no USA anchor
0x001765E8,,visible_waypoint_of_all_except_gid,way_util.o,NO_ANCHOR,Object has no USA anchor
0x00176778,,visible_waypoint_of_all_except_gid_ThreadVersion,way_util.o,NO_ANCHOR,Object has no USA anchor
0x00176920,,visible_waypoint_of_all_except_temp,way_util.o,NO_ANCHOR,Object has no USA anchor
0x00176AD0,,visible_waypoint_of_all_except_temp_ThreadVersion,way_util.o,NO_ANCHOR,Object has no USA anchor
0x00176C98,,ez_line,way_util.o,NO_ANCHOR,Object has no USA anchor
0x00176CA8,,ez_circle,way_util.o,NO_ANCHOR,Object has no USA anchor
0x00176CB8,,short_direction_between_wp,way_util.o,NO_ANCHOR,Object has no USA anchor
0x00176EA0,,wgid_next,way_util.o,NO_ANCHOR,Object has no USA anchor
0x00177090,,WayUtilWorkAlloc,way_util.o,NO_ANCHOR,Object has no USA anchor
0x001771A8,,WayUtilWorkFree,way_util.o,NO_ANCHOR,Object has no USA anchor
0x00177208,,shortest_path,way_util.o,NO_ANCHOR,Object has no USA anchor
0x001774C8,,shortest_path_ThreadVersion,way_util.o,NO_ANCHOR,Object has no USA anchor
0x001777A0,,GetWgAll,way_util.o,NO_ANCHOR,Object has no USA anchor
0x00177A60,,set_check_wp,way_util.o,NO_ANCHOR,Object has no USA anchor
0x00177BB8,,set_bridge,way_util.o,NO_ANCHOR,Object has no USA anchor
0x00177E80,,nearest_waypoint_of_group,way_util.o,NO_ANCHOR,Object has no USA anchor
0x00177F18,,nearest_waypoint,way_util.o,NO_ANCHOR,Object has no USA anchor
0x00177FB8,,nearest_waypoint_from_gobj,way_util.o,NO_ANCHOR,Object has no USA anchor
0x00178060,,nearest_waypoint_by_lineseg_of_group,way_util.o,NO_ANCHOR,Object has no USA anchor
0x00178110,,nearest_waypoint_by_lineseg,way_util.o,NO_ANCHOR,Object has no USA anchor
0x001781C8,,nearest_waypoint_by_lineseg_of_group_from_gobj,way_util.o,NO_ANCHOR,Object has no USA anchor
0x00178288,,nearest_waypoint_by_lineseg_from_gobj,way_util.o,NO_ANCHOR,Object has no USA anchor
0x00178348,,waypoint_with_range,way_util.o,NO_ANCHOR,Object has no USA anchor
0x001783D8,,nearest_waypoint_of_all_except_group,way_util.o,NO_ANCHOR,Object has no USA anchor
0x00178480,,nearest_waypoint_of_all_not_bridge_except_group,way_util.o,NO_ANCHOR,Object has no USA anchor
0x00178560,,nearest_waypoint_of_all,way_util.o,NO_ANCHOR,Object has no USA anchor
0x00178608,,visible_waypoint_of_all,way_util.o,NO_ANCHOR,Object has no USA anchor
0x00178628,,visible_waypoint_of_all_from_gobj,way_util.o,NO_ANCHOR,Object has no USA anchor
0x00178658,,visible_waypoint,way_util.o,NO_ANCHOR,Object has no USA anchor
0x00178770,,visible_waypoint_from_gobj,way_util.o,NO_ANCHOR,Object has no USA anchor
0x00178898,,get_wp_nearest_bridge_side_me,way_util.o,NO_ANCHOR,Object has no USA anchor
0x00178928,,get_wp_nearest_bridge_side_bridge,way_util.o,NO_ANCHOR,Object has no USA anchor
0x001789B8,,direction_across_bridge,way_util.o,NO_ANCHOR,Object has no USA anchor
0x00178A48,,waybridge_between_group,way_util.o,NO_ANCHOR,Object has no USA anchor
0x00178AE8,,bridge_waypoint_side_me,way_util.o,NO_ANCHOR,Object has no USA anchor
0x00178B90,,waypoint_connect_group_side_me,way_util.o,NO_ANCHOR,Object has no USA anchor
0x00178BD8,,bridge_waypoint_side_bridge,way_util.o,NO_ANCHOR,Object has no USA anchor
0x00178C88,,waypoint_connect_group_side_bridge,way_util.o,NO_ANCHOR,Object has no USA anchor
0x00178CD0,,NearestWgFromTarget,way_util.o,NO_ANCHOR,Object has no USA anchor
0x00178D60,,gflagInit,gflag.o,NO_ANCHOR,Object has no USA anchor
0x00178DF8,,gflagSave,gflag.o,NO_ANCHOR,Object has no USA anchor
0x00178E40,,gflagLoad,gflag.o,NO_ANCHOR,Object has no USA anchor
0x00178E80,,gflagChk,gflag.o,NO_ANCHOR,Object has no USA anchor
0x00178EA8,,gflagOn,gflag.o,NO_ANCHOR,Object has no USA anchor
0x00178ED8,,gflagOff,gflag.o,NO_ANCHOR,Object has no USA anchor
0x00178F08,0x00172F28,scpTorchLightOn,script.o,MATCH,offset=0x-0005FE0
0x00178F38,0x00172F58,scpTorchLightOff,script.o,MATCH,offset=0x-0005FE0
0x00178F68,0x00172F88,scpSetCageVelocityFriction,script.o,MATCH,offset=0x-0005FE0
0x00178FA8,0x00172FC8,scpPlayMotDir,script.o,MATCH,offset=0x-0005FE0
0x00178FE8,0x00173008,scpPlayMotDirSmz,script.o,SEQ_MISMATCH,op_seq differs (sz=96)
0x00179048,0x00173068,scpPlayMot,script.o,SEQ_MISMATCH,op_seq differs (sz=232)
0x00179130,0x00173150,scpPlayJump,script.o,SEQ_MISMATCH,op_seq differs (sz=72)
0x00179178,0x00173198,scpPlayStart,script.o,SEQ_MISMATCH,op_seq differs (sz=64)
0x001791B8,0x001731D8,scpPlayEnd,script.o,SEQ_MISMATCH,op_seq differs (sz=56)
0x001791F0,0x00173210,scpTrans,script.o,SEQ_MISMATCH,op_seq differs (sz=16)
0x00179200,0x00173220,scpTriggerBallTargetMan,script.o,SEQ_MISMATCH,op_seq differs (sz=432)
0x001793B0,0x001733D0,scpDoorTypeUpDown,script.o,SEQ_MISMATCH,op_seq differs (sz=336)
0x00179500,0x00173520,scpDoorTypeUpUp,script.o,SEQ_MISMATCH,op_seq differs (sz=336)
0x00179650,0x00173670,scpSubAdpcmPlay,script.o,SEQ_MISMATCH,op_seq differs (sz=400)
0x001797E0,0x00173800,scpSekizou,script.o,SEQ_MISMATCH,op_seq differs (sz=1520)
0x00179DD0,0x00173DF0,_SCPBoySupportGirl,script.o,SEQ_MISMATCH,op_seq differs (sz=608)
0x0017A030,0x00174050,_SCPMoveCharactorByWay_Cancel,script.o,SEQ_MISMATCH,op_seq differs (sz=40)
0x0017A058,0x00174078,scpSekizouCheckPoint,script.o,SEQ_MISMATCH,op_seq differs (sz=128)
0x0017A0D8,0x001740F8,scpKillSpiderGroup,script.o,SEQ_MISMATCH,op_seq differs (sz=32)
0x0017A0F8,0x00174118,preload,script.o,SEQ_MISMATCH,op_seq differs (sz=96)
0x0017A158,0x00174178,scpDispOffAllWithKind,script.o,SEQ_MISMATCH,op_seq differs (sz=64)
0x0017A198,0x001741B8,scpDispOnAllWithKind,script.o,SEQ_MISMATCH,op_seq differs (sz=72)
0x0017A1E0,0x00174200,scpActivateAllWithKind,script.o,SEQ_MISMATCH,op_seq differs (sz=64)
0x0017A220,0x00174240,scpDisActivateAllWithKind,script.o,SEQ_MISMATCH,op_seq differs (sz=64)
0x0017A260,0x00174280,scpLinkBGAtoLayoutedTarget,script.o,SEQ_MISMATCH,op_seq differs (sz=64)
0x0017A2A0,0x001742C0,scpLinkBGAtoLayoutedTargetSkelton,script.o,SEQ_MISMATCH,op_seq differs (sz=136)
0x0017A328,0x00174348,scpLinkBGAtoLayoutedTargetSkeltonWithLocalRotationFlag,script.o,SEQ_MISMATCH,op_seq differs (sz=152)
0x0017A3C0,0x001743E0,scpLinkBGAtoKindTargetSkeltonWithLocalRotationFlag,script.o,SEQ_MISMATCH,op_seq differs (sz=152)
0x0017A458,0x00174478,scpGetWallCollision,script.o,SEQ_MISMATCH,op_seq differs (sz=360)
0x0017A5C0,0x001745E0,scpDoorTypeUp,script.o,SEQ_MISMATCH,op_seq differs (sz=288)
0x0017A6E0,0x00174700,scpDoorTypeUpSwitch,script.o,SEQ_MISMATCH,op_seq differs (sz=144)
0x0017A770,0x00174790,scpAdpcmPlayRequestFunc,script.o,SEQ_MISMATCH,op_seq differs (sz=104)
0x0017A7D8,0x001747F8,scpAdpcmPlayRequestNum,script.o,SEQ_MISMATCH,op_seq differs (sz=56)
0x0017A810,0x00174830,scpAdpcmFadeClose,script.o,SEQ_MISMATCH,op_seq differs (sz=40)
0x0017A838,0x00174858,scpAdpcmCloseChk,script.o,SEQ_MISMATCH,op_seq differs (sz=48)
0x0017A868,0x00174888,scpDeamon,script.o,SEQ_MISMATCH,op_seq differs (sz=168)
0x0017A910,0x00174930,scpIsTorchLightOn,script.o,SEQ_MISMATCH,op_seq differs (sz=64)
0x0017A950,0x00174970,scpIsBombExplode,script.o,SEQ_MISMATCH,op_seq differs (sz=88)
0x0017A9A8,0x001749C8,scpGetRotObjectRotCount,script.o,SEQ_MISMATCH,op_seq differs (sz=64)
0x0017A9E8,0x00174A08,scpIsRotObjectZPlusDirInclude,script.o,SEQ_MISMATCH,op_seq differs (sz=200)
0x0017AAB0,0x00174AD0,scpTransLinear,script.o,SEQ_MISMATCH,op_seq differs (sz=216)
0x0017AB88,0x00174BA8,scpRotateLinear,script.o,SEQ_MISMATCH,op_seq differs (sz=320)
0x0017ACC8,0x00174CE8,scpTriggerPosBall,script.o,SEQ_MISMATCH,op_seq differs (sz=240)
0x0017ADB8,0x00174DD8,scpTriggerBall,script.o,SEQ_MISMATCH,op_seq differs (sz=280)
0x0017AED0,0x00174EF0,scpTriggerFloorAttr,script.o,SEQ_MISMATCH,op_seq differs (sz=248)
0x0017AFC8,0x00174FE8,scpTriggerWallAttr,script.o,SEQ_MISMATCH,op_seq differs (sz=248)
0x0017B0C0,0x001750E0,scpTriggerFloorAttrTargetMan,script.o,SEQ_MISMATCH,op_seq differs (sz=376)
0x0017B238,0x00175258,scpTriggerPosBox,script.o,SEQ_MISMATCH,op_seq differs (sz=312)
0x0017B370,0x00175390,scpEffectStart,script.o,SEQ_MISMATCH,op_seq differs (sz=72)
0x0017B3B8,0x001753D8,scpSleepEnemyAll,script.o,SEQ_MISMATCH,op_seq differs (sz=136)
0x0017B440,0x00175460,scpWakeupEnemyAll,script.o,SEQ_MISMATCH,op_seq differs (sz=136)
0x0017B4C8,0x001754E8,scpKillEnemyAll,script.o,SEQ_MISMATCH,op_seq differs (sz=176)
0x0017B578,0x00175598,scpMaskGeneratorAll,script.o,SEQ_MISMATCH,op_seq differs (sz=72)
0x0017B5C0,0x001755E0,scpKillEnemyOne,script.o,SEQ_MISMATCH,op_seq differs (sz=88)
0x0017B618,0x00175638,_SCPMoveCharactorByWay,script.o,SEQ_MISMATCH,op_seq differs (sz=200)
0x0017B6E0,0x00175700,_SCPMoveByWay_ToChar,script.o,SEQ_MISMATCH,op_seq differs (sz=352)
0x0017B840,0x00175860,_SCPCharacterStop,script.o,SEQ_MISMATCH,op_seq differs (sz=40)
0x0017B868,0x00175888,scpSearchGobj,script.o,SEQ_MISMATCH,op_seq differs (sz=32)
0x0017B888,0x001758A8,scpPlayMotNode,script.o,SEQ_MISMATCH,op_seq differs (sz=152)
0x0017B920,0x00175940,scpPlayMotReq,script.o,SEQ_MISMATCH,op_seq differs (sz=48)
0x0017B950,0x00175970,scpPlayPosSet,script.o,SEQ_MISMATCH,op_seq differs (sz=120)
0x0017B9C8,0x001759E8,scpPlayWaitMotEnd,script.o,SEQ_MISMATCH,op_seq differs (sz=64)
0x0017BA08,0x00175A28,InitStageChange,script.o,SEQ_MISMATCH,op_seq differs (sz=8)
0x0017BA10,0x00175A30,RequestStageChange,script.o,SEQ_MISMATCH,op_seq differs (sz=40)
0x0017BA38,0x00175A58,RequestStageChangeWithColor,script.o,SEQ_MISMATCH,op_seq differs (sz=328)
0x0017BB80,0x00175BA0,RequestStageChangeSimple,script.o,SEQ_MISMATCH,op_seq differs (sz=80)
0x0017BBD0,0x00175BF0,RequestStageChangeDirect,script.o,SEQ_MISMATCH,op_seq differs (sz=96)
0x0017BC30,0x00175C50,scpFadeOut,script.o,SEQ_MISMATCH,op_seq differs (sz=32)
0x0017BC50,0x00175C70,scpFadeIn,script.o,SEQ_MISMATCH,op_seq differs (sz=24)
0x0017BC68,0x00175C88,scpFadeChk,script.o,SEQ_MISMATCH,op_seq differs (sz=40)
0x0017BC90,0x00175CB0,scpGameStat_BoyWeaponkind,script.o,SEQ_MISMATCH,op_seq differs (sz=48)
0x0017BCC0,0x00175CE0,scpIsWallLever2On,script.o,SEQ_MISMATCH,op_seq differs (sz=32)
0x0017BCE0,0x00175D00,scpIsHangChain,script.o,SEQ_MISMATCH,op_seq differs (sz=32)
0x0017BD00,0x00175D20,scpIsHangChainOptional,script.o,SEQ_MISMATCH,op_seq differs (sz=64)
0x0017BD40,0x00175D60,scpBornSpider,script.o,SEQ_MISMATCH,op_seq differs (sz=288)
0x0017BE60,0x00175E80,scpActStatusDeathFall,script.o,SEQ_MISMATCH,op_seq differs (sz=184)
0x0017BF18,0x00175F38,scpSetStreamMotionRootOffset,script.o,SEQ_MISMATCH,op_seq differs (sz=56)
0x0017BF50,0x00175F70,scpWakeupItemWithBoundary,script.o,SEQ_MISMATCH,op_seq differs (sz=176)
0x0017C000,0x00176020,scpCheckReadyAllObjects,script.o,SEQ_MISMATCH,op_seq differs (sz=32)
0x0017C020,0x00176040,ScpCallCameraSetTarget,script.o,SEQ_MISMATCH,op_seq differs (sz=112)
0x0017C090,0x001760B0,ScpCallCameraGetTarget,script.o,SEQ_MISMATCH,op_seq differs (sz=40)
0x0017C0B8,0x001760D8,ScpCallCameraOff,script.o,SEQ_MISMATCH,op_seq differs (sz=40)
0x0017C0E0,0x00176100,ScpCallCameraOn,script.o,SEQ_MISMATCH,op_seq differs (sz=40)
0x0017C108,0x00176128,ScpCallCameraTargetOff,script.o,SEQ_MISMATCH,op_seq differs (sz=40)
0x0017C130,0x00176150,scpTransGObj,script.o,SEQ_MISMATCH,op_seq differs (sz=128)
0x0017C1B0,0x001761D0,scpExplodeSecretItem,script.o,SEQ_MISMATCH,op_seq differs (sz=128)
0x0017C230,0x00176250,scpTriggerIgnore,script.o,SEQ_MISMATCH,op_seq differs (sz=216)
0x0017C308,0x00176328,scpDoorTypeUpMain,script.o,SEQ_MISMATCH,op_seq differs (sz=48)
0x0017C338,0x00176358,actSubSekizoSe,script.o,OOB,USA address out of bounds
0x0017C3D0,0x00175C98,actSt25aQueenAppear,st25a.o,MATCH,offset=0x-0006738
0x0017C560,0x00175E28,actSt25aQueenAppearChk,st25a.o,SEQ_MISMATCH,op_seq differs (sz=248)
0x0017C658,0x00175F20,actConte11,st25a.o,SEQ_MISMATCH,op_seq differs (sz=696)
0x0017C910,0x001761D8,actSt25aQueenTalkChk,st25a.o,SEQ_MISMATCH,op_seq differs (sz=1320)
0x0017CE38,0x00176700,actConte12,st25a.o,SEQ_MISMATCH,op_seq differs (sz=1248)
0x0017D318,0x00176BE0,actConte12Jimaku,st25a.o,SEQ_MISMATCH,op_seq differs (sz=584)
0x0017D560,0x00176E28,actSt25aQueenDeadChk,st25a.o,SEQ_MISMATCH,op_seq differs (sz=1232)
0x0017DA30,0x001772F8,actConte13Jimaku,st25a.o,SEQ_MISMATCH,op_seq differs (sz=424)
0x0017DBD8,0x001774A0,BoySekikaTexScroll,st25a.o,SEQ_MISMATCH,op_seq differs (sz=48)
0x0017DC08,0x001774D0,actSt25aGenerator,st25a.o,SEQ_MISMATCH,op_seq differs (sz=40)
0x0017DC30,0x001774F8,actSt25aQueenBefore,st25a.o,SEQ_MISMATCH,op_seq differs (sz=120)
0x0017DCA8,0x00177570,actSt25aQueenTalk,st25a.o,SEQ_MISMATCH,op_seq differs (sz=144)
0x0017DD38,0x00177600,actSt25aQueenDead,st25a.o,SEQ_MISMATCH,op_seq differs (sz=104)
0x0017DDA0,0x00177668,actItouQueenAttack,st25a.o,SEQ_MISMATCH,op_seq differs (sz=104)
0x0017DE08,0x001776D0,actSwordEff,st25a.o,SEQ_MISMATCH,op_seq differs (sz=64)
0x0017DE48,0x00177710,actSwordEffXL,st25a.o,SEQ_MISMATCH,op_seq differs (sz=104)
0x0017DEB0,0x00177778,actSt25aQueenBeforeChk,st25a.o,SEQ_MISMATCH,op_seq differs (sz=120)
0x0017DF28,0x001777F0,actConte11Jimaku,st25a.o,SEQ_MISMATCH,op_seq differs (sz=360)
0x0017E090,0x00177958,actSt25aQueenDeadEvent,st25a.o,SEQ_MISMATCH,op_seq differs (sz=16)
0x0017E0A0,0x00177968,actItouQueenAttackChk,st25a.o,OOB,USA address out of bounds
0x0017E128,,warpGirlOutStage,warpGirl.o,NO_ANCHOR,Object has no USA anchor
0x0017E380,,warpGirlInStage,warpGirl.o,NO_ANCHOR,Object has no USA anchor
0x0017E4A0,,warpGirlInit,warpGirl.o,NO_ANCHOR,Object has no USA anchor
0x0017F098,0x0017E2F8,EnemyAttackCenter,attackhit.o,MATCH,offset=0x-0000DA0
0x0017F0A0,0x0017E300,BoyAttackCenter,attackhit.o,SEQ_MISMATCH,op_seq differs (sz=8)
0x0017F0A8,0x0017E308,CommonAttackCenter,attackhit.o,SEQ_MISMATCH,op_seq differs (sz=48)
0x0017F0D8,0x0017E338,AttackCenter,attackhit.o,SEQ_MISMATCH,op_seq differs (sz=400)
0x0017F268,0x0017E4C8,AttackCenter_WithDir,attackhit.o,OOB,USA address out of bounds
0x0017F418,0x00178FA0,brainAddLevelGirl,brain.o,MATCH,offset=0x-0006478
0x0017F438,0x00178FC0,brainInit,brain.o,MATCH,offset=0x-0006478
0x0017F490,0x00179018,brainStatusDefaultSet,brain.o,SEQ_MISMATCH,op_seq differs (sz=344)
0x0017F5E8,0x00179170,brainLevelProcess,brain.o,SEQ_MISMATCH,op_seq differs (sz=664)
0x0017F880,0x00179408,brainGetTarget,brain.o,SEQ_MISMATCH,op_seq differs (sz=632)
0x0017FAF8,0x00179680,brainStatusSet,brain.o,SEQ_MISMATCH,op_seq differs (sz=264)
0x0017FC00,0x00179788,brainStatusDel,brain.o,SEQ_MISMATCH,op_seq differs (sz=8)
0x0017FC08,0x00179790,brainGetLevel,brain.o,SEQ_MISMATCH,op_seq differs (sz=40)
0x0017FC30,0x001797B8,brainClsTargetLevel,brain.o,SEQ_MISMATCH,op_seq differs (sz=200)
0x0017FCF8,0x00179880,brainInitGirlSet,brain.o,SEQ_MISMATCH,op_seq differs (sz=120)
0x0017FD70,0x001798F8,brainAddLevelGop,brain.o,SEQ_MISMATCH,op_seq differs (sz=112)
0x0017FDE0,0x00179968,brainSubLevelGop,brain.o,SEQ_MISMATCH,op_seq differs (sz=120)
0x0017FE58,0x001799E0,brainSetLevelGop,brain.o,SEQ_MISMATCH,op_seq differs (sz=160)
0x0017FEF8,0x00179A80,brainDecTargetTimer,brain.o,SEQ_MISMATCH,op_seq differs (sz=144)
0x0017FF88,0x00179B10,brainSetSpMode,brain.o,SEQ_MISMATCH,op_seq differs (sz=16)
0x0017FF98,0x00179B20,brainLockGirl,brain.o,SEQ_MISMATCH,op_seq differs (sz=16)
0x0017FFA8,0x00179B30,brainUnlockGirl,brain.o,SEQ_MISMATCH,op_seq differs (sz=1504)
0x00180588,0x0017A110,gif_test,brain.o,SEQ_MISMATCH,op_seq differs (sz=232)
0x00180670,0x0017A1F8,DebugDispBox,brain.o,SEQ_MISMATCH,op_seq differs (sz=3984)
0x00181600,0x0017B188,DispAxisArrow,brain.o,SEQ_MISMATCH,op_seq differs (sz=1552)
0x00181C10,0x0017B798,CameraEdit_DispPinType2,brain.o,SEQ_MISMATCH,op_seq differs (sz=16)
0x00181C20,0x0017B7A8,dispCameraGroupType2,brain.o,SEQ_MISMATCH,op_seq differs (sz=2520)
0x001825F8,0x0017C180,CameraEdit_DispBoxType2_Plane,brain.o,SEQ_MISMATCH,op_seq differs (sz=984)
0x001829D0,0x0017C558,CameraEdit_DispBoxType2,brain.o,SEQ_MISMATCH,op_seq differs (sz=8)
0x001829D8,0x0017C560,menuGroupSelect,brain.o,SEQ_MISMATCH,op_seq differs (sz=592)
0x00182C28,0x0017C7B0,menuGroupEdit,brain.o,SEQ_MISMATCH,op_seq differs (sz=1008)
0x00183018,0x0017CBA0,menuPinSelect,brain.o,SEQ_MISMATCH,op_seq differs (sz=1216)
0x001834D8,0x0017D060,menuPinEdit,brain.o,SEQ_MISMATCH,op_seq differs (sz=2064)
0x00183CE8,0x0017D870,wakeup_cameraedit,brain.o,SEQ_MISMATCH,op_seq differs (sz=128)
0x00183D68,0x0017D8F0,test_camedit,brain.o,SEQ_MISMATCH,op_seq differs (sz=24)
0x00183D80,0x0017D908,_CameraEdit_del_box,brain.o,SEQ_MISMATCH,op_seq differs (sz=344)
0x00183ED8,0x0017DA60,_CameraEdit_del_pin,brain.o,SEQ_MISMATCH,op_seq differs (sz=384)
0x00184058,0x0017DBE0,CameraEdit_add_box,brain.o,SEQ_MISMATCH,op_seq differs (sz=744)
0x00184340,0x0017DEC8,CameraEdit_add_pin,brain.o,SEQ_MISMATCH,op_seq differs (sz=688)
0x001845F0,0x0017E178,CameraEdit_del_box,brain.o,SEQ_MISMATCH,op_seq differs (sz=56)
0x00184628,0x0017E1B0,CameraEdit_del_pin,brain.o,SEQ_MISMATCH,op_seq differs (sz=72)
0x00184670,0x0017E1F8,CameraEdit_DispBox,brain.o,SEQ_MISMATCH,op_seq differs (sz=8)
0x00184678,0x0017E200,CameraEdit_Reflect,brain.o,SEQ_MISMATCH,op_seq differs (sz=16)
0x00184688,0x0017E210,CameraEdit_Save,brain.o,SEQ_MISMATCH,op_seq differs (sz=16)
0x00184698,0x0017E220,debug_NMarker,brain.o,SEQ_MISMATCH,op_seq differs (sz=120)
0x00184710,0x0017E298,debug_Marker,brain.o,SEQ_MISMATCH,op_seq differs (sz=8)
0x00184718,0x0017E2A0,debug_Arrow,brain.o,SEQ_MISMATCH,op_seq differs (sz=8)
0x00184720,0x0017E2A8,InitCameraEditor,brain.o,SEQ_MISMATCH,op_seq differs (sz=16)
0x00184730,0x0017E2B8,debug_CameraEditor,brain.o,SEQ_MISMATCH,op_seq differs (sz=88)
0x00184788,0x0017E310,CameraEdit_reset_box,brain.o,SEQ_MISMATCH,op_seq differs (sz=344)
0x001848E0,0x0017E468,CameraEdit_reset_pin,brain.o,SEQ_MISMATCH,op_seq differs (sz=280)
0x001849F8,0x0017E580,CameraEdit_reflect_box,brain.o,SEQ_MISMATCH,op_seq differs (sz=344)
0x00184B50,0x0017E6D8,CameraEdit_reflect_pin,brain.o,SEQ_MISMATCH,op_seq differs (sz=280)
0x00184C68,0x0017E7F0,CameraEdit_BOX_NUMBER,brain.o,SEQ_MISMATCH,op_seq differs (sz=16)
0x00184C78,0x0017E800,CameraEdit_PIN_NUMBER,brain.o,SEQ_MISMATCH,op_seq differs (sz=72)
0x00184CC0,0x0017E848,CameraEdit_PIN_NUMBER_ALL,brain.o,SEQ_MISMATCH,op_seq differs (sz=64)
0x00184D00,0x0017E888,CameraEdit_BOX,brain.o,SEQ_MISMATCH,op_seq differs (sz=24)
0x00184D18,0x0017E8A0,CameraEdit_PIN,brain.o,SEQ_MISMATCH,op_seq differs (sz=40)
0x00184D40,0x0017E8C8,CameraEdit_DispPin,brain.o,SEQ_MISMATCH,op_seq differs (sz=384)
0x00184EC0,0x0017EA48,ConvertCameraSetBuffer,brain.o,SEQ_MISMATCH,op_seq differs (sz=368)
0x00185030,0x0017EBB8,StickToTrans,brain.o,SEQ_MISMATCH,op_seq differs (sz=376)
0x001851A8,0x0017ED30,menu_2,brain.o,SEQ_MISMATCH,op_seq differs (sz=104)
0x00185210,0x0017ED98,group_select,brain.o,SEQ_MISMATCH,op_seq differs (sz=112)
0x00185280,0x0017EE08,_CameraEdit_BOX,brain.o,SEQ_MISMATCH,op_seq differs (sz=24)
0x00185298,0x0017EE20,_CameraEdit_PIN,brain.o,SEQ_MISMATCH,op_seq differs (sz=40)
0x001852C0,0x0017EE48,_CameraEdit_add_box,brain.o,SEQ_MISMATCH,op_seq differs (sz=376)
0x00185438,0x0017EFC0,_CameraEdit_add_pin,brain.o,SEQ_MISMATCH,op_seq differs (sz=344)
0x00185590,0x0017F118,CameraEdit_Enter,brain.o,SEQ_MISMATCH,op_seq differs (sz=8)
0x00185598,0x0017F120,CameraSetCameraSet,brain.o,SEQ_MISMATCH,op_seq differs (sz=104)
0x00185600,0x0017F188,CameraSetCameraSet_Default,brain.o,SEQ_MISMATCH,op_seq differs (sz=5376)
0x00186B00,0x00180688,ReflectCameraSetBinary,brain.o,SEQ_MISMATCH,op_seq differs (sz=800)
0x00186E20,0x001809A8,InitIco2Camera,brain.o,SEQ_MISMATCH,op_seq differs (sz=672)
0x001870C0,0x00180C48,SetCameraMatrix_Ico2,brain.o,SEQ_MISMATCH,op_seq differs (sz=4880)
0x001883D0,0x00181F58,SetCameraZoomOffsetRatio,brain.o,SEQ_MISMATCH,op_seq differs (sz=8)
0x001883D8,0x00181F60,GetCameraGroupCurrent,brain.o,SEQ_MISMATCH,op_seq differs (sz=8)
0x001883E0,0x00181F68,GetCameraGroupFromGObj,brain.o,SEQ_MISMATCH,op_seq differs (sz=216)
0x001884B8,0x00182040,GetCameraGroupFromPosition,brain.o,SEQ_MISMATCH,op_seq differs (sz=200)
0x00188580,0x00182108,AddPluralCameraSet,brain.o,SEQ_MISMATCH,op_seq differs (sz=176)
0x00188630,0x001821B8,InitPluralCameraSet,brain.o,SEQ_MISMATCH,op_seq differs (sz=8)
0x00188638,0x001821C0,GetPluralCameraSet,brain.o,SEQ_MISMATCH,op_seq differs (sz=168)
0x001886E0,0x00182268,MakeCameraSetBinary,brain.o,SEQ_MISMATCH,op_seq differs (sz=632)
0x00188958,0x001824E0,GetSizeOfCameraSetBinary,brain.o,SEQ_MISMATCH,op_seq differs (sz=72)
0x001889A0,0x00182528,SetCameraTargetPosition,brain.o,SEQ_MISMATCH,op_seq differs (sz=152)
0x00188A38,0x001825C0,SetWSMatrix,brain.o,SEQ_MISMATCH,op_seq differs (sz=56)
0x00188A70,0x001825F8,ConvertCameraSet,brain.o,SEQ_MISMATCH,op_seq differs (sz=328)
0x00188BB8,0x00182740,MakeCameraMatrix,brain.o,SEQ_MISMATCH,op_seq differs (sz=2040)
0x001893B0,0x00182F38,GetCameraInfomationFromGlobalPosition,brain.o,SEQ_MISMATCH,op_seq differs (sz=48)
0x001893E0,0x00182F68,InitCamera,brain.o,SEQ_MISMATCH,op_seq differs (sz=352)
0x00189540,0x001830C8,SetCameraMatrix,brain.o,SEQ_MISMATCH,op_seq differs (sz=2144)
0x00189DA0,0x00183928,Camctrl_ExitEveRock,brain.o,SEQ_MISMATCH,op_seq differs (sz=48)
0x00189DD0,0x00183958,Camctrl_SetTarget,brain.o,SEQ_MISMATCH,op_seq differs (sz=48)
0x00189E00,0x00183988,GetCameraDefaultTargetGObj,brain.o,SEQ_MISMATCH,op_seq differs (sz=56)
0x00189E38,0x001839C0,CameraSetTargetGObj,brain.o,SEQ_MISMATCH,op_seq differs (sz=16)
0x00189E48,0x001839D0,CameraChangeTargetParallel,brain.o,SEQ_MISMATCH,op_seq differs (sz=192)
0x00189F08,0x00183A90,CameraGetTarget,brain.o,SEQ_MISMATCH,op_seq differs (sz=8)
0x00189F10,0x00183A98,CameraGetTargets,brain.o,SEQ_MISMATCH,op_seq differs (sz=24)
0x00189F28,0x00183AB0,CameraSetMode,brain.o,SEQ_MISMATCH,op_seq differs (sz=16)
0x00189F38,0x00183AC0,CameraGetMode,brain.o,SEQ_MISMATCH,op_seq differs (sz=8)
0x00189F40,0x00183AC8,CameraGetOtherObjOffset,brain.o,SEQ_MISMATCH,op_seq differs (sz=232)
0x0018A028,0x00183BB0,InsertCamera_Set,brain.o,SEQ_MISMATCH,op_seq differs (sz=144)
0x0018A0B8,0x00183C40,InsertCamera_SetNoraml,brain.o,SEQ_MISMATCH,op_seq differs (sz=152)
0x0018A150,0x00183CD8,InsertCamera_Exec,brain.o,SEQ_MISMATCH,op_seq differs (sz=112)
0x0018A1C0,0x00183D48,GetCurrentCameraSet2,brain.o,SEQ_MISMATCH,op_seq differs (sz=16)
0x0018A1D0,0x00183D58,SetCameraFlag_LwsCutBack,brain.o,SEQ_MISMATCH,op_seq differs (sz=16)
0x0018A1E0,0x00183D68,SetCameraFlag_GamecamCutBack,brain.o,SEQ_MISMATCH,op_seq differs (sz=32)
0x0018A200,0x00183D88,CameraSetCameraPosition,brain.o,SEQ_MISMATCH,op_seq differs (sz=88)
0x0018A258,0x00183DE0,CameraSetTargetPos,brain.o,SEQ_MISMATCH,op_seq differs (sz=8)
0x0018A260,0x00183DE8,GetCameraPos,brain.o,SEQ_MISMATCH,op_seq differs (sz=32)
0x0018A280,0x00183E08,GetCameraInfo_tmp,brain.o,SEQ_MISMATCH,op_seq differs (sz=80)
0x0018A2D0,0x00183E58,testcamerazoom,brain.o,SEQ_MISMATCH,op_seq differs (sz=16)
0x0018A2E0,0x00183E68,SetMonitorCameraInitializeFlag,brain.o,SEQ_MISMATCH,op_seq differs (sz=16)
0x0018A2F0,0x00183E78,InitCameraSetManager,brain.o,OOB,USA address out of bounds
0x0018B2F8,,correct_vector,chain.o,NO_ANCHOR,Object has no USA anchor
0x0018B8B0,,InitChainGeo,chain.o,NO_ANCHOR,Object has no USA anchor
0x0018C438,,ChainGeo,chain.o,NO_ANCHOR,Object has no USA anchor
0x0018CD90,,ChainDL,chain.o,NO_ANCHOR,Object has no USA anchor
0x0018D9E8,,HoldChain,chain.o,NO_ANCHOR,Object has no USA anchor
0x0018DA18,,ReleaseChain,chain.o,NO_ANCHOR,Object has no USA anchor
0x0018DA28,,GetChainPendulum,chain.o,NO_ANCHOR,Object has no USA anchor
0x0018DA68,,IncreasePdlChain,chain.o,NO_ANCHOR,Object has no USA anchor
0x0018DA80,,DecreasePdlChain,chain.o,NO_ANCHOR,Object has no USA anchor
0x0018DAB0,,PlumbOrientUpdateChain,chain.o,NO_ANCHOR,Object has no USA anchor
0x0018DAD8,,isBottomOfChain,chain.o,NO_ANCHOR,Object has no USA anchor
0x0018DAF8,,isStopChain,chain.o,NO_ANCHOR,Object has no USA anchor
0x0018DB08,,GetChainClimbOrient,chain.o,NO_ANCHOR,Object has no USA anchor
0x0018DB30,,CheckChainClimbablePos,chain.o,NO_ANCHOR,Object has no USA anchor
0x0018DB58,,GetChainClimbCollision,chain.o,NO_ANCHOR,Object has no USA anchor
0x0018DB80,,SetChainParentGObj,chain.o,NO_ANCHOR,Object has no USA anchor
0x0018DB90,,GetChainDirCorrectVal,chain.o,NO_ANCHOR,Object has no USA anchor
0x0018DBC8,,GetRootPositionHandExtra,chain.o,NO_ANCHOR,Object has no USA anchor
0x0018DC38,,InitPendulum,chain.o,NO_ANCHOR,Object has no USA anchor
0x0018DD70,,LockChainGeo,chain.o,NO_ANCHOR,Object has no USA anchor
0x0018DD88,,UnLockChainGeo,chain.o,NO_ANCHOR,Object has no USA anchor
0x0018DD98,,GetChainHangRange,chain.o,NO_ANCHOR,Object has no USA anchor
0x0018DDA8,,GetChainLength,chain.o,NO_ANCHOR,Object has no USA anchor
0x0018DDD0,,EnableChainHang,chain.o,NO_ANCHOR,Object has no USA anchor
0x0018DDE8,,UnableChainHang,chain.o,NO_ANCHOR,Object has no USA anchor
0x0018DDF8,,IsAbleChainHang,chain.o,NO_ANCHOR,Object has no USA anchor
0x0018DE08,,_GetCorrectOrientOfChain,chain.o,NO_ANCHOR,Object has no USA anchor
0x0018E198,,GetChainNearestNodePosition,chain.o,NO_ANCHOR,Object has no USA anchor
0x0018E280,,eBrainProcess,ebrain.o,NO_ANCHOR,Object has no USA anchor
0x0018E4C0,,eBrainGetTargetGeneratorFromLabel,ebrain.o,NO_ANCHOR,Object has no USA anchor
0x0018E680,,eBrainGetTarget,ebrain.o,NO_ANCHOR,Object has no USA anchor
0x0018EFF8,,eBrainInit,ebrain.o,NO_ANCHOR,Object has no USA anchor
0x0018F040,,eBrainStatusSet,ebrain.o,NO_ANCHOR,Object has no USA anchor
0x0018F0F0,,eBrainSendMes,ebrain.o,NO_ANCHOR,Object has no USA anchor
0x0018F1F0,,GetStageFromLabel,ebrain.o,NO_ANCHOR,Object has no USA anchor
0x0018F2C0,,eBrainGetTargetGeneratorFromLabelStage,ebrain.o,NO_ANCHOR,Object has no USA anchor
0x0018F3D0,,EnemyCtrlBeforeFunc,ebrain.o,NO_ANCHOR,Object has no USA anchor
0x0018F458,,InitEnemyCtrlGeo,ebrain.o,NO_ANCHOR,Object has no USA anchor
0x0018F470,,IsSelectID_EnemyCtrl,ebrain.o,NO_ANCHOR,Object has no USA anchor
0x0018F6A0,0x00187F48,fightSoundProcess,fightSound.o,MATCH,offset=0x-0007758
0x0018F790,0x00188038,fightSoundProcessRequestPause,fightSound.o,MATCH,offset=0x-0007758
0x0018F7A0,0x00188048,fightSoundClose,fightSound.o,MATCH,offset=0x-0007758
0x0018F7D8,0x00188080,fightSoundProcessRequestStart,fightSound.o,MATCH,offset=0x-0007758
0x0018F7E0,0x00188088,fightSoundProcessRequestStatus,fightSound.o,MATCH,offset=0x-0007758
0x0018F7E8,0x00188090,fightSoundPlayChk,fightSound.o,OOB,USA address out of bounds
0x0018F7F8,0x001880A0,CheckGeneratorCollision,generator.o,MATCH,offset=0x-0007758
0x0018F948,0x001881F0,GetGeneratorSafePosition,generator.o,SEQ_MISMATCH,op_seq differs (sz=1664)
0x0018FFC8,0x00188870,CallEnemy,generator.o,SEQ_MISMATCH,op_seq differs (sz=592)
0x00190218,0x00188AC0,Generator_QuickCall,generator.o,SEQ_MISMATCH,op_seq differs (sz=64)
0x00190258,0x00188B00,GetMotherGenerator,generator.o,SEQ_MISMATCH,op_seq differs (sz=392)
0x001903E0,0x00188C88,ReadGeneratorPacket,generator.o,SEQ_MISMATCH,op_seq differs (sz=232)
0x001904C8,0x00188D70,MakeGeneratorPacket,generator.o,SEQ_MISMATCH,op_seq differs (sz=176)
0x00190578,0x00188E20,generatorBeforeFunc,generator.o,SEQ_MISMATCH,op_seq differs (sz=504)
0x00190770,0x00189018,GeneratorGeo,generator.o,SEQ_MISMATCH,op_seq differs (sz=1280)
0x00190C70,0x00189518,GeneratorDL,generator.o,SEQ_MISMATCH,op_seq differs (sz=304)
0x00190DA0,0x00189648,InitGeneratorGeo,generator.o,SEQ_MISMATCH,op_seq differs (sz=232)
0x00190E88,0x00189730,Generator_Call,generator.o,SEQ_MISMATCH,op_seq differs (sz=24)
0x00190EA0,0x00189748,Generator_ResetCount,generator.o,SEQ_MISMATCH,op_seq differs (sz=24)
0x00190EB8,0x00189760,Generator_Mask,generator.o,SEQ_MISMATCH,op_seq differs (sz=24)
0x00190ED0,0x00189778,Generator_MaskOff,generator.o,SEQ_MISMATCH,op_seq differs (sz=16)
0x00190EE0,0x00189788,SetMotherGenerator,generator.o,SEQ_MISMATCH,op_seq differs (sz=192)
0x00190FA0,0x00189848,Generator_Init,generator.o,SEQ_MISMATCH,op_seq differs (sz=152)
0x00191038,0x001898E0,GetbufpGeneratorPacket,generator.o,SEQ_MISMATCH,op_seq differs (sz=16)
0x00191048,0x001898F0,GetsizeGeneratorPacket,generator.o,SEQ_MISMATCH,op_seq differs (sz=8)
0x00191050,0x001898F8,RestoreGeneratorGeo,generator.o,SEQ_MISMATCH,op_seq differs (sz=32)
0x00191070,0x00189918,RestoreGeneratorExtGeo,generator.o,SEQ_MISMATCH,op_seq differs (sz=88)
0x001910C8,0x00189970,MemoryGenerator,generator.o,SEQ_MISMATCH,op_seq differs (sz=32)
0x001910E8,0x00189990,IsEnableCallEnemy,generator.o,SEQ_MISMATCH,op_seq differs (sz=256)
0x001911E8,0x00189A90,DirectCallEnemy,generator.o,SEQ_MISMATCH,op_seq differs (sz=368)
0x00191358,0x00189C00,LockEnemyGenerate,generator.o,SEQ_MISMATCH,op_seq differs (sz=72)
0x001913A0,0x00189C48,UnlockEnemyGenerate,generator.o,SEQ_MISMATCH,op_seq differs (sz=144)
0x00191430,0x00189CD8,RestoreReviveCount,generator.o,SEQ_MISMATCH,op_seq differs (sz=144)
0x001914C0,0x00189D68,ReturnEnemyToGenerator,generator.o,SEQ_MISMATCH,op_seq differs (sz=128)
0x00191540,0x00189DE8,GeneratorWorkEnd,generator.o,SEQ_MISMATCH,op_seq differs (sz=24)
0x00191558,0x00189E00,SearchActiveGenerator,generator.o,SEQ_MISMATCH,op_seq differs (sz=104)
0x001915C0,0x00189E68,SetInfoSpKidnapGenerator,generator.o,SEQ_MISMATCH,op_seq differs (sz=16)
0x001915D0,0x00189E78,SetInfoSpKidnapEnemy,generator.o,SEQ_MISMATCH,op_seq differs (sz=40)
0x001915F8,0x00189EA0,IsEnableCallEnemyByTargetGObj,generator.o,OOB,USA address out of bounds
0x00191670,0x00189B88,_InterGV,gv.o,MATCH,offset=0x-0007AE8
0x00191700,0x00189C18,GetMatrixDirectionToZ,gv.o,MATCH,offset=0x-0007AE8
0x00191868,0x00189D80,_InterRotGV,gv.o,SEQ_MISMATCH,op_seq differs (sz=328)
0x001919B0,0x00189EC8,_DistxzSqGV,gv.o,SEQ_MISMATCH,op_seq differs (sz=56)
0x001919E8,0x00189F00,_DistSqGV,gv.o,SEQ_MISMATCH,op_seq differs (sz=48)
0x00191A18,0x00189F30,_DistGV,gv.o,SEQ_MISMATCH,op_seq differs (sz=56)
0x00191A50,0x00189F68,_DistxzGV,gv.o,SEQ_MISMATCH,op_seq differs (sz=64)
0x00191A90,0x00189FA8,_MoveGV,gv.o,SEQ_MISMATCH,op_seq differs (sz=200)
0x00191B58,0x0018A070,_RotyGV,gv.o,SEQ_MISMATCH,op_seq differs (sz=136)
0x00191BE0,0x0018A0F8,_AbsRotyGV,gv.o,SEQ_MISMATCH,op_seq differs (sz=40)
0x00191C08,0x0018A120,_ApplyRyGV,gv.o,SEQ_MISMATCH,op_seq differs (sz=120)
0x00191C80,0x0018A198,_GetDirection,gv.o,SEQ_MISMATCH,op_seq differs (sz=72)
0x00191CC8,0x0018A1E0,_RotGV,gv.o,SEQ_MISMATCH,op_seq differs (sz=160)
0x00191D68,0x0018A280,_RotGVF,gv.o,SEQ_MISMATCH,op_seq differs (sz=184)
0x00191E20,0x0018A338,_OrientXZGV,gv.o,SEQ_MISMATCH,op_seq differs (sz=56)
0x00191E58,0x0018A370,_OrientGV,gv.o,SEQ_MISMATCH,op_seq differs (sz=56)
0x00191E90,0x0018A3A8,_FrontGV,gv.o,SEQ_MISMATCH,op_seq differs (sz=104)
0x00191EF8,0x0018A410,SwapGV,gv.o,SEQ_MISMATCH,op_seq differs (sz=72)
0x00191F40,0x0018A458,GetCorrectDistance,gv.o,SEQ_MISMATCH,op_seq differs (sz=112)
0x00191FB0,0x0018A4C8,RoundDegGV,gv.o,SEQ_MISMATCH,op_seq differs (sz=88)
0x00192008,0x0018A520,AlignDegGV,gv.o,SEQ_MISMATCH,op_seq differs (sz=1032)
0x00192410,0x0018A928,ClearHandCameraCorrect,gv.o,SEQ_MISMATCH,op_seq differs (sz=104)
0x00192478,0x0018A990,InitHandCameraCorrect,gv.o,SEQ_MISMATCH,op_seq differs (sz=128)
0x001924F8,0x0018AA10,SetLimitHandCameraCorrect,gv.o,SEQ_MISMATCH,op_seq differs (sz=24)
0x00192510,0x0018AA28,HandCameraCorrect,gv.o,SEQ_MISMATCH,op_seq differs (sz=296)
0x00192638,0x0018AB50,InitMailAdditionalData,gv.o,SEQ_MISMATCH,op_seq differs (sz=16)
0x00192648,0x0018AB60,ActSendMail_WithAdditionalData,gv.o,SEQ_MISMATCH,op_seq differs (sz=256)
0x00192748,0x0018AC60,GetMailAdditionalData,gv.o,SEQ_MISMATCH,op_seq differs (sz=168)
0x001927F0,0x0018AD08,ClearMailAdditionalData,gv.o,SEQ_MISMATCH,op_seq differs (sz=104)
0x00192858,0x0018AD70,before_DrawPolygon,gv.o,SEQ_MISMATCH,op_seq differs (sz=40)
0x00192880,0x0018AD98,after_DrawPolygon,gv.o,SEQ_MISMATCH,op_seq differs (sz=288)
0x001929A0,0x0018AEB8,before_DrawLine,gv.o,SEQ_MISMATCH,op_seq differs (sz=40)
0x001929C8,0x0018AEE0,after_DrawLine,gv.o,MATCH,offset=0x-0007AE8
0x001929D0,0x0018AEE8,DrawPolygon,gv.o,SEQ_MISMATCH,op_seq differs (sz=152)
0x00192A68,0x0018AF80,do_DrawLine,gv.o,SEQ_MISMATCH,op_seq differs (sz=248)
0x00192B60,0x0018B078,IsPointIsInScreen,gv.o,OOB,USA address out of bounds
0x00192D38,,birdBeforeFunc,act_bird.o,NO_ANCHOR,Object has no USA anchor
0x00193090,,subBirdBrainMain,act_bird.o,NO_ANCHOR,Object has no USA anchor
0x00194648,,BirdGeo,act_bird.o,NO_ANCHOR,Object has no USA anchor
0x00194650,,BirdDL,act_bird.o,NO_ANCHOR,Object has no USA anchor
0x001946B0,,_ACTSendMailToBird,act_bird.o,NO_ANCHOR,Object has no USA anchor
0x001946B8,,vector_angle_degree,act_bird.o,NO_ANCHOR,Object has no USA anchor
0x00194730,,subBirdControl,act_bird.o,NO_ANCHOR,Object has no USA anchor
0x00194768,,subBirdCollision,act_bird.o,NO_ANCHOR,Object has no USA anchor
0x00194790,,actBirdStart,act_bird.o,NO_ANCHOR,Object has no USA anchor
0x00194810,,InitBirdGeo,act_bird.o,NO_ANCHOR,Object has no USA anchor
0x001948F0,,BirdAI,act_bird.o,NO_ANCHOR,Object has no USA anchor
0x001948F8,,_ACTSendMailToBirdAll,act_bird.o,NO_ANCHOR,Object has no USA anchor
0x00194968,,GatherEffect_SetGoal,gather_effect.o,NO_ANCHOR,Object has no USA anchor
0x001949B0,,GatherEffect_Proc,gather_effect.o,NO_ANCHOR,Object has no USA anchor
0x00194C98,,GatherEffect_Set,gather_effect.o,NO_ANCHOR,Object has no USA anchor
0x00194D68,,GatherEffect_InqEnd,gather_effect.o,NO_ANCHOR,Object has no USA anchor
0x00194E70,,bossCtrlBeforeFunc,itou_boss.o,NO_ANCHOR,Object has no USA anchor
0x00194FF8,,BossEnemyFunc,itou_boss.o,NO_ANCHOR,Object has no USA anchor
0x00195560,,BossCtrlGeo,itou_boss.o,NO_ANCHOR,Object has no USA anchor
0x00195698,,itou_boss_gflag_init,itou_boss.o,NO_ANCHOR,Object has no USA anchor
0x001956B0,,InqCapsuleGhostBossStage,itou_boss.o,NO_ANCHOR,Object has no USA anchor
0x001956E0,,actBossCtrlStart,itou_boss.o,NO_ANCHOR,Object has no USA anchor
0x001957B0,,InitBossCtrlGeo,itou_boss.o,NO_ANCHOR,Object has no USA anchor
0x001958C0,,CapsuleGhostBossStart,itou_boss.o,NO_ANCHOR,Object has no USA anchor
0x001958D0,,InqCapsuleGhostBossEnd,itou_boss.o,NO_ANCHOR,Object has no USA anchor
0x00195990,,BossCtrlDL,itou_boss.o,NO_ANCHOR,Object has no USA anchor
0x001959C0,0x00195960,itouGFlagInit,itou_gflag.o,MATCH,offset=0x-0000060
0x001959C8,0x00195968,itouGflagLoad,itou_gflag.o,MATCH,offset=0x-0000060
0x001959D0,0x00195970,itouGflagSave,itou_gflag.o,OOB,USA address out of bounds
0x00195C18,0x0018DF20,lw_pos_to_ico_pos,itou_sub.o,MATCH,offset=0x-0007CF8
0x00195C48,0x0018DF50,apply_matrix_w1,itou_sub.o,SEQ_MISMATCH,op_seq differs (sz=48)
0x00195C78,0x0018DF80,ico_m33_to_quat,itou_sub.o,SEQ_MISMATCH,op_seq differs (sz=56)
0x00195CB0,0x0018DFB8,pbga_start,itou_sub.o,OOB,USA address out of bounds
0x00196110,0x0018DF98,DrawLightning2,lightning.o,MATCH,offset=0x-0008178
0x00196BC0,0x0018EA48,DrawLightningN,lightning.o,MATCH,offset=0x-0008178
0x00196D30,0x0018EBB8,apply_m34,lightning.o,MATCH,offset=0x-0008178
0x00196D58,0x0018EBE0,DrawLightning,lightning.o,MATCH,offset=0x-0008178
0x00196E60,0x0018ECE8,lightning_test,lightning.o,OOB,USA address out of bounds
0x00197000,,queenBeforeFunc,queen.o,NO_ANCHOR,Object has no USA anchor
0x001971B0,,gene_enemy,queen.o,NO_ANCHOR,Object has no USA anchor
0x00197500,,subQueenBrainMain,queen.o,NO_ANCHOR,Object has no USA anchor
0x00197D30,,InitQueenGeo,queen.o,NO_ANCHOR,Object has no USA anchor
0x00197E38,,QueenGeo,queen.o,NO_ANCHOR,Object has no USA anchor
0x00197ED0,,QueenDL,queen.o,NO_ANCHOR,Object has no USA anchor
0x00197F40,,QueenBarrierGeo,queen.o,NO_ANCHOR,Object has no USA anchor
0x00198370,,QueenBarrierDL,queen.o,NO_ANCHOR,Object has no USA anchor
0x001983B8,,QueenBallGeo,queen.o,NO_ANCHOR,Object has no USA anchor
0x00198B78,,QueenBallDL,queen.o,NO_ANCHOR,Object has no USA anchor
0x00198D10,,actQueenStart,queen.o,NO_ANCHOR,Object has no USA anchor
0x00198DA0,,QueenStartAttack,queen.o,NO_ANCHOR,Object has no USA anchor
0x00198E00,,QueenInqDead,queen.o,NO_ANCHOR,Object has no USA anchor
0x00198E28,,QueenBoysWeaponPower,queen.o,NO_ANCHOR,Object has no USA anchor
0x00198E50,,QueenBarrierRadius,queen.o,NO_ANCHOR,Object has no USA anchor
0x00198E60,,QueenBarrierInqBreakable,queen.o,NO_ANCHOR,Object has no USA anchor
0x00198EB0,,queenBarrierBeforeFunc,queen.o,NO_ANCHOR,Object has no USA anchor
0x00198F60,,InitQueenBarrierGeo,queen.o,NO_ANCHOR,Object has no USA anchor
0x00198FF8,,QueenBallRadius,queen.o,NO_ANCHOR,Object has no USA anchor
0x00199018,,queenBallBeforeFunc,queen.o,NO_ANCHOR,Object has no USA anchor
0x001990F8,,InitQueenBallGeo,queen.o,NO_ANCHOR,Object has no USA anchor
0x00199180,,subQueenControl,queen.o,NO_ANCHOR,Object has no USA anchor
0x001991D0,,subQueenCollision,queen.o,NO_ANCHOR,Object has no USA anchor
0x001994D8,,queen_barrier_set_damage,queen_barrier_disp.o,NO_ANCHOR,Object has no USA anchor
0x00199748,,queen_barrier_disp_proc,queen_barrier_disp.o,NO_ANCHOR,Object has no USA anchor
0x00199A20,,queen_barrier_disp_init,queen_barrier_disp.o,NO_ANCHOR,Object has no USA anchor
0x00199C60,,queen_barrier_anim,queen_barrier_disp.o,NO_ANCHOR,Object has no USA anchor
0x00199C98,0x00191858,StageOrientInit,stage_orient.o,MATCH,offset=0x-0008440
0x00199D88,0x00191948,StageOrientGet,stage_orient.o,OOB,USA address out of bounds
0x00199EB8,0x00191A78,switchThread,mv_main.o,MATCH,offset=0x-0008440
0x0019A518,0x001920D8,movie_init,mv_main.o,MATCH,offset=0x-0008440
0x0019A6F0,0x001922B0,movie_end,mv_main.o,MATCH,offset=0x-0008440
0x0019A800,0x001923C0,movie_proc,mv_main.o,OOB,USA address out of bounds
0x0019A870,0x00194604,readBufDelete,mv_readbuf.o,MATCH,offset=0x-000626C
0x0019A888,0x0019461C,readBufCreate,mv_readbuf.o,SEQ_MISMATCH,op_seq differs (sz=176)
0x0019A938,0x001946CC,readBufBeginPut,mv_readbuf.o,SEQ_MISMATCH,op_seq differs (sz=48)
0x0019A968,0x001946FC,readBufEndPut,mv_readbuf.o,SEQ_MISMATCH,op_seq differs (sz=64)
0x0019A9A8,0x0019473C,readBufBeginGet,mv_readbuf.o,SEQ_MISMATCH,op_seq differs (sz=72)
0x0019A9F0,0x00194784,readBufEndGet,mv_readbuf.o,OOB,USA address out of bounds
0x0019AA10,0x001924B8,strFileOpen,mv_strfile.o,MATCH,offset=0x-0008558
0x0019AA48,0x001924F0,strFileClose,mv_strfile.o,MATCH,offset=0x-0008558
0x0019AA68,0x00192510,strFileRead,mv_strfile.o,OOB,USA address out of bounds
0x0019AA90,,videoDecCreate,mv_videodec.o,NO_ANCHOR,Object has no USA anchor
0x0019ABE8,,videoDecFlush,mv_videodec.o,NO_ANCHOR,Object has no USA anchor
0x0019ACB0,,videoCallback,mv_videodec.o,NO_ANCHOR,Object has no USA anchor
0x0019B000,,videoDecDelete,mv_videodec.o,NO_ANCHOR,Object has no USA anchor
0x0019B040,,videoDecSetStream,mv_videodec.o,NO_ANCHOR,Object has no USA anchor
0x0019B060,,videoDecAbort,mv_videodec.o,NO_ANCHOR,Object has no USA anchor
0x0019B070,,videoDecGetState,mv_videodec.o,NO_ANCHOR,Object has no USA anchor
0x0019B078,,videoDecIsFlushed,mv_videodec.o,NO_ANCHOR,Object has no USA anchor
0x0019B0C8,,videoDecMain,mv_videodec.o,NO_ANCHOR,Object has no USA anchor
0x0019B220,0x00192CD0,voBufCreate,mv_vobuf.o,MATCH,offset=0x-0008550
0x0019B380,0x00192E30,voBufDelete,mv_vobuf.o,MATCH,offset=0x-0008550
0x0019B398,0x00192E48,voBufReset,mv_vobuf.o,MATCH,offset=0x-0008550
0x0019B3A8,0x00192E58,voBufIsFull,mv_vobuf.o,MATCH,offset=0x-0008550
0x0019B3C0,0x00192E70,voBufIncCount,mv_vobuf.o,MATCH,offset=0x-0008550
0x0019B438,0x00192EE8,voBufGetData,mv_vobuf.o,MATCH,offset=0x-0008550
0x0019B470,0x00192F20,voBufGetTag,mv_vobuf.o,MATCH,offset=0x-0008550
0x0019B4C8,0x00192F78,voBufDecCount,mv_vobuf.o,OOB,USA address out of bounds
0x0019C1B0,,CSVSYSTEM_InitDObj,DObj.o,NO_ANCHOR,Object has no USA anchor
0x0019C370,,FreeDObj,DObj.o,NO_ANCHOR,Object has no USA anchor
0x0019C378,,LinkParentOfDObj,DObj.o,NO_ANCHOR,Object has no USA anchor
0x0019C3C0,,UnlinkParentOfDObj,DObj.o,NO_ANCHOR,Object has no USA anchor
0x0019CB00,,StageManager,StageManager.o,NO_ANCHOR,Object has no USA anchor
0x0019CDF0,,stgmgrForceSwitch,StageManager.o,NO_ANCHOR,Object has no USA anchor
0x0019CE20,,stgmgrForceSwitchWithFade,StageManager.o,NO_ANCHOR,Object has no USA anchor
0x0019CE30,,stgmgrForceSwitchWithFadeColor,StageManager.o,NO_ANCHOR,Object has no USA anchor
0x0019CE98,,stgmgrNextStagePreLoadForceStageSet,StageManager.o,NO_ANCHOR,Object has no USA anchor
0x0019CEB0,,stgmgrNextStagePreLoadDistBoyMode,StageManager.o,NO_ANCHOR,Object has no USA anchor
0x0019CEC0,,stgmgrNextStagePreLoadForceNoCancel,StageManager.o,NO_ANCHOR,Object has no USA anchor
0x0019CEC8,,CheckPoint,StageManager.o,NO_ANCHOR,Object has no USA anchor
0x0019CF28,,backStageProcessOutStage,backStage.o,NO_ANCHOR,Object has no USA anchor
0x0019D438,,backStageProcessMain,backStage.o,NO_ANCHOR,Object has no USA anchor
0x0019D878,,backStageProcessInStage,backStage.o,NO_ANCHOR,Object has no USA anchor
0x0019DCF8,,backStageSave,backStage.o,NO_ANCHOR,Object has no USA anchor
0x0019DDA0,,backStageLoad,backStage.o,NO_ANCHOR,Object has no USA anchor
0x0019DE48,,backStageProcessInit,backStage.o,NO_ANCHOR,Object has no USA anchor
0x0019DE60,,backStageDebugTimeZero,backStage.o,NO_ANCHOR,Object has no USA anchor
0x0019DE68,,backStageTsuresariReturn,backStage.o,NO_ANCHOR,Object has no USA anchor
0x0019DE70,0x001950B8,InitCharFileManager,charFileManager.o,MATCH,offset=0x-0008DB8
0x0019DEF0,0x00195138,ResetCharFileManager,charFileManager.o,MATCH,offset=0x-0008DB8
0x0019DF78,0x001951C0,ReadModelFile,charFileManager.o,MATCH,offset=0x-0008DB8
0x0019E148,0x00195390,ReadVolumeModelFile,charFileManager.o,MATCH,offset=0x-0008DB8
0x0019E318,0x00195560,ReadShadowModelFile,charFileManager.o,MATCH,offset=0x-0008DB8
0x0019E4F8,0x00195740,ReadTextureFile,charFileManager.o,MATCH,offset=0x-0008DB8
0x0019E600,0x00195848,ReadSkeltonFile,charFileManager.o,MATCH,offset=0x-0008DB8
0x0019E858,0x00195AA0,ReadCollisionFile,charFileManager.o,MATCH,offset=0x-0008DB8
0x0019EBC8,0x00195E10,ReadStageAnimationFile,charFileManager.o,MATCH,offset=0x-0008DB8
0x0019ECD0,0x00195F18,ReadMotionFile,charFileManager.o,MATCH,offset=0x-0008DB8
0x0019EF18,0x00196160,ReadParticleEffectFile,charFileManager.o,MATCH,offset=0x-0008DB8
0x0019EFB0,0x001961F8,ReadSoundBdFile,charFileManager.o,MATCH,offset=0x-0008DB8
0x0019F160,0x001963A8,ReadSoundHdFile,charFileManager.o,MATCH,offset=0x-0008DB8
0x0019F340,0x00196588,ReadShockFile,charFileManager.o,MATCH,offset=0x-0008DB8
0x0019F450,0x00196698,ReadCamerasetFile,charFileManager.o,MATCH,offset=0x-0008DB8
0x0019F520,0x00196768,ReadEndCheckFile,charFileManager.o,MATCH,offset=0x-0008DB8
0x0019F598,0x001967E0,ReadStageSettingFile,charFileManager.o,MATCH,offset=0x-0008DB8
0x0019F638,0x00196880,CSVSYSTEM_ReadCharFiles,charFileManager.o,MATCH,offset=0x-0008DB8
0x0019F8F0,0x00196B38,ReadSoundSqFile,charFileManager.o,MATCH,offset=0x-0008DB8
0x0019FA58,0x00196CA0,ReadSoundAdpcmFile,charFileManager.o,MATCH,offset=0x-0008DB8
0x0019FB98,0x00196DE0,GetPObjAddress,charFileManager.o,OOB,USA address out of bounds
0x0019FBB8,,debug_Assert,debug.o,NO_ANCHOR,Object has no USA anchor
0x0019FC50,,debug_openLog,debug.o,NO_ANCHOR,Object has no USA anchor
0x0019FC68,,debug_LogPrintf,debug.o,NO_ANCHOR,Object has no USA anchor
0x001A0000,,debug_SetDmaCallback,debug.o,NO_ANCHOR,Object has no USA anchor
0x001A0048,,debug_VariableInit,debug.o,NO_ANCHOR,Object has no USA anchor
0x001A0170,,debug_Init,debug.o,NO_ANCHOR,Object has no USA anchor
0x001A01C8,,debug_Load,debug.o,NO_ANCHOR,Object has no USA anchor
0x001A1228,,debug_FlushFont,debug.o,NO_ANCHOR,Object has no USA anchor
0x001A2438,,debug_DispBar,debug.o,NO_ANCHOR,Object has no USA anchor
0x001A2988,,debug_SnapShot,debug.o,NO_ANCHOR,Object has no USA anchor
0x001A3310,,debug_DispQW,debug.o,NO_ANCHOR,Object has no USA anchor
0x001A34F8,,debug_Printf,debug.o,NO_ANCHOR,Object has no USA anchor
0x001A3568,,debug_Printf2,debug.o,NO_ANCHOR,Object has no USA anchor
0x001A35D8,,debug_PrintFontWindow,debug.o,NO_ANCHOR,Object has no USA anchor
0x001A38A8,,debug_PrintfDummy,debug.o,NO_ANCHOR,Object has no USA anchor
0x001A38C8,,debug_PrintFontWindowDummy,debug.o,NO_ANCHOR,Object has no USA anchor
0x001A38F0,,debug_StdPrintfDummy,debug.o,NO_ANCHOR,Object has no USA anchor
0x001A3918,,debug_PrintFontf,debug.o,NO_ANCHOR,Object has no USA anchor
0x001A3AD0,,debug_PrintMatrix,debug.o,NO_ANCHOR,Object has no USA anchor
0x001A3B80,,debug_DispVu1FReg,debug.o,NO_ANCHOR,Object has no USA anchor
0x001A4180,,debug_SelectCsvWindowVal,debug.o,NO_ANCHOR,Object has no USA anchor
0x001A4310,,debug_SelectCsvWindow,debug.o,NO_ANCHOR,Object has no USA anchor
0x001A4670,,debug_SelectStage,debug.o,NO_ANCHOR,Object has no USA anchor
0x001A5128,,debug_MemoryCard,debug.o,NO_ANCHOR,Object has no USA anchor
0x001A53A8,,debug_SETest,debug.o,NO_ANCHOR,Object has no USA anchor
0x001A5648,,debug_SESlotDisp,debug.o,NO_ANCHOR,Object has no USA anchor
0x001A65E0,,debug_Menu,debug.o,NO_ANCHOR,Object has no USA anchor
0x001A6840,,debug_Menu_off,debug.o,NO_ANCHOR,Object has no USA anchor
0x001A6848,,debug_BeginTimer,debug.o,NO_ANCHOR,Object has no USA anchor
0x001A6870,,debug_GetTimerSec,debug.o,NO_ANCHOR,Object has no USA anchor
0x001A6940,,debug_GetTimerCount,debug.o,NO_ANCHOR,Object has no USA anchor
0x001A69A0,,debug_ClearFontWindow,debug.o,NO_ANCHOR,Object has no USA anchor
0x001A69D8,,debug_ResizeFontWindowHeight,debug.o,NO_ANCHOR,Object has no USA anchor
0x001A69E0,,debug_SetBar,debug.o,NO_ANCHOR,Object has no USA anchor
0x001A6A98,,debug_SetBar2,debug.o,NO_ANCHOR,Object has no USA anchor
0x001A6B50,,debug_ResetBar,debug.o,NO_ANCHOR,Object has no USA anchor
0x001A6B78,,debug_DispVu1IReg,debug.o,NO_ANCHOR,Object has no USA anchor
0x001A6C20,,debug_DispVu1SReg,debug.o,NO_ANCHOR,Object has no USA anchor
0x001A6CC8,,debug_DispMatrix,debug.o,NO_ANCHOR,Object has no USA anchor
0x001A6D10,,debug_SetBarDummy,debug.o,NO_ANCHOR,Object has no USA anchor
0x001A6D18,,debug_SelectCsvWindowWithLine,debug.o,NO_ANCHOR,Object has no USA anchor
0x001A6FA0,,debug_TryToGetStartStage,debug.o,NO_ANCHOR,Object has no USA anchor
0x001A6FA8,,debugSceOpen,debug.o,NO_ANCHOR,Object has no USA anchor
0x001A7008,,debugSceClose,debug.o,NO_ANCHOR,Object has no USA anchor
0x001A7038,,debugSceCloseFdNew,debug.o,NO_ANCHOR,Object has no USA anchor
0x001A7070,,debug_closeLog,debug.o,NO_ANCHOR,Object has no USA anchor
0x001A7078,,debugCdvdLoadInfoSegInit,debug.o,NO_ANCHOR,Object has no USA anchor
0x001A70C0,,debugCdvdLoadInfoSegAdd,debug.o,NO_ANCHOR,Object has no USA anchor
0x001A70F0,,debugCdvdLoadInfoSegCls,debug.o,NO_ANCHOR,Object has no USA anchor
0x001A7118,,gsResetFunc,debug.o,NO_ANCHOR,Object has no USA anchor
0x001A7158,,debug_SaveStartStageFile,debug.o,NO_ANCHOR,Object has no USA anchor
0x001A7208,,_debug_SelectCsvWindow,debug.o,NO_ANCHOR,Object has no USA anchor
0x001A74B0,,debug_SelectCsvWindowWithLineColor,debug.o,NO_ANCHOR,Object has no USA anchor
0x001A7758,,debug_mcFormat,debug.o,NO_ANCHOR,Object has no USA anchor
0x001A7840,,debug_mcUnformat,debug.o,NO_ANCHOR,Object has no USA anchor
0x001A7978,,debug_STAFFROLLTest,debug.o,NO_ANCHOR,Object has no USA anchor
0x001A79E0,,debug_reverbTest,debug.o,NO_ANCHOR,Object has no USA anchor
0x001A7A80,,debug_AdpcmTest,debug.o,NO_ANCHOR,Object has no USA anchor
0x001A7C70,,debug_tsuresariTimeZero,debug.o,NO_ANCHOR,Object has no USA anchor
0x001A7DF0,0x0019EFC0,CloseVif1DirectPacket,debug_exception.o,MATCH,offset=0x-0008E30
0x001A7E30,0x0019F000,SendVif1DirectPacket,debug_exception.o,MATCH,offset=0x-0008E30
0x001A7E88,0x0019F058,RestoreNormalDrawEnvironment,debug_exception.o,MATCH,offset=0x-0008E30
0x001A7EF8,0x0019F0C8,SetTextureWithFrameBuffer,debug_exception.o,MATCH,offset=0x-0008E30
0x001A7FB8,0x0019F188,SetTexDrawEnvironment,debug_exception.o,MATCH,offset=0x-0008E30
0x001A8060,0x0019F230,SetDrawnTextureEnvironment,debug_exception.o,MATCH,offset=0x-0008E30
0x001A8128,0x0019F2F8,SetDrawEnvironment,debug_exception.o,SEQ_MISMATCH,op_seq differs (sz=1112)
0x001A8580,0x0019F750,PutFont,debug_exception.o,SEQ_MISMATCH,op_seq differs (sz=6768)
0x001A9FF0,0x001A11C0,debugIOPExceptionMain,debug_exception.o,MATCH,offset=0x-0008E30
0x001AA120,0x001A12F0,debug_SetExceptionMessage,debug_exception.o,MATCH,offset=0x-0008E30
0x001AA180,0x001A1350,debugExceptionInit,debug_exception.o,MATCH,offset=0x-0008E30
0x001AA1F8,0x001A13C8,debugIOPExceptionInit,debug_exception.o,MATCH,offset=0x-0008E30
0x001AA200,0x001A13D0,debug_assertMessage,debug_exception.o,MATCH,offset=0x-0008E30
0x001AA220,0x001A13F0,debug_assert,debug_exception.o,MATCH,offset=0x-0008E30
0x001AA240,0x001A1410,OpenVif1DirectPacket,debug_exception.o,MATCH,offset=0x-0008E30
0x001AA2A8,0x001A1478,SetPrimColor,debug_exception.o,MATCH,offset=0x-0008E30
0x001AA3A0,0x001A1570,SetPrimColorTex,debug_exception.o,OOB,USA address out of bounds
0x001AA4C0,,debug_TargetGObj,debug_menu.o,NO_ANCHOR,Object has no USA anchor
0x001AA628,,init_debug_menu,debug_menu.o,NO_ANCHOR,Object has no USA anchor
0x001AA678,,gamesysObjInfoInit,gamesys.o,NO_ANCHOR,Object has no USA anchor
0x001AA6D0,,gamesysObjInfoSave,gamesys.o,NO_ANCHOR,Object has no USA anchor
0x001AA768,,gamesysObjInfoLoad,gamesys.o,NO_ANCHOR,Object has no USA anchor
0x001AA990,,gamesysObjInfoBaseSet,gamesys.o,NO_ANCHOR,Object has no USA anchor
0x001AAC40,,gamesysBackStageProcess,gamesys.o,NO_ANCHOR,Object has no USA anchor
0x001AAC70,,gamesysMemoryHandlerWrite,gamesys.o,NO_ANCHOR,Object has no USA anchor
0x001AAE28,,gamesysNObjInfoInit,gamesys.o,NO_ANCHOR,Object has no USA anchor
0x001AAE68,,gamesysObjInfoStageInitFlagCls,gamesys.o,NO_ANCHOR,Object has no USA anchor
0x001AAEA0,,gamesysObjInfoStageInitPosSaveUnlock,gamesys.o,NO_ANCHOR,Object has no USA anchor
0x001AAED8,,gamesysObjInfoPosSetStage,gamesys.o,NO_ANCHOR,Object has no USA anchor
0x001AAF18,,gamesysObjInfoUniqDataSet,gamesys.o,NO_ANCHOR,Object has no USA anchor
0x001AAF80,,gamesysObjInfoPosNewStageSet,gamesys.o,NO_ANCHOR,Object has no USA anchor
0x001AB0A8,,gamesysObjInfoGet,gamesys.o,NO_ANCHOR,Object has no USA anchor
0x001AB1B0,,gamesysObjInfoCls,gamesys.o,NO_ANCHOR,Object has no USA anchor
0x001AB2C0,,gamesysGirlStageGet,gamesys.o,NO_ANCHOR,Object has no USA anchor
0x001AB2E8,,gamesysStageExitTimeSet,gamesys.o,NO_ANCHOR,Object has no USA anchor
0x001AB308,,gamesysMemoryHandlerRead,gamesys.o,NO_ANCHOR,Object has no USA anchor
0x001AB358,,gamesysMemorySave,gamesys.o,NO_ANCHOR,Object has no USA anchor
0x001AB3B0,,gamesysMemoryLoad,gamesys.o,NO_ANCHOR,Object has no USA anchor
0x001AB4B8,0x001AB42C,ParentSimpleObjGeo,haveParentSimpleObj.o,MATCH,offset=0x-000008C
0x001AB4C0,0x001AB434,ParentSimpleObjDL,haveParentSimpleObj.o,SEQ_MISMATCH,op_seq differs (sz=8)
0x001AB4C8,0x001AB43C,InitParentSimpleObjGeo,haveParentSimpleObj.o,OOB,USA address out of bounds
0x001ABBF8,,ExecIcoMisc,icoMisc.o,NO_ANCHOR,Object has no USA anchor
0x001ABF18,,InitIcoMisc,icoMisc.o,NO_ANCHOR,Object has no USA anchor
0x001AC440,,DispIcoMisc,icoMisc.o,NO_ANCHOR,Object has no USA anchor
0x001AC608,,ExitIcoMisc,icoMisc.o,NO_ANCHOR,Object has no USA anchor
0x001AC610,,kanbanReqAdd,kanban.o,NO_ANCHOR,Object has no USA anchor
0x001AC8C8,,kanbanInit,kanban.o,NO_ANCHOR,Object has no USA anchor
0x001ACF58,,kanbanReqDel,kanban.o,NO_ANCHOR,Object has no USA anchor
0x001ACF90,,kanbanReqDelFade,kanban.o,NO_ANCHOR,Object has no USA anchor
0x001ACFB0,,kanbanReqAllDel,kanban.o,NO_ANCHOR,Object has no USA anchor
0x001ACFE8,,kanbanReqAllDelFade,kanban.o,NO_ANCHOR,Object has no USA anchor
0x001AD020,,kanbanExec,kanban.o,NO_ANCHOR,Object has no USA anchor
0x001AD358,,kanbanBootMain,kanbanBoot.o,NO_ANCHOR,Object has no USA anchor
0x001AD4A0,,kanbanBootInit,kanbanBoot.o,NO_ANCHOR,Object has no USA anchor
0x001AD4C0,,kanbanBootStart,kanbanBoot.o,NO_ANCHOR,Object has no USA anchor
0x001AD4D0,0x001AC14C,POSITIVE_SE,layout_action.o,MATCH,offset=0x-0001384
0x001AD4E8,0x001AC164,NEGATIVE_SE,layout_action.o,SEQ_MISMATCH,op_seq differs (sz=24)
0x001AD500,0x001AC17C,CUR_SE,layout_action.o,SEQ_MISMATCH,op_seq differs (sz=24)
0x001AD518,0x001AC194,la_TESTFUNCTION,layout_action.o,SEQ_MISMATCH,op_seq differs (sz=2880)
0x001AE058,0x001ACCD4,la_vibe_select,layout_action.o,SEQ_MISMATCH,op_seq differs (sz=528)
0x001AE268,0x001ACEE4,la_title_continue_or_new,layout_action.o,SEQ_MISMATCH,op_seq differs (sz=488)
0x001AE450,0x001AD0CC,la_title_new_game_only,layout_action.o,SEQ_MISMATCH,op_seq differs (sz=1280)
0x001AE950,0x001AD5CC,la_load_game_memory_card_check,layout_action.o,SEQ_MISMATCH,op_seq differs (sz=464)
0x001AEB20,0x001AD79C,la_mc_load_current_slot_select,layout_action.o,SEQ_MISMATCH,op_seq differs (sz=304)
0x001AEC50,0x001AD8CC,la_mc_load_file_select,layout_action.o,SEQ_MISMATCH,op_seq differs (sz=872)
0x001AEFB8,0x001ADC34,la_load_confirm_no_memory_card,layout_action.o,SEQ_MISMATCH,op_seq differs (sz=472)
0x001AF190,0x001ADE0C,la_load_confirm_no_data,layout_action.o,SEQ_MISMATCH,op_seq differs (sz=464)
0x001AF360,0x001ADFDC,la_load_start_check,layout_action.o,SEQ_MISMATCH,op_seq differs (sz=272)
0x001AF470,0x001AE0EC,la_load_processing,layout_action.o,SEQ_MISMATCH,op_seq differs (sz=1008)
0x001AF860,0x001AE4DC,la_mc_confirm_save_file,layout_action.o,SEQ_MISMATCH,op_seq differs (sz=760)
0x001AFB58,0x001AE7D4,la_save_game_memory_card_check,layout_action.o,SEQ_MISMATCH,op_seq differs (sz=1040)
0x001AFF68,0x001AEBE4,la_mc_save_file_select,layout_action.o,SEQ_MISMATCH,op_seq differs (sz=736)
0x001B0248,0x001AEEC4,la_save_start_check,layout_action.o,SEQ_MISMATCH,op_seq differs (sz=384)
0x001B03C8,0x001AF044,la_save_confirm_overwrite,layout_action.o,SEQ_MISMATCH,op_seq differs (sz=424)
0x001B0570,0x001AF1EC,la_format_confirm,layout_action.o,SEQ_MISMATCH,op_seq differs (sz=408)
0x001B0708,0x001AF384,la_system_save_processing,layout_action.o,SEQ_MISMATCH,op_seq differs (sz=648)
0x001B0990,0x001AF60C,la_save_processing,layout_action.o,SEQ_MISMATCH,op_seq differs (sz=680)
0x001B0C38,0x001AF8B4,la_end_confirm,layout_action.o,SEQ_MISMATCH,op_seq differs (sz=336)
0x001B0D88,0x001AFA04,la_delete_processing,layout_action.o,SEQ_MISMATCH,op_seq differs (sz=248)
0x001B0E80,0x001AFAFC,la_game_loop,layout_action.o,SEQ_MISMATCH,op_seq differs (sz=368)
0x001B0FF0,0x001AFC6C,la_game_over_continue,layout_action.o,SEQ_MISMATCH,op_seq differs (sz=424)
0x001B1198,0x001AFE14,la_key_config,layout_action.o,SEQ_MISMATCH,op_seq differs (sz=1120)
0x001B15F8,0x001B0274,la_game_option,layout_action.o,SEQ_MISMATCH,op_seq differs (sz=336)
0x001B1748,0x001B03C4,la_adjust_screen,layout_action.o,SEQ_MISMATCH,op_seq differs (sz=304)
0x001B1878,0x001B04F4,PSH_POSITIVE_OR_NEGATIVE,layout_action.o,SEQ_MISMATCH,op_seq differs (sz=64)
0x001B18B8,0x001B0534,la_boot_memory_card_check,layout_action.o,SEQ_MISMATCH,op_seq differs (sz=72)
0x001B1900,0x001B057C,la_boot_no_memory_card,layout_action.o,SEQ_MISMATCH,op_seq differs (sz=48)
0x001B1930,0x001B05AC,la_boot_no_free_area,layout_action.o,SEQ_MISMATCH,op_seq differs (sz=48)
0x001B1960,0x001B05DC,la_boot_confirm_memory_card,layout_action.o,SEQ_MISMATCH,op_seq differs (sz=56)
0x001B1998,0x001B0614,la_scei_logo,layout_action.o,SEQ_MISMATCH,op_seq differs (sz=104)
0x001B1A00,0x001B067C,la_title_demo,layout_action.o,SEQ_MISMATCH,op_seq differs (sz=272)
0x001B1B10,0x001B078C,la_mc_file_select,layout_action.o,SEQ_MISMATCH,op_seq differs (sz=336)
0x001B1C60,0x001B08DC,la_mc_preview_info,layout_action.o,SEQ_MISMATCH,op_seq differs (sz=64)
0x001B1CA0,0x001B091C,la_mc_current_slot,layout_action.o,SEQ_MISMATCH,op_seq differs (sz=56)
0x001B1CD8,0x001B0954,la_general_mc_confirm,layout_action.o,SEQ_MISMATCH,op_seq differs (sz=56)
0x001B1D10,0x001B098C,la_mc_save_current_slot_select,layout_action.o,SEQ_MISMATCH,op_seq differs (sz=144)
0x001B1DA0,0x001B0A1C,la_save_confirm_no_memory_card,layout_action.o,SEQ_MISMATCH,op_seq differs (sz=240)
0x001B1E90,0x001B0B0C,la_save_confirm_no_free_area,layout_action.o,SEQ_MISMATCH,op_seq differs (sz=256)
0x001B1F90,0x001B0C0C,la_format_processing,layout_action.o,SEQ_MISMATCH,op_seq differs (sz=224)
0x001B2070,0x001B0CEC,la_save_confirm_complete,layout_action.o,SEQ_MISMATCH,op_seq differs (sz=232)
0x001B2158,0x001B0DD4,la_save_confirm_yesno,layout_action.o,SEQ_MISMATCH,op_seq differs (sz=56)
0x001B2190,0x001B0E0C,la_save_confirm_fail,layout_action.o,SEQ_MISMATCH,op_seq differs (sz=8)
0x001B2198,0x001B0E14,la_format_confirm_fail,layout_action.o,SEQ_MISMATCH,op_seq differs (sz=8)
0x001B21A0,0x001B0E1C,la_delete_start_check,layout_action.o,SEQ_MISMATCH,op_seq differs (sz=176)
0x001B2250,0x001B0ECC,la_delete_confirm,layout_action.o,SEQ_MISMATCH,op_seq differs (sz=88)
0x001B22A8,0x001B0F24,la_delete_confirm_complete,layout_action.o,SEQ_MISMATCH,op_seq differs (sz=64)
0x001B22E8,0x001B0F64,la_delete_confirm_fail,layout_action.o,SEQ_MISMATCH,op_seq differs (sz=8)
0x001B22F0,0x001B0F6C,la_game_loading,layout_action.o,SEQ_MISMATCH,op_seq differs (sz=24)
0x001B2308,0x001B0F84,la_game_demo_pause,layout_action.o,SEQ_MISMATCH,op_seq differs (sz=72)
0x001B2350,0x001B0FCC,la_game_demo,layout_action.o,SEQ_MISMATCH,op_seq differs (sz=192)
0x001B2410,0x001B108C,la_game_pause,layout_action.o,SEQ_MISMATCH,op_seq differs (sz=160)
0x001B24B0,0x001B112C,la_switching_stage,layout_action.o,OOB,USA address out of bounds
0x001B2778,,lt_analog2Pad,layout_texture.o,NO_ANCHOR,Object has no USA anchor
0x001B32F0,,exec_layout_texture,layout_texture.o,NO_ANCHOR,Object has no USA anchor
0x001B3700,,init_layout_texture,layout_texture.o,NO_ANCHOR,Object has no USA anchor
0x001B3880,,lt_switch_layout,layout_texture.o,NO_ANCHOR,Object has no USA anchor
0x001B38E8,,lt_current_property_item,layout_texture.o,NO_ANCHOR,Object has no USA anchor
0x001B38F0,,lt_link_layout,layout_texture.o,NO_ANCHOR,Object has no USA anchor
0x001B39A8,,lt_prev_layout,layout_texture.o,NO_ANCHOR,Object has no USA anchor
0x001B3A38,,lt_next_layout,layout_texture.o,NO_ANCHOR,Object has no USA anchor
0x001B3AC0,,lt_mask_property,layout_texture.o,NO_ANCHOR,Object has no USA anchor
0x001B3AF8,,lt_default_mask_property,layout_texture.o,NO_ANCHOR,Object has no USA anchor
0x001B3B28,,lt_fade_status,layout_texture.o,NO_ANCHOR,Object has no USA anchor
0x001B3B30,,lt_set_item_select_func,layout_texture.o,NO_ANCHOR,Object has no USA anchor
0x001B3B38,,lt_set_fade_mode,layout_texture.o,NO_ANCHOR,Object has no USA anchor
0x001B3CB0,,InitStageLight,sceneManager.o,NO_ANCHOR,Object has no USA anchor
0x001B4588,,InitSceneObjects,sceneManager.o,NO_ANCHOR,Object has no USA anchor
0x001B47B0,,HotInitSceneObjects,sceneManager.o,NO_ANCHOR,Object has no USA anchor
0x001B4858,,ChangeStageStartInfo,sceneManager.o,NO_ANCHOR,Object has no USA anchor
0x001B4878,,CreateLayoutedGObj,sceneManager.o,NO_ANCHOR,Object has no USA anchor
0x001B4940,,MoveNextStage_Set,sceneManager.o,NO_ANCHOR,Object has no USA anchor
0x001B49A0,,test_nextstage_firstwalk_set,sceneManager.o,NO_ANCHOR,Object has no USA anchor
0x001B49B0,,GetStageStartInfo,sceneManager.o,NO_ANCHOR,Object has no USA anchor
0x001B4A38,,MoveNextStage_Clear,sceneManager.o,NO_ANCHOR,Object has no USA anchor
0x001B4A48,0x001ABF60,staffRollStart,staffroll.o,MATCH,offset=0x-0008AE8
0x001B4D58,0x001AC270,staffRollMain,staffroll.o,MATCH,offset=0x-0008AE8
0x001B4F50,0x001AC468,staffRollWide,staffroll.o,OOB,USA address out of bounds
0x001B4FB0,0x001AC4C8,InitAP1,a_p_1.o,MATCH,offset=0x-0008AE8
0x001B6BC0,0x001AE0D8,AP1Geo,a_p_1.o,MATCH,offset=0x-0008AE8
0x001B6DC0,0x001AE2D8,AP1DL,a_p_1.o,MATCH,offset=0x-0008AE8
0x001B6E50,0x001AE368,GetAP1SpecType,a_p_1.o,SEQ_MISMATCH,op_seq differs (sz=16)
0x001B6E60,0x001AE378,SetAP1VisualState,a_p_1.o,SEQ_MISMATCH,op_seq differs (sz=16)
0x001B6E70,0x001AE388,AP1Turn,a_p_1.o,SEQ_MISMATCH,op_seq differs (sz=136)
0x001B6EF8,0x001AE410,AP1MotReqForce,a_p_1.o,SEQ_MISMATCH,op_seq differs (sz=72)
0x001B6F40,0x001AE458,AP1MotReq,a_p_1.o,SEQ_MISMATCH,op_seq differs (sz=64)
0x001B6F80,0x001AE498,AP1JumpReq,a_p_1.o,SEQ_MISMATCH,op_seq differs (sz=128)
0x001B7000,0x001AE518,MakeAP1GObj,a_p_1.o,SEQ_MISMATCH,op_seq differs (sz=80)
0x001B7050,0x001AE568,GetAP1Mode,a_p_1.o,OOB,USA address out of bounds
0x001B7770,0x001AEBD8,hehehe,act_a_p_1.o,MATCH,offset=0x-0008B98
0x001B7790,0x001AEBF8,SleepAP1,act_a_p_1.o,MATCH,offset=0x-0008B98
0x001B77D8,0x001AEC40,WakeUpAP1,act_a_p_1.o,MATCH,offset=0x-0008B98
0x001B7860,0x001AECC8,subAP1BrainMain,act_a_p_1.o,MATCH,offset=0x-0008B98
0x001B7C28,0x001AF090,SetAP1DeadStatus,act_a_p_1.o,MATCH,offset=0x-0008B98
0x001B7C70,0x001AF0D8,AP1BeforeFunc,act_a_p_1.o,MATCH,offset=0x-0008B98
0x001B7F40,0x001AF3A8,actAP1Start,act_a_p_1.o,SEQ_MISMATCH,op_seq differs (sz=304)
0x001B8070,0x001AF4D8,IsActCharDead,act_a_p_1.o,SEQ_MISMATCH,op_seq differs (sz=32)
0x001B8090,0x001AF4F8,SetAP1HostGObj,act_a_p_1.o,SEQ_MISMATCH,op_seq differs (sz=16)
0x001B80A0,0x001AF508,SetAP1PriorLevel,act_a_p_1.o,SEQ_MISMATCH,op_seq differs (sz=16)
0x001B80B0,0x001AF518,GetAP1AIMode,act_a_p_1.o,SEQ_MISMATCH,op_seq differs (sz=144)
0x001B8140,0x001AF5A8,subAP1Control,act_a_p_1.o,OOB,USA address out of bounds
0x001B8150,,SetActressLight,actressLight.o,NO_ANCHOR,Object has no USA anchor
0x001B8218,,AttackCheckBoundaryBeforeFunc,attackCheckBoundary.o,NO_ANCHOR,Object has no USA anchor
0x001B83B0,,InitAttackCheckBoundaryManagerGeo,attackCheckBoundary.o,NO_ANCHOR,Object has no USA anchor
0x001B8668,,AttackCheckBoundaryManagerGeo,attackCheckBoundary.o,NO_ANCHOR,Object has no USA anchor
0x001B86D8,,AttackCheckBoundaryManagerDL,attackCheckBoundary.o,NO_ANCHOR,Object has no USA anchor
0x001B86E0,,InitAttackCheckBoundaryGeo,attackCheckBoundary.o,NO_ANCHOR,Object has no USA anchor
0x001B8730,,AttackCheckBoundaryGeo,attackCheckBoundary.o,NO_ANCHOR,Object has no USA anchor
0x001B8758,,AttackCheckBoundaryDL,attackCheckBoundary.o,NO_ANCHOR,Object has no USA anchor
0x001B8808,,actAttackCheckBoundaryStart,attackCheckBoundary.o,NO_ANCHOR,Object has no USA anchor
0x001B8860,,GetAttackCheckBoundaryRadius,attackCheckBoundary.o,NO_ANCHOR,Object has no USA anchor
0x001B8870,,CreateAttackCheckBoundary,attackCheckBoundary.o,NO_ANCHOR,Object has no USA anchor
0x001B8918,,GetAttackCheckBoundaryManagerStatus,attackCheckBoundary.o,NO_ANCHOR,Object has no USA anchor
0x001B8928,,SetAttackCheckBoundaryAttribute,attackCheckBoundary.o,NO_ANCHOR,Object has no USA anchor
0x001B8938,0x001B6D90,switchOnSE,box.o,MATCH,offset=0x-0001BA8
0x001B8940,0x001B6D98,switchReleaseSE,box.o,MATCH,offset=0x-0001BA8
0x001B8948,0x001B6DA0,GetFloorLeverGlobalHoldPoint,box.o,SEQ_MISMATCH,op_seq differs (sz=120)
0x001B89C0,0x001B6E18,FloorLeverTriStateGeo,box.o,SEQ_MISMATCH,op_seq differs (sz=120)
0x001B8A38,0x001B6E90,FloorLeverGeo,box.o,SEQ_MISMATCH,op_seq differs (sz=656)
0x001B8CC8,0x001B7120,FloorLeverDL,box.o,SEQ_MISMATCH,op_seq differs (sz=128)
0x001B8D48,0x001B71A0,GetWallLeverGlobalHoldPoint,box.o,SEQ_MISMATCH,op_seq differs (sz=120)
0x001B8DC0,0x001B7218,WallLeverGeo,box.o,SEQ_MISMATCH,op_seq differs (sz=704)
0x001B9080,0x001B74D8,WallLeverDL,box.o,SEQ_MISMATCH,op_seq differs (sz=128)
0x001B9100,0x001B7558,CheckReadyAllSwitches,box.o,SEQ_MISMATCH,op_seq differs (sz=6224)
0x001BA950,0x001B8DA8,MoveFloatingBox,box.o,SEQ_MISMATCH,op_seq differs (sz=4584)
0x001BBB38,0x001B9F90,GetBoxHoldPoint,box.o,SEQ_MISMATCH,op_seq differs (sz=1208)
0x001BBFF0,0x001BA448,MoveBoxWithHoldPoint,box.o,SEQ_MISMATCH,op_seq differs (sz=1176)
0x001BC488,0x001BA8E0,ReInitBoxGeo,box.o,SEQ_MISMATCH,op_seq differs (sz=520)
0x001BC690,0x001BAAE8,InitBoxGeo,box.o,SEQ_MISMATCH,op_seq differs (sz=1064)
0x001BCAB8,0x001BAF10,BoxGeo,box.o,SEQ_MISMATCH,op_seq differs (sz=112)
0x001BCB28,0x001BAF80,GetBoxMode,box.o,SEQ_MISMATCH,op_seq differs (sz=16)
0x001BCB38,0x001BAF90,AlignBox,box.o,SEQ_MISMATCH,op_seq differs (sz=368)
0x001BCCA8,0x001BB100,CanHoldBox,box.o,SEQ_MISMATCH,op_seq differs (sz=24)
0x001BCCC0,0x001BB118,BoxDL,box.o,SEQ_MISMATCH,op_seq differs (sz=120)
0x001BCD38,0x001BB190,GetBoxGlobalHoldPoint,box.o,SEQ_MISMATCH,op_seq differs (sz=72)
0x001BCD80,0x001BB1D8,IsThisBoxTruck,box.o,SEQ_MISMATCH,op_seq differs (sz=16)
0x001BCD90,0x001BB1E8,ExecBoxMoveStartReaction,box.o,SEQ_MISMATCH,op_seq differs (sz=104)
0x001BCDF8,0x001BB250,ExecBoxMoveEndReaction,box.o,SEQ_MISMATCH,op_seq differs (sz=136)
0x001BCE80,0x001BB2D8,BoxGeoRestore,box.o,SEQ_MISMATCH,op_seq differs (sz=168)
0x001BCF28,0x001BB380,BoxExtGeoRestore,box.o,SEQ_MISMATCH,op_seq differs (sz=8)
0x001BCF30,0x001BB388,BoxMemoryFunc,box.o,SEQ_MISMATCH,op_seq differs (sz=8)
0x001BCF38,0x001BB390,InitSwitchGeo,box.o,SEQ_MISMATCH,op_seq differs (sz=8)
0x001BCF40,0x001BB398,SwitchGeo,box.o,SEQ_MISMATCH,op_seq differs (sz=8)
0x001BCF48,0x001BB3A0,SwitchDL,box.o,SEQ_MISMATCH,op_seq differs (sz=8)
0x001BCF50,0x001BB3A8,SetSwitchTriggerFunc,box.o,SEQ_MISMATCH,op_seq differs (sz=16)
0x001BCF60,0x001BB3B8,SetSwitchState,box.o,SEQ_MISMATCH,op_seq differs (sz=72)
0x001BCFA8,0x001BB400,SetFloorLeverWithNodePoint,box.o,SEQ_MISMATCH,op_seq differs (sz=248)
0x001BD0A0,0x001BB4F8,CanFloorLeverPull,box.o,SEQ_MISMATCH,op_seq differs (sz=24)
0x001BD0B8,0x001BB510,InitFloorLeverGeo,box.o,SEQ_MISMATCH,op_seq differs (sz=272)
0x001BD1C8,0x001BB620,GetFloorLeverAngle,box.o,SEQ_MISMATCH,op_seq differs (sz=16)
0x001BD1D8,0x001BB630,SetWallLeverWithNodePoint,box.o,SEQ_MISMATCH,op_seq differs (sz=248)
0x001BD2D0,0x001BB728,CanWallLeverPull,box.o,SEQ_MISMATCH,op_seq differs (sz=24)
0x001BD2E8,0x001BB740,IsWallLeverStatus,box.o,SEQ_MISMATCH,op_seq differs (sz=72)
0x001BD330,0x001BB788,InitWallLeverGeo,box.o,SEQ_MISMATCH,op_seq differs (sz=272)
0x001BD440,0x001BB898,GetWallLeverAngle,box.o,SEQ_MISMATCH,op_seq differs (sz=16)
0x001BD450,0x001BB8A8,initParentize,box.o,SEQ_MISMATCH,op_seq differs (sz=232)
0x001BD538,0x001BB990,GetDistanceOfGObj,box.o,SEQ_MISMATCH,op_seq differs (sz=888)
0x001BD8B0,0x001BBD08,BoxRideFunc,box.o,OOB,USA address out of bounds
0x001BDA70,,InitLightLineGeo,boy.o,NO_ANCHOR,Object has no USA anchor
0x001BDD98,,LightLineDL,boy.o,NO_ANCHOR,Object has no USA anchor
0x001BE188,,InitBoyGeo,boy.o,NO_ANCHOR,Object has no USA anchor
0x001BE338,,BoyGeo,boy.o,NO_ANCHOR,Object has no USA anchor
0x001BE530,,BoyDL,boy.o,NO_ANCHOR,Object has no USA anchor
0x001BE670,,SelectBoyCrown,boy.o,NO_ANCHOR,Object has no USA anchor
0x001BE680,,LightLineGeo,boy.o,NO_ANCHOR,Object has no USA anchor
0x001BE748,,SetBoyStonizedVisual,boy.o,NO_ANCHOR,Object has no USA anchor
0x001BE790,,CageRideFunc,cage.o,NO_ANCHOR,Object has no USA anchor
0x001BE8C8,,SetCageFixGeometry,cage.o,NO_ANCHOR,Object has no USA anchor
0x001BE910,,InitCageGeo,cage.o,NO_ANCHOR,Object has no USA anchor
0x001BED30,,HotInitCageGeo,cage.o,NO_ANCHOR,Object has no USA anchor
0x001BEEA0,,CageGeo,cage.o,NO_ANCHOR,Object has no USA anchor
0x001BF3C8,,CageDL,cage.o,NO_ANCHOR,Object has no USA anchor
0x001BF3F8,,GetCageChainPoint,cage.o,NO_ANCHOR,Object has no USA anchor
0x001BF488,,SetCageVelocityFriction,cage.o,NO_ANCHOR,Object has no USA anchor
0x001BF498,,StabilizeAllLayoutedCage,cage.o,NO_ANCHOR,Object has no USA anchor
0x001BF4E0,,CageFixGeo,cageFix.o,NO_ANCHOR,Object has no USA anchor
0x001BF560,,CageFixDL,cageFix.o,NO_ANCHOR,Object has no USA anchor
0x001BF5A8,,InitCageFixGeo,cageFix.o,NO_ANCHOR,Object has no USA anchor
0x001BF5B0,,InitCandleGeo,candle.o,NO_ANCHOR,Object has no USA anchor
0x001BF6F0,,CandleDL,candle.o,NO_ANCHOR,Object has no USA anchor
0x001BF738,,CandleGeo,candle.o,NO_ANCHOR,Object has no USA anchor
0x001BF830,,DeleteLayoutedCandleParticleEffect,candle.o,NO_ANCHOR,Object has no USA anchor
0x001BF8F8,,_deleteLayoutedCandleParticleEffect,candle.o,NO_ANCHOR,Object has no USA anchor
0x001BF998,,ChandelierGeo,chandelier.o,NO_ANCHOR,Object has no USA anchor
0x001BFA30,,ChandelierDL,chandelier.o,NO_ANCHOR,Object has no USA anchor
0x001BFA78,,InitChandelierGeo,chandelier.o,NO_ANCHOR,Object has no USA anchor
0x001BFCA0,,CreateClipCollisionManagerGObj,clipCollisionManager.o,NO_ANCHOR,Object has no USA anchor
0x001BFCE0,,RequestClipCollision,clipCollisionManager.o,NO_ANCHOR,Object has no USA anchor
0x001BFD38,,TestDispChainAnimation,clothAnimation.o,NO_ANCHOR,Object has no USA anchor
0x001BFF30,,GetChainExWeightGlobalPos,clothAnimation.o,NO_ANCHOR,Object has no USA anchor
0x001C08B0,,GetChainAnimation,clothAnimation.o,NO_ANCHOR,Object has no USA anchor
0x001C0EB8,,SetChainExtendedWeight,clothAnimation.o,NO_ANCHOR,Object has no USA anchor
0x001C0FE8,,GetClothAnimation,clothAnimation.o,NO_ANCHOR,Object has no USA anchor
0x001C1E80,,InitChains,clothAnimation.o,NO_ANCHOR,Object has no USA anchor
0x001C2160,,InitClothes,clothAnimation.o,NO_ANCHOR,Object has no USA anchor
0x001C2590,,DispClothMesh,clothAnimation.o,NO_ANCHOR,Object has no USA anchor
0x001C2650,,DispMeshWire,clothAnimation.o,NO_ANCHOR,Object has no USA anchor
0x001C2890,,DispCloth4D,clothAnimation.o,NO_ANCHOR,Object has no USA anchor
0x001C47D8,,GetCloth4D,clothAnimation.o,NO_ANCHOR,Object has no USA anchor
0x001C4A38,,InitCloth4D,clothAnimation.o,NO_ANCHOR,Object has no USA anchor
0x001C4F18,,GetChainNodeGlobalQuaternion,clothAnimation.o,NO_ANCHOR,Object has no USA anchor
0x001C4FC0,,MoveChainExtendedWeight,clothAnimation.o,NO_ANCHOR,Object has no USA anchor
0x001C4FD8,,InitChainVelocity,clothAnimation.o,NO_ANCHOR,Object has no USA anchor
0x001C50E0,,DeleteChainExtendedWeight,clothAnimation.o,NO_ANCHOR,Object has no USA anchor
0x001C5108,,GetChainNodeID,clothAnimation.o,NO_ANCHOR,Object has no USA anchor
0x001C5120,,ResetClothAnimation,clothAnimation.o,NO_ANCHOR,Object has no USA anchor
0x001C5200,,GetChainExWeightGlobalQuaternion,clothAnimation.o,NO_ANCHOR,Object has no USA anchor
0x001C52C8,,GetChainCollision,clothAnimation.o,NO_ANCHOR,Object has no USA anchor
0x001C53A8,,FSqrtInv,clothAnimation.o,NO_ANCHOR,Object has no USA anchor
0x001C53C8,,getXZLength,clothAnimation.o,NO_ANCHOR,Object has no USA anchor
0x001C53F0,,getXZInvLength,clothAnimation.o,NO_ANCHOR,Object has no USA anchor
0x001C5418,,getXZLengthSquare,clothAnimation.o,NO_ANCHOR,Object has no USA anchor
0x001C5438,,subAndGetInvLength,clothAnimation.o,NO_ANCHOR,Object has no USA anchor
0x001C5470,,scaleAndAddVectorXYZ,clothAnimation.o,NO_ANCHOR,Object has no USA anchor
0x001C5498,,scaleVectorXZ,clothAnimation.o,NO_ANCHOR,Object has no USA anchor
0x001C54B8,,tensionMoveNoReduce,clothAnimation.o,NO_ANCHOR,Object has no USA anchor
0x001C5510,,tensionMove,clothAnimation.o,NO_ANCHOR,Object has no USA anchor
0x001C5578,,getCrossPoint,clothAnimation.o,NO_ANCHOR,Object has no USA anchor
0x001C5638,,checkOverThePlane,clothAnimation.o,NO_ANCHOR,Object has no USA anchor
0x001C5678,,checkFrontAcross,clothAnimation.o,NO_ANCHOR,Object has no USA anchor
0x001C56E8,,LockZAnimation,clothAnimation.o,NO_ANCHOR,Object has no USA anchor
0x001C5770,,getCloth4D_planeClip,clothAnimation.o,NO_ANCHOR,Object has no USA anchor
0x001C5898,,InitClothTestGeo,clothTest.o,NO_ANCHOR,Object has no USA anchor
0x001C58E8,,ClothTestGeo,clothTest.o,NO_ANCHOR,Object has no USA anchor
0x001C58F0,,ClothTestDL,clothTest.o,NO_ANCHOR,Object has no USA anchor
0x001C7ED0,0x001BDF60,SetDarkVolumeEffect,darkVolume.o,MATCH,offset=0x-0009F70
0x001C7EE8,0x001BDF78,DispGameOverEffect,darkVolume.o,MATCH,offset=0x-0009F70
0x001C8148,0x001BE1D8,GetGameOverEffectCenterPosition,darkVolume.o,MATCH,offset=0x-0009F70
0x001C8158,0x001BE1E8,InitGameOverEffect,darkVolume.o,SEQ_MISMATCH,op_seq differs (sz=464)
0x001C8328,0x001BE3B8,InitDarkVolumeGeo,darkVolume.o,SEQ_MISMATCH,op_seq differs (sz=8)
0x001C8330,0x001BE3C0,DarkVolumeGeo,darkVolume.o,MATCH,offset=0x-0009F70
0x001C8338,0x001BE3C8,DarkVolumeDL,darkVolume.o,SEQ_MISMATCH,op_seq differs (sz=8)
0x001C8340,0x001BE3D0,ExecGameOverEffect,darkVolume.o,SEQ_MISMATCH,op_seq differs (sz=8)
0x001C8348,0x001BE3D8,StartGameOverEffect,darkVolume.o,SEQ_MISMATCH,op_seq differs (sz=152)
0x001C83E0,0x001BE470,StartQueenAttackEffect,darkVolume.o,SEQ_MISMATCH,op_seq differs (sz=88)
0x001C8438,0x001BE4C8,ResetGameOverEffect,darkVolume.o,OOB,USA address out of bounds
0x001C9A98,,EffectTool,effectTool.o,NO_ANCHOR,Object has no USA anchor
0x001CA3F0,,EnemyCheckHit,enemy.o,NO_ANCHOR,Object has no USA anchor
0x001CA5E8,,CheckEnemyHit,enemy.o,NO_ANCHOR,Object has no USA anchor
0x001CA7E0,,InitEnemyGeo,enemy.o,NO_ANCHOR,Object has no USA anchor
0x001CA980,,EnemyGeo,enemy.o,NO_ANCHOR,Object has no USA anchor
0x001CABB8,,DisplayEnemy,enemy.o,NO_ANCHOR,Object has no USA anchor
0x001CAC50,,EnemyDL,enemy.o,NO_ANCHOR,Object has no USA anchor
0x001CACB0,,DemoMotionGeo,enemy.o,NO_ANCHOR,Object has no USA anchor
0x001CACD8,,SetEnemyDissolve,enemy.o,NO_ANCHOR,Object has no USA anchor
0x001CAD20,,EnemyAI,enemy.o,NO_ANCHOR,Object has no USA anchor
0x001CAD28,,SetEnemyFootPrintSwitch,enemy.o,NO_ANCHOR,Object has no USA anchor
0x001CAD38,,EnemySetfAppearAll,enemy.o,NO_ANCHOR,Object has no USA anchor
0x001CAD88,,EnemySetfDisappearAll,enemy.o,NO_ANCHOR,Object has no USA anchor
0x001CADD8,,EnemySetfDisappear,enemy.o,NO_ANCHOR,Object has no USA anchor
0x001CAEB0,,enemySetParticleDie,enemy.o,NO_ANCHOR,Object has no USA anchor
0x001CAF38,,ReviveEnemyParticle,enemy.o,NO_ANCHOR,Object has no USA anchor
0x001CAF58,,isExistEnemyParticle,enemy.o,NO_ANCHOR,Object has no USA anchor
0x001CAF78,,EnemyGetNSafeParts,enemy.o,NO_ANCHOR,Object has no USA anchor
0x001CAFC0,,EnemyDeleteParticle,enemy.o,NO_ANCHOR,Object has no USA anchor
0x001CB0F8,,SetEnemyHitGeometryAction,enemy.o,NO_ANCHOR,Object has no USA anchor
0x001CB108,,InitDemoMotionGeo,enemy.o,NO_ANCHOR,Object has no USA anchor
0x001CB158,,HotInitDemoMotionGeo,enemy.o,NO_ANCHOR,Object has no USA anchor
0x001CB1A0,,GetEnemyHitNodeFlag,enemy.o,NO_ANCHOR,Object has no USA anchor
0x001CB1B0,,RandomizeEnemy,enemy.o,NO_ANCHOR,Object has no USA anchor
0x001CB1E0,,SetEnemyWingRatio,enemy.o,NO_ANCHOR,Object has no USA anchor
0x001CB1F0,,CanThisEnemyFly,enemy.o,NO_ANCHOR,Object has no USA anchor
0x001CB220,,GetEnemyBattleType,enemy.o,NO_ANCHOR,Object has no USA anchor
0x001CB250,,GetEnemyDefLife,enemy.o,NO_ANCHOR,Object has no USA anchor
0x001CB278,,ResetEnemyPositionInfo,enemy.o,NO_ANCHOR,Object has no USA anchor
0x001CB318,,SetEnemyStonizedVisual,enemy.o,NO_ANCHOR,Object has no USA anchor
0x001CB370,,UpdatePointBlur,enemyParts.o,NO_ANCHOR,Object has no USA anchor
0x001CB570,,InitEnemyEye,enemyParts.o,NO_ANCHOR,Object has no USA anchor
0x001CB868,,InitEnemyFootPrint,enemyParts.o,NO_ANCHOR,Object has no USA anchor
0x001CBB28,,ExecEnemyFootPrints,enemyParts.o,NO_ANCHOR,Object has no USA anchor
0x001CBCA0,,EntryEnemyFootPrint,enemyParts.o,NO_ANCHOR,Object has no USA anchor
0x001CBD50,,DispEnemyFootPrints,enemyParts.o,NO_ANCHOR,Object has no USA anchor
0x001CBD70,,InitPointBlur,enemyParts.o,NO_ANCHOR,Object has no USA anchor
0x001CBEB0,,DispPointBlur,enemyParts.o,NO_ANCHOR,Object has no USA anchor
0x001CBF10,,UpdateEnemyEye,enemyParts.o,NO_ANCHOR,Object has no USA anchor
0x001CBF78,,DispEnemyEye,enemyParts.o,NO_ANCHOR,Object has no USA anchor
0x001CC000,,ResetEnemyEye,enemyParts.o,NO_ANCHOR,Object has no USA anchor
0x001CC138,,InitFlagGeo,flag.o,NO_ANCHOR,Object has no USA anchor
0x001CC6D8,,FlagGeo,flag.o,NO_ANCHOR,Object has no USA anchor
0x001CC7C8,,FlagDL,flag.o,NO_ANCHOR,Object has no USA anchor
0x001CC980,0x001C23F8,DispFlyInfo,flyManager.o,MATCH,offset=0x-000A588
0x001CC9A8,0x001C2420,InitFlyInfo,flyManager.o,MATCH,offset=0x-000A588
0x001CC9C0,0x001C2438,InitFlyManager,flyManager.o,MATCH,offset=0x-000A588
0x001CC9C8,0x001C2440,GetFlyLimitHeight,flyManager.o,MATCH,offset=0x-000A588
0x001CCA98,0x001C2510,GetFlyLimitClearance,flyManager.o,OOB,USA address out of bounds
0x001CD400,,ExecFrameDependSequence,frameDependSequence.o,NO_ANCHOR,Object has no USA anchor
0x001CD9B8,,ExecuteSEPackageWithGroupVariation,frameDependSequence.o,NO_ANCHOR,Object has no USA anchor
0x001CD9D8,,ExecuteSEPackage,frameDependSequence.o,NO_ANCHOR,Object has no USA anchor
0x001CD9E0,,ExecuteSEPackageWithVolumeRate,frameDependSequence.o,NO_ANCHOR,Object has no USA anchor
0x001CD9F0,,StopSEPackageWithGroupVariation,frameDependSequence.o,NO_ANCHOR,Object has no USA anchor
0x001CDA08,,StopSEPackage,frameDependSequence.o,NO_ANCHOR,Object has no USA anchor
0x001CDA10,,InitFrameDependSequence,frameDependSequence.o,NO_ANCHOR,Object has no USA anchor
0x001CDD98,,InitGirlGeo,girl.o,NO_ANCHOR,Object has no USA anchor
0x001CDF28,,GirlGeo,girl.o,NO_ANCHOR,Object has no USA anchor
0x001CE1C8,,GirlDL,girl.o,NO_ANCHOR,Object has no USA anchor
0x001CE200,,GirlAI,girl.o,NO_ANCHOR,Object has no USA anchor
0x001CE208,,SetGirlClothDispSwitch,girl.o,NO_ANCHOR,Object has no USA anchor
0x001CE260,,GirlForceFieldGeo,girlForceField.o,NO_ANCHOR,Object has no USA anchor
0x001CE3A8,,InitGirlForceFieldGeo,girlForceField.o,NO_ANCHOR,Object has no USA anchor
0x001CE428,,GirlForceFieldDL,girlForceField.o,NO_ANCHOR,Object has no USA anchor
0x001CEB10,,HandManager,handManager.o,NO_ANCHOR,Object has no USA anchor
0x001CEC80,,HoldItem,item.o,NO_ANCHOR,Object has no USA anchor
0x001CEDF8,,ReleaseItem,item.o,NO_ANCHOR,Object has no USA anchor
0x001CEE68,,ThrowItem,item.o,NO_ANCHOR,Object has no USA anchor
0x001CEED8,,InitItemGeo,item.o,NO_ANCHOR,Object has no USA anchor
0x001D0160,,ItemGeo,item.o,NO_ANCHOR,Object has no USA anchor
0x001D0258,,ItemDL,item.o,NO_ANCHOR,Object has no USA anchor
0x001D0320,,BreakItemFromOutside,item.o,NO_ANCHOR,Object has no USA anchor
0x001D0470,,CheckCarryableItem,item.o,NO_ANCHOR,Object has no USA anchor
0x001D04A0,,GetItemKind,item.o,NO_ANCHOR,Object has no USA anchor
0x001D04B0,,IsItemHoldable,item.o,NO_ANCHOR,Object has no USA anchor
0x001D04C8,,IsBombExplode,item.o,NO_ANCHOR,Object has no USA anchor
0x001D04E0,,GetBombTorchGObj,item.o,NO_ANCHOR,Object has no USA anchor
0x001D0508,,ReviveAllCarryableItems,item.o,NO_ANCHOR,Object has no USA anchor
0x001D05B0,,ReviveCarryableItemsWithBoundary,item.o,NO_ANCHOR,Object has no USA anchor
0x001D06A8,,ReviveAllCarryableItemsWithRandomVelocity,item.o,NO_ANCHOR,Object has no USA anchor
0x001D07D0,,CheckItemDead,item.o,NO_ANCHOR,Object has no USA anchor
0x001D0808,,StopItemExplodeAnimationAll,item.o,NO_ANCHOR,Object has no USA anchor
0x001D08A0,,ReviveAllCarryableItemsWithNonSleepFrame,item.o,NO_ANCHOR,Object has no USA anchor
0x001D0958,,Draw2DLine,lineManager.o,NO_ANCHOR,Object has no USA anchor
0x001D0A78,,Draw2DLineSeg_Start,lineManager.o,NO_ANCHOR,Object has no USA anchor
0x001D0A88,,Draw2DLineSeg_Loop,lineManager.o,NO_ANCHOR,Object has no USA anchor
0x001D0B28,,Draw2DLineG,lineManager.o,NO_ANCHOR,Object has no USA anchor
0x001D0CE0,,_getLine,lineManager.o,NO_ANCHOR,Object has no USA anchor
0x001D10F0,,DrawLine,lineManager.o,NO_ANCHOR,Object has no USA anchor
0x001D1188,,DrawLineG,lineManager.o,NO_ANCHOR,Object has no USA anchor
0x001D1270,,SetLodLevel,lodManager.o,NO_ANCHOR,Object has no USA anchor
0x001D13F8,,InitMotionFile,motionFileManager.o,NO_ANCHOR,Object has no USA anchor
0x001D14C8,,InitMotionMemorySize,motionFileManager.o,NO_ANCHOR,Object has no USA anchor
0x001D14D8,,AddMotionMemorySize,motionFileManager.o,NO_ANCHOR,Object has no USA anchor
0x001D1500,,GetMotionMemorySize,motionFileManager.o,NO_ANCHOR,Object has no USA anchor
0x001D1518,,ResetDynamicMotionManager,motionFileManager.o,NO_ANCHOR,Object has no USA anchor
0x001D1560,,ResetStatic2MotionManager,motionFileManager.o,NO_ANCHOR,Object has no USA anchor
0x001D15A0,,CheckMotionIncludeFacialData,motionFileManager.o,NO_ANCHOR,Object has no USA anchor
0x001D4B08,,EditRotEmphasys,motionManager.o,NO_ANCHOR,Object has no USA anchor
0x001D7520,,landingFieldAction,motionManager.o,NO_ANCHOR,Object has no USA anchor
0x001DC1D0,,GetGeometryOfMotion,motionManager.o,NO_ANCHOR,Object has no USA anchor
0x001DC700,,GetMatrixOfMotion,motionManager.o,NO_ANCHOR,Object has no USA anchor
0x001DCE68,,SkelTest,motionManager.o,NO_ANCHOR,Object has no USA anchor
0x001DCEC0,,SkelTestGeo,motionManager.o,NO_ANCHOR,Object has no USA anchor
0x001DCF80,,SetHitCollisionDisplay,motionManager.o,NO_ANCHOR,Object has no USA anchor
0x001DCF90,,ResetMotionProgramInterpInfo,motionManager.o,NO_ANCHOR,Object has no USA anchor
0x001DD000,,SetDirectMotionProgramInterpInfo,motionManager.o,NO_ANCHOR,Object has no USA anchor
0x001DD210,,GetWallVector,motionManager.o,NO_ANCHOR,Object has no USA anchor
0x001DD240,,upperFieldCheck,motionManager.o,NO_ANCHOR,Object has no USA anchor
0x001DD2A0,,getGeometryOfMotion,motionManager.o,NO_ANCHOR,Object has no USA anchor
0x001DD5F0,,GetNbMotionFrames,motionOrientManager.o,NO_ANCHOR,Object has no USA anchor
0x001DD6F8,,GetMotionPlaySpeedRatio,motionOrientManager.o,NO_ANCHOR,Object has no USA anchor
0x001DD8A8,,UpdateFrameCounter,motionOrientManager.o,NO_ANCHOR,Object has no USA anchor
0x001DE978,,ForTest_ForceShiftMotion,motionOrientManager.o,NO_ANCHOR,Object has no USA anchor
0x001DEFF0,,SetMotionRequest,motionOrientManager.o,NO_ANCHOR,Object has no USA anchor
0x001E05A0,,ExecMotionOrient,motionOrientManager.o,NO_ANCHOR,Object has no USA anchor
0x001E0758,,SetNodeRotationLimitDataTable,motionOrientManager.o,NO_ANCHOR,Object has no USA anchor
0x001E0A98,,GetMotionOrient,motionOrientManager.o,NO_ANCHOR,Object has no USA anchor
0x001E0B20,,getMotionOrient,motionOrientManager.o,NO_ANCHOR,Object has no USA anchor
0x001E0BB8,,CopyBlendMotionDataSource,motionOrientManager.o,NO_ANCHOR,Object has no USA anchor
0x001E0CD8,,SetParallelMotionTableWithNoRequest,motionOrientManager.o,NO_ANCHOR,Object has no USA anchor
0x001E0D00,,SetParallelMotionTable,motionOrientManager.o,NO_ANCHOR,Object has no USA anchor
0x001E0D70,,InitMotionOrient,motionOrientManager.o,NO_ANCHOR,Object has no USA anchor
0x001E0E10,,GetCurrentMotionDirectionAdjustFlag,motionOrientManager.o,NO_ANCHOR,Object has no USA anchor
0x001E0E40,,ExecuteSlipProc,motionOrientManager.o,NO_ANCHOR,Object has no USA anchor
0x001E0F10,,ExecutePauseSlipProc,motionOrientManager.o,NO_ANCHOR,Object has no USA anchor
0x001E1E20,,modeMessage,motionViewer.o,NO_ANCHOR,Object has no USA anchor
0x001E2550,,MotionViewer,motionViewer.o,NO_ANCHOR,Object has no USA anchor
0x001E2D60,,MoveColTestGeo,moveColTest.o,NO_ANCHOR,Object has no USA anchor
0x001E2F38,,MoveColTestDL,moveColTest.o,NO_ANCHOR,Object has no USA anchor
0x001E2F40,,InitMoveColTestGeo,moveColTest.o,NO_ANCHOR,Object has no USA anchor
0x001E2FB0,,InitMultiBgaManager,multiBgaManager.o,NO_ANCHOR,Object has no USA anchor
0x001E3070,,EntryMultiBgaManager,multiBgaManager.o,NO_ANCHOR,Object has no USA anchor
0x001E30D8,,EntryMultiBgaManagerSensitive,multiBgaManager.o,NO_ANCHOR,Object has no USA anchor
0x001E3148,,DispMultiBgaManager,multiBgaManager.o,NO_ANCHOR,Object has no USA anchor
0x001E3208,,EntryMultiBgaManagerNoKind,multiBgaManager.o,NO_ANCHOR,Object has no USA anchor
0x001E3278,,DispMultiBgaManagerWithKind,multiBgaManager.o,NO_ANCHOR,Object has no USA anchor
0x001E49E0,,SetParticleEffect,particleEffect.o,NO_ANCHOR,Object has no USA anchor
0x001E4B80,,SetParticleEffectGeometry,particleEffect.o,NO_ANCHOR,Object has no USA anchor
0x001E4BC0,,SetParticleEffectUpperLimit,particleEffect.o,NO_ANCHOR,Object has no USA anchor
0x001E4C00,,ExecParticleEffects,particleEffect.o,NO_ANCHOR,Object has no USA anchor
0x001E4DF8,,ResetParticleEffectPackages,particleEffect.o,NO_ANCHOR,Object has no USA anchor
0x001E4F08,,SetParticleEffectPackage,particleEffect.o,NO_ANCHOR,Object has no USA anchor
0x001E4FD0,,InitParticleEffects,particleEffect.o,NO_ANCHOR,Object has no USA anchor
0x001E5038,,DispParticleEffects,particleEffect.o,NO_ANCHOR,Object has no USA anchor
0x001E5090,,DeleteParticleEffect,particleEffect.o,NO_ANCHOR,Object has no USA anchor
0x001E5120,,SetParticleEffectActiveSensing,particleEffect.o,NO_ANCHOR,Object has no USA anchor
0x001E5190,,GetParticleEffectPackage,particleEffect.o,NO_ANCHOR,Object has no USA anchor
0x001E51A8,,DeleteParticleEffectsByPackage,particleEffect.o,NO_ANCHOR,Object has no USA anchor
0x001E5240,,DeleteParticleEffectsByID,particleEffect.o,NO_ANCHOR,Object has no USA anchor
0x001E52E8,,GetParticleEffectData,particleEffect.o,NO_ANCHOR,Object has no USA anchor
0x001E5308,,DisableParticleEffectGeometryControl,particleEffect.o,NO_ANCHOR,Object has no USA anchor
0x001E5328,,GetParticleIDWithName,particleEffect.o,NO_ANCHOR,Object has no USA anchor
0x001E5398,,GetParticleLoopFlag,particleEffect.o,NO_ANCHOR,Object has no USA anchor
0x001E53C8,,ParticleEffects_SetAllGoal,particleEffect.o,NO_ANCHOR,Object has no USA anchor
0x001E5438,,SetParticleEffectClipEnableFlag,particleEffect.o,NO_ANCHOR,Object has no USA anchor
0x001E5460,0x001D8BD8,DeleteParticleLayout,particleLayout.o,MATCH,offset=0x-000C888
0x001E5470,0x001D8BE8,InitParticleLayoutGeo,particleLayout.o,MATCH,offset=0x-000C888
0x001E54E0,0x001D8C58,ParticleLayoutGeo,particleLayout.o,MATCH,offset=0x-000C888
0x001E54E8,0x001D8C60,ParticleLayoutDL,particleLayout.o,OOB,USA address out of bounds
0x001E54F0,,InitRopeGeo,rope.o,NO_ANCHOR,Object has no USA anchor
0x001E5988,,SetRopeFixPoint,rope.o,NO_ANCHOR,Object has no USA anchor
0x001E59A0,,HoldRope,rope.o,NO_ANCHOR,Object has no USA anchor
0x001E5BE8,,RopeDL,rope.o,NO_ANCHOR,Object has no USA anchor
0x001E5DB0,,CheckRopeUpperWallClimbable,rope.o,NO_ANCHOR,Object has no USA anchor
0x001E5DC0,,ReleaseRope,rope.o,NO_ANCHOR,Object has no USA anchor
0x001E5DC8,,RopeGeo,rope.o,NO_ANCHOR,Object has no USA anchor
0x001E5E40,0x001D95B4,RopeFixGeo,ropeFix.o,MATCH,offset=0x-000C88C
0x001E5E80,0x001D95F4,RopeFixDL,ropeFix.o,MATCH,offset=0x-000C88C
0x001E5EC8,0x001D963C,InitRopeFixGeo,ropeFix.o,OOB,USA address out of bounds
0x001E5F08,,RotObjectGeo,rotObject.o,NO_ANCHOR,Object has no USA anchor
0x001E5FA0,,RotObjectDL,rotObject.o,NO_ANCHOR,Object has no USA anchor
0x001E5FD8,,GetRotObjectHoldPoint,rotObject.o,NO_ANCHOR,Object has no USA anchor
0x001E60D0,,MoveRotObjectWithHoldPoint,rotObject.o,NO_ANCHOR,Object has no USA anchor
0x001E63B8,,ExecRotObjectMoveStartReaction,rotObject.o,NO_ANCHOR,Object has no USA anchor
0x001E63C0,,ExecRotObjectMoveEndReaction,rotObject.o,NO_ANCHOR,Object has no USA anchor
0x001E63C8,,GetRotObjectGlobalHoldGeometry,rotObject.o,NO_ANCHOR,Object has no USA anchor
0x001E6438,,InitRotObjectGeo,rotObject.o,NO_ANCHOR,Object has no USA anchor
0x001E6560,,GetRotObjectRotCount,rotObject.o,NO_ANCHOR,Object has no USA anchor
0x001E6580,,GetRotObjectZPlusDirection,rotObject.o,NO_ANCHOR,Object has no USA anchor
0x001E65E0,,RestoreRotObjectGeo,rotObject.o,NO_ANCHOR,Object has no USA anchor
0x001E65E8,,RestoreRotObjectExtGeo,rotObject.o,NO_ANCHOR,Object has no USA anchor
0x001E6608,,MemoryRotObject,rotObject.o,NO_ANCHOR,Object has no USA anchor
0x001E6628,,InitSpiderLayoutGeo,spider.o,NO_ANCHOR,Object has no USA anchor
0x001E6790,,WakeUpLayoutedSpiders,spider.o,NO_ANCHOR,Object has no USA anchor
0x001E69E8,,CallSpidersToReviveEnemy,spider.o,NO_ANCHOR,Object has no USA anchor
0x001E6B50,,SpiderLayoutGeo,spider.o,NO_ANCHOR,Object has no USA anchor
0x001E6F30,,DispAllMemberOfSpider,spider.o,NO_ANCHOR,Object has no USA anchor
0x001E7250,,SetSpiderGroupReviveStatus,spider.o,NO_ANCHOR,Object has no USA anchor
0x001E7290,,DeleteSpiderFromLayoutGroup,spider.o,NO_ANCHOR,Object has no USA anchor
0x001E72B0,,GetNearestOfLayoutSpiders,spider.o,NO_ANCHOR,Object has no USA anchor
0x001E73E0,,CheckSpidersInsideOfReviveRange,spider.o,NO_ANCHOR,Object has no USA anchor
0x001E74D8,,RestoreSpiderLayoutGeo,spider.o,NO_ANCHOR,Object has no USA anchor
0x001E74E0,,RestoreSpiderLayoutExtGeo,spider.o,NO_ANCHOR,Object has no USA anchor
0x001E7598,,MemorySpiderLayout,spider.o,NO_ANCHOR,Object has no USA anchor
0x001E7658,,WakeUpSpidersFromGenerator,spider.o,NO_ANCHOR,Object has no USA anchor
0x001E7730,,DeleteAllSpidersOfLayoutGroup,spider.o,NO_ANCHOR,Object has no USA anchor
0x001E77C8,,GetAliveSpiders,spider.o,NO_ANCHOR,Object has no USA anchor
0x001E7890,,DeadAllSpiders,spider.o,NO_ANCHOR,Object has no USA anchor
0x001E7908,,EntrySpiderGroupManager,spiderGroupManager.o,NO_ANCHOR,Object has no USA anchor
0x001E7C40,,ExecSpiderGroupManager,spiderGroupManager.o,NO_ANCHOR,Object has no USA anchor
0x001E7E18,,InitSpiderGroupManager,spiderGroupManager.o,NO_ANCHOR,Object has no USA anchor
0x001E7E40,,EntryRevivedSpiderGroupManager,spiderGroupManager.o,NO_ANCHOR,Object has no USA anchor
0x001E7E68,,DispAllSpiderGroups,spiderGroupManager.o,NO_ANCHOR,Object has no USA anchor
0x001E7F10,,EntryToSpiderGroupManagerForReviveMaster,spiderGroupManager.o,NO_ANCHOR,Object has no USA anchor
0x001E7F38,,getReviveEnemyGObj,spiderGroupManager.o,NO_ANCHOR,Object has no USA anchor
0x001E7F98,,InitStageMultiBgaManager,stageMultiBgaManager.o,NO_ANCHOR,Object has no USA anchor
0x001E8038,,EntryStageMultiBgaManager,stageMultiBgaManager.o,NO_ANCHOR,Object has no USA anchor
0x001E80F8,,EntryStageMultiBgaManagerSensitive,stageMultiBgaManager.o,NO_ANCHOR,Object has no USA anchor
0x001E81C8,,DispStageMultiBgaManager,stageMultiBgaManager.o,NO_ANCHOR,Object has no USA anchor
0x001E97E0,0x001DCE70,makeFullScreenFlareBefore,staticBlur.o,MATCH,offset=0x-000C970
0x001EA1A0,0x001DD830,makeFullScreenFlareAfter,staticBlur.o,SEQ_MISMATCH,op_seq differs (sz=1912)
0x001EA918,0x001DDFA8,depthField,staticBlur.o,SEQ_MISMATCH,op_seq differs (sz=1704)
0x001EAFC0,0x001DE650,GetSunWorldPos,staticBlur.o,SEQ_MISMATCH,op_seq differs (sz=16)
0x001EAFD0,0x001DE660,MotionBlur,staticBlur.o,SEQ_MISMATCH,op_seq differs (sz=1792)
0x001EB6D0,0x001DED60,FullScreenEffectBefore,staticBlur.o,SEQ_MISMATCH,op_seq differs (sz=376)
0x001EB848,0x001DEED8,FullScreenEffectAfter,staticBlur.o,SEQ_MISMATCH,op_seq differs (sz=376)
0x001EB9C0,0x001DF050,InitStaticBlur,staticBlur.o,SEQ_MISMATCH,op_seq differs (sz=152)
0x001EBA58,0x001DF0E8,StaticBlur,staticBlur.o,SEQ_MISMATCH,op_seq differs (sz=8)
0x001EBA60,0x001DF0F0,StaticBlurDL,staticBlur.o,SEQ_MISMATCH,op_seq differs (sz=8)
0x001EBA68,0x001DF0F8,SetMotionBlur,staticBlur.o,SEQ_MISMATCH,op_seq differs (sz=8)
0x001EBA70,0x001DF100,SetStaticBlur,staticBlur.o,SEQ_MISMATCH,op_seq differs (sz=16)
0x001EBA80,0x001DF110,SetDepthFadeParam,staticBlur.o,SEQ_MISMATCH,op_seq differs (sz=40)
0x001EBAA8,0x001DF138,SetAuraInspireParam,staticBlur.o,SEQ_MISMATCH,op_seq differs (sz=8)
0x001EBAB0,0x001DF140,InitializeStaticBlur,staticBlur.o,SEQ_MISMATCH,op_seq differs (sz=8)
0x001EBAB8,0x001DF148,_initStaticBlur,staticBlur.o,SEQ_MISMATCH,op_seq differs (sz=120)
0x001EBB30,0x001DF1C0,SetAuraEffect,staticBlur.o,OOB,USA address out of bounds
0x001EBB38,,InitStormPackage,stormTest.o,NO_ANCHOR,Object has no USA anchor
0x001EBDF0,,ClipStormByVolume,stormTest.o,NO_ANCHOR,Object has no USA anchor
0x001EBFB8,,ClipStormByCamera,stormTest.o,NO_ANCHOR,Object has no USA anchor
0x001EC170,,UpdateStormPackage,stormTest.o,NO_ANCHOR,Object has no USA anchor
0x001EC338,,DispStormPackage,stormTest.o,NO_ANCHOR,Object has no USA anchor
0x001EC618,,StormTestGeo,stormTest.o,NO_ANCHOR,Object has no USA anchor
0x001EC628,,StormTestDL,stormTest.o,NO_ANCHOR,Object has no USA anchor
0x001EC640,,InitStormTestGeo,stormTest.o,NO_ANCHOR,Object has no USA anchor
0x001EC910,0x001DFF08,PlayStreamMotion,streamMotionManager.o,MATCH,offset=0x-000CA08
0x001EC930,0x001DFF28,ClearStreamMotionEntry,streamMotionManager.o,MATCH,offset=0x-000CA08
0x001ECB00,0x001E00F8,GetStreamMotionData,streamMotionManager.o,MATCH,offset=0x-000CA08
0x001ECC90,0x001E0288,ExecStreamMotionManager,streamMotionManager.o,MATCH,offset=0x-000CA08
0x001ECE68,0x001E0460,StandbyStreamMotion,streamMotionManager.o,MATCH,offset=0x-000CA08
0x001ED038,0x001E0630,StopStreamMotion,streamMotionManager.o,MATCH,offset=0x-000CA08
0x001ED040,0x001E0638,DeleteStreamMotionManager,streamMotionManager.o,MATCH,offset=0x-000CA08
0x001ED100,0x001E06F8,EntryStreamMotion,streamMotionManager.o,MATCH,offset=0x-000CA08
0x001ED150,0x001E0748,GetDataSizeOfStreamMotion,streamMotionManager.o,MATCH,offset=0x-000CA08
0x001ED1A0,0x001E0798,InitStreamMotionManager,streamMotionManager.o,MATCH,offset=0x-000CA08
0x001ED1A8,0x001E07A0,CheckReadyStreamMotion,streamMotionManager.o,MATCH,offset=0x-000CA08
0x001ED1E8,0x001E07E0,SetStreamMotionFinishCallBackFunc,streamMotionManager.o,MATCH,offset=0x-000CA08
0x001ED208,0x001E0800,ClearAllStreamMotionEntry,streamMotionManager.o,OOB,USA address out of bounds
0x001ED398,,SugiLeafGeo2,sugiTree.o,NO_ANCHOR,Object has no USA anchor
0x001ED570,,SugiLeafDL2,sugiTree.o,NO_ANCHOR,Object has no USA anchor
0x001ED708,,InitSugiLeafGeo,sugiTree.o,NO_ANCHOR,Object has no USA anchor
0x001ED760,,SugiLeafGeo,sugiTree.o,NO_ANCHOR,Object has no USA anchor
0x001ED818,,InitSugiLeafGeo2,sugiTree.o,NO_ANCHOR,Object has no USA anchor
0x001ED8A0,0x001EF408,torchOffSE,torch.o,MATCH,offset=0x00001B68
0x001ED8D0,0x001EF438,LightTorchOn,torch.o,SEQ_MISMATCH,op_seq differs (sz=360)
0x001EDA38,0x001EF5A0,LightTorchOff,torch.o,SEQ_MISMATCH,op_seq differs (sz=424)
0x001EDBE0,0x001EF748,CheckTorchChainReactionReverse,torch.o,SEQ_MISMATCH,op_seq differs (sz=344)
0x001EDD38,0x001EF8A0,TorchGeo,torch.o,SEQ_MISMATCH,op_seq differs (sz=552)
0x001EDF60,0x001EFAC8,InitTorchGeo,torch.o,SEQ_MISMATCH,op_seq differs (sz=248)
0x001EE058,0x001EFBC0,TorchDL,torch.o,SEQ_MISMATCH,op_seq differs (sz=8)
0x001EE060,0x001EFBC8,IsTorchLightOn,torch.o,SEQ_MISMATCH,op_seq differs (sz=16)
0x001EE070,0x001EFBD8,CheckTorchChainReaction,torch.o,SEQ_MISMATCH,op_seq differs (sz=216)
0x001EE148,0x001EFCB0,SetTorchLife,torch.o,SEQ_MISMATCH,op_seq differs (sz=16)
0x001EE158,0x001EFCC0,SetTorchChainReactionFlag,torch.o,SEQ_MISMATCH,op_seq differs (sz=16)
0x001EE168,0x001EFCD0,UpdateRealTimeGeometryValue,torch.o,OOB,USA address out of bounds
0x001EE1B8,0x001E17A0,CreateWaySystemManagerGObj,waySystemManager.o,MATCH,offset=0x-000CA18
0x001EE1F8,0x001E17E0,RequestGetWayBegin,waySystemManager.o,OOB,USA address out of bounds
0x001EE2A0,0x001EE7F4,torchOnOfWeaponSE,weapon.o,MATCH,offset=0x00000554
0x001EE2A8,0x001EE7FC,torchOffOfWeaponSE,weapon.o,SEQ_MISMATCH,op_seq differs (sz=48)
0x001EE2D8,0x001EE82C,weaponHitReactionSE,weapon.o,SEQ_MISMATCH,op_seq differs (sz=8)
0x001EE2E0,0x001EE834,weaponFumbleSE,weapon.o,SEQ_MISMATCH,op_seq differs (sz=8)
0x001EE2E8,0x001EE83C,weaponStickSE,weapon.o,SEQ_MISMATCH,op_seq differs (sz=8)
0x001EE2F0,0x001EE844,ReleaseWeaponWithFumbleTargetPos,weapon.o,SEQ_MISMATCH,op_seq differs (sz=296)
0x001EE418,0x001EE96C,ReleaseWeaponWithFumbleSequential,weapon.o,SEQ_MISMATCH,op_seq differs (sz=3592)
0x001EF220,0x001EF774,WeaponCurPos,weapon.o,SEQ_MISMATCH,op_seq differs (sz=96)
0x001EF280,0x001EF7D4,WeaponHitEffect,weapon.o,SEQ_MISMATCH,op_seq differs (sz=32)
0x001EF2A0,0x001EF7F4,ExecWeaponHitReaction,weapon.o,SEQ_MISMATCH,op_seq differs (sz=872)
0x001EF608,0x001EFB5C,InitWeaponGeo,weapon.o,SEQ_MISMATCH,op_seq differs (sz=784)
0x001EF918,0x001EFE6C,WeaponGeo,weapon.o,SEQ_MISMATCH,op_seq differs (sz=40)
0x001EF940,0x001EFE94,dispInsectNet,weapon.o,SEQ_MISMATCH,op_seq differs (sz=424)
0x001EFAE8,0x001F003C,WeaponDL,weapon.o,SEQ_MISMATCH,op_seq differs (sz=904)
0x001EFE70,0x001F03C4,PickupWeapon,weapon.o,SEQ_MISMATCH,op_seq differs (sz=88)
0x001EFEC8,0x001F041C,CheckSwapableWeapon,weapon.o,SEQ_MISMATCH,op_seq differs (sz=232)
0x001EFFB0,0x001F0504,ReleaseWeapon,weapon.o,SEQ_MISMATCH,op_seq differs (sz=48)
0x001EFFE0,0x001F0534,CheckWeaponKind,weapon.o,SEQ_MISMATCH,op_seq differs (sz=16)
0x001EFFF0,0x001F0544,LightTorchOnOfWeapon,weapon.o,SEQ_MISMATCH,op_seq differs (sz=120)
0x001F0068,0x001F05BC,LightTorchOnOfWeaponWithNoSE,weapon.o,SEQ_MISMATCH,op_seq differs (sz=120)
0x001F00E0,0x001F0634,LightTorchOffOfWeapon,weapon.o,SEQ_MISMATCH,op_seq differs (sz=96)
0x001F0140,0x001F0694,GetTorchGObjOfWeapon,weapon.o,SEQ_MISMATCH,op_seq differs (sz=40)
0x001F0168,0x001F06BC,ReleaseWeaponWithFumble,weapon.o,SEQ_MISMATCH,op_seq differs (sz=128)
0x001F01E8,0x001F073C,InitWeaponFumbleSequence,weapon.o,SEQ_MISMATCH,op_seq differs (sz=24)
0x001F0200,0x001F0754,GetWeaponWeight,weapon.o,SEQ_MISMATCH,op_seq differs (sz=48)
0x001F0230,0x001F0784,SetWeaponTorchChainReactionFlagAll,weapon.o,SEQ_MISMATCH,op_seq differs (sz=184)
0x001F02E8,0x001F083C,InitDemoQueensSword,weapon.o,SEQ_MISMATCH,op_seq differs (sz=248)
0x001F03E0,0x001F0934,ExecDemoQueensSword,weapon.o,OOB,USA address out of bounds
0x001F03F8,,InitWindField,windField.o,NO_ANCHOR,Object has no USA anchor
0x001F0580,,drawSenpuukiHaneUnit,windField.o,NO_ANCHOR,Object has no USA anchor
0x001F0718,,drawSenpuuki,windField.o,NO_ANCHOR,Object has no USA anchor
0x001F0868,,ExecWindField,windField.o,NO_ANCHOR,Object has no USA anchor
0x001F0AF8,,GetWindVector,windField.o,NO_ANCHOR,Object has no USA anchor
0x001F0CF0,,StopWindField,windField.o,NO_ANCHOR,Object has no USA anchor
0x001F0D00,,drawLines,windField.o,NO_ANCHOR,Object has no USA anchor
0x001F0D80,,drawSenpuukiHane,windField.o,NO_ANCHOR,Object has no USA anchor
0x001F0E00,,drawSenpuukiUnit,windField.o,NO_ANCHOR,Object has no USA anchor
0x001F0E80,,drawSenpuukiBase,windField.o,NO_ANCHOR,Object has no USA anchor
0x001F0F00,0x001E4078,ExecWindManager,windManager.o,MATCH,offset=0x-000CE88
0x001F0F80,0x001E40F8,ReinitWindManager,windManager.o,MATCH,offset=0x-000CE88
0x001F1058,0x001E41D0,SetWindManager,windManager.o,MATCH,offset=0x-000CE88
0x001F10D8,0x001E4250,InitWindManager,windManager.o,MATCH,offset=0x-000CE88
0x001F11B0,0x001E4328,GetRegularizedWindSpeed,windManager.o,OOB,USA address out of bounds
0x001F1290,,DispWireLetter,wireLetter.o,NO_ANCHOR,Object has no USA anchor
0x001F13E8,,DispWireString,wireLetter.o,NO_ANCHOR,Object has no USA anchor
0x001F14F0,,DefaultColorWireString,wireLetter.o,NO_ANCHOR,Object has no USA anchor
0x001F1520,,ChangeColorWireString,wireLetter.o,NO_ANCHOR,Object has no USA anchor
0x001F1538,,Draw2DBox,wireLetter.o,NO_ANCHOR,Object has no USA anchor
0x001F1FF0,,GetWormRoute,worm.o,NO_ANCHOR,Object has no USA anchor
0x001F2200,,InitWormGeo,worm.o,NO_ANCHOR,Object has no USA anchor
0x001F25B8,,GetWormCaptureVector,worm.o,NO_ANCHOR,Object has no USA anchor
0x001F2608,,WormGeo,worm.o,NO_ANCHOR,Object has no USA anchor
0x001F28C8,,WormDL,worm.o,NO_ANCHOR,Object has no USA anchor
0x001F28D0,,SetDirectWormTargetPos,worm.o,NO_ANCHOR,Object has no USA anchor
0x001F29A8,,SetWormReduceRatio,worm.o,NO_ANCHOR,Object has no USA anchor
0x001F29B8,,TraceWormRoute,worm.o,NO_ANCHOR,Object has no USA anchor
0x001F2B38,,dma_init,Basic.o,NO_ANCHOR,Object has no USA anchor
0x001F2BA0,,matrix_init,Basic.o,NO_ANCHOR,Object has no USA anchor
0x001F2BB0,,malloc_MemCpy,Basic.o,NO_ANCHOR,Object has no USA anchor
0x001F2BB8,,malloc_SetPartition,Basic.o,NO_ANCHOR,Object has no USA anchor
0x001F2BC0,,malloc_GetPartition,Basic.o,NO_ANCHOR,Object has no USA anchor
0x001F2BC8,,mallocseki,Basic.o,NO_ANCHOR,Object has no USA anchor
0x001F2CA8,,freeseki,Basic.o,NO_ANCHOR,Object has no USA anchor
0x001F2CC8,,resetmallocseki,Basic.o,NO_ANCHOR,Object has no USA anchor
0x001F2CD0,,mallocsekistage,Basic.o,NO_ANCHOR,Object has no USA anchor
0x001F2D18,,reallocseki,Basic.o,NO_ANCHOR,Object has no USA anchor
0x001F2D78,0x001E5E98,bga_InitData,BgAnimation.o,MATCH,offset=0x-000CEE0
0x001F3438,0x001E6558,bga_ApplyDObject,BgAnimation.o,SEQ_MISMATCH,op_seq differs (sz=7240)
0x001F5080,0x001E81A0,bga_SetFrame,BgAnimation.o,SEQ_MISMATCH,op_seq differs (sz=520)
0x001F5288,0x001E83A8,bga_CalcAnimation,BgAnimation.o,SEQ_MISMATCH,op_seq differs (sz=904)
0x001F5610,0x001E8730,bga_CalcSdfCamera,BgAnimation.o,SEQ_MISMATCH,op_seq differs (sz=1616)
0x001F5C60,0x001E8D80,bga_DispLightning,BgAnimation.o,SEQ_MISMATCH,op_seq differs (sz=1288)
0x001F6168,0x001E9288,bga_ResetCamera,BgAnimation.o,SEQ_MISMATCH,op_seq differs (sz=8)
0x001F6170,0x001E9290,bga_GetCameraMatrix,BgAnimation.o,SEQ_MISMATCH,op_seq differs (sz=56)
0x001F61A8,0x001E92C8,bga_InitSdfCamera,BgAnimation.o,SEQ_MISMATCH,op_seq differs (sz=120)
0x001F6220,0x001E9340,bga_SetCamFrame,BgAnimation.o,SEQ_MISMATCH,op_seq differs (sz=56)
0x001F6258,0x001E9378,bga_CheckAnimationFinish,BgAnimation.o,SEQ_MISMATCH,op_seq differs (sz=136)
0x001F62E0,0x001E9400,bga_CheckAnimationFrame,BgAnimation.o,SEQ_MISMATCH,op_seq differs (sz=152)
0x001F6378,0x001E9498,bga_CheckAnimationFrameIn,BgAnimation.o,SEQ_MISMATCH,op_seq differs (sz=160)
0x001F6418,0x001E9538,bga_CheckSdfCameraFinish,BgAnimation.o,SEQ_MISMATCH,op_seq differs (sz=120)
0x001F6490,0x001E95B0,bga_CheckSdfCameraFrame,BgAnimation.o,SEQ_MISMATCH,op_seq differs (sz=136)
0x001F6518,0x001E9638,bga_CheckSdfCameraFrameIn,BgAnimation.o,SEQ_MISMATCH,op_seq differs (sz=152)
0x001F65B0,0x001E96D0,bga_InitLightning,BgAnimation.o,SEQ_MISMATCH,op_seq differs (sz=8)
0x001F65B8,0x001E96D8,bga_SetUniqAnimationFlag,BgAnimation.o,SEQ_MISMATCH,op_seq differs (sz=8)
0x001F65C0,0x001E96E0,bga_ResetAnimation,BgAnimation.o,SEQ_MISMATCH,op_seq differs (sz=80)
0x001F6610,0x001E9730,bga_GetZoom,BgAnimation.o,OOB,USA address out of bounds
0x001F6618,,font_CheckAlign,DisplayFont.o,NO_ANCHOR,Object has no USA anchor
0x001F6BE8,,font_Print,DisplayFont.o,NO_ANCHOR,Object has no USA anchor
0x001F6FE0,,font_GetWidth,DisplayFont.o,NO_ANCHOR,Object has no USA anchor
0x001F6FE8,,font_GetHeight,DisplayFont.o,NO_ANCHOR,Object has no USA anchor
0x001F7010,,font_Init,DisplayFont.o,NO_ANCHOR,Object has no USA anchor
0x001F7030,,dl_Init,DisplayList.o,NO_ANCHOR,Object has no USA anchor
0x001F7148,,dl_Clear,DisplayList.o,NO_ANCHOR,Object has no USA anchor
0x001F71C0,,dl_Swap,DisplayList.o,NO_ANCHOR,Object has no USA anchor
0x001F72D0,,dl_PushPriority,DisplayList.o,NO_ANCHOR,Object has no USA anchor
0x001F7360,,dl_PopPriority,DisplayList.o,NO_ANCHOR,Object has no USA anchor
0x001F73E8,,dl_Debug,DisplayList.o,NO_ANCHOR,Object has no USA anchor
0x001F7420,,dl_CloseDma,DisplayList.o,NO_ANCHOR,Object has no USA anchor
0x001F7560,,dl_Out,DisplayList.o,NO_ANCHOR,Object has no USA anchor
0x001F75E8,,dl_SetDLPriority,DisplayList.o,NO_ANCHOR,Object has no USA anchor
0x001F7610,,dl_OpenDma,DisplayList.o,NO_ANCHOR,Object has no USA anchor
0x001F76A8,,dl_GetPri,DisplayList.o,NO_ANCHOR,Object has no USA anchor
0x001F76B0,,dpk_Init,DmaPacket.o,NO_ANCHOR,Object has no USA anchor
0x001F7748,,dpk_SwapBuffer,DmaPacket.o,NO_ANCHOR,Object has no USA anchor
0x001F7780,,dpk_CheckBufferSize,DmaPacket.o,NO_ANCHOR,Object has no USA anchor
0x001F77B0,,enemy_Initialize,EnemyInit.o,NO_ANCHOR,Object has no USA anchor
0x001F7AF0,,enemy_GetPositionTable,EnemyInit.o,NO_ANCHOR,Object has no USA anchor
0x001F7BA8,,isysGObjRemoveCameraDL,gobj_cam_dl.o,NO_ANCHOR,Object has no USA anchor
0x001F7CD0,,isysGObjMoveCameraDL,gobj_cam_dl.o,NO_ANCHOR,Object has no USA anchor
0x001F7D08,,isysGObjLinkCameraDL,gobj_cam_dl.o,NO_ANCHOR,Object has no USA anchor
0x001F7D88,,isysGObjLinkCameraDLAfterGObj,gobj_cam_dl.o,NO_ANCHOR,Object has no USA anchor
0x001F7DE0,,isysGObjLinkCameraDLBeforeGObj,gobj_cam_dl.o,NO_ANCHOR,Object has no USA anchor
0x001F7E38,,isysGObjCameraDlInit,gobj_cam_dl.o,NO_ANCHOR,Object has no USA anchor
0x001F7E48,,isysGObjMoveCameraDLHead,gobj_cam_dl.o,NO_ANCHOR,Object has no USA anchor
0x001F7F18,,isysGObjLinkCameraDLHead,gobj_cam_dl.o,NO_ANCHOR,Object has no USA anchor
0x001F7FC8,,isysObjMoveCameraDLAfterGObj,gobj_cam_dl.o,NO_ANCHOR,Object has no USA anchor
0x001F8028,,isysObjMoveCameraDLBeforeGObj,gobj_cam_dl.o,NO_ANCHOR,Object has no USA anchor
0x001F8088,,AdpcmStreamInit,adpcm_init.o,NO_ANCHOR,Object has no USA anchor
0x001F81A0,,adpcmTickProc2,adpcm_init.o,NO_ANCHOR,Object has no USA anchor
0x001F83A8,,adpcmDataSet,adpcm_init.o,NO_ANCHOR,Object has no USA anchor
0x001F8778,,AdpcmPlay,adpcm_init.o,NO_ANCHOR,Object has no USA anchor
0x001F87A8,,AdpcmStop,adpcm_init.o,NO_ANCHOR,Object has no USA anchor
0x001F87B0,,AdpcmOpen,adpcm_init.o,NO_ANCHOR,Object has no USA anchor
0x001F88F0,,AdpcmClose,adpcm_init.o,NO_ANCHOR,Object has no USA anchor
0x001F8B98,,AdpcmInterLeaveVolumeSet,adpcm_init.o,NO_ANCHOR,Object has no USA anchor
0x001F8BC8,,AdpcmVolumeSet,adpcm_init.o,NO_ANCHOR,Object has no USA anchor
0x001F8BD8,,adpcmPauseRequest,adpcm_init.o,NO_ANCHOR,Object has no USA anchor
0x001F8BE0,,AdpcmIopBuffAlloc,adpcm_init.o,NO_ANCHOR,Object has no USA anchor
0x001F8C58,,AdpcmOpenSync,adpcm_init.o,NO_ANCHOR,Object has no USA anchor
0x001F8CF8,,AdpcmFadeCloseAll,adpcm_init.o,NO_ANCHOR,Object has no USA anchor
0x001F8D30,,AdpcmUseAreaGet,adpcm_init.o,NO_ANCHOR,Object has no USA anchor
0x001F8D68,,AdpcmFreeAreaGet,adpcm_init.o,NO_ANCHOR,Object has no USA anchor
0x001F8DA0,,AdpcmInterStereoVolumeSetAll,adpcm_init.o,NO_ANCHOR,Object has no USA anchor
0x001F8E30,,AdpcmInterLeaveVolumeGet,adpcm_init.o,NO_ANCHOR,Object has no USA anchor
0x001F8E48,,AdpcmVolumeGet,adpcm_init.o,NO_ANCHOR,Object has no USA anchor
0x001F8E58,,adpcmTickProc,adpcm_init.o,NO_ANCHOR,Object has no USA anchor
0x001F9030,,DebugActOrientFlag,adpcm_init.o,NO_ANCHOR,Object has no USA anchor
0x001F92D8,,ACTGetEnvironment,adpcm_init.o,NO_ANCHOR,Object has no USA anchor
0x001FCF68,,ACTSetEnvAllmighty,adpcm_init.o,NO_ANCHOR,Object has no USA anchor
0x001FD090,,GetSofaPosition,adpcm_init.o,NO_ANCHOR,Object has no USA anchor
0x001FD110,,GetCollisCenterPositionSimple,adpcm_init.o,NO_ANCHOR,Object has no USA anchor
0x001FD1B8,,CheckWallAttributeEdegWall,adpcm_init.o,NO_ANCHOR,Object has no USA anchor
0x001FD5D0,,ACTWayMove_BeginDetail,adpcm_init.o,NO_ANCHOR,Object has no USA anchor
0x001FD938,,ACTWayMove_NextDetail,adpcm_init.o,NO_ANCHOR,Object has no USA anchor
0x001FE118,,ACTWayExec_Position,adpcm_init.o,NO_ANCHOR,Object has no USA anchor
0x001FE2F8,,ACTWay_IsMustWalkFromWay,adpcm_init.o,NO_ANCHOR,Object has no USA anchor
0x001FE370,,ACTWay_SetBeginPositionIllegal,adpcm_init.o,NO_ANCHOR,Object has no USA anchor
0x001FE388,,actChangeActBrain,act.o,NO_ANCHOR,Object has no USA anchor
0x001FE418,,actChangeActMain,act.o,NO_ANCHOR,Object has no USA anchor
0x001FE4E0,,actCreateMotionThread,act.o,NO_ANCHOR,Object has no USA anchor
0x001FE6F0,,actInitialize_ext_charcter,act.o,NO_ANCHOR,Object has no USA anchor
0x001FE7B0,,actInitialize,act.o,NO_ANCHOR,Object has no USA anchor
0x001FF008,,BeforeFunc,act.o,NO_ANCHOR,Object has no USA anchor
0x001FF6B8,,ACTDebugMove,act.o,NO_ANCHOR,Object has no USA anchor
0x001FFE98,,actInitialize_geo,act.o,NO_ANCHOR,Object has no USA anchor
0x001FFEA0,,actInitialize_only_charcter,act.o,NO_ANCHOR,Object has no USA anchor
0x001FFF98,,ACTReserveTarget,act.o,NO_ANCHOR,Object has no USA anchor
0x001FFFE0,,_ACTRun,act.o,NO_ANCHOR,Object has no USA anchor
0x00200028,,_ACTWait,act.o,NO_ANCHOR,Object has no USA anchor
0x002000C8,,actCreateSubThreadGOppArg,act.o,NO_ANCHOR,Object has no USA anchor
0x00200100,,actCreateSubThread,act.o,NO_ANCHOR,Object has no USA anchor
0x002001C0,,actSetInterrupt,act.o,NO_ANCHOR,Object has no USA anchor
0x002001C8,,ConvertStickToAbsCoord,act.o,NO_ANCHOR,Object has no USA anchor
0x00200240,,ActSetStartBrainStatus,act.o,NO_ANCHOR,Object has no USA anchor
0x00200258,,actWaitCondition,act.o,NO_ANCHOR,Object has no USA anchor
0x00200318,,BeforeFunc2,act2.o,NO_ANCHOR,Object has no USA anchor
0x00200470,,actDummy,act2.o,NO_ANCHOR,Object has no USA anchor
0x002004D0,,seMail,seMail.o,NO_ANCHOR,Object has no USA anchor
0x00200648,,seMailTargetDistCheck,seMail.o,NO_ANCHOR,Object has no USA anchor
0x00200788,,WayLengthOfPos_Pos,way_kidnap.o,NO_ANCHOR,Object has no USA anchor
0x00200998,,WayPointWithRangeFromPos,way_kidnap.o,NO_ANCHOR,Object has no USA anchor
0x00200D68,,WayPointWithRangeFromPos2,way_kidnap.o,NO_ANCHOR,Object has no USA anchor
0x002012F8,,NearestEnemyFromGirl,way_kidnap.o,NO_ANCHOR,Object has no USA anchor
0x00201418,,NumOfWpPos,way_kidnap.o,NO_ANCHOR,Object has no USA anchor
0x00201420,,CopyWpPos,way_kidnap.o,NO_ANCHOR,Object has no USA anchor
0x002014E0,,WayLengthOfGObj_Pos,way_kidnap.o,NO_ANCHOR,Object has no USA anchor
0x00201530,,WayLengthOfGObj_GObj,way_kidnap.o,NO_ANCHOR,Object has no USA anchor
0x00201588,,WayPointWithRangeFromGObj,way_kidnap.o,NO_ANCHOR,Object has no USA anchor
0x00201608,0x001F2DD8,InitWayPointSystem,way_llf.o,MATCH,offset=0x-000E830
0x00201698,0x001F2E68,CreateWayGroup,way_llf.o,MATCH,offset=0x-000E830
0x00201710,0x001F2EE0,CreateTempWayGroup,way_llf.o,MATCH,offset=0x-000E830
0x002017A8,0x001F2F78,DeleteWayGroup,way_llf.o,MATCH,offset=0x-000E830
0x00201828,0x001F2FF8,CloseWayGroup,way_llf.o,MATCH,offset=0x-000E830
0x00201858,0x001F3028,CreateWayPoint,way_llf.o,MATCH,offset=0x-000E830
0x002018D0,0x001F30A0,AddWayPoint,way_llf.o,MATCH,offset=0x-000E830
0x00201938,0x001F3108,AddWayPointTop,way_llf.o,MATCH,offset=0x-000E830
0x00201980,0x001F3150,InsertWayPointAfter,way_llf.o,MATCH,offset=0x-000E830
0x002019B8,0x001F3188,DeleteWayPoint,way_llf.o,MATCH,offset=0x-000E830
0x00201A98,0x001F3268,WayGroup_begin,way_llf.o,SEQ_MISMATCH,op_seq differs (sz=64)
0x00201AD8,0x001F32A8,WayGroup_next,way_llf.o,SEQ_MISMATCH,op_seq differs (sz=64)
0x00201B18,0x001F32E8,WayBridge_begin,way_llf.o,SEQ_MISMATCH,op_seq differs (sz=88)
0x00201B70,0x001F3340,WayBridge_next,way_llf.o,SEQ_MISMATCH,op_seq differs (sz=88)
0x00201BC8,0x001F3398,WayBridgeAll_begin,way_llf.o,SEQ_MISMATCH,op_seq differs (sz=72)
0x00201C10,0x001F33E0,WayBridgeAll_next,way_llf.o,SEQ_MISMATCH,op_seq differs (sz=72)
0x00201C58,0x001F3428,WayBridgeVar_begin,way_llf.o,SEQ_MISMATCH,op_seq differs (sz=88)
0x00201CB0,0x001F3480,WayBridgeVar_next,way_llf.o,SEQ_MISMATCH,op_seq differs (sz=88)
0x00201D08,0x001F34D8,WayPoint_begin,way_llf.o,SEQ_MISMATCH,op_seq differs (sz=64)
0x00201D48,0x001F3518,WayPoint_next,way_llf.o,SEQ_MISMATCH,op_seq differs (sz=64)
0x00201D88,0x001F3558,WayPointList_begin,way_llf.o,SEQ_MISMATCH,op_seq differs (sz=32)
0x00201DA8,0x001F3578,WayPointList_next,way_llf.o,SEQ_MISMATCH,op_seq differs (sz=64)
0x00201DE8,0x001F35B8,waypoint_bidirectional_list,way_llf.o,SEQ_MISMATCH,op_seq differs (sz=88)
0x00201E40,0x001F3610,SetWayGroupActive,way_llf.o,SEQ_MISMATCH,op_seq differs (sz=32)
0x00201E60,0x001F3630,CheckWayGroupActive,way_llf.o,OOB,USA address out of bounds
0x00202638,,ExtractWayData,way_tool.o,NO_ANCHOR,Object has no USA anchor
0x00203028,,debug_WayTool,way_tool.o,NO_ANCHOR,Object has no USA anchor
0x00203478,,cursor_control,way_tool.o,NO_ANCHOR,Object has no USA anchor
0x002034F8,0x001F44E8,actDejaChk,deja.o,MATCH,offset=0x-000F010
0x00203658,0x001F4648,actDejaDemo,deja.o,MATCH,offset=0x-000F010
0x00203A78,0x001F4A68,actDejaAfter,deja.o,MATCH,offset=0x-000F010
0x00203BC8,0x001F4BB8,actDejaAfterChk,deja.o,MATCH,offset=0x-000F010
0x00203CE8,0x001F4CD8,actDeja,deja.o,MATCH,offset=0x-000F010
0x00203D98,0x001F4D88,actEnemySleep,deja.o,OOB,USA address out of bounds
0x00203DC0,,actE3Title,e3.o,NO_ANCHOR,Object has no USA anchor
0x00203FB0,,actE3TitleChk,e3.o,NO_ANCHOR,Object has no USA anchor
0x002040A8,,actE3TitleFrameChk,e3.o,NO_ANCHOR,Object has no USA anchor
0x00204260,,actE3Inst1Chk,e3.o,NO_ANCHOR,Object has no USA anchor
0x002043E8,,actE3Capsule,e3.o,NO_ANCHOR,Object has no USA anchor
0x00204570,,actE3CapsuleDemoCancel,e3.o,NO_ANCHOR,Object has no USA anchor
0x00204710,,actE3CapsuleDemo,e3.o,NO_ANCHOR,Object has no USA anchor
0x00204900,,actE3St13cInit,e3.o,NO_ANCHOR,Object has no USA anchor
0x00204940,,actE3CageFall,e3.o,NO_ANCHOR,Object has no USA anchor
0x00204A40,,actE3CageFallChk,e3.o,NO_ANCHOR,Object has no USA anchor
0x00204B70,,actE3CageFallDemo,e3.o,NO_ANCHOR,Object has no USA anchor
0x00204E80,,actE3CageFallEffect,e3.o,NO_ANCHOR,Object has no USA anchor
0x00205240,,actE3St09aSekizo,e3.o,NO_ANCHOR,Object has no USA anchor
0x00205350,,actE3St09aSekizoChk,e3.o,NO_ANCHOR,Object has no USA anchor
0x00205600,,actE3GateChk,e3.o,NO_ANCHOR,Object has no USA anchor
0x00205778,,actE3GateDemo,e3.o,NO_ANCHOR,Object has no USA anchor
0x00205AD8,,actE3GateJimaku,e3.o,NO_ANCHOR,Object has no USA anchor
0x00205C80,,actE3St01bInit,e3.o,NO_ANCHOR,Object has no USA anchor
0x00205C90,,actE3Warning,e3.o,NO_ANCHOR,Object has no USA anchor
0x00205D48,,actE3Inst1,e3.o,NO_ANCHOR,Object has no USA anchor
0x00205E00,,actE3Door,e3.o,NO_ANCHOR,Object has no USA anchor
0x00205E98,,actE3CageFallReady,e3.o,NO_ANCHOR,Object has no USA anchor
0x00205F10,,actE3St13cIntro,e3.o,NO_ANCHOR,Object has no USA anchor
0x00205FA0,,actE3St13cGene1,e3.o,NO_ANCHOR,Object has no USA anchor
0x00206058,,actE3St13cGene2,e3.o,NO_ANCHOR,Object has no USA anchor
0x002060F8,,actE3Floor,e3.o,NO_ANCHOR,Object has no USA anchor
0x00206128,,actE3St01bEne,e3.o,NO_ANCHOR,Object has no USA anchor
0x002061B8,,actE3St01bGene1,e3.o,NO_ANCHOR,Object has no USA anchor
0x00206270,,actE3St01bGene2,e3.o,NO_ANCHOR,Object has no USA anchor
0x00206320,,actE3St01bGene3,e3.o,NO_ANCHOR,Object has no USA anchor
0x002063D0,,actE3Gate,e3.o,NO_ANCHOR,Object has no USA anchor
0x00206498,,actE3WarningChk,e3.o,NO_ANCHOR,Object has no USA anchor
0x002065E8,,actE3CapsuleChk,e3.o,NO_ANCHOR,Object has no USA anchor
0x00206678,,actE3CapsuleDemoEnd,e3.o,NO_ANCHOR,Object has no USA anchor
0x00206748,,actE3DoorMain,e3.o,NO_ANCHOR,Object has no USA anchor
0x00206780,,actE3DoorSwitch,e3.o,NO_ANCHOR,Object has no USA anchor
0x002067D8,,actE3DoorUp,e3.o,NO_ANCHOR,Object has no USA anchor
0x00206890,,actE3St13cIntroChk,e3.o,NO_ANCHOR,Object has no USA anchor
0x00206910,,actE3CageFallReadyChk,e3.o,NO_ANCHOR,Object has no USA anchor
0x00206980,,actE3St01bEneChk,e3.o,NO_ANCHOR,Object has no USA anchor
0x00206A38,,actE3St09aGirlWay,e3.o,NO_ANCHOR,Object has no USA anchor
0x00206AC8,,actEndDemo01,end.o,NO_ANCHOR,Object has no USA anchor
0x00206BD8,,actConte14_1,end.o,NO_ANCHOR,Object has no USA anchor
0x00206E88,,actEndDemo02,end.o,NO_ANCHOR,Object has no USA anchor
0x00206FC8,,actConte14_2,end.o,NO_ANCHOR,Object has no USA anchor
0x00207208,,actEndDemo06,end.o,NO_ANCHOR,Object has no USA anchor
0x00207340,,actConte14_6,end.o,NO_ANCHOR,Object has no USA anchor
0x00207450,,actEndDemo07,end.o,NO_ANCHOR,Object has no USA anchor
0x00207540,,actConte14_7,end.o,NO_ANCHOR,Object has no USA anchor
0x00207710,,actEndDemo10,end.o,NO_ANCHOR,Object has no USA anchor
0x002077F0,,actConte14_10,end.o,NO_ANCHOR,Object has no USA anchor
0x00207AF0,,actConte14_13,end.o,NO_ANCHOR,Object has no USA anchor
0x00207BF0,,actStaff1Demo,end.o,NO_ANCHOR,Object has no USA anchor
0x00207F08,,actStaff2Demo,end.o,NO_ANCHOR,Object has no USA anchor
0x002082A0,,actStaff3Demo,end.o,NO_ANCHOR,Object has no USA anchor
0x002085A0,,actEndDemo14,end.o,NO_ANCHOR,Object has no USA anchor
0x00208698,,actConte14_14,end.o,NO_ANCHOR,Object has no USA anchor
0x002088B8,,actSt27aEndChk,end.o,NO_ANCHOR,Object has no USA anchor
0x00208A38,,actSt27aEndDemo,end.o,NO_ANCHOR,Object has no USA anchor
0x00208B58,,actEndDemo03,end.o,NO_ANCHOR,Object has no USA anchor
0x00208C00,,actEndDemo04,end.o,NO_ANCHOR,Object has no USA anchor
0x00208CA8,,actEndDemo05,end.o,NO_ANCHOR,Object has no USA anchor
0x00208D20,,actEndDemo11,end.o,NO_ANCHOR,Object has no USA anchor
0x00208DA8,,actEndDemo12,end.o,NO_ANCHOR,Object has no USA anchor
0x00208E30,,actEndDemo13,end.o,NO_ANCHOR,Object has no USA anchor
0x00208ED0,,actStaff1,end.o,NO_ANCHOR,Object has no USA anchor
0x00208FA8,,actStaff2,end.o,NO_ANCHOR,Object has no USA anchor
0x00209040,,actStaff3,end.o,NO_ANCHOR,Object has no USA anchor
0x002090D8,,actSt27aEnd,end.o,NO_ANCHOR,Object has no USA anchor
0x00209150,,actEndLogo,end.o,NO_ANCHOR,Object has no USA anchor
0x002091B8,,actEndDemo01Chk,end.o,NO_ANCHOR,Object has no USA anchor
0x00209258,,actEndDemo02Chk,end.o,NO_ANCHOR,Object has no USA anchor
0x002092E0,,actEndDemo03Chk,end.o,NO_ANCHOR,Object has no USA anchor
0x00209368,,actConte14_3,end.o,NO_ANCHOR,Object has no USA anchor
0x002093E0,,actEndDemo04Chk,end.o,NO_ANCHOR,Object has no USA anchor
0x00209468,,actConte14_4,end.o,NO_ANCHOR,Object has no USA anchor
0x002094E0,,actEndDemo05Chk,end.o,NO_ANCHOR,Object has no USA anchor
0x00209510,,actConte14_5,end.o,NO_ANCHOR,Object has no USA anchor
0x00209590,,actEndDemo06Chk,end.o,NO_ANCHOR,Object has no USA anchor
0x002095C8,,actEndDemo07Chk,end.o,NO_ANCHOR,Object has no USA anchor
0x00209648,,actEndDemo10Chk,end.o,NO_ANCHOR,Object has no USA anchor
0x002096F0,,actConte14_10_Jimaku,end.o,NO_ANCHOR,Object has no USA anchor
0x00209880,,actEndDemo11Chk,end.o,NO_ANCHOR,Object has no USA anchor
0x002098B0,,actConte14_11,end.o,NO_ANCHOR,Object has no USA anchor
0x00209938,,actEndDemo12Chk,end.o,NO_ANCHOR,Object has no USA anchor
0x00209968,,actConte14_12,end.o,NO_ANCHOR,Object has no USA anchor
0x002099F0,,actEndDemo13Chk,end.o,NO_ANCHOR,Object has no USA anchor
0x00209A20,,actStaff1Chk,end.o,NO_ANCHOR,Object has no USA anchor
0x00209A48,,actStaff2Chk,end.o,NO_ANCHOR,Object has no USA anchor
0x00209A80,,actStaff3Chk,end.o,NO_ANCHOR,Object has no USA anchor
0x00209AB8,,actStaff3RollChk,end.o,NO_ANCHOR,Object has no USA anchor
0x00209B28,,actEndDemo14Chk,end.o,NO_ANCHOR,Object has no USA anchor
0x00209B58,,actEndLogoChk,end.o,NO_ANCHOR,Object has no USA anchor
0x00209C18,,actTitleCamera2,op.o,NO_ANCHOR,Object has no USA anchor
0x00209DA0,,actOpDemo01,op.o,NO_ANCHOR,Object has no USA anchor
0x0020A2A0,,actTitleShortCut,op.o,NO_ANCHOR,Object has no USA anchor
0x0020A3E0,,actTitleReadTimeDemo0,op.o,NO_ANCHOR,Object has no USA anchor
0x0020ABA8,,actOpDemo01_2,op.o,NO_ANCHOR,Object has no USA anchor
0x0020ACE0,,actOpDemo01_2Chk,op.o,NO_ANCHOR,Object has no USA anchor
0x0020B000,,actOpDemo02,op.o,NO_ANCHOR,Object has no USA anchor
0x0020B110,,actSt24aConte01_2,op.o,NO_ANCHOR,Object has no USA anchor
0x0020B4B0,,actOpDemo03Chk,op.o,NO_ANCHOR,Object has no USA anchor
0x0020B610,,actSt13aConte01_3,op.o,NO_ANCHOR,Object has no USA anchor
0x0020B958,,actOpDemo03,op.o,NO_ANCHOR,Object has no USA anchor
0x0020B9F0,,actSubMpegReturnPreload,op.o,NO_ANCHOR,Object has no USA anchor
0x0020BA70,,actSt26aConte01_1_newgame,op.o,NO_ANCHOR,Object has no USA anchor
0x0020BB00,,actOpDemo02Chk,op.o,NO_ANCHOR,Object has no USA anchor
0x0020BBE0,,actSt24aConte01_2_Jimaku,op.o,NO_ANCHOR,Object has no USA anchor
0x0020BD68,0x001FBDD8,actSt00aInit,st00a.o,MATCH,offset=0x-000FF90
0x0020BDC8,0x001FBE38,actSt00aEnd,st00a.o,MATCH,offset=0x-000FF90
0x0020BE00,0x001FBE70,actSt00aEneChk,st00a.o,MATCH,offset=0x-000FF90
0x0020BEE8,0x001FBF58,actSt00aStairChk,st00a.o,MATCH,offset=0x-000FF90
0x0020C0D0,0x001FC140,actSt00aDoor2,st00a.o,MATCH,offset=0x-000FF90
0x0020C1D8,0x001FC248,actSt00aDoor2UpChk,st00a.o,MATCH,offset=0x-000FF90
0x0020C370,0x001FC3E0,actSt00aDoor2DownChk,st00a.o,SEQ_MISMATCH,op_seq differs (sz=408)
0x0020C508,0x001FC578,actSt00aDoor1,st00a.o,SEQ_MISMATCH,op_seq differs (sz=264)
0x0020C610,0x001FC680,actSt00aDoor1UpChk,st00a.o,SEQ_MISMATCH,op_seq differs (sz=400)
0x0020C7A0,0x001FC810,actSt00aDoor1DownChk,st00a.o,SEQ_MISMATCH,op_seq differs (sz=400)
0x0020C930,0x001FC9A0,actSt00aEne,st00a.o,SEQ_MISMATCH,op_seq differs (sz=120)
0x0020C9A8,0x001FCA18,actSt00aEnemy1,st00a.o,SEQ_MISMATCH,op_seq differs (sz=168)
0x0020CA50,0x001FCAC0,actSt00aEnemy2,st00a.o,SEQ_MISMATCH,op_seq differs (sz=144)
0x0020CAE0,0x001FCB50,actSt00aStair,st00a.o,SEQ_MISMATCH,op_seq differs (sz=136)
0x0020CB68,0x001FCBD8,actSt00aAtr2,st00a.o,SEQ_MISMATCH,op_seq differs (sz=120)
0x0020CBE0,0x001FCC50,actSt00aAtr2Chk,st00a.o,SEQ_MISMATCH,op_seq differs (sz=88)
0x0020CC38,0x001FCCA8,actSt00aDoor2Event,st00a.o,SEQ_MISMATCH,op_seq differs (sz=16)
0x0020CC48,0x001FCCB8,actSt00aDoor2UpEffect,st00a.o,SEQ_MISMATCH,op_seq differs (sz=224)
0x0020CD28,0x001FCD98,actSt00aDoor2DownEffect,st00a.o,SEQ_MISMATCH,op_seq differs (sz=224)
0x0020CE08,0x001FCE78,actSt00aDoor1Event,st00a.o,SEQ_MISMATCH,op_seq differs (sz=16)
0x0020CE18,0x001FCE88,actSt00aDoor1UpEffect,st00a.o,SEQ_MISMATCH,op_seq differs (sz=224)
0x0020CEF8,0x001FCF68,actSt00aDoor1DownEffect,st00a.o,OOB,USA address out of bounds
0x0020CFD8,,actSt01bInit,st01b.o,NO_ANCHOR,Object has no USA anchor
0x0020D050,,actSt01bEneChk,st01b.o,NO_ANCHOR,Object has no USA anchor
0x0020D170,,actSt01bFloorChk,st01b.o,NO_ANCHOR,Object has no USA anchor
0x0020D328,,actSt01bSekizo,st01b.o,NO_ANCHOR,Object has no USA anchor
0x0020D398,,actSt01bEne,st01b.o,NO_ANCHOR,Object has no USA anchor
0x0020D410,,actSt01bEnemy1,st01b.o,NO_ANCHOR,Object has no USA anchor
0x0020D4C8,,actSt01bEnemy2,st01b.o,NO_ANCHOR,Object has no USA anchor
0x0020D570,,actSt01bEnemy3,st01b.o,NO_ANCHOR,Object has no USA anchor
0x0020D600,,actSt01bEnemy4,st01b.o,NO_ANCHOR,Object has no USA anchor
0x0020D670,,actSt01bEnemy5,st01b.o,NO_ANCHOR,Object has no USA anchor
0x0020D6E0,,actSt01bEnemy6,st01b.o,NO_ANCHOR,Object has no USA anchor
0x0020D750,,actSt01bFloor,st01b.o,NO_ANCHOR,Object has no USA anchor
0x0020D7C8,,actSt01bWay,st01b.o,NO_ANCHOR,Object has no USA anchor
0x0020D830,,actSt01bEnd,st01b.o,NO_ANCHOR,Object has no USA anchor
0x0020D838,,actSt01bSekizoEvent,st01b.o,NO_ANCHOR,Object has no USA anchor
0x0020D848,,actSt01bFloorEvent,st01b.o,NO_ANCHOR,Object has no USA anchor
0x0020D858,,actSt01bWayOnChk,st01b.o,NO_ANCHOR,Object has no USA anchor
0x0020D908,,actSt01bWayOffChk,st01b.o,NO_ANCHOR,Object has no USA anchor
0x0020D9B8,,actSt02aInit,st02a.o,NO_ANCHOR,Object has no USA anchor
0x0020DA08,,actSt02aDoor,st02a.o,NO_ANCHOR,Object has no USA anchor
0x0020DB10,,actSt02aDoorUpChk,st02a.o,NO_ANCHOR,Object has no USA anchor
0x0020DC98,,actSt02aDoorDownChk,st02a.o,NO_ANCHOR,Object has no USA anchor
0x0020DE20,,actSt02WaterFallBoySplashCheck,st02a.o,NO_ANCHOR,Object has no USA anchor
0x0020DF50,,actSt02aWaterFallChk,st02a.o,NO_ANCHOR,Object has no USA anchor
0x0020E050,,actSt02aGondolaUp,st02a.o,NO_ANCHOR,Object has no USA anchor
0x0020E170,,actSt02aGondolaDown,st02a.o,NO_ANCHOR,Object has no USA anchor
0x0020E288,,actSt02aBox,st02a.o,NO_ANCHOR,Object has no USA anchor
0x0020E370,,actSt02aGondola,st02a.o,NO_ANCHOR,Object has no USA anchor
0x0020E420,,actSt02aFence,st02a.o,NO_ANCHOR,Object has no USA anchor
0x0020E498,,actSt02aWaterFall,st02a.o,NO_ANCHOR,Object has no USA anchor
0x0020E538,,actSt02aBoxEvent2,st02a.o,NO_ANCHOR,Object has no USA anchor
0x0020E588,,actSt02aEne,st02a.o,NO_ANCHOR,Object has no USA anchor
0x0020E600,,actSt02aEnemy1,st02a.o,NO_ANCHOR,Object has no USA anchor
0x0020E690,,actSt02aEnemy2,st02a.o,NO_ANCHOR,Object has no USA anchor
0x0020E720,,actSt02aSekizo,st02a.o,NO_ANCHOR,Object has no USA anchor
0x0020E788,,actSt02aWay,st02a.o,NO_ANCHOR,Object has no USA anchor
0x0020E830,,actSt02aTakiWay,st02a.o,NO_ANCHOR,Object has no USA anchor
0x0020E8A8,,actSt02aSecretItem,st02a.o,NO_ANCHOR,Object has no USA anchor
0x0020E920,,actSt02aDoorEvent,st02a.o,NO_ANCHOR,Object has no USA anchor
0x0020E930,,actSt02aDoorUpEffect,st02a.o,NO_ANCHOR,Object has no USA anchor
0x0020EA10,,actSt02aDoorDownEffect,st02a.o,NO_ANCHOR,Object has no USA anchor
0x0020EAF0,,actSt02aFenceMain,st02a.o,NO_ANCHOR,Object has no USA anchor
0x0020EB28,,actSt02aFenceSwitch,st02a.o,NO_ANCHOR,Object has no USA anchor
0x0020EB90,,actSt02aFenceOpen,st02a.o,NO_ANCHOR,Object has no USA anchor
0x0020EC38,,actSt02aWaterFallReflactionEffect,st02a.o,NO_ANCHOR,Object has no USA anchor
0x0020ED10,,actSt02aGondolaMain,st02a.o,NO_ANCHOR,Object has no USA anchor
0x0020ED50,,actSt02aGondolaSwitch,st02a.o,NO_ANCHOR,Object has no USA anchor
0x0020EDF0,,actSt02aEneChk,st02a.o,NO_ANCHOR,Object has no USA anchor
0x0020EE58,,actSt02aSekizoEvent,st02a.o,NO_ANCHOR,Object has no USA anchor
0x0020EE68,,actSt02aWayOnChk,st02a.o,NO_ANCHOR,Object has no USA anchor
0x0020EF38,,actSt02aWayOffChk,st02a.o,NO_ANCHOR,Object has no USA anchor
0x0020F008,,actSt02aTakiWayOnChk,st02a.o,NO_ANCHOR,Object has no USA anchor
0x0020F0B8,,actSt02aTakiWayOffChk,st02a.o,NO_ANCHOR,Object has no USA anchor
0x0020F168,,actSt02aSecretItemChk,st02a.o,NO_ANCHOR,Object has no USA anchor
0x0020F1B8,,actSt03tSwitchL,st03t.o,NO_ANCHOR,Object has no USA anchor
0x0020F2A0,,actSt03tSwitchLChk,st03t.o,NO_ANCHOR,Object has no USA anchor
0x0020F4E8,,actSt03tSwitchLUpChk,st03t.o,NO_ANCHOR,Object has no USA anchor
0x0020F648,,actSt03tSwitchR,st03t.o,NO_ANCHOR,Object has no USA anchor
0x0020F730,,actSt03tSwitchRChk,st03t.o,NO_ANCHOR,Object has no USA anchor
0x0020F920,,actSt03tSwitchRUpChk,st03t.o,NO_ANCHOR,Object has no USA anchor
0x0020FAB8,,actSt03tBoxA,st03t.o,NO_ANCHOR,Object has no USA anchor
0x0020FB68,,actSt03tBoxB,st03t.o,NO_ANCHOR,Object has no USA anchor
0x0020FC20,,actSt03tInit,st03t.o,NO_ANCHOR,Object has no USA anchor
0x0020FC70,,actSt03tGirlCam,st03t.o,NO_ANCHOR,Object has no USA anchor
0x0020FCD8,,actSt03tSekizo,st03t.o,NO_ANCHOR,Object has no USA anchor
0x0020FD40,,actSt03tWay,st03t.o,NO_ANCHOR,Object has no USA anchor
0x0020FDE8,,actSt03tEne,st03t.o,NO_ANCHOR,Object has no USA anchor
0x0020FE60,,actSt03tGene,st03t.o,NO_ANCHOR,Object has no USA anchor
0x0020FF08,,actSt03tGirlCamEvent,st03t.o,NO_ANCHOR,Object has no USA anchor
0x0020FF18,,actSt03tGirlCamStartChk,st03t.o,NO_ANCHOR,Object has no USA anchor
0x0020FFE8,,actSt03tGirlCamEndChk,st03t.o,NO_ANCHOR,Object has no USA anchor
0x002100B8,,actSt03tSekizoEvent,st03t.o,NO_ANCHOR,Object has no USA anchor
0x002100C8,,actSt03tEneChk,st03t.o,NO_ANCHOR,Object has no USA anchor
0x00210188,,actSt03tWayOnChk,st03t.o,NO_ANCHOR,Object has no USA anchor
0x00210230,,actSt03tWayOffChk,st03t.o,NO_ANCHOR,Object has no USA anchor
0x002102D8,,actSt04aGate,st04a.o,NO_ANCHOR,Object has no USA anchor
0x002103D8,,actSt04aGateChk,st04a.o,NO_ANCHOR,Object has no USA anchor
0x00210970,,actSt04aConte06,st04a.o,NO_ANCHOR,Object has no USA anchor
0x00210FA8,,actSt04aConte06Jimaku,st04a.o,NO_ANCHOR,Object has no USA anchor
0x00211290,,actSt04aGateOpen,st04a.o,NO_ANCHOR,Object has no USA anchor
0x00211370,,actSt04aGateOpenChk,st04a.o,NO_ANCHOR,Object has no USA anchor
0x00211890,,actConte09,st04a.o,NO_ANCHOR,Object has no USA anchor
0x00211CD0,,actConte09Jimaku,st04a.o,NO_ANCHOR,Object has no USA anchor
0x00211E78,,actSt04aGateOpen2Chk,st04a.o,NO_ANCHOR,Object has no USA anchor
0x00211F68,,actConte09_2,st04a.o,NO_ANCHOR,Object has no USA anchor
0x002123E8,,actSt04aGateOpen3Chk,st04a.o,NO_ANCHOR,Object has no USA anchor
0x002124F8,,actConte09_3,st04a.o,NO_ANCHOR,Object has no USA anchor
0x00212F00,,actSt04aGateLChk,st04a.o,NO_ANCHOR,Object has no USA anchor
0x00213000,,actSt04aGateRChk,st04a.o,NO_ANCHOR,Object has no USA anchor
0x002131D8,,actSt04aTorch1,st04a.o,NO_ANCHOR,Object has no USA anchor
0x002134E8,,actSt04aTorch1Chk,st04a.o,NO_ANCHOR,Object has no USA anchor
0x002136B8,,actSt04aTorchAllFlagfChk,st04a.o,NO_ANCHOR,Object has no USA anchor
0x00213888,,actSt04aGateL,st04a.o,NO_ANCHOR,Object has no USA anchor
0x00213930,,actSt04aGateR,st04a.o,NO_ANCHOR,Object has no USA anchor
0x002139D8,,actSt04aTorchXL,st04a.o,NO_ANCHOR,Object has no USA anchor
0x00213A18,,actSt04aGateOpen2,st04a.o,NO_ANCHOR,Object has no USA anchor
0x00213AA0,,actSt04aGateOpen3,st04a.o,NO_ANCHOR,Object has no USA anchor
0x00213B68,,actSt04aGateOpen2Ready,st04a.o,NO_ANCHOR,Object has no USA anchor
0x00213BD0,,actSt04aGirlSit,st04a.o,NO_ANCHOR,Object has no USA anchor
0x00213C38,,actSt04aEnvSe,st04a.o,NO_ANCHOR,Object has no USA anchor
0x00213D60,,actSt04aEnvSeWakare1,st04a.o,NO_ANCHOR,Object has no USA anchor
0x00213F58,,actSt04aGateOpen2ReadyChk,st04a.o,NO_ANCHOR,Object has no USA anchor
0x00214018,,actSt04aEnvSeWakare2,st04a.o,NO_ANCHOR,Object has no USA anchor
0x00214140,,actConte09_3Jimaku,st04a.o,NO_ANCHOR,Object has no USA anchor
0x002142C8,,actSt04aGirlSitChk,st04a.o,NO_ANCHOR,Object has no USA anchor
0x002143A8,,actSt04bEnd,st04b.o,NO_ANCHOR,Object has no USA anchor
0x002143F0,,actSt04bSekizoChk,st04b.o,NO_ANCHOR,Object has no USA anchor
0x002146F0,,actSt04bEne1Chk,st04b.o,NO_ANCHOR,Object has no USA anchor
0x002147C8,,actSt04bCrest01XL,st04b.o,NO_ANCHOR,Object has no USA anchor
0x00214858,,actSt04bDoorXL,st04b.o,NO_ANCHOR,Object has no USA anchor
0x00214898,,actSt04bMonyoDoorXL,st04b.o,NO_ANCHOR,Object has no USA anchor
0x002148F8,,actSt04bSekizo,st04b.o,NO_ANCHOR,Object has no USA anchor
0x002149B8,,actSt04bEne1,st04b.o,NO_ANCHOR,Object has no USA anchor
0x00214A30,,actSt04bEnemy1,st04b.o,NO_ANCHOR,Object has no USA anchor
0x00214AD0,,actSt04bEnemy2,st04b.o,NO_ANCHOR,Object has no USA anchor
0x00214B70,,actSt04bBallXL,st04b.o,NO_ANCHOR,Object has no USA anchor
0x00214BD8,,actSt04bSolarXL,st04b.o,NO_ANCHOR,Object has no USA anchor
0x00214C38,,actSt04bSekizoEvent,st04b.o,NO_ANCHOR,Object has no USA anchor
0x00214C48,,actSt04bGirlWay,st04b.o,NO_ANCHOR,Object has no USA anchor
0x00214CD0,0x002040B0,actSt04cEnd,st04c.o,MATCH,offset=0x-0010C20
0x00214D08,0x002040E8,actSt04cDoorDownChk,st04c.o,MATCH,offset=0x-0010C20
0x00214E10,0x002041F0,actSt04lDoorChk,st04c.o,MATCH,offset=0x-0010C20
0x00214F78,0x00204358,actSt04cSolarXL,st04c.o,MATCH,offset=0x-0010C20
0x00214FC8,0x002043A8,actSt04lDoor,st04c.o,MATCH,offset=0x-0010C20
0x00215070,0x00204450,actSt04cIntro,st04c.o,MATCH,offset=0x-0010C20
0x002150E8,0x002044C8,actSt04cDoorDown,st04c.o,MATCH,offset=0x-0010C20
0x00215158,0x00204538,actSt04cEne,st04c.o,MATCH,offset=0x-0010C20
0x002151D0,0x002045B0,actSt04cEnemy1,st04c.o,MATCH,offset=0x-0010C20
0x00215260,0x00204640,actSt04cEnemy2,st04c.o,MATCH,offset=0x-0010C20
0x002152F0,0x002046D0,actSt04cWaterXL,st04c.o,MATCH,offset=0x-0010C20
0x00215340,0x00204720,actSt04cDoorDownEvent,st04c.o,MATCH,offset=0x-0010C20
0x00215350,0x00204730,actSt04cDoorDownEffect,st04c.o,MATCH,offset=0x-0010C20
0x00215468,0x00204848,actSt04cEneChk,st04c.o,MATCH,offset=0x-0010C20
0x002154D8,0x002048B8,actSt04cIntroChk,st04c.o,MATCH,offset=0x-0010C20
0x002155A0,0x00204980,actSt04lDoorEvent,st04c.o,OOB,USA address out of bounds
0x002155B0,,actSt04dDoor1,st04d.o,NO_ANCHOR,Object has no USA anchor
0x002156B8,,actSt04dDoor1UpChk,st04d.o,NO_ANCHOR,Object has no USA anchor
0x00215810,,actSt04dDoor1DownChk,st04d.o,NO_ANCHOR,Object has no USA anchor
0x00215968,,actSt04dDoor2,st04d.o,NO_ANCHOR,Object has no USA anchor
0x00215A70,,actSt04dDoor2UpChk,st04d.o,NO_ANCHOR,Object has no USA anchor
0x00215BC8,,actSt04dDoor2DownChk,st04d.o,NO_ANCHOR,Object has no USA anchor
0x00215D20,,actSt04dDoor1Event,st04d.o,NO_ANCHOR,Object has no USA anchor
0x00215D30,,actSt04dDoor1UpEffect,st04d.o,NO_ANCHOR,Object has no USA anchor
0x00215E10,,actSt04dDoor1DownEffect,st04d.o,NO_ANCHOR,Object has no USA anchor
0x00215EF0,,actSt04dDoor2Event,st04d.o,NO_ANCHOR,Object has no USA anchor
0x00215F00,,actSt04dDoor2UpEffect,st04d.o,NO_ANCHOR,Object has no USA anchor
0x00215FE0,,actSt04dDoor2DownEffect,st04d.o,NO_ANCHOR,Object has no USA anchor
0x002160C0,,actSt04eWater,st04e.o,NO_ANCHOR,Object has no USA anchor
0x00216168,,actSt04eWaterMain,st04e.o,NO_ANCHOR,Object has no USA anchor
0x00216198,,actSt04eWaterSwitch,st04e.o,NO_ANCHOR,Object has no USA anchor
0x002161F0,,actSt04eWaterStop,st04e.o,NO_ANCHOR,Object has no USA anchor
0x002162B8,,actSt04eWaterFlagOn,st04e.o,NO_ANCHOR,Object has no USA anchor
0x00216330,,actSt04cInit,st04l.o,NO_ANCHOR,Object has no USA anchor
0x00216518,,actSt04dInit,st04l.o,NO_ANCHOR,Object has no USA anchor
0x002167E0,,actSt04eInit,st04l.o,NO_ANCHOR,Object has no USA anchor
0x00216878,,actSt04lC1BallTurn,st04l.o,NO_ANCHOR,Object has no USA anchor
0x002169A0,,actSt04lC2BallTurn,st04l.o,NO_ANCHOR,Object has no USA anchor
0x00216AC8,,actSt04lC3BallTurn,st04l.o,NO_ANCHOR,Object has no USA anchor
0x00216BA0,,actSt04lCrest02,st04l.o,NO_ANCHOR,Object has no USA anchor
0x00216C80,,actSt04lCrestMain,st04l.o,NO_ANCHOR,Object has no USA anchor
0x00216E70,,actSt04lCrest2Main,st04l.o,NO_ANCHOR,Object has no USA anchor
0x00217148,,actSt04lCrest3Main,st04l.o,NO_ANCHOR,Object has no USA anchor
0x002172D8,,actSt04lStairChk,st04l.o,NO_ANCHOR,Object has no USA anchor
0x002175A0,,actSt04lRope1Chk,st04l.o,NO_ANCHOR,Object has no USA anchor
0x002176E0,,actSt04lRope2Chk,st04l.o,NO_ANCHOR,Object has no USA anchor
0x00217820,,actSt04lBrg1Chk,st04l.o,NO_ANCHOR,Object has no USA anchor
0x00217950,,actSt04lRope3Chk,st04l.o,NO_ANCHOR,Object has no USA anchor
0x00217A90,,actSt04lRope4Chk,st04l.o,NO_ANCHOR,Object has no USA anchor
0x00217BD0,,actSt04lBrg2Chk,st04l.o,NO_ANCHOR,Object has no USA anchor
0x00217D00,,actSt04lSekizoChk,st04l.o,NO_ANCHOR,Object has no USA anchor
0x00217FB8,,actSt04lGondolaChk,st04l.o,NO_ANCHOR,Object has no USA anchor
0x002182E0,,actSt04lMonyou01Chk,st04l.o,NO_ANCHOR,Object has no USA anchor
0x002183C8,,actSt04lMonyou02Chk,st04l.o,NO_ANCHOR,Object has no USA anchor
0x002184B0,,actSt04lMonyou03Chk,st04l.o,NO_ANCHOR,Object has no USA anchor
0x00218598,,actSt04lMonyou04Chk,st04l.o,NO_ANCHOR,Object has no USA anchor
0x00218680,,actSt04lMonyou05Chk,st04l.o,NO_ANCHOR,Object has no USA anchor
0x00218768,,actSt04lMonyou06Chk,st04l.o,NO_ANCHOR,Object has no USA anchor
0x00218850,,actSt04lMonyou07Chk,st04l.o,NO_ANCHOR,Object has no USA anchor
0x00218938,,actSt04lOriChk,st04l.o,NO_ANCHOR,Object has no USA anchor
0x00218AD8,,actSt04lOriRopeCutRChk,st04l.o,NO_ANCHOR,Object has no USA anchor
0x00218C90,,actSt04lOriRopeCutLChk,st04l.o,NO_ANCHOR,Object has no USA anchor
0x00218E48,,actSt04lOri2,st04l.o,NO_ANCHOR,Object has no USA anchor
0x00218F28,,actSt04lOri2Chk,st04l.o,NO_ANCHOR,Object has no USA anchor
0x00219068,,actSt04lCrest01,st04l.o,NO_ANCHOR,Object has no USA anchor
0x00219100,,actSt04lCrest03,st04l.o,NO_ANCHOR,Object has no USA anchor
0x00219198,,actSt04lC1Ball,st04l.o,NO_ANCHOR,Object has no USA anchor
0x00219250,,actSt04lC2Ball,st04l.o,NO_ANCHOR,Object has no USA anchor
0x00219308,,actSt04lC3Ball,st04l.o,NO_ANCHOR,Object has no USA anchor
0x002193C0,,actSt04lStair,st04l.o,NO_ANCHOR,Object has no USA anchor
0x00219460,,actSt04lBrg1,st04l.o,NO_ANCHOR,Object has no USA anchor
0x002194D8,,actSt04lBrg2,st04l.o,NO_ANCHOR,Object has no USA anchor
0x00219550,,actSt04lBrg1Way,st04l.o,NO_ANCHOR,Object has no USA anchor
0x002195C8,,actSt04lBrg2Way,st04l.o,NO_ANCHOR,Object has no USA anchor
0x00219640,,actSt04lRope1,st04l.o,NO_ANCHOR,Object has no USA anchor
0x002196E8,,actSt04lRope2,st04l.o,NO_ANCHOR,Object has no USA anchor
0x00219790,,actSt04lRope3,st04l.o,NO_ANCHOR,Object has no USA anchor
0x00219838,,actSt04lRope4,st04l.o,NO_ANCHOR,Object has no USA anchor
0x002198E0,,actSt04lSekizo,st04l.o,NO_ANCHOR,Object has no USA anchor
0x00219978,,actSt04lTuri,st04l.o,NO_ANCHOR,Object has no USA anchor
0x00219A18,,actSt04lOri,st04l.o,NO_ANCHOR,Object has no USA anchor
0x00219AC0,,actSt04lOriRopeCutR,st04l.o,NO_ANCHOR,Object has no USA anchor
0x00219B38,,actSt04lOriRopeCutL,st04l.o,NO_ANCHOR,Object has no USA anchor
0x00219BB0,,actSt04lSword,st04l.o,NO_ANCHOR,Object has no USA anchor
0x00219C28,,actSt04lGondola,st04l.o,NO_ANCHOR,Object has no USA anchor
0x00219CF0,,actSt04lMonyou01,st04l.o,NO_ANCHOR,Object has no USA anchor
0x00219D88,,actSt04lMonyou02,st04l.o,NO_ANCHOR,Object has no USA anchor
0x00219E20,,actSt04lMonyou03,st04l.o,NO_ANCHOR,Object has no USA anchor
0x00219EB8,,actSt04lMonyou04,st04l.o,NO_ANCHOR,Object has no USA anchor
0x00219F50,,actSt04lMonyou05,st04l.o,NO_ANCHOR,Object has no USA anchor
0x00219FE8,,actSt04lMonyou06,st04l.o,NO_ANCHOR,Object has no USA anchor
0x0021A080,,actSt04lMonyou07,st04l.o,NO_ANCHOR,Object has no USA anchor
0x0021A118,,actSt04lCrest01XL,st04l.o,NO_ANCHOR,Object has no USA anchor
0x0021A178,,actSt04lCrest02XL,st04l.o,NO_ANCHOR,Object has no USA anchor
0x0021A1D8,,actSt04lCrest03XL,st04l.o,NO_ANCHOR,Object has no USA anchor
0x0021A238,,actSt04lC2BallXL,st04l.o,NO_ANCHOR,Object has no USA anchor
0x0021A2B8,,actSt04lC3BallXL,st04l.o,NO_ANCHOR,Object has no USA anchor
0x0021A330,,actSt04lTorch1_1,st04l.o,NO_ANCHOR,Object has no USA anchor
0x0021A3B8,,actSt04lTorch1_2,st04l.o,NO_ANCHOR,Object has no USA anchor
0x0021A440,,actSt04lTorch2_1,st04l.o,NO_ANCHOR,Object has no USA anchor
0x0021A4D8,,actSt04lTorch2_2,st04l.o,NO_ANCHOR,Object has no USA anchor
0x0021A570,,actSt04lTorch3_1,st04l.o,NO_ANCHOR,Object has no USA anchor
0x0021A5F8,,actSt04lTorch3_2,st04l.o,NO_ANCHOR,Object has no USA anchor
0x0021A680,,actSt04lTorch2_1XL,st04l.o,NO_ANCHOR,Object has no USA anchor
0x0021A718,,actSt04lTorch2_2XL,st04l.o,NO_ANCHOR,Object has no USA anchor
0x0021A7B0,,actSt04lTorch3_1XL,st04l.o,NO_ANCHOR,Object has no USA anchor
0x0021A7F8,,actSt04lTorch3_2XL,st04l.o,NO_ANCHOR,Object has no USA anchor
0x0021A840,,actSt04cDoorInit,st04l.o,NO_ANCHOR,Object has no USA anchor
0x0021A8C8,,actSt04dEnemy1,st04l.o,NO_ANCHOR,Object has no USA anchor
0x0021A970,,actSt04dEnemy2,st04l.o,NO_ANCHOR,Object has no USA anchor
0x0021A9F8,,actSt04dEnemy3,st04l.o,NO_ANCHOR,Object has no USA anchor
0x0021AA60,,actSt04eSolarBeam,st04l.o,NO_ANCHOR,Object has no USA anchor
0x0021AB10,,actSt04lC1BallMain,st04l.o,NO_ANCHOR,Object has no USA anchor
0x0021AB48,,actSt04lC1BallSwitch,st04l.o,NO_ANCHOR,Object has no USA anchor
0x0021ABA0,,actSt04lC2BallMain,st04l.o,NO_ANCHOR,Object has no USA anchor
0x0021ABD8,,actSt04lC2BallSwitch,st04l.o,NO_ANCHOR,Object has no USA anchor
0x0021AC30,,actSt04lC3BallMain,st04l.o,NO_ANCHOR,Object has no USA anchor
0x0021AC68,,actSt04lC3BallSwitch,st04l.o,NO_ANCHOR,Object has no USA anchor
0x0021ACC0,,actSt04eSolarBeamChk,st04l.o,NO_ANCHOR,Object has no USA anchor
0x0021ADA0,,actSt04lRope1Event,st04l.o,NO_ANCHOR,Object has no USA anchor
0x0021ADB0,,actSt04lRope2Event,st04l.o,NO_ANCHOR,Object has no USA anchor
0x0021ADC0,,actSt04lBrg1Event,st04l.o,NO_ANCHOR,Object has no USA anchor
0x0021ADD0,,actSt04lRope3Event,st04l.o,NO_ANCHOR,Object has no USA anchor
0x0021ADE0,,actSt04lRope4Event,st04l.o,NO_ANCHOR,Object has no USA anchor
0x0021ADF0,,actSt04lBrg2Event,st04l.o,NO_ANCHOR,Object has no USA anchor
0x0021AE00,,actSt04lBrg1WayChk,st04l.o,NO_ANCHOR,Object has no USA anchor
0x0021AE48,,actSt04lBrg2WayChk,st04l.o,NO_ANCHOR,Object has no USA anchor
0x0021AEA0,,actSt04lTuriEvent,st04l.o,NO_ANCHOR,Object has no USA anchor
0x0021AEB0,,actSt04lTuriChk,st04l.o,NO_ANCHOR,Object has no USA anchor
0x0021AF68,,actSt04lGondolaCharaChk,st04l.o,NO_ANCHOR,Object has no USA anchor
0x0021AFF0,,actSt04lMonyou01Event,st04l.o,NO_ANCHOR,Object has no USA anchor
0x0021B000,,actSt04lMonyou02Event,st04l.o,NO_ANCHOR,Object has no USA anchor
0x0021B010,,actSt04lMonyou03Event,st04l.o,NO_ANCHOR,Object has no USA anchor
0x0021B020,,actSt04lMonyou04Event,st04l.o,NO_ANCHOR,Object has no USA anchor
0x0021B030,,actSt04lMonyou05Event,st04l.o,NO_ANCHOR,Object has no USA anchor
0x0021B040,,actSt04lMonyou06Event,st04l.o,NO_ANCHOR,Object has no USA anchor
0x0021B050,,actSt04lMonyou07Event,st04l.o,NO_ANCHOR,Object has no USA anchor
0x0021B060,,actSt04lOriEvent,st04l.o,NO_ANCHOR,Object has no USA anchor
0x0021B070,,actSt04lOri2Event,st04l.o,NO_ANCHOR,Object has no USA anchor
0x0021B080,,actSt04lSwordChk,st04l.o,NO_ANCHOR,Object has no USA anchor
0x0021B0A8,,actSt04lTorch1_1Chk,st04l.o,NO_ANCHOR,Object has no USA anchor
0x0021B0F0,,actSt04lTorch1_2Chk,st04l.o,NO_ANCHOR,Object has no USA anchor
0x0021B138,,actSt04lTorch2_1Chk,st04l.o,NO_ANCHOR,Object has no USA anchor
0x0021B180,,actSt04lTorch2_2Chk,st04l.o,NO_ANCHOR,Object has no USA anchor
0x0021B1C8,,actSt04lTorch3_1Chk,st04l.o,NO_ANCHOR,Object has no USA anchor
0x0021B210,,actSt04lTorch3_2Chk,st04l.o,NO_ANCHOR,Object has no USA anchor
0x0021B258,,actSt04lTorch2_1XLChk,st04l.o,NO_ANCHOR,Object has no USA anchor
0x0021B2A0,,actSt04lTorch2_2XLChk,st04l.o,NO_ANCHOR,Object has no USA anchor
0x0021B2E8,0x0020F6D0,actSt05eEnd,st04r.o,MATCH,offset=0x-000BC18
0x0021B320,0x0020F708,actSt05cInit,st04r.o,SEQ_MISMATCH,op_seq differs (sz=520)
0x0021B528,0x0020F910,actSt05dInit,st04r.o,SEQ_MISMATCH,op_seq differs (sz=752)
0x0021B818,0x0020FC00,actSt05eInit,st04r.o,SEQ_MISMATCH,op_seq differs (sz=152)
0x0021B8B0,0x0020FC98,actSt04rC1BallTurn,st04r.o,SEQ_MISMATCH,op_seq differs (sz=296)
0x0021B9D8,0x0020FDC0,actSt04rC2BallTurn,st04r.o,SEQ_MISMATCH,op_seq differs (sz=296)
0x0021BB00,0x0020FEE8,actSt04rC3BallTurn,st04r.o,SEQ_MISMATCH,op_seq differs (sz=216)
0x0021BBD8,0x0020FFC0,actSt04rCrest02,st04r.o,SEQ_MISMATCH,op_seq differs (sz=224)
0x0021BCB8,0x002100A0,actSt04rCrestMain,st04r.o,SEQ_MISMATCH,op_seq differs (sz=432)
0x0021BE68,0x00210250,actSt04rCrest2Main,st04r.o,SEQ_MISMATCH,op_seq differs (sz=760)
0x0021C160,0x00210548,actSt04rCrest3Main,st04r.o,SEQ_MISMATCH,op_seq differs (sz=472)
0x0021C338,0x00210720,actSt04rSolarBeam,st04r.o,SEQ_MISMATCH,op_seq differs (sz=352)
0x0021C498,0x00210880,actSt04rSolarBeamChk,st04r.o,SEQ_MISMATCH,op_seq differs (sz=296)
0x0021C5C0,0x002109A8,actSt04rStairChk,st04r.o,SEQ_MISMATCH,op_seq differs (sz=712)
0x0021C888,0x00210C70,actSt04rSekizoChk,st04r.o,SEQ_MISMATCH,op_seq differs (sz=696)
0x0021CB40,0x00210F28,actSt04rRope1Chk,st04r.o,SEQ_MISMATCH,op_seq differs (sz=320)
0x0021CC80,0x00211068,actSt04rRope2Chk,st04r.o,SEQ_MISMATCH,op_seq differs (sz=320)
0x0021CDC0,0x002111A8,actSt04rBrg1Chk,st04r.o,SEQ_MISMATCH,op_seq differs (sz=304)
0x0021CEF0,0x002112D8,actSt04rRope3Chk,st04r.o,SEQ_MISMATCH,op_seq differs (sz=320)
0x0021D030,0x00211418,actSt04rRope4Chk,st04r.o,SEQ_MISMATCH,op_seq differs (sz=320)
0x0021D170,0x00211558,actSt04rBrg2Chk,st04r.o,SEQ_MISMATCH,op_seq differs (sz=304)
0x0021D2A0,0x00211688,actSt04rMonyou01Chk,st04r.o,SEQ_MISMATCH,op_seq differs (sz=232)
0x0021D388,0x00211770,actSt04rMonyou02Chk,st04r.o,SEQ_MISMATCH,op_seq differs (sz=232)
0x0021D470,0x00211858,actSt04rMonyou03Chk,st04r.o,SEQ_MISMATCH,op_seq differs (sz=232)
0x0021D558,0x00211940,actSt04rMonyou04Chk,st04r.o,SEQ_MISMATCH,op_seq differs (sz=232)
0x0021D640,0x00211A28,actSt04rMonyou05Chk,st04r.o,SEQ_MISMATCH,op_seq differs (sz=232)
0x0021D728,0x00211B10,actSt04rMonyou06Chk,st04r.o,SEQ_MISMATCH,op_seq differs (sz=232)
0x0021D810,0x00211BF8,actSt04rMonyou07Chk,st04r.o,SEQ_MISMATCH,op_seq differs (sz=232)
0x0021D8F8,0x00211CE0,actSt04rGondolaChk,st04r.o,SEQ_MISMATCH,op_seq differs (sz=880)
0x0021DC68,0x00212050,actSt04rSolarStageChange,st04r.o,SEQ_MISMATCH,op_seq differs (sz=120)
0x0021DCE0,0x002120C8,actSt04rCrest01,st04r.o,SEQ_MISMATCH,op_seq differs (sz=152)
0x0021DD78,0x00212160,actSt04rCrest03,st04r.o,SEQ_MISMATCH,op_seq differs (sz=152)
0x0021DE10,0x002121F8,actSt04rC1Ball,st04r.o,SEQ_MISMATCH,op_seq differs (sz=184)
0x0021DEC8,0x002122B0,actSt04rC2Ball,st04r.o,SEQ_MISMATCH,op_seq differs (sz=184)
0x0021DF80,0x00212368,actSt04rC3Ball,st04r.o,SEQ_MISMATCH,op_seq differs (sz=184)
0x0021E038,0x00212420,actSt04rStair,st04r.o,SEQ_MISMATCH,op_seq differs (sz=160)
0x0021E0D8,0x002124C0,actSt04rBrg1,st04r.o,SEQ_MISMATCH,op_seq differs (sz=120)
0x0021E150,0x00212538,actSt04rBrg2,st04r.o,SEQ_MISMATCH,op_seq differs (sz=120)
0x0021E1C8,0x002125B0,actSt04rBrg1Way,st04r.o,SEQ_MISMATCH,op_seq differs (sz=120)
0x0021E240,0x00212628,actSt04rBrg2Way,st04r.o,SEQ_MISMATCH,op_seq differs (sz=120)
0x0021E2B8,0x002126A0,actSt04rRope1,st04r.o,SEQ_MISMATCH,op_seq differs (sz=168)
0x0021E360,0x00212748,actSt04rRope2,st04r.o,SEQ_MISMATCH,op_seq differs (sz=168)
0x0021E408,0x002127F0,actSt04rRope3,st04r.o,SEQ_MISMATCH,op_seq differs (sz=168)
0x0021E4B0,0x00212898,actSt04rRope4,st04r.o,SEQ_MISMATCH,op_seq differs (sz=168)
0x0021E558,0x00212940,actSt04rSekizo,st04r.o,SEQ_MISMATCH,op_seq differs (sz=152)
0x0021E5F0,0x002129D8,actSt04rBarricade,st04r.o,SEQ_MISMATCH,op_seq differs (sz=152)
0x0021E688,0x00212A70,actSt04rGondola,st04r.o,SEQ_MISMATCH,op_seq differs (sz=200)
0x0021E750,0x00212B38,actSt04rCrest01XL,st04r.o,SEQ_MISMATCH,op_seq differs (sz=96)
0x0021E7B0,0x00212B98,actSt04rCrest02XL,st04r.o,SEQ_MISMATCH,op_seq differs (sz=96)
0x0021E810,0x00212BF8,actSt04rCrest03XL,st04r.o,SEQ_MISMATCH,op_seq differs (sz=96)
0x0021E870,0x00212C58,actSt04rC2BallXL,st04r.o,SEQ_MISMATCH,op_seq differs (sz=120)
0x0021E8E8,0x00212CD0,actSt04rC3BallXL,st04r.o,SEQ_MISMATCH,op_seq differs (sz=120)
0x0021E960,0x00212D48,actSt04rTorch1_1,st04r.o,SEQ_MISMATCH,op_seq differs (sz=136)
0x0021E9E8,0x00212DD0,actSt04rTorch1_2,st04r.o,SEQ_MISMATCH,op_seq differs (sz=136)
0x0021EA70,0x00212E58,actSt04rTorch2_1,st04r.o,SEQ_MISMATCH,op_seq differs (sz=152)
0x0021EB08,0x00212EF0,actSt04rTorch2_2,st04r.o,SEQ_MISMATCH,op_seq differs (sz=152)
0x0021EBA0,0x00212F88,actSt04rTorch3_1,st04r.o,SEQ_MISMATCH,op_seq differs (sz=136)
0x0021EC28,0x00213010,actSt04rTorch3_2,st04r.o,SEQ_MISMATCH,op_seq differs (sz=136)
0x0021ECB0,0x00213098,actSt04rTorch2_1XL,st04r.o,SEQ_MISMATCH,op_seq differs (sz=152)
0x0021ED48,0x00213130,actSt04rTorch2_2XL,st04r.o,SEQ_MISMATCH,op_seq differs (sz=152)
0x0021EDE0,0x002131C8,actSt04rTorch3_1XL,st04r.o,SEQ_MISMATCH,op_seq differs (sz=72)
0x0021EE28,0x00213210,actSt04rTorch3_2XL,st04r.o,SEQ_MISMATCH,op_seq differs (sz=72)
0x0021EE70,0x00213258,actSt04rMonyou01,st04r.o,SEQ_MISMATCH,op_seq differs (sz=152)
0x0021EF08,0x002132F0,actSt04rMonyou02,st04r.o,SEQ_MISMATCH,op_seq differs (sz=152)
0x0021EFA0,0x00213388,actSt04rMonyou03,st04r.o,SEQ_MISMATCH,op_seq differs (sz=152)
0x0021F038,0x00213420,actSt04rMonyou04,st04r.o,SEQ_MISMATCH,op_seq differs (sz=152)
0x0021F0D0,0x002134B8,actSt04rMonyou05,st04r.o,SEQ_MISMATCH,op_seq differs (sz=152)
0x0021F168,0x00213550,actSt04rMonyou06,st04r.o,SEQ_MISMATCH,op_seq differs (sz=152)
0x0021F200,0x002135E8,actSt04rMonyou07,st04r.o,SEQ_MISMATCH,op_seq differs (sz=152)
0x0021F298,0x00213680,actSt05cDoorInit,st04r.o,SEQ_MISMATCH,op_seq differs (sz=136)
0x0021F320,0x00213708,actSt04rC1BallMain,st04r.o,SEQ_MISMATCH,op_seq differs (sz=56)
0x0021F358,0x00213740,actSt04rC1BallSwitch,st04r.o,SEQ_MISMATCH,op_seq differs (sz=88)
0x0021F3B0,0x00213798,actSt04rC2BallMain,st04r.o,SEQ_MISMATCH,op_seq differs (sz=56)
0x0021F3E8,0x002137D0,actSt04rC2BallSwitch,st04r.o,SEQ_MISMATCH,op_seq differs (sz=88)
0x0021F440,0x00213828,actSt04rC3BallMain,st04r.o,SEQ_MISMATCH,op_seq differs (sz=56)
0x0021F478,0x00213860,actSt04rC3BallSwitch,st04r.o,SEQ_MISMATCH,op_seq differs (sz=88)
0x0021F4D0,0x002138B8,actSt04rSolarStageChangeChk,st04r.o,SEQ_MISMATCH,op_seq differs (sz=136)
0x0021F558,0x00213940,actSt04rStairEvent,st04r.o,SEQ_MISMATCH,op_seq differs (sz=16)
0x0021F568,0x00213950,actSt04rRope1Event,st04r.o,SEQ_MISMATCH,op_seq differs (sz=16)
0x0021F578,0x00213960,actSt04rRope2Event,st04r.o,SEQ_MISMATCH,op_seq differs (sz=16)
0x0021F588,0x00213970,actSt04rBrg1Event,st04r.o,SEQ_MISMATCH,op_seq differs (sz=16)
0x0021F598,0x00213980,actSt04rRope3Event,st04r.o,SEQ_MISMATCH,op_seq differs (sz=16)
0x0021F5A8,0x00213990,actSt04rRope4Event,st04r.o,SEQ_MISMATCH,op_seq differs (sz=16)
0x0021F5B8,0x002139A0,actSt04rBrg2Event,st04r.o,SEQ_MISMATCH,op_seq differs (sz=16)
0x0021F5C8,0x002139B0,actSt04rBrg1WayChk,st04r.o,SEQ_MISMATCH,op_seq differs (sz=72)
0x0021F610,0x002139F8,actSt04rBrg2WayChk,st04r.o,SEQ_MISMATCH,op_seq differs (sz=88)
0x0021F668,0x00213A50,actSt04rMonyou01Event,st04r.o,SEQ_MISMATCH,op_seq differs (sz=16)
0x0021F678,0x00213A60,actSt04rMonyou02Event,st04r.o,SEQ_MISMATCH,op_seq differs (sz=16)
0x0021F688,0x00213A70,actSt04rMonyou03Event,st04r.o,SEQ_MISMATCH,op_seq differs (sz=16)
0x0021F698,0x00213A80,actSt04rMonyou04Event,st04r.o,SEQ_MISMATCH,op_seq differs (sz=16)
0x0021F6A8,0x00213A90,actSt04rMonyou05Event,st04r.o,SEQ_MISMATCH,op_seq differs (sz=16)
0x0021F6B8,0x00213AA0,actSt04rMonyou06Event,st04r.o,SEQ_MISMATCH,op_seq differs (sz=16)
0x0021F6C8,0x00213AB0,actSt04rMonyou07Event,st04r.o,SEQ_MISMATCH,op_seq differs (sz=16)
0x0021F6D8,0x00213AC0,actSt04rBarricadeEvent,st04r.o,SEQ_MISMATCH,op_seq differs (sz=16)
0x0021F6E8,0x00213AD0,actSt04rBarricadeChk,st04r.o,SEQ_MISMATCH,op_seq differs (sz=192)
0x0021F7A8,0x00213B90,actSt04rGondolaCharaChk,st04r.o,SEQ_MISMATCH,op_seq differs (sz=136)
0x0021F830,0x00213C18,actSt04rTorch1_1Chk,st04r.o,SEQ_MISMATCH,op_seq differs (sz=72)
0x0021F878,0x00213C60,actSt04rTorch1_2Chk,st04r.o,SEQ_MISMATCH,op_seq differs (sz=72)
0x0021F8C0,0x00213CA8,actSt04rTorch2_1Chk,st04r.o,SEQ_MISMATCH,op_seq differs (sz=72)
0x0021F908,0x00213CF0,actSt04rTorch2_2Chk,st04r.o,SEQ_MISMATCH,op_seq differs (sz=72)
0x0021F950,0x00213D38,actSt04rTorch3_1Chk,st04r.o,SEQ_MISMATCH,op_seq differs (sz=72)
0x0021F998,0x00213D80,actSt04rTorch3_2Chk,st04r.o,SEQ_MISMATCH,op_seq differs (sz=72)
0x0021F9E0,0x00213DC8,actSt04rTorch2_1XLChk,st04r.o,SEQ_MISMATCH,op_seq differs (sz=72)
0x0021FA28,0x00213E10,actSt04rTorch2_2XLChk,st04r.o,OOB,USA address out of bounds
0x0021FA70,,actSt05bSekizoChk,st05b.o,NO_ANCHOR,Object has no USA anchor
0x0021FD70,,actSt05bCrest01XL,st05b.o,NO_ANCHOR,Object has no USA anchor
0x0021FE00,,actSt05bDoorXL,st05b.o,NO_ANCHOR,Object has no USA anchor
0x0021FE70,,actSt05bMonyoDoorXL,st05b.o,NO_ANCHOR,Object has no USA anchor
0x0021FED0,,actSt05bSekizo,st05b.o,NO_ANCHOR,Object has no USA anchor
0x0021FF90,,actSt05bBallXL,st05b.o,NO_ANCHOR,Object has no USA anchor
0x0021FFF8,,actSt05bSolarXL,st05b.o,NO_ANCHOR,Object has no USA anchor
0x00220058,,actSt05bSekizoEvent,st05b.o,NO_ANCHOR,Object has no USA anchor
0x00220068,,actSt05bGirlWay,st05b.o,NO_ANCHOR,Object has no USA anchor
0x002200F0,,actSt05cDoorDownChk,st05c.o,NO_ANCHOR,Object has no USA anchor
0x00220208,,actSt04rDoorChk,st05c.o,NO_ANCHOR,Object has no USA anchor
0x00220370,,actSt04rDoor2Chk,st05c.o,NO_ANCHOR,Object has no USA anchor
0x002204D8,,actSt05cSolarXL,st05c.o,NO_ANCHOR,Object has no USA anchor
0x00220528,,actSt05cWaterXL,st05c.o,NO_ANCHOR,Object has no USA anchor
0x00220578,,actSt04rDoor,st05c.o,NO_ANCHOR,Object has no USA anchor
0x00220620,,actSt04rDoor2,st05c.o,NO_ANCHOR,Object has no USA anchor
0x002206C8,,actSt05cDoorDown,st05c.o,NO_ANCHOR,Object has no USA anchor
0x00220738,,actSt05cEne,st05c.o,NO_ANCHOR,Object has no USA anchor
0x002207B0,,actSt05cEnemy1,st05c.o,NO_ANCHOR,Object has no USA anchor
0x00220848,,actSt05cEnemy2,st05c.o,NO_ANCHOR,Object has no USA anchor
0x002208D8,,actSt05cDoorDownEvent,st05c.o,NO_ANCHOR,Object has no USA anchor
0x002208E8,,actSt05cDoorDownEffect,st05c.o,NO_ANCHOR,Object has no USA anchor
0x00220A00,,actSt05cEneChk,st05c.o,NO_ANCHOR,Object has no USA anchor
0x00220A70,,actSt05dDoor2,st05d.o,NO_ANCHOR,Object has no USA anchor
0x00220B78,,actSt05dDoor2UpChk,st05d.o,NO_ANCHOR,Object has no USA anchor
0x00220CD8,,actSt05dDoor2DownChk,st05d.o,NO_ANCHOR,Object has no USA anchor
0x00220E38,,actSt05dEne,st05d.o,NO_ANCHOR,Object has no USA anchor
0x00220EB0,,actSt05dEnemy1,st05d.o,NO_ANCHOR,Object has no USA anchor
0x00220F48,,actSt05dEnemy2,st05d.o,NO_ANCHOR,Object has no USA anchor
0x00220FD8,,actSt05dDoor2Event,st05d.o,NO_ANCHOR,Object has no USA anchor
0x00220FE8,,actSt05dDoor2UpEffect,st05d.o,NO_ANCHOR,Object has no USA anchor
0x002210C8,,actSt05dDoor2DownEffect,st05d.o,NO_ANCHOR,Object has no USA anchor
0x002211A8,,actSt05dEneChk,st05d.o,NO_ANCHOR,Object has no USA anchor
0x00221218,,actSt05eSolarChk,st05e.o,NO_ANCHOR,Object has no USA anchor
0x00221358,,actSt05eWater,st05e.o,NO_ANCHOR,Object has no USA anchor
0x00221400,,actSt05eSolar,st05e.o,NO_ANCHOR,Object has no USA anchor
0x00221498,,actSt05eWaterMain,st05e.o,NO_ANCHOR,Object has no USA anchor
0x002214C8,,actSt05eWaterSwitch,st05e.o,NO_ANCHOR,Object has no USA anchor
0x00221520,,actSt05eWaterStop,st05e.o,NO_ANCHOR,Object has no USA anchor
0x002215E8,,actSt05eWaterFlagOn,st05e.o,NO_ANCHOR,Object has no USA anchor
0x00221660,,actSt06aInit,st06a.o,NO_ANCHOR,Object has no USA anchor
0x002216D8,,actSt06aSuimon,st06a.o,NO_ANCHOR,Object has no USA anchor
0x002217A0,,actSt06aSuimonChk,st06a.o,NO_ANCHOR,Object has no USA anchor
0x002218E8,,actSt06aDoor,st06a.o,NO_ANCHOR,Object has no USA anchor
0x002219F0,,actSt06aDoorUpChk,st06a.o,NO_ANCHOR,Object has no USA anchor
0x00221B68,,actSt06aDoorDownChk,st06a.o,NO_ANCHOR,Object has no USA anchor
0x00221CE0,,actSt06aShutterOpen,st06a.o,NO_ANCHOR,Object has no USA anchor
0x00221DB0,,actSt06aBoxChk,st06a.o,NO_ANCHOR,Object has no USA anchor
0x00221EB8,,actSt06aStatueChk,st06a.o,NO_ANCHOR,Object has no USA anchor
0x00222020,,actSt06aHeadChk,st06a.o,NO_ANCHOR,Object has no USA anchor
0x002221A8,,actSt06aShutter,st06a.o,NO_ANCHOR,Object has no USA anchor
0x00222258,,actSt06aExit,st06a.o,NO_ANCHOR,Object has no USA anchor
0x002222C0,,actSt06aBox,st06a.o,NO_ANCHOR,Object has no USA anchor
0x00222358,,actSt06aBox2,st06a.o,NO_ANCHOR,Object has no USA anchor
0x002223E0,,actSt06aBox3,st06a.o,NO_ANCHOR,Object has no USA anchor
0x00222468,,actSt06aBoxEvent2,st06a.o,NO_ANCHOR,Object has no USA anchor
0x00222510,,actSt06aWay,st06a.o,NO_ANCHOR,Object has no USA anchor
0x00222578,,actSt06aWallWay,st06a.o,NO_ANCHOR,Object has no USA anchor
0x00222638,,actSt06aWallWay2,st06a.o,NO_ANCHOR,Object has no USA anchor
0x002226F8,,actSt06aStatue,st06a.o,NO_ANCHOR,Object has no USA anchor
0x002227B0,,actSt06aHead,st06a.o,NO_ANCHOR,Object has no USA anchor
0x00222850,,actSt06aTree,st06a.o,NO_ANCHOR,Object has no USA anchor
0x002228E8,,actSt06aBallDelete,st06a.o,NO_ANCHOR,Object has no USA anchor
0x00222950,,actSt06aSuimonEvent,st06a.o,NO_ANCHOR,Object has no USA anchor
0x00222960,,actSt06aSuimonEffect,st06a.o,NO_ANCHOR,Object has no USA anchor
0x00222A78,,actSt06aSuimonFlagOn,st06a.o,NO_ANCHOR,Object has no USA anchor
0x00222AF0,,actSt06aDoorEvent,st06a.o,NO_ANCHOR,Object has no USA anchor
0x00222B00,,actSt06aDoorUpEffect,st06a.o,NO_ANCHOR,Object has no USA anchor
0x00222BE0,,actSt06aDoorDownEffect,st06a.o,NO_ANCHOR,Object has no USA anchor
0x00222CC0,,actSt06aShutterMain,st06a.o,NO_ANCHOR,Object has no USA anchor
0x00222CF8,,actSt06aShutterSwitch,st06a.o,NO_ANCHOR,Object has no USA anchor
0x00222D50,,actSt06aExitChk,st06a.o,NO_ANCHOR,Object has no USA anchor
0x00222DC0,,actSt06aBox2Chk,st06a.o,NO_ANCHOR,Object has no USA anchor
0x00222E38,,actSt06aBox3Chk,st06a.o,NO_ANCHOR,Object has no USA anchor
0x00222EB0,,actSt06aBallDeleteChk,st06a.o,NO_ANCHOR,Object has no USA anchor
0x00222F20,,actSt06aBoxEvent2InChk,st06a.o,NO_ANCHOR,Object has no USA anchor
0x00222FB8,,actSt06aBoxEvent2OutChk,st06a.o,NO_ANCHOR,Object has no USA anchor
0x00223050,,actSt06aWayOnChk,st06a.o,NO_ANCHOR,Object has no USA anchor
0x00223108,,actSt06aWayOffChk,st06a.o,NO_ANCHOR,Object has no USA anchor
0x002231C0,,actSt06aWallWayOnChk,st06a.o,NO_ANCHOR,Object has no USA anchor
0x00223268,,actSt06aWallWayOffChk,st06a.o,NO_ANCHOR,Object has no USA anchor
0x00223310,,actSt06aWallWay2OnChk,st06a.o,NO_ANCHOR,Object has no USA anchor
0x002233B8,,actSt06aWallWay2OffChk,st06a.o,NO_ANCHOR,Object has no USA anchor
0x00223460,,actSt06aTreeChk,st06a.o,NO_ANCHOR,Object has no USA anchor
0x00223528,,actSt07aInit,st07a.o,NO_ANCHOR,Object has no USA anchor
0x002235F0,,actSt07aEnd,st07a.o,NO_ANCHOR,Object has no USA anchor
0x00223668,,actSt07aChanChk,st07a.o,NO_ANCHOR,Object has no USA anchor
0x00223978,,actSt07aChanEffect,st07a.o,NO_ANCHOR,Object has no USA anchor
0x00223D18,,actSt07aTsuroChk,st07a.o,NO_ANCHOR,Object has no USA anchor
0x00223FF0,,actSt07aTsuroEffect,st07a.o,NO_ANCHOR,Object has no USA anchor
0x002243A8,,actSt07aSekizoChk,st07a.o,NO_ANCHOR,Object has no USA anchor
0x002246D0,,actSt07aEne,st07a.o,NO_ANCHOR,Object has no USA anchor
0x002247A0,,actSt07aEneChk,st07a.o,NO_ANCHOR,Object has no USA anchor
0x00224898,,actSt07aChan,st07a.o,NO_ANCHOR,Object has no USA anchor
0x00224950,,actSt07aTsuro,st07a.o,NO_ANCHOR,Object has no USA anchor
0x002249D8,,actSt07aIntro,st07a.o,NO_ANCHOR,Object has no USA anchor
0x00224A50,,actSt07aSekizo,st07a.o,NO_ANCHOR,Object has no USA anchor
0x00224AE8,,actSt07aGene1,st07a.o,NO_ANCHOR,Object has no USA anchor
0x00224BA0,,actSt07aGene2,st07a.o,NO_ANCHOR,Object has no USA anchor
0x00224C70,,actSt07aGene3,st07a.o,NO_ANCHOR,Object has no USA anchor
0x00224D40,,actSt07aEne2,st07a.o,NO_ANCHOR,Object has no USA anchor
0x00224DB8,,actSt07aGene2_1,st07a.o,NO_ANCHOR,Object has no USA anchor
0x00224E70,,actSt07aGene2_2,st07a.o,NO_ANCHOR,Object has no USA anchor
0x00224F40,,actSt07aGene2_3,st07a.o,NO_ANCHOR,Object has no USA anchor
0x00224FB0,,actSt07ChanEvent,st07a.o,NO_ANCHOR,Object has no USA anchor
0x00224FC0,,actSt07aChanFall,st07a.o,NO_ANCHOR,Object has no USA anchor
0x00225040,,actSt07aChanMot,st07a.o,NO_ANCHOR,Object has no USA anchor
0x00225098,,actSt07aChanWay1,st07a.o,NO_ANCHOR,Object has no USA anchor
0x002250F0,,actSt07aChanWay2,st07a.o,NO_ANCHOR,Object has no USA anchor
0x00225148,,actSt07TsuroEvent,st07a.o,NO_ANCHOR,Object has no USA anchor
0x00225158,,actSt07aTsuroConte,st07a.o,NO_ANCHOR,Object has no USA anchor
0x002251C8,,actSt07aGirlWay,st07a.o,NO_ANCHOR,Object has no USA anchor
0x00225220,,actSt07aCamera2,st07a.o,NO_ANCHOR,Object has no USA anchor
0x00225230,,actSt07aIntroChk,st07a.o,NO_ANCHOR,Object has no USA anchor
0x002252E0,,actSt07aSekizoEvent,st07a.o,NO_ANCHOR,Object has no USA anchor
0x002252F0,,actSt07aEne2Chk,st07a.o,NO_ANCHOR,Object has no USA anchor
0x00225368,0x002224D8,actSt08aEnd,st08a.o,MATCH,offset=0x-0002E90
0x002253A0,0x00222510,actSt08aEne2Chk,st08a.o,SEQ_MISMATCH,op_seq differs (sz=232)
0x00225488,0x002225F8,actSt08aDoorUp,st08a.o,SEQ_MISMATCH,op_seq differs (sz=208)
0x00225558,0x002226C8,actSt08aDoor,st08a.o,SEQ_MISMATCH,op_seq differs (sz=168)
0x00225600,0x00222770,actSt08aEne1,st08a.o,SEQ_MISMATCH,op_seq differs (sz=120)
0x00225678,0x002227E8,actSt08aEne2,st08a.o,SEQ_MISMATCH,op_seq differs (sz=120)
0x002256F0,0x00222860,actSt08aEnemy1,st08a.o,SEQ_MISMATCH,op_seq differs (sz=168)
0x00225798,0x00222908,actSt08aEnemy2,st08a.o,SEQ_MISMATCH,op_seq differs (sz=168)
0x00225840,0x002229B0,actSt08aEnemy3,st08a.o,SEQ_MISMATCH,op_seq differs (sz=160)
0x002258E0,0x00222A50,actSt08aEnemy4,st08a.o,SEQ_MISMATCH,op_seq differs (sz=160)
0x00225980,0x00222AF0,actSt08aIntro,st08a.o,SEQ_MISMATCH,op_seq differs (sz=120)
0x002259F8,0x00222B68,actSt08aInit,st08a.o,SEQ_MISMATCH,op_seq differs (sz=120)
0x00225A70,0x00222BE0,actSt08aEne1Chk,st08a.o,SEQ_MISMATCH,op_seq differs (sz=184)
0x00225B28,0x00222C98,actSt08aDoorMain,st08a.o,SEQ_MISMATCH,op_seq differs (sz=56)
0x00225B60,0x00222CD0,actSt08aDoorSwitch,st08a.o,SEQ_MISMATCH,op_seq differs (sz=88)
0x00225BB8,0x00222D28,actSt08aIntroChk,st08a.o,OOB,USA address out of bounds
0x00225C60,,actSt08bKurenSwitch,st08b.o,NO_ANCHOR,Object has no USA anchor
0x00226008,,actSt08bKurenLeft,st08b.o,NO_ANCHOR,Object has no USA anchor
0x00226120,,actSt08bKurenRight,st08b.o,NO_ANCHOR,Object has no USA anchor
0x00226220,,actSt08bDoor,st08b.o,NO_ANCHOR,Object has no USA anchor
0x00226328,,actSt08bDoorUpChk,st08b.o,NO_ANCHOR,Object has no USA anchor
0x002264A0,,actSt08bDoorDownChk,st08b.o,NO_ANCHOR,Object has no USA anchor
0x00226618,,actSt08bKuren,st08b.o,NO_ANCHOR,Object has no USA anchor
0x00226680,,actSt08bEne,st08b.o,NO_ANCHOR,Object has no USA anchor
0x002266F8,,actSt08bEnemy1,st08b.o,NO_ANCHOR,Object has no USA anchor
0x00226788,,actSt08bEnemy2,st08b.o,NO_ANCHOR,Object has no USA anchor
0x00226818,,actSt08bKurenMain,st08b.o,NO_ANCHOR,Object has no USA anchor
0x00226860,,actSt08aGirlYoro,st08b.o,NO_ANCHOR,Object has no USA anchor
0x002268B8,,actSt08bDoorEvent,st08b.o,NO_ANCHOR,Object has no USA anchor
0x002268C8,,actSt08bDoorUpEffect,st08b.o,NO_ANCHOR,Object has no USA anchor
0x002269A8,,actSt08bDoorDownEffect,st08b.o,NO_ANCHOR,Object has no USA anchor
0x00226A88,,actSt08bEneChk,st08b.o,NO_ANCHOR,Object has no USA anchor
0x00226AF0,0x00214A40,actSt09aInit,st09a.o,MATCH,offset=0x-00120B0
0x00226B30,0x00214A80,actSt09aElvDown,st09a.o,SEQ_MISMATCH,op_seq differs (sz=240)
0x00226C20,0x00214B70,actSt09aSekizo,st09a.o,SEQ_MISMATCH,op_seq differs (sz=200)
0x00226CE8,0x00214C38,actSt09aBrgDown,st09a.o,SEQ_MISMATCH,op_seq differs (sz=296)
0x00226E10,0x00214D60,actSt09aElv,st09a.o,SEQ_MISMATCH,op_seq differs (sz=152)
0x00226EA8,0x00214DF8,actSt09aIntro,st09a.o,SEQ_MISMATCH,op_seq differs (sz=120)
0x00226F20,0x00214E70,actSt09aBrg,st09a.o,MATCH,offset=0x-00120B0
0x00226F98,0x00214EE8,actSt09aElvMain,st09a.o,MATCH,offset=0x-00120B0
0x00226FD0,0x00214F20,actSt09aElvSwitch,st09a.o,SEQ_MISMATCH,op_seq differs (sz=152)
0x00227068,0x00214FB8,actSt09aElvUp,st09a.o,SEQ_MISMATCH,op_seq differs (sz=224)
0x00227148,0x00215098,actSt09aSekizoEvent,st09a.o,SEQ_MISMATCH,op_seq differs (sz=16)
0x00227158,0x002150A8,actSt09aIntroChk,st09a.o,SEQ_MISMATCH,op_seq differs (sz=128)
0x002271D8,0x00215128,actSt09aBrgMain,st09a.o,SEQ_MISMATCH,op_seq differs (sz=56)
0x00227210,0x00215160,actSt09aBrgSwitch,st09a.o,OOB,USA address out of bounds
0x00227268,,actSt10lInit,st10l.o,NO_ANCHOR,Object has no USA anchor
0x002272E0,,actSt10lFloorLeft,st10l.o,NO_ANCHOR,Object has no USA anchor
0x00227520,,actSt10lFloorRight,st10l.o,NO_ANCHOR,Object has no USA anchor
0x002276E8,,actSt10lGondolaUp,st10l.o,NO_ANCHOR,Object has no USA anchor
0x00227848,,actSt10lGondolaDown,st10l.o,NO_ANCHOR,Object has no USA anchor
0x002279C0,,actSt10lEneCam3Chk,st10l.o,NO_ANCHOR,Object has no USA anchor
0x00227AD8,,actSt10lChainMove,st10l.o,NO_ANCHOR,Object has no USA anchor
0x00227BB0,,actSt10lChain,st10l.o,NO_ANCHOR,Object has no USA anchor
0x00227C58,,actSt10lFloor,st10l.o,NO_ANCHOR,Object has no USA anchor
0x00227CC0,,actSt10lGondola,st10l.o,NO_ANCHOR,Object has no USA anchor
0x00227D70,,actSt10lSekizo,st10l.o,NO_ANCHOR,Object has no USA anchor
0x00227DD8,,actSt10lBox,st10l.o,NO_ANCHOR,Object has no USA anchor
0x00227E40,,actSt10lEnemy1_1,st10l.o,NO_ANCHOR,Object has no USA anchor
0x00227EC0,,actSt10lEnemy1_2,st10l.o,NO_ANCHOR,Object has no USA anchor
0x00227F40,,actSt10lEnemy2_1,st10l.o,NO_ANCHOR,Object has no USA anchor
0x00227FC0,,actSt10lEnemy2_2,st10l.o,NO_ANCHOR,Object has no USA anchor
0x00228040,,actSt10lEnemy2_3,st10l.o,NO_ANCHOR,Object has no USA anchor
0x002280C0,,actSt10lEnemy3_1,st10l.o,NO_ANCHOR,Object has no USA anchor
0x00228140,,actSt10lEnemy3_2,st10l.o,NO_ANCHOR,Object has no USA anchor
0x002281C0,,actSt10lEneCam1,st10l.o,NO_ANCHOR,Object has no USA anchor
0x00228238,,actSt10lEneCam2,st10l.o,NO_ANCHOR,Object has no USA anchor
0x002282B0,,actSt10lEneCam3,st10l.o,NO_ANCHOR,Object has no USA anchor
0x00228328,,actSt10lBoxA,st10l.o,NO_ANCHOR,Object has no USA anchor
0x002283B0,,actSt10lBoxB,st10l.o,NO_ANCHOR,Object has no USA anchor
0x00228438,,actSt10lGateXL,st10l.o,NO_ANCHOR,Object has no USA anchor
0x00228488,,actSt10lFloorMain,st10l.o,NO_ANCHOR,Object has no USA anchor
0x002284F8,,actSt10lFloorSwitch,st10l.o,NO_ANCHOR,Object has no USA anchor
0x002285A0,,actSt10lGondolaMain,st10l.o,NO_ANCHOR,Object has no USA anchor
0x002285E8,,actSt10lGondolaSwitch,st10l.o,NO_ANCHOR,Object has no USA anchor
0x00228690,,actSt10lEneCam1Chk,st10l.o,NO_ANCHOR,Object has no USA anchor
0x00228718,,actSt10lBoxChk,st10l.o,NO_ANCHOR,Object has no USA anchor
0x00228778,,actSt10lEneCam2Chk,st10l.o,NO_ANCHOR,Object has no USA anchor
0x00228828,,actSt10lSekizoEvent,st10l.o,NO_ANCHOR,Object has no USA anchor
0x00228838,,actSt10lBoxAChk,st10l.o,NO_ANCHOR,Object has no USA anchor
0x002288A0,,actSt10lBoxBChk,st10l.o,NO_ANCHOR,Object has no USA anchor
0x00228908,,actSt10lChainMain,st10l.o,NO_ANCHOR,Object has no USA anchor
0x00228940,,actSt10lChainSwitch,st10l.o,NO_ANCHOR,Object has no USA anchor
0x00228998,0x00216714,actSt10rInit,st10r.o,MATCH,offset=0x-0012284
0x00228A60,0x002167DC,actSt10rFloorChk,st10r.o,MATCH,offset=0x-0012284
0x00228B58,0x002168D4,actSt10rCageMain,st10r.o,SEQ_MISMATCH,op_seq differs (sz=240)
0x00228C48,0x002169C4,actSt10rTowerChk,st10r.o,SEQ_MISMATCH,op_seq differs (sz=528)
0x00228E58,0x00216BD4,actSt10rTowerConte,st10r.o,SEQ_MISMATCH,op_seq differs (sz=392)
0x00228FE0,0x00216D5C,actSt10rChainMove,st10r.o,SEQ_MISMATCH,op_seq differs (sz=232)
0x002290C8,0x00216E44,actSt10rFence,st10r.o,SEQ_MISMATCH,op_seq differs (sz=312)
0x00229200,0x00216F7C,actSt10rFenceDownChk,st10r.o,SEQ_MISMATCH,op_seq differs (sz=320)
0x00229340,0x002170BC,actSt10rFenceUpChk,st10r.o,SEQ_MISMATCH,op_seq differs (sz=312)
0x00229478,0x002171F4,actSt10rFenceDownChk2,st10r.o,SEQ_MISMATCH,op_seq differs (sz=320)
0x002295B8,0x00217334,actSt10rFenceUpChk2,st10r.o,SEQ_MISMATCH,op_seq differs (sz=312)
0x002296F0,0x0021746C,actSt10rFloor,st10r.o,SEQ_MISMATCH,op_seq differs (sz=120)
0x00229768,0x002174E4,actSt10rCage,st10r.o,SEQ_MISMATCH,op_seq differs (sz=136)
0x002297F0,0x0021756C,actSt10rTower,st10r.o,SEQ_MISMATCH,op_seq differs (sz=120)
0x00229868,0x002175E4,actSt10rExit,st10r.o,SEQ_MISMATCH,op_seq differs (sz=104)
0x002298D0,0x0021764C,actSt10rChain,st10r.o,SEQ_MISMATCH,op_seq differs (sz=168)
0x00229978,0x002176F4,actSt10rSekizo,st10r.o,SEQ_MISMATCH,op_seq differs (sz=104)
0x002299E0,0x0021775C,actSt10rEne,st10r.o,SEQ_MISMATCH,op_seq differs (sz=120)
0x00229A58,0x002177D4,actSt10rEnemy1,st10r.o,SEQ_MISMATCH,op_seq differs (sz=168)
0x00229B00,0x0021787C,actSt10rEnemy2,st10r.o,SEQ_MISMATCH,op_seq differs (sz=112)
0x00229B70,0x002178EC,actSt10rElv,st10r.o,SEQ_MISMATCH,op_seq differs (sz=128)
0x00229BF0,0x0021796C,actSt10rGateXL,st10r.o,SEQ_MISMATCH,op_seq differs (sz=80)
0x00229C40,0x002179BC,actSt10rGirlWay,st10r.o,SEQ_MISMATCH,op_seq differs (sz=88)
0x00229C98,0x00217A14,actSt10rExitChk,st10r.o,SEQ_MISMATCH,op_seq differs (sz=208)
0x00229D68,0x00217AE4,actSt10rChainMain,st10r.o,SEQ_MISMATCH,op_seq differs (sz=56)
0x00229DA0,0x00217B1C,actSt10rChainSwitch,st10r.o,SEQ_MISMATCH,op_seq differs (sz=88)
0x00229DF8,0x00217B74,actSt10rSekizoEvent,st10r.o,SEQ_MISMATCH,op_seq differs (sz=16)
0x00229E08,0x00217B84,actSt10rEneChk,st10r.o,OOB,USA address out of bounds
0x00229E80,,actSt13aElevUp,st13a.o,NO_ANCHOR,Object has no USA anchor
0x0022A020,,actSt13aElevDownChk,st13a.o,NO_ANCHOR,Object has no USA anchor
0x0022A178,,actSt13aSekizoChk,st13a.o,NO_ANCHOR,Object has no USA anchor
0x0022A378,,actSt13aElev,st13a.o,NO_ANCHOR,Object has no USA anchor
0x0022A418,,actSt13aElevDown,st13a.o,NO_ANCHOR,Object has no USA anchor
0x0022A4E8,,actSt13aSekizo,st13a.o,NO_ANCHOR,Object has no USA anchor
0x0022A580,,actSt13aExit,st13a.o,NO_ANCHOR,Object has no USA anchor
0x0022A5E8,,actSt13aCheck,st13a.o,NO_ANCHOR,Object has no USA anchor
0x0022A660,,actSt13aChain,st13a.o,NO_ANCHOR,Object has no USA anchor
0x0022A708,,actSt13aElevMain,st13a.o,NO_ANCHOR,Object has no USA anchor
0x0022A738,,actSt13aElevSwitch,st13a.o,NO_ANCHOR,Object has no USA anchor
0x0022A7A0,,actSt13aExitChk,st13a.o,NO_ANCHOR,Object has no USA anchor
0x0022A820,,actSt13aCheckChk,st13a.o,NO_ANCHOR,Object has no USA anchor
0x0022A850,,actSt13aChainOK,st13a.o,NO_ANCHOR,Object has no USA anchor
0x0022A900,,actSt13aChainNG,st13a.o,NO_ANCHOR,Object has no USA anchor
0x0022A9B0,,actSt13bFloor,st13b.o,NO_ANCHOR,Object has no USA anchor
0x0022AB18,,actSt13bFloorChk,st13b.o,NO_ANCHOR,Object has no USA anchor
0x0022AC00,,actSt13bConte02,st13b.o,NO_ANCHOR,Object has no USA anchor
0x0022B508,,actSt13bSekizoChk,st13b.o,NO_ANCHOR,Object has no USA anchor
0x0022B700,,actSt13bSekizo2Chk,st13b.o,NO_ANCHOR,Object has no USA anchor
0x0022B8F8,,actSt13bMeetAgain,st13b.o,NO_ANCHOR,Object has no USA anchor
0x0022BA10,,actSt13bBoss,st13b.o,NO_ANCHOR,Object has no USA anchor
0x0022BB08,,actSt13bElevDown,st13b.o,NO_ANCHOR,Object has no USA anchor
0x0022BC70,,actSt13bElevUp,st13b.o,NO_ANCHOR,Object has no USA anchor
0x0022BD58,,actSt13bElevUpChk,st13b.o,NO_ANCHOR,Object has no USA anchor
0x0022BE78,,actSt13bSekizo,st13b.o,NO_ANCHOR,Object has no USA anchor
0x0022BF10,,actSt13bSekizo2,st13b.o,NO_ANCHOR,Object has no USA anchor
0x0022BFA8,,actSt13bBossAfter,st13b.o,NO_ANCHOR,Object has no USA anchor
0x0022C040,,actSt13bStoneGirl,st13b.o,NO_ANCHOR,Object has no USA anchor
0x0022C0A8,,actSt13bExit,st13b.o,NO_ANCHOR,Object has no USA anchor
0x0022C110,,actSt13bElev,st13b.o,NO_ANCHOR,Object has no USA anchor
0x0022C178,,actSt13bDoor,st13b.o,NO_ANCHOR,Object has no USA anchor
0x0022C210,,actBossTest,st13b.o,NO_ANCHOR,Object has no USA anchor
0x0022C290,,actSt13bConte02Jimaku,st13b.o,NO_ANCHOR,Object has no USA anchor
0x0022C410,,actSt13bSekizo2Event,st13b.o,NO_ANCHOR,Object has no USA anchor
0x0022C420,,actSt13bMeetAgainChk,st13b.o,NO_ANCHOR,Object has no USA anchor
0x0022C4D8,,actConte10a,st13b.o,NO_ANCHOR,Object has no USA anchor
0x0022C588,,actSt13bBossChk,st13b.o,NO_ANCHOR,Object has no USA anchor
0x0022C650,,actConte10b,st13b.o,NO_ANCHOR,Object has no USA anchor
0x0022C718,,actSt13bBossAfterChk,st13b.o,NO_ANCHOR,Object has no USA anchor
0x0022C7E8,,actConte10c,st13b.o,NO_ANCHOR,Object has no USA anchor
0x0022C8A0,,actSt13bExitChk,st13b.o,NO_ANCHOR,Object has no USA anchor
0x0022C918,,actSt13bElevMain,st13b.o,NO_ANCHOR,Object has no USA anchor
0x0022C948,,actSt13bElevSwitch,st13b.o,NO_ANCHOR,Object has no USA anchor
0x0022C9A0,,actSt13bDoorMain,st13b.o,NO_ANCHOR,Object has no USA anchor
0x0022C9D8,,actSt13bDoorSwitch,st13b.o,NO_ANCHOR,Object has no USA anchor
0x0022CA30,,actSt13bDoorUp,st13b.o,NO_ANCHOR,Object has no USA anchor
0x0022CAE8,,actSt13b2Generator,st13b2.o,NO_ANCHOR,Object has no USA anchor
0x0022CB18,0x00219DA8,actSt13cInit,st13c.o,MATCH,offset=0x-0012D70
0x0022CB48,0x00219DD8,actSt13cEnd,st13c.o,MATCH,offset=0x-0012D70
0x0022CB78,0x00219E08,actSt13cBmg1,st13c.o,MATCH,offset=0x-0012D70
0x0022CC98,0x00219F28,actSt13cBmg1Chk,st13c.o,MATCH,offset=0x-0012D70
0x0022CF58,0x0021A1E8,actSt13cConte04,st13c.o,SEQ_MISMATCH,op_seq differs (sz=320)
0x0022D098,0x0021A328,actSt13cConte04Jimaku,st13c.o,SEQ_MISMATCH,op_seq differs (sz=440)
0x0022D250,0x0021A4E0,actSt13cCage1stDownDemoCancel,st13c.o,SEQ_MISMATCH,op_seq differs (sz=328)
0x0022D398,0x0021A628,actSt13cCage1stDown,st13c.o,SEQ_MISMATCH,op_seq differs (sz=352)
0x0022D4F8,0x0021A788,actSt13cCageFall,st13c.o,SEQ_MISMATCH,op_seq differs (sz=336)
0x0022D648,0x0021A8D8,actSt13cCageFallChk,st13c.o,SEQ_MISMATCH,op_seq differs (sz=1464)
0x0022DC00,0x0021AE90,actSt13cConte05,st13c.o,SEQ_MISMATCH,op_seq differs (sz=1160)
0x0022E088,0x0021B318,actSt13cConte05Jimaku,st13c.o,SEQ_MISMATCH,op_seq differs (sz=456)
0x0022E250,0x0021B4E0,actSt13cCageFallEffect,st13c.o,SEQ_MISMATCH,op_seq differs (sz=888)
0x0022E5C8,0x0021B858,actSt13cGirlCarryChk,st13c.o,SEQ_MISMATCH,op_seq differs (sz=256)
0x0022E6C8,0x0021B958,actSt13cHandChk,st13c.o,SEQ_MISMATCH,op_seq differs (sz=936)
0x0022EA70,0x0021BD00,actSt13cHandJimaku,st13c.o,SEQ_MISMATCH,op_seq differs (sz=432)
0x0022EC20,0x0021BEB0,actSt13cSleep,st13c.o,SEQ_MISMATCH,op_seq differs (sz=120)
0x0022EC98,0x0021BF28,actSt13cCageDown,st13c.o,SEQ_MISMATCH,op_seq differs (sz=192)
0x0022ED58,0x0021BFE8,actSt13cCageFallReady,st13c.o,SEQ_MISMATCH,op_seq differs (sz=120)
0x0022EDD0,0x0021C060,actSt13cEnemy,st13c.o,SEQ_MISMATCH,op_seq differs (sz=152)
0x0022EE68,0x0021C0F8,actSt13cEnemyNull,st13c.o,SEQ_MISMATCH,op_seq differs (sz=104)
0x0022EED0,0x0021C160,actSt13cSekizo,st13c.o,SEQ_MISMATCH,op_seq differs (sz=152)
0x0022EF68,0x0021C1F8,actSt13cSekizoJimaku,st13c.o,SEQ_MISMATCH,op_seq differs (sz=120)
0x0022EFE0,0x0021C270,actSt13cHand,st13c.o,SEQ_MISMATCH,op_seq differs (sz=120)
0x0022F058,0x0021C2E8,actSt13cGirlCarry,st13c.o,SEQ_MISMATCH,op_seq differs (sz=120)
0x0022F0D0,0x0021C360,actSt13cRescue,st13c.o,SEQ_MISMATCH,op_seq differs (sz=136)
0x0022F158,0x0021C3E8,actSt13cBuki,st13c.o,SEQ_MISMATCH,op_seq differs (sz=104)
0x0022F1C0,0x0021C450,actSt13cBmg1Event,st13c.o,SEQ_MISMATCH,op_seq differs (sz=16)
0x0022F1D0,0x0021C460,actSt13cSleepEvent,st13c.o,SEQ_MISMATCH,op_seq differs (sz=16)
0x0022F1E0,0x0021C470,actSt13cSleepChk,st13c.o,SEQ_MISMATCH,op_seq differs (sz=208)
0x0022F2B0,0x0021C540,actSt13cCageDownMain,st13c.o,SEQ_MISMATCH,op_seq differs (sz=56)
0x0022F2E8,0x0021C578,actSt13cCageDownSwitch,st13c.o,SEQ_MISMATCH,op_seq differs (sz=112)
0x0022F358,0x0021C5E8,actSt13cCage1stDownDemo,st13c.o,SEQ_MISMATCH,op_seq differs (sz=80)
0x0022F3A8,0x0021C638,actSt13cCageFallReadyChk,st13c.o,SEQ_MISMATCH,op_seq differs (sz=128)
0x0022F428,0x0021C6B8,actSt13cCageFallEvent,st13c.o,SEQ_MISMATCH,op_seq differs (sz=16)
0x0022F438,0x0021C6C8,actSt13cSekizoEvent,st13c.o,SEQ_MISMATCH,op_seq differs (sz=16)
0x0022F448,0x0021C6D8,actSt13cSekizoJimakuChk,st13c.o,SEQ_MISMATCH,op_seq differs (sz=96)
0x0022F4A8,0x0021C738,actSt13cSekizoJimakuEff,st13c.o,SEQ_MISMATCH,op_seq differs (sz=400)
0x0022F638,0x0021C8C8,actSt13cGirlCarryAgainChk,st13c.o,SEQ_MISMATCH,op_seq differs (sz=200)
0x0022F700,0x0021C990,actSt13cRescueChk,st13c.o,SEQ_MISMATCH,op_seq differs (sz=168)
0x0022F7A8,0x0021CA38,actSt13cBukiEvent,st13c.o,SEQ_MISMATCH,op_seq differs (sz=16)
0x0022F7B8,0x0021CA48,actSt13cBukiChk,st13c.o,OOB,USA address out of bounds
0x0022F810,0x00221588,actSt13dExit,st13d.o,MATCH,offset=0x-000E288
0x0022F8F0,0x00221668,actSt13dExitR,st13d.o,SEQ_MISMATCH,op_seq differs (sz=208)
0x0022F9C0,0x00221738,actSt13dExitL,st13d.o,SEQ_MISMATCH,op_seq differs (sz=208)
0x0022FA90,0x00221808,actSt13dInit,st13d.o,OOB,USA address out of bounds
0x0022FA98,,actSt17aDoor,st17a.o,NO_ANCHOR,Object has no USA anchor
0x0022FBE8,,actSt17aDoorUpChk,st17a.o,NO_ANCHOR,Object has no USA anchor
0x0022FD88,,actSt17aDoorDownChk,st17a.o,NO_ANCHOR,Object has no USA anchor
0x0022FF18,,actSt17aHasiChk,st17a.o,NO_ANCHOR,Object has no USA anchor
0x00230120,,actSt17aHasiEffect,st17a.o,NO_ANCHOR,Object has no USA anchor
0x002303F0,,actLinkTest,st17a.o,NO_ANCHOR,Object has no USA anchor
0x00230458,,actSt17aSekizo,st17a.o,NO_ANCHOR,Object has no USA anchor
0x002304C0,,actSt17aHasi,st17a.o,NO_ANCHOR,Object has no USA anchor
0x00230578,,actSt17aIntro,st17a.o,NO_ANCHOR,Object has no USA anchor
0x002305F0,,actSt17aSekizoEvent,st17a.o,NO_ANCHOR,Object has no USA anchor
0x00230600,,actLinkTestChk,st17a.o,NO_ANCHOR,Object has no USA anchor
0x00230658,,actSt17aDoorEvent,st17a.o,NO_ANCHOR,Object has no USA anchor
0x00230668,,actSt17aDoorUpEffect,st17a.o,NO_ANCHOR,Object has no USA anchor
0x00230748,,actSt17aDoorDownEffect,st17a.o,NO_ANCHOR,Object has no USA anchor
0x00230828,,actSt17aHasiEvent,st17a.o,NO_ANCHOR,Object has no USA anchor
0x00230838,,actSt17aIntroChk,st17a.o,NO_ANCHOR,Object has no USA anchor
0x002308F8,,actSt17aGirlWay,st17a.o,NO_ANCHOR,Object has no USA anchor
0x00230948,,actSt17bTest,st17b.o,NO_ANCHOR,Object has no USA anchor
0x00230978,,actSt17bCheck,st17b.o,NO_ANCHOR,Object has no USA anchor
0x00230A20,,actSt17bIntro,st17b.o,NO_ANCHOR,Object has no USA anchor
0x00230A98,,actSt17bCheckChk,st17b.o,NO_ANCHOR,Object has no USA anchor
0x00230AC8,,actSt17bIntroChk,st17b.o,NO_ANCHOR,Object has no USA anchor
0x00230B68,,actSt18aEnd,st18a.o,NO_ANCHOR,Object has no USA anchor
0x00230BA0,,actSt18aSwitchLChk,st18a.o,NO_ANCHOR,Object has no USA anchor
0x00230DC8,,actSt18aSwitchLUpChk,st18a.o,NO_ANCHOR,Object has no USA anchor
0x00230F08,,actSt18aSwitchRChk,st18a.o,NO_ANCHOR,Object has no USA anchor
0x00231130,,actSt18aSwitchRUpChk,st18a.o,NO_ANCHOR,Object has no USA anchor
0x00231270,,actSt18aDoorChk,st18a.o,NO_ANCHOR,Object has no USA anchor
0x002313A8,,actSt18aDoorDownChk,st18a.o,NO_ANCHOR,Object has no USA anchor
0x002314B8,,actSt18aEnemy1_1,st18a.o,NO_ANCHOR,Object has no USA anchor
0x00231590,,actSt18aEnemy2_1,st18a.o,NO_ANCHOR,Object has no USA anchor
0x00231660,,actSt18aIntro,st18a.o,NO_ANCHOR,Object has no USA anchor
0x002316D8,,actSt18aDoor,st18a.o,NO_ANCHOR,Object has no USA anchor
0x002317A0,,actSt18aSwitchL,st18a.o,NO_ANCHOR,Object has no USA anchor
0x00231868,,actSt18aSwitchR,st18a.o,NO_ANCHOR,Object has no USA anchor
0x00231930,,actSt18aEne,st18a.o,NO_ANCHOR,Object has no USA anchor
0x002319A8,,actSt18aEnemy1_2,st18a.o,NO_ANCHOR,Object has no USA anchor
0x00231A60,,actSt18aEne2,st18a.o,NO_ANCHOR,Object has no USA anchor
0x00231AD8,,actSt18aEnemy2_2,st18a.o,NO_ANCHOR,Object has no USA anchor
0x00231B90,,actSt18aCamera,st18a.o,NO_ANCHOR,Object has no USA anchor
0x00231BA0,,actSt18aIntroChk,st18a.o,NO_ANCHOR,Object has no USA anchor
0x00231C50,,actSt18aEneChk,st18a.o,NO_ANCHOR,Object has no USA anchor
0x00231CC0,,actSt18aEne2Chk,st18a.o,NO_ANCHOR,Object has no USA anchor
0x00231D40,,actSt19aOriDown,st19a.o,NO_ANCHOR,Object has no USA anchor
0x00231E68,,actSt19aOriUp,st19a.o,NO_ANCHOR,Object has no USA anchor
0x00231F90,,actSt19aHaguruma,st19a.o,NO_ANCHOR,Object has no USA anchor
0x002320E0,,actSt19aHagurumaChk,st19a.o,NO_ANCHOR,Object has no USA anchor
0x00232288,,actSt19aPipeChk,st19a.o,NO_ANCHOR,Object has no USA anchor
0x00232390,,actSt19aChainDown,st19a.o,NO_ANCHOR,Object has no USA anchor
0x002324D8,,actSt19aChainUp,st19a.o,NO_ANCHOR,Object has no USA anchor
0x002325C8,,actSt19aOri,st19a.o,NO_ANCHOR,Object has no USA anchor
0x00232678,,actSt19aOriXL,st19a.o,NO_ANCHOR,Object has no USA anchor
0x002326E8,,actSt19aPipe,st19a.o,NO_ANCHOR,Object has no USA anchor
0x002327A0,,actSt19aPipeXL,st19a.o,NO_ANCHOR,Object has no USA anchor
0x00232800,,actSt19aChain,st19a.o,NO_ANCHOR,Object has no USA anchor
0x00232898,,actSt19bIntro,st19a.o,NO_ANCHOR,Object has no USA anchor
0x00232910,,actSt19aOriMain,st19a.o,NO_ANCHOR,Object has no USA anchor
0x00232948,,actSt19aOriSwitch,st19a.o,NO_ANCHOR,Object has no USA anchor
0x002329E0,,actSt19aChainMain,st19a.o,NO_ANCHOR,Object has no USA anchor
0x00232A18,,actSt19aChainSwitch,st19a.o,NO_ANCHOR,Object has no USA anchor
0x00232AB8,,actSt19bIntroChk,st19a.o,NO_ANCHOR,Object has no USA anchor
0x00232B58,,actSt20aInit,st20a.o,NO_ANCHOR,Object has no USA anchor
0x00232BB0,,actSt20aEnd,st20a.o,NO_ANCHOR,Object has no USA anchor
0x00232BF8,,actSt20aBridgeDown,st20a.o,NO_ANCHOR,Object has no USA anchor
0x00232CE8,,actSt20aGondolaDown,st20a.o,NO_ANCHOR,Object has no USA anchor
0x00232E68,,actSt20aGondolaUp,st20a.o,NO_ANCHOR,Object has no USA anchor
0x00232FD0,,actSt20aFence,st20a.o,NO_ANCHOR,Object has no USA anchor
0x00233100,,actSt20aFenceDownChk,st20a.o,NO_ANCHOR,Object has no USA anchor
0x00233230,,actSt20aFenceUpChk,st20a.o,NO_ANCHOR,Object has no USA anchor
0x00233360,,actSt20aFenceDownChk2,st20a.o,NO_ANCHOR,Object has no USA anchor
0x00233490,,actSt20aFenceUpChk2,st20a.o,NO_ANCHOR,Object has no USA anchor
0x002335C0,,actSt20aBridge,st20a.o,NO_ANCHOR,Object has no USA anchor
0x00233638,,actSt20aGondola,st20a.o,NO_ANCHOR,Object has no USA anchor
0x002336E8,,actSt20aExit,st20a.o,NO_ANCHOR,Object has no USA anchor
0x00233750,,actSt20aElv,st20a.o,NO_ANCHOR,Object has no USA anchor
0x002337D0,,actSt20aEne,st20a.o,NO_ANCHOR,Object has no USA anchor
0x00233848,,actSt20aEnemy1,st20a.o,NO_ANCHOR,Object has no USA anchor
0x002338F0,,actSt20aEnemy2,st20a.o,NO_ANCHOR,Object has no USA anchor
0x00233998,,actSt20aEnemy3,st20a.o,NO_ANCHOR,Object has no USA anchor
0x00233A08,,actSt20aBridgeMain,st20a.o,NO_ANCHOR,Object has no USA anchor
0x00233A40,,actSt20aBridgeSwitch,st20a.o,NO_ANCHOR,Object has no USA anchor
0x00233A98,,actSt20aGondolaMain,st20a.o,NO_ANCHOR,Object has no USA anchor
0x00233AE0,,actSt20aGondolaSwitch,st20a.o,NO_ANCHOR,Object has no USA anchor
0x00233B88,,actSt20aExitChk,st20a.o,NO_ANCHOR,Object has no USA anchor
0x00233C58,,actSt20aEneChk,st20a.o,NO_ANCHOR,Object has no USA anchor
0x00233CD0,,actSt22aLightningVolime,st22a.o,NO_ANCHOR,Object has no USA anchor
0x00233D90,,actSt22aIntro,st22a.o,NO_ANCHOR,Object has no USA anchor
0x00233F00,,actSt22aIntroChk,st22a.o,NO_ANCHOR,Object has no USA anchor
0x00234188,,actSt22aIntroSub,st22a.o,NO_ANCHOR,Object has no USA anchor
0x002342A0,,actSt24aSwordChk,st24a.o,NO_ANCHOR,Object has no USA anchor
0x00234458,,actSt24aSword,st24a.o,NO_ANCHOR,Object has no USA anchor
0x002344E8,,actSt24aSaku,st24a.o,NO_ANCHOR,Object has no USA anchor
0x00234528,,actSt47aInit,st47a.o,NO_ANCHOR,Object has no USA anchor
0x002345D0,,actSt47aEnd,st47a.o,NO_ANCHOR,Object has no USA anchor
0x00234608,,actSt47aSekizo1Chk,st47a.o,NO_ANCHOR,Object has no USA anchor
0x00234930,,actSt47aHane1Up,st47a.o,NO_ANCHOR,Object has no USA anchor
0x00234A70,,actSt47aHane2Up,st47a.o,NO_ANCHOR,Object has no USA anchor
0x00234B90,,actSt47aRopeChk,st47a.o,NO_ANCHOR,Object has no USA anchor
0x00234D30,,actSt47aEnemy1,st47a.o,NO_ANCHOR,Object has no USA anchor
0x00234DF8,,actSt47aTorch,st47a.o,NO_ANCHOR,Object has no USA anchor
0x00234EA8,,actSt47aSekizo1,st47a.o,NO_ANCHOR,Object has no USA anchor
0x00234F68,,actSt47aSekizo2,st47a.o,NO_ANCHOR,Object has no USA anchor
0x00234FC8,,actSt47aSekizo3,st47a.o,NO_ANCHOR,Object has no USA anchor
0x00235028,,actSt47aSekizo4,st47a.o,NO_ANCHOR,Object has no USA anchor
0x00235088,,actSt47aHane1,st47a.o,NO_ANCHOR,Object has no USA anchor
0x002350F8,,actSt47aHane2,st47a.o,NO_ANCHOR,Object has no USA anchor
0x00235160,,actSt47aRope,st47a.o,NO_ANCHOR,Object has no USA anchor
0x00235218,,actSt47aBarricade,st47a.o,NO_ANCHOR,Object has no USA anchor
0x002352B0,,actSt47aExit,st47a.o,NO_ANCHOR,Object has no USA anchor
0x00235318,,actSt47aExit2,st47a.o,NO_ANCHOR,Object has no USA anchor
0x00235390,,actSt47aEne,st47a.o,NO_ANCHOR,Object has no USA anchor
0x00235408,,actSt47aEnemy2,st47a.o,NO_ANCHOR,Object has no USA anchor
0x00235498,,actSt47aEnemy3,st47a.o,NO_ANCHOR,Object has no USA anchor
0x00235528,,actSt47aEnemy4,st47a.o,NO_ANCHOR,Object has no USA anchor
0x00235590,,actSt47aSekizo1Event,st47a.o,NO_ANCHOR,Object has no USA anchor
0x002355A0,,actSt47aGirlWay,st47a.o,NO_ANCHOR,Object has no USA anchor
0x00235630,,actSt47aSekizo2Event,st47a.o,NO_ANCHOR,Object has no USA anchor
0x00235640,,actSt47aSekizo3Event,st47a.o,NO_ANCHOR,Object has no USA anchor
0x00235650,,actSt47aSekizo4Event,st47a.o,NO_ANCHOR,Object has no USA anchor
0x00235660,,actSt47aHane1Main,st47a.o,NO_ANCHOR,Object has no USA anchor
0x002356A8,,actSt47aHane1Switch,st47a.o,NO_ANCHOR,Object has no USA anchor
0x00235750,,actSt47aHane1Down,st47a.o,NO_ANCHOR,Object has no USA anchor
0x00235848,,actSt47aHane1_1Girl,st47a.o,NO_ANCHOR,Object has no USA anchor
0x00235898,,actSt47aHane1_2Girl,st47a.o,NO_ANCHOR,Object has no USA anchor
0x002358E8,,actSt47aHane2Main,st47a.o,NO_ANCHOR,Object has no USA anchor
0x00235930,,actSt47aHane2Switch,st47a.o,NO_ANCHOR,Object has no USA anchor
0x002359D8,,actSt47aHane2Down,st47a.o,NO_ANCHOR,Object has no USA anchor
0x00235AD0,,actSt47aHane2Girl,st47a.o,NO_ANCHOR,Object has no USA anchor
0x00235B20,,actSt47aBarricadeEvent,st47a.o,NO_ANCHOR,Object has no USA anchor
0x00235B30,,actSt47aBarricadeChk,st47a.o,NO_ANCHOR,Object has no USA anchor
0x00235BF0,,actSt47aExitChk,st47a.o,NO_ANCHOR,Object has no USA anchor
0x00235C68,,actSt47aExit2Chk,st47a.o,NO_ANCHOR,Object has no USA anchor
0x00235CA0,,actSt47aEneChk,st47a.o,NO_ANCHOR,Object has no USA anchor
0x00235D10,,actExplode,st99a.o,NO_ANCHOR,Object has no USA anchor
0x00235D78,,actSplash1,st99a.o,NO_ANCHOR,Object has no USA anchor
0x00235DE0,,actSplash2,st99a.o,NO_ANCHOR,Object has no USA anchor
0x00235E48,,actWave,st99a.o,NO_ANCHOR,Object has no USA anchor
0x00235EB0,,actSpider,st99a.o,NO_ANCHOR,Object has no USA anchor
0x00235F38,,actDevilLightning,st99a.o,NO_ANCHOR,Object has no USA anchor
0x00235F80,,actQueenLightning,st99a.o,NO_ANCHOR,Object has no USA anchor
0x00235FC8,,actSt27aWave,st99a.o,NO_ANCHOR,Object has no USA anchor
0x00236030,,actExplodeChk,st99a.o,NO_ANCHOR,Object has no USA anchor
0x002360E0,,actSplash1Chk,st99a.o,NO_ANCHOR,Object has no USA anchor
0x00236190,,actSplash2Chk,st99a.o,NO_ANCHOR,Object has no USA anchor
0x00236240,,actWaveChk,st99a.o,NO_ANCHOR,Object has no USA anchor
0x00236268,,actWave1,st99a.o,NO_ANCHOR,Object has no USA anchor
0x002362F0,,actSt27aWaveChk,st99a.o,NO_ANCHOR,Object has no USA anchor
0x00236318,,actSt27aWave1,st99a.o,NO_ANCHOR,Object has no USA anchor
0x002363A0,,actSpiderChk,st99a.o,NO_ANCHOR,Object has no USA anchor
0x00236408,,stageSEtaimatsu,stageSEProc.o,NO_ANCHOR,Object has no USA anchor
0x00236598,,stageSE04eriver,stageSEProc.o,NO_ANCHOR,Object has no USA anchor
0x00236790,,stageSE06ariver,stageSEProc.o,NO_ANCHOR,Object has no USA anchor
0x002368E8,,stageSE10lstrong2,stageSEProc.o,NO_ANCHOR,Object has no USA anchor
0x00236A30,,stageSE19ataki,stageSEProc.o,NO_ANCHOR,Object has no USA anchor
0x00236C50,,stageSE02astrong,stageSEProc.o,NO_ANCHOR,Object has no USA anchor
0x00236D70,,stageSE02ataki,stageSEProc.o,NO_ANCHOR,Object has no USA anchor
0x00236DC8,,stageSE02atakib,stageSEProc.o,NO_ANCHOR,Object has no USA anchor
0x00236E28,,stageSE03tsuiro,stageSEProc.o,NO_ANCHOR,Object has no USA anchor
0x00236E60,,stageSE03tnotSuiro,stageSEProc.o,NO_ANCHOR,Object has no USA anchor
0x00236EA0,,stageSE04agate,stageSEProc.o,NO_ANCHOR,Object has no USA anchor
0x00236F70,,stageSE04bstrong,stageSEProc.o,NO_ANCHOR,Object has no USA anchor
0x00236FD0,,stageSE04ewind,stageSEProc.o,NO_ANCHOR,Object has no USA anchor
0x00237060,,stageSE04eriverDown,stageSEProc.o,NO_ANCHOR,Object has no USA anchor
0x00237110,,stageSE06astrong,stageSEProc.o,NO_ANCHOR,Object has no USA anchor
0x00237220,,stageSE06abirdIn,stageSEProc.o,NO_ANCHOR,Object has no USA anchor
0x00237278,,stageSE06abirdOut,stageSEProc.o,NO_ANCHOR,Object has no USA anchor
0x002372D0,,stageSE06ataimatsu,stageSEProc.o,NO_ANCHOR,Object has no USA anchor
0x00237340,,stageSE08astrong,stageSEProc.o,NO_ANCHOR,Object has no USA anchor
0x00237410,,stageSE08astrong2,stageSEProc.o,NO_ANCHOR,Object has no USA anchor
0x002374E8,,stageSE08anoise3,stageSEProc.o,NO_ANCHOR,Object has no USA anchor
0x00237570,,stageSE08ataimatsu,stageSEProc.o,NO_ANCHOR,Object has no USA anchor
0x002375E8,,stageSE08bcrane,stageSEProc.o,NO_ANCHOR,Object has no USA anchor
0x00237668,,stageSE08brail,stageSEProc.o,NO_ANCHOR,Object has no USA anchor
0x002376E8,,stageSE09asea,stageSEProc.o,NO_ANCHOR,Object has no USA anchor
0x00237720,,stageSE10lstrong,stageSEProc.o,NO_ANCHOR,Object has no USA anchor
0x00237860,,stageSE10rstrong,stageSEProc.o,NO_ANCHOR,Object has no USA anchor
0x002378F8,,stageSE10rstrong2,stageSEProc.o,NO_ANCHOR,Object has no USA anchor
0x00237958,,stageSE13arain,stageSEProc.o,NO_ANCHOR,Object has no USA anchor
0x00237998,,stageSE13cNoise,stageSEProc.o,NO_ANCHOR,Object has no USA anchor
0x002379C0,,stageSE13dterrace,stageSEProc.o,NO_ANCHOR,Object has no USA anchor
0x00237A00,,stageSE13dstrong,stageSEProc.o,NO_ANCHOR,Object has no USA anchor
0x00237AB8,,stageSE17astrong,stageSEProc.o,NO_ANCHOR,Object has no USA anchor
0x00237B18,,stageSE18awind,stageSEProc.o,NO_ANCHOR,Object has no USA anchor
0x00237BA8,,stageSE17brain,stageSEProc.o,NO_ANCHOR,Object has no USA anchor
0x00237C38,,stageSE17bstrong,stageSEProc.o,NO_ANCHOR,Object has no USA anchor
0x00237D10,,stageSE17btaki,stageSEProc.o,NO_ANCHOR,Object has no USA anchor
0x00237D30,,stageSE19astrong,stageSEProc.o,NO_ANCHOR,Object has no USA anchor
0x00237DA8,,stageSE19arain,stageSEProc.o,NO_ANCHOR,Object has no USA anchor
0x00237DD0,,stageSE20astrong,stageSEProc.o,NO_ANCHOR,Object has no USA anchor
0x00237E50,,stageSE20astrong2,stageSEProc.o,NO_ANCHOR,Object has no USA anchor
0x00237EB0,,stageSE22astrong,stageSEProc.o,NO_ANCHOR,Object has no USA anchor
0x00237F30,,stageSE22arain,stageSEProc.o,NO_ANCHOR,Object has no USA anchor
0x00237FC8,,stageSE24astrong,stageSEProc.o,NO_ANCHOR,Object has no USA anchor
0x00238028,,stageSE24arain,stageSEProc.o,NO_ANCHOR,Object has no USA anchor
0x00238050,,stageSE24ariver,stageSEProc.o,NO_ANCHOR,Object has no USA anchor
0x00238070,,stageSE47anoise,stageSEProc.o,NO_ANCHOR,Object has no USA anchor
0x00238100,,GetDataFileName,access.o,NO_ANCHOR,Object has no USA anchor
0x00238148,,GetDataFileName2,access.o,NO_ANCHOR,Object has no USA anchor
0x002381F8,0x00238250,LwsKyomiGeo,lws_kyomi.o,MATCH,offset=0x00000058
0x00238208,0x00238260,CreateKyomiGObj,lws_kyomi.o,SEQ_MISMATCH,op_seq differs (sz=128)
0x00238288,0x002382E0,SetParamKyomiGObj,lws_kyomi.o,OOB,USA address out of bounds
0x00238338,0x00238398,ObjectBeforeFunc,objact.o,MATCH,offset=0x00000060
0x00238340,0x002383A0,ObjAction_CorrectGeo,objact.o,SEQ_MISMATCH,op_seq differs (sz=128)
0x002383C0,0x00238420,ObjAction_Mail,objact.o,SEQ_MISMATCH,op_seq differs (sz=104)
0x00238428,0x00238488,ObjAction_MailCenter,objact.o,SEQ_MISMATCH,op_seq differs (sz=248)
0x00238520,0x00238580,ObjAction_Init,objact.o,OOB,USA address out of bounds
0x00238580,,audioDecCreate,mv_audiodec.o,NO_ANCHOR,Object has no USA anchor
0x00238B78,,audioDecSendToIOP,mv_audiodec.o,NO_ANCHOR,Object has no USA anchor
0x00238D50,,pcmCallback,mv_audiodec.o,NO_ANCHOR,Object has no USA anchor
0x00238E48,,audioDecDelete,mv_audiodec.o,NO_ANCHOR,Object has no USA anchor
0x00238EB0,,audioDecReset,mv_audiodec.o,NO_ANCHOR,Object has no USA anchor
0x00238F08,,audioDecIsPreset,mv_audiodec.o,NO_ANCHOR,Object has no USA anchor
0x00238F20,,audioDecStart,mv_audiodec.o,NO_ANCHOR,Object has no USA anchor
0x00238FB8,,audioDecPause,mv_audiodec.o,NO_ANCHOR,Object has no USA anchor
0x00238FF0,,audioDecResume,mv_audiodec.o,NO_ANCHOR,Object has no USA anchor
0x00239088,,dispClear,mv_disp.o,NO_ANCHOR,Object has no USA anchor
0x00239200,,setDispEnv,mv_disp.o,NO_ANCHOR,Object has no USA anchor
0x002393F8,,setImageSize,mv_disp.o,NO_ANCHOR,Object has no USA anchor
0x00239408,,sendDispEnv,mv_disp.o,NO_ANCHOR,Object has no USA anchor
0x00239470,,dispCreate,mv_disp.o,NO_ANCHOR,Object has no USA anchor
0x00239518,,dispSetTags,mv_disp.o,NO_ANCHOR,Object has no USA anchor
0x00239A78,,dispSwitch,mv_disp.o,NO_ANCHOR,Object has no USA anchor
0x00239AB0,,vblankHandler,mv_disp.o,NO_ANCHOR,Object has no USA anchor
0x00239C38,,dispDelete,mv_disp.o,NO_ANCHOR,Object has no USA anchor
0x00239C40,,loadImage,mv_disp.o,NO_ANCHOR,Object has no USA anchor
0x00239C80,,handler_endimage,mv_disp.o,NO_ANCHOR,Object has no USA anchor
0x00239CB8,,startDisplay,mv_disp.o,NO_ANCHOR,Object has no USA anchor
0x00239CF8,,endDisplay,mv_disp.o,NO_ANCHOR,Object has no USA anchor
0x00239D08,,setDMAscTag,mv_disp.o,NO_ANCHOR,Object has no USA anchor
0x00239D60,,setGIFtag,mv_disp.o,NO_ANCHOR,Object has no USA anchor
0x00239DB8,,setGIFad,mv_disp.o,NO_ANCHOR,Object has no USA anchor
0x00239DE8,,setTEXFLUSH,mv_disp.o,NO_ANCHOR,Object has no USA anchor
0x00239E08,,setTEX1_1,mv_disp.o,NO_ANCHOR,Object has no USA anchor
0x00239E88,,setTEX0_1,mv_disp.o,NO_ANCHOR,Object has no USA anchor
0x00239F40,,setPRIM,mv_disp.o,NO_ANCHOR,Object has no USA anchor
0x00239FD8,,setUV,mv_disp.o,NO_ANCHOR,Object has no USA anchor
0x0023A020,,setRGBAQ,mv_disp.o,NO_ANCHOR,Object has no USA anchor
0x0023A088,,setXYZ2,mv_disp.o,NO_ANCHOR,Object has no USA anchor
0x0023A0D8,,setFRAME_1,mv_disp.o,NO_ANCHOR,Object has no USA anchor
0x0023A138,,setTEST_1,mv_disp.o,NO_ANCHOR,Object has no USA anchor
0x0023A1C8,,setSCISSOR_1,mv_disp.o,NO_ANCHOR,Object has no USA anchor
0x0023A220,,setXYOFFSET_1,mv_disp.o,NO_ANCHOR,Object has no USA anchor
0x0023A258,,setPRMODECONT,mv_disp.o,NO_ANCHOR,Object has no USA anchor
0x0023A288,,setPRMODE,mv_disp.o,NO_ANCHOR,Object has no USA anchor
0x0023A318,,setCLAMP_1,mv_disp.o,NO_ANCHOR,Object has no USA anchor
0x0023A390,,setBITBLTBUF,mv_disp.o,NO_ANCHOR,Object has no USA anchor
0x0023A3C8,,setTRXPOS,mv_disp.o,NO_ANCHOR,Object has no USA anchor
0x0023A400,,setTRXREG,mv_disp.o,NO_ANCHOR,Object has no USA anchor
0x0023A438,,setTRXDIR,mv_disp.o,NO_ANCHOR,Object has no USA anchor
0x0023A468,0x0023A2E4,ErrMessage,mv_sub.o,MATCH,offset=0x-0000184
0x0023A478,0x0023A2F4,copy2area,mv_sub.o,OOB,USA address out of bounds
0x0023A5E8,,viBufCreate,mv_vibuf.o,NO_ANCHOR,Object has no USA anchor
0x0023A7A8,,viBufReset,mv_vibuf.o,NO_ANCHOR,Object has no USA anchor
0x0023A940,,viBufBeginPut,mv_vibuf.o,NO_ANCHOR,Object has no USA anchor
0x0023AA28,,viBufEndPut,mv_vibuf.o,NO_ANCHOR,Object has no USA anchor
0x0023AA78,,viBufAddDMA,mv_vibuf.o,NO_ANCHOR,Object has no USA anchor
0x0023AD18,,viBufStopDMA,mv_vibuf.o,NO_ANCHOR,Object has no USA anchor
0x0023AEA0,,viBufRestartDMA,mv_vibuf.o,NO_ANCHOR,Object has no USA anchor
0x0023B288,,viBufFlush,mv_vibuf.o,NO_ANCHOR,Object has no USA anchor
0x0023B448,,viBufGetTs,mv_vibuf.o,NO_ANCHOR,Object has no USA anchor
0x0023B5E8,,viBufDelete,mv_vibuf.o,NO_ANCHOR,Object has no USA anchor
0x0023B6A8,,viBufCount,mv_vibuf.o,NO_ANCHOR,Object has no USA anchor
0x0023B6F8,,viBufPutTs,mv_vibuf.o,NO_ANCHOR,Object has no USA anchor
0x0023B7E8,0x0023B7A8,ResetGObjProc,GobjProc.o,MATCH,offset=0x-0000040
0x0023B7F0,0x0023B7B0,GetMaxGObj,GobjProc.o,SEQ_MISMATCH,op_seq differs (sz=8)
0x0023B7F8,0x0023B7B8,GetGObjP,GobjProc.o,SEQ_MISMATCH,op_seq differs (sz=24)
0x0023B810,0x0023B7D0,GetGObjId,GobjProc.o,SEQ_MISMATCH,op_seq differs (sz=72)
0x0023B858,0x0023B818,PrintGObjID,GobjProc.o,SEQ_MISMATCH,op_seq differs (sz=128)
0x0023B8D8,0x0023B898,InitCameraGObjs,GobjProc.o,SEQ_MISMATCH,op_seq differs (sz=240)
0x0023B9C8,0x0023B988,CreateGObj,GobjProc.o,SEQ_MISMATCH,op_seq differs (sz=352)
0x0023BB28,0x0023BAE8,CreateGObjByFuncSet,GobjProc.o,OOB,USA address out of bounds
0x0023C078,,AllocPObj,PObj.o,NO_ANCHOR,Object has no USA anchor
0x0023C528,,InitPObj,PObj.o,NO_ANCHOR,Object has no USA anchor
0x0023C688,,FreePObj,PObj.o,NO_ANCHOR,Object has no USA anchor
0x0023C6A8,,DrawVObj,vobj.o,NO_ANCHOR,Object has no USA anchor
0x0023C770,,SetVObjRT,vobj.o,NO_ANCHOR,Object has no USA anchor
0x0023C7B0,,sceGsResetGraph,vobj.o,NO_ANCHOR,Object has no USA anchor
0x0023C8C0,,sceGsGetGParam,vobj.o,NO_ANCHOR,Object has no USA anchor
0x0023C8D0,,sceGsResetPath,vobj.o,NO_ANCHOR,Object has no USA anchor
0x0023C938,,sceGsSetDefDispEnv,vobj.o,NO_ANCHOR,Object has no USA anchor
0x0023CBA8,,sceGsPutDispEnv,vobj.o,NO_ANCHOR,Object has no USA anchor
0x0023CC68,,sceGsSetDefDrawEnv,vobj.o,NO_ANCHOR,Object has no USA anchor
0x0023CE50,,sceGsPutDrawEnv,vobj.o,NO_ANCHOR,Object has no USA anchor
0x0023CF38,,sceGsSetDefDBuff,vobj.o,NO_ANCHOR,Object has no USA anchor
0x0023D1D0,,sceGsSwapDBuff,vobj.o,NO_ANCHOR,Object has no USA anchor
0x0023D230,,sceGsSyncV,vobj.o,NO_ANCHOR,Object has no USA anchor
0x0023D2C8,,sceGsSyncPath,vobj.o,NO_ANCHOR,Object has no USA anchor
0x0023D5E0,,sceGsSetDefTexEnv,vobj.o,NO_ANCHOR,Object has no USA anchor
0x0023D6F0,,sceGsSetDefAlphaEnv,vobj.o,NO_ANCHOR,Object has no USA anchor
0x0023D750,,sceGsSetDefLoadImage,vobj.o,NO_ANCHOR,Object has no USA anchor
0x0023D938,,sceGsSetDefStoreImage,vobj.o,NO_ANCHOR,Object has no USA anchor
0x0023DA78,,sceGsExecLoadImage,vobj.o,NO_ANCHOR,Object has no USA anchor
0x0023DBF8,,sceGsExecStoreImage,vobj.o,NO_ANCHOR,Object has no USA anchor
0x0023E288,,sceGsPutIMR,vobj.o,NO_ANCHOR,Object has no USA anchor
0x0023E2C8,,sceGsSetHalfOffset,vobj.o,NO_ANCHOR,Object has no USA anchor
0x0023E350,,sceGsGetIMR,vobj.o,NO_ANCHOR,Object has no USA anchor
0x0023E370,,sceGszbufaddr,vobj.o,NO_ANCHOR,Object has no USA anchor
0x0023E438,,sceGsSetDefClear,vobj.o,NO_ANCHOR,Object has no USA anchor
0x0023E540,,sceVu0ApplyMatrix,vobj.o,NO_ANCHOR,Object has no USA anchor
0x0023E570,,sceVu0MulMatrix,vobj.o,NO_ANCHOR,Object has no USA anchor
0x0023E5B8,,sceVu0OuterProduct,vobj.o,NO_ANCHOR,Object has no USA anchor
0x0023E5D8,,sceVu0InnerProduct,vobj.o,NO_ANCHOR,Object has no USA anchor
0x0023E600,,sceVu0Normalize,vobj.o,NO_ANCHOR,Object has no USA anchor
0x0023E638,,sceVu0TransposeMatrix,vobj.o,NO_ANCHOR,Object has no USA anchor
0x0023E680,,sceVu0InversMatrix,vobj.o,NO_ANCHOR,Object has no USA anchor
0x0023E6F0,,sceVu0DivVector,vobj.o,NO_ANCHOR,Object has no USA anchor
0x0023E710,,sceVu0DivVectorXYZ,vobj.o,NO_ANCHOR,Object has no USA anchor
0x0023E730,,sceVu0InterVector,vobj.o,NO_ANCHOR,Object has no USA anchor
0x0023E758,,sceVu0AddVector,vobj.o,NO_ANCHOR,Object has no USA anchor
0x0023E770,,sceVu0SubVector,vobj.o,NO_ANCHOR,Object has no USA anchor
0x0023E788,,sceVu0MulVector,vobj.o,NO_ANCHOR,Object has no USA anchor
0x0023E7A0,,sceVu0ScaleVector,vobj.o,NO_ANCHOR,Object has no USA anchor
0x0023E7B8,,sceVu0TransMatrix,vobj.o,NO_ANCHOR,Object has no USA anchor
0x0023E7E8,,sceVu0CopyVector,vobj.o,NO_ANCHOR,Object has no USA anchor
0x0023E7F8,,sceVu0CopyMatrix,vobj.o,NO_ANCHOR,Object has no USA anchor
0x0023E820,,sceVu0FTOI4Vector,vobj.o,NO_ANCHOR,Object has no USA anchor
0x0023E830,,sceVu0FTOI0Vector,vobj.o,NO_ANCHOR,Object has no USA anchor
0x0023E840,,sceVu0ITOF4Vector,vobj.o,NO_ANCHOR,Object has no USA anchor
0x0023E850,,sceVu0ITOF0Vector,vobj.o,NO_ANCHOR,Object has no USA anchor
0x0023E860,,sceVu0UnitMatrix,vobj.o,NO_ANCHOR,Object has no USA anchor
0x0023E900,,sceVu0RotMatrixZ,vobj.o,NO_ANCHOR,Object has no USA anchor
0x0023E9A8,,sceVu0RotMatrixX,vobj.o,NO_ANCHOR,Object has no USA anchor
0x0023EA50,,sceVu0RotMatrixY,vobj.o,NO_ANCHOR,Object has no USA anchor
0x0023EAF8,,sceVu0RotMatrix,vobj.o,NO_ANCHOR,Object has no USA anchor
0x0023EB48,,sceVu0ClampVector,vobj.o,NO_ANCHOR,Object has no USA anchor
0x0023EB70,,sceVu0CameraMatrix,vobj.o,NO_ANCHOR,Object has no USA anchor
0x0023EC20,,sceVu0NormalLightMatrix,vobj.o,NO_ANCHOR,Object has no USA anchor
0x0023ECE0,,sceVu0LightColorMatrix,vobj.o,NO_ANCHOR,Object has no USA anchor
0x0023ED48,,sceVu0ViewScreenMatrix,vobj.o,NO_ANCHOR,Object has no USA anchor
0x0023EE50,,sceVu0DropShadowMatrix,vobj.o,NO_ANCHOR,Object has no USA anchor
0x0023EFE0,,sceVu0RotTransPersN,vobj.o,NO_ANCHOR,Object has no USA anchor
0x0023F038,,sceVu0RotTransPers,vobj.o,NO_ANCHOR,Object has no USA anchor
0x0023F080,,sceVu0CopyVectorXYZ,vobj.o,NO_ANCHOR,Object has no USA anchor
0x0023F0A0,,sceVu0InterVectorXYZ,vobj.o,NO_ANCHOR,Object has no USA anchor
0x0023F0D0,,sceVu0ScaleVectorXYZ,vobj.o,NO_ANCHOR,Object has no USA anchor
0x0023F0E8,,sceVu0ClipScreen,vobj.o,NO_ANCHOR,Object has no USA anchor
0x0023F130,,sceVu0ClipScreen3,vobj.o,NO_ANCHOR,Object has no USA anchor
0x0023F190,,sceVu0ClipAll,vobj.o,NO_ANCHOR,Object has no USA anchor
0x0023F220,,sceVpu0Reset,vobj.o,NO_ANCHOR,Object has no USA anchor
0x0023F2B8,,sceDmaGetChan,vobj.o,NO_ANCHOR,Object has no USA anchor
0x0023F2E0,,sceDmaReset,vobj.o,NO_ANCHOR,Object has no USA anchor
0x0023F3C0,,sceDmaDebug,vobj.o,NO_ANCHOR,Object has no USA anchor
0x0023F3D0,,sceDmaPutEnv,vobj.o,NO_ANCHOR,Object has no USA anchor
0x0023F5A8,,sceDmaGetEnv,vobj.o,NO_ANCHOR,Object has no USA anchor
0x0023F5E0,,sceDmaPutStallAddr,vobj.o,NO_ANCHOR,Object has no USA anchor
0x0023F608,,sceDmaSend,vobj.o,NO_ANCHOR,Object has no USA anchor
0x0023F6E0,,sceDmaSendN,vobj.o,NO_ANCHOR,Object has no USA anchor
0x0023F7C8,,sceDmaSendI,vobj.o,NO_ANCHOR,Object has no USA anchor
0x0023F8B0,,sceDmaRecv,vobj.o,NO_ANCHOR,Object has no USA anchor
0x0023F978,,sceDmaRecvN,vobj.o,NO_ANCHOR,Object has no USA anchor
0x0023FA68,,sceDmaRecvI,vobj.o,NO_ANCHOR,Object has no USA anchor
0x0023FB58,,sceDmaSync,vobj.o,NO_ANCHOR,Object has no USA anchor
0x0023FC20,,sceDmaWatch,vobj.o,NO_ANCHOR,Object has no USA anchor
0x0023FCF0,,sceDmaPause,vobj.o,NO_ANCHOR,Object has no USA anchor
0x0023FD10,,sceDmaRestart,vobj.o,NO_ANCHOR,Object has no USA anchor
0x0023FD30,,sceVif1PkInit,vobj.o,NO_ANCHOR,Object has no USA anchor
0x0023FD40,,sceVif1PkReset,vobj.o,NO_ANCHOR,Object has no USA anchor
0x0023FD50,,sceVif1PkTerminate,vobj.o,NO_ANCHOR,Object has no USA anchor
0x0023FDA8,,sceVif1PkCnt,vobj.o,NO_ANCHOR,Object has no USA anchor
0x0023FE00,,sceVif1PkEnd,vobj.o,NO_ANCHOR,Object has no USA anchor
0x0023FE58,,sceVif1PkOpenDirectCode,vobj.o,NO_ANCHOR,Object has no USA anchor
0x0023FEB0,,sceVif1PkCloseDirectCode,vobj.o,NO_ANCHOR,Object has no USA anchor
0x0023FEE0,,sceVif1PkOpenGifTag,vobj.o,NO_ANCHOR,Object has no USA anchor
0x0023FEF8,,sceVif1PkCloseGifTag,vobj.o,NO_ANCHOR,Object has no USA anchor
0x0023FFA0,,sceVif1PkAlign,vobj.o,NO_ANCHOR,Object has no USA anchor
0x00240020,,sceVif1PkAddGsData,vobj.o,NO_ANCHOR,Object has no USA anchor
0x00240048,,sceResetttyinit,vobj.o,NO_ANCHOR,Object has no USA anchor
0x00240058,,VSync,vobj.o,NO_ANCHOR,Object has no USA anchor
0x00240098,,VSync2,vobj.o,NO_ANCHOR,Object has no USA anchor
0x002400F8,,write,vobj.o,NO_ANCHOR,Object has no USA anchor
0x00240178,,read,vobj.o,NO_ANCHOR,Object has no USA anchor
0x002401F0,,open,vobj.o,NO_ANCHOR,Object has no USA anchor
0x00240218,,close,vobj.o,NO_ANCHOR,Object has no USA anchor
0x00240220,,ioctl,vobj.o,NO_ANCHOR,Object has no USA anchor
0x00240228,,lseek,vobj.o,NO_ANCHOR,Object has no USA anchor
0x00240230,,sbrk,vobj.o,NO_ANCHOR,Object has no USA anchor
0x002402E0,,isatty,vobj.o,NO_ANCHOR,Object has no USA anchor
0x002402E8,,fstat,vobj.o,NO_ANCHOR,Object has no USA anchor
0x00240300,,getpid,vobj.o,NO_ANCHOR,Object has no USA anchor
0x00240308,,kill,vobj.o,NO_ANCHOR,Object has no USA anchor
0x00240330,,stat,vobj.o,NO_ANCHOR,Object has no USA anchor
0x00240358,,unlink,vobj.o,NO_ANCHOR,Object has no USA anchor
0x002405C0,,sceTtyWrite,vobj.o,NO_ANCHOR,Object has no USA anchor
0x00240710,,sceTtyRead,vobj.o,NO_ANCHOR,Object has no USA anchor
0x002407E0,,sceTtyInit,vobj.o,NO_ANCHOR,Object has no USA anchor
0x002408D0,,sceSifGetSreg,vobj.o,NO_ANCHOR,Object has no USA anchor
0x002408E8,,sceSifSetSreg,vobj.o,NO_ANCHOR,Object has no USA anchor
0x00240908,,sceSifGetDataTable,vobj.o,NO_ANCHOR,Object has no USA anchor
0x00240918,,sceSifInitCmd,vobj.o,NO_ANCHOR,Object has no USA anchor
0x00240B98,,sceSifExitCmd,vobj.o,NO_ANCHOR,Object has no USA anchor
0x00240BD0,,sceSifSetCmdBuffer,vobj.o,NO_ANCHOR,Object has no USA anchor
0x00240BE8,,sceSifSetSysCmdBuffer,vobj.o,NO_ANCHOR,Object has no USA anchor
0x00240C00,,sceSifAddCmdHandler,vobj.o,NO_ANCHOR,Object has no USA anchor
0x00240C30,,sceSifRemoveCmdHandler,vobj.o,NO_ANCHOR,Object has no USA anchor
0x00240D90,,sceSifSendCmd,vobj.o,NO_ANCHOR,Object has no USA anchor
0x00240DD0,,isceSifSendCmd,vobj.o,NO_ANCHOR,Object has no USA anchor
0x00240F38,,sceSifWriteBackDCache,vobj.o,NO_ANCHOR,Object has no USA anchor
0x00240FE8,,sceSifInitRpc,vobj.o,NO_ANCHOR,Object has no USA anchor
0x00241188,,sceSifExitRpc,vobj.o,NO_ANCHOR,Object has no USA anchor
0x00241400,,sceSifGetOtherData,vobj.o,NO_ANCHOR,Object has no USA anchor
0x00241658,,sceSifBindRpc,vobj.o,NO_ANCHOR,Object has no USA anchor
0x00241828,,sceSifCallRpc,vobj.o,NO_ANCHOR,Object has no USA anchor
0x00241A18,,sceSifCheckStatRpc,vobj.o,NO_ANCHOR,Object has no USA anchor
0x00241A58,,sceSifSetRpcQueue,vobj.o,NO_ANCHOR,Object has no USA anchor
0x00241AF0,,sceSifRegisterRpc,vobj.o,NO_ANCHOR,Object has no USA anchor
0x00241BC0,,sceSifRemoveRpc,vobj.o,NO_ANCHOR,Object has no USA anchor
0x00241C58,,sceSifRemoveRpcQueue,vobj.o,NO_ANCHOR,Object has no USA anchor
0x00241CE8,,sceSifGetNextRequest,vobj.o,NO_ANCHOR,Object has no USA anchor
0x00241D40,,sceSifExecRequest,vobj.o,NO_ANCHOR,Object has no USA anchor
0x00241F08,,sceSifRpcLoop,vobj.o,NO_ANCHOR,Object has no USA anchor
0x002424E8,,sceFsInit,vobj.o,NO_ANCHOR,Object has no USA anchor
0x00242718,,sceFsReset,vobj.o,NO_ANCHOR,Object has no USA anchor
0x00242750,,sceOpen,vobj.o,NO_ANCHOR,Object has no USA anchor
0x002429D8,,sceClose,vobj.o,NO_ANCHOR,Object has no USA anchor
0x00242B58,,sceLseek,vobj.o,NO_ANCHOR,Object has no USA anchor
0x00242D90,,sceRead,vobj.o,NO_ANCHOR,Object has no USA anchor
0x00243000,,sceWrite,vobj.o,NO_ANCHOR,Object has no USA anchor
0x002432C0,,sceIoctl,vobj.o,NO_ANCHOR,Object has no USA anchor
0x00243610,,sceIoctl2,vobj.o,NO_ANCHOR,Object has no USA anchor
0x00243990,,sceRemove,vobj.o,NO_ANCHOR,Object has no USA anchor
0x002439B0,,sceMkdir,vobj.o,NO_ANCHOR,Object has no USA anchor
0x00243B60,,sceRmdir,vobj.o,NO_ANCHOR,Object has no USA anchor
0x00243B80,,sceFormat,vobj.o,NO_ANCHOR,Object has no USA anchor
0x00243DF0,,sceAddDrv,vobj.o,NO_ANCHOR,Object has no USA anchor
0x00243F10,,sceDelDrv,vobj.o,NO_ANCHOR,Object has no USA anchor
0x00243F30,,sceDopen,vobj.o,NO_ANCHOR,Object has no USA anchor
0x00243FD0,,sceDclose,vobj.o,NO_ANCHOR,Object has no USA anchor
0x00244138,,sceDread,vobj.o,NO_ANCHOR,Object has no USA anchor
0x00244290,,sceGetstat,vobj.o,NO_ANCHOR,Object has no USA anchor
0x00244430,,sceChstat,vobj.o,NO_ANCHOR,Object has no USA anchor
0x00244670,,sceRename,vobj.o,NO_ANCHOR,Object has no USA anchor
0x00244860,,sceChdir,vobj.o,NO_ANCHOR,Object has no USA anchor
0x00244880,,sceSync,vobj.o,NO_ANCHOR,Object has no USA anchor
0x00244A18,,sceMount,vobj.o,NO_ANCHOR,Object has no USA anchor
0x00244C88,,sceUmount,vobj.o,NO_ANCHOR,Object has no USA anchor
0x00244CA8,,sceLseek64,vobj.o,NO_ANCHOR,Object has no USA anchor
0x00244EE0,,sceDevctl,vobj.o,NO_ANCHOR,Object has no USA anchor
0x00245110,,sceSymlink,vobj.o,NO_ANCHOR,Object has no USA anchor
0x002452F0,,sceReadlink,vobj.o,NO_ANCHOR,Object has no USA anchor
0x002454B8,,sceSifInitIopHeap,vobj.o,NO_ANCHOR,Object has no USA anchor
0x00245540,,sceSifAllocIopHeap,vobj.o,NO_ANCHOR,Object has no USA anchor
0x002455B0,,sceSifFreeIopHeap,vobj.o,NO_ANCHOR,Object has no USA anchor
0x00245628,,sceSifLoadIopHeap,vobj.o,NO_ANCHOR,Object has no USA anchor
0x002458A8,,sceSifLoadFileReset,vobj.o,NO_ANCHOR,Object has no USA anchor
0x00245AE8,,sceSifLoadModuleBuffer,vobj.o,NO_ANCHOR,Object has no USA anchor
0x00245B08,,sceSifLoadStartModuleBuffer,vobj.o,NO_ANCHOR,Object has no USA anchor
0x00245D50,,sceSifLoadModule,vobj.o,NO_ANCHOR,Object has no USA anchor
0x00245D70,,sceSifLoadStartModule,vobj.o,NO_ANCHOR,Object has no USA anchor
0x00245E98,,sceSifLoadElfPart,vobj.o,NO_ANCHOR,Object has no USA anchor
0x00245EB8,,sceSifLoadElf,vobj.o,NO_ANCHOR,Object has no USA anchor
0x00245EE0,,sceSifGetIopAddr,vobj.o,NO_ANCHOR,Object has no USA anchor
0x00245FD0,,sceSifSetIopAddr,vobj.o,NO_ANCHOR,Object has no USA anchor
0x002460B0,,sceSifResetIop,vobj.o,NO_ANCHOR,Object has no USA anchor
0x002461E0,,sceSifIsAliveIop,vobj.o,NO_ANCHOR,Object has no USA anchor
0x00246208,,sceSifSyncIop,vobj.o,NO_ANCHOR,Object has no USA anchor
0x00246250,,sceSifRebootIop,vobj.o,NO_ANCHOR,Object has no USA anchor
0x00246360,,_DumpTLB,vobj.o,NO_ANCHOR,Object has no USA anchor
0x002466D0,,SetTLBHandler,vobj.o,NO_ANCHOR,Object has no USA anchor
0x00246730,,SetDebugHandler,vobj.o,NO_ANCHOR,Object has no USA anchor
0x002467C8,,InitTLBFunctions,vobj.o,NO_ANCHOR,Object has no USA anchor
0x00246818,,PutTLBEntry,vobj.o,NO_ANCHOR,Object has no USA anchor
0x00246828,,iPutTLBEntry,vobj.o,NO_ANCHOR,Object has no USA anchor
0x00246838,,SetTLBEntry,vobj.o,NO_ANCHOR,Object has no USA anchor
0x00246848,,iSetTLBEntry,vobj.o,NO_ANCHOR,Object has no USA anchor
0x00246858,,GetTLBEntry,vobj.o,NO_ANCHOR,Object has no USA anchor
0x00246868,,iGetTLBEntry,vobj.o,NO_ANCHOR,Object has no USA anchor
0x00246878,,ProbeTLBEntry,vobj.o,NO_ANCHOR,Object has no USA anchor
0x00246888,,iProbeTLBEntry,vobj.o,NO_ANCHOR,Object has no USA anchor
0x00246898,,ExpandScratchPad,vobj.o,NO_ANCHOR,Object has no USA anchor
0x002468C0,,_kTLBException,vobj.o,NO_ANCHOR,Object has no USA anchor
0x002469C0,,_xlaunch,vobj.o,NO_ANCHOR,Object has no USA anchor
0x00246A00,,_kExitTLBHandler,vobj.o,NO_ANCHOR,Object has no USA anchor
0x00246B00,,_kDebugException,vobj.o,NO_ANCHOR,Object has no USA anchor
0x00246C48,,sceCdDelayThread,vobj.o,NO_ANCHOR,Object has no USA anchor
0x00246CB0,,sceCdCallback,vobj.o,NO_ANCHOR,Object has no USA anchor
0x00246D08,,_sceCd_cd_callback,vobj.o,NO_ANCHOR,Object has no USA anchor
0x00246DA8,,_Cdvd_cbLoop,vobj.o,NO_ANCHOR,Object has no USA anchor
0x00246E68,,sceCdInitEeCB,vobj.o,NO_ANCHOR,Object has no USA anchor
0x00246F40,,_sceCd_cd_read_intr,vobj.o,NO_ANCHOR,Object has no USA anchor
0x002470F8,,sceCdPOffCallback,vobj.o,NO_ANCHOR,Object has no USA anchor
0x00247330,,sceCdSearchFile,vobj.o,NO_ANCHOR,Object has no USA anchor
0x00247630,,_sceCd_ncmd_prechk,vobj.o,NO_ANCHOR,Object has no USA anchor
0x002477A0,,sceCdNcmdDiskReady,vobj.o,NO_ANCHOR,Object has no USA anchor
0x00247838,,sceCdSync,vobj.o,NO_ANCHOR,Object has no USA anchor
0x002478D8,,sceCdSyncS,vobj.o,NO_ANCHOR,Object has no USA anchor
0x00247948,,_sceCd_scmd_prechk,vobj.o,NO_ANCHOR,Object has no USA anchor
0x00247AB8,,sceCdInit,vobj.o,NO_ANCHOR,Object has no USA anchor
0x00247D98,,sceCdDiskReady,vobj.o,NO_ANCHOR,Object has no USA anchor
0x00247F90,,sceCdMmode,vobj.o,NO_ANCHOR,Object has no USA anchor
0x00248058,,sceCdRead,vobj.o,NO_ANCHOR,Object has no USA anchor
0x00248238,,sceCdReadIOPm,vobj.o,NO_ANCHOR,Object has no USA anchor
0x00248390,,sceCdGetDiskType,vobj.o,NO_ANCHOR,Object has no USA anchor
0x00248428,,sceCdGetError,vobj.o,NO_ANCHOR,Object has no USA anchor
0x002484C0,,sceCdStInit,vobj.o,NO_ANCHOR,Object has no USA anchor
0x002484F0,,sceCdStStart,vobj.o,NO_ANCHOR,Object has no USA anchor
0x00248528,,sceCdStSeekF,vobj.o,NO_ANCHOR,Object has no USA anchor
0x00248558,,sceCdStSeek,vobj.o,NO_ANCHOR,Object has no USA anchor
0x00248588,,sceCdStStop,vobj.o,NO_ANCHOR,Object has no USA anchor
0x002485C0,,sceCdStRead,vobj.o,NO_ANCHOR,Object has no USA anchor
0x00248748,,sceCdStPause,vobj.o,NO_ANCHOR,Object has no USA anchor
0x00248798,,sceCdStResume,vobj.o,NO_ANCHOR,Object has no USA anchor
0x002487F0,,sceCdStStat,vobj.o,NO_ANCHOR,Object has no USA anchor
0x00248838,,sceCdStream,vobj.o,NO_ANCHOR,Object has no USA anchor
0x00248AD0,,scePadInit,vobj.o,NO_ANCHOR,Object has no USA anchor
0x00248CB0,,scePadEnd,vobj.o,NO_ANCHOR,Object has no USA anchor
0x00248D30,,scePadPortOpen,vobj.o,NO_ANCHOR,Object has no USA anchor
0x00248F18,,scePadPortClose,vobj.o,NO_ANCHOR,Object has no USA anchor
0x00249030,,scePadGetFrameCount,vobj.o,NO_ANCHOR,Object has no USA anchor
0x00249080,,scePadRead,vobj.o,NO_ANCHOR,Object has no USA anchor
0x00249100,,scePadGetState,vobj.o,NO_ANCHOR,Object has no USA anchor
0x00249178,,scePadStateIntToStr,vobj.o,NO_ANCHOR,Object has no USA anchor
0x00249218,,scePadGetReqState,vobj.o,NO_ANCHOR,Object has no USA anchor
0x00249268,,scePadReqIntToStr,vobj.o,NO_ANCHOR,Object has no USA anchor
0x002492A0,,scePadInfoAct,vobj.o,NO_ANCHOR,Object has no USA anchor
0x002493C0,,scePadInfoComb,vobj.o,NO_ANCHOR,Object has no USA anchor
0x002494E0,,scePadInfoMode,vobj.o,NO_ANCHOR,Object has no USA anchor
0x00249618,,scePadSetMainMode,vobj.o,NO_ANCHOR,Object has no USA anchor
0x002496D0,,scePadSetActDirect,vobj.o,NO_ANCHOR,Object has no USA anchor
0x00249788,,scePadSetActAlign,vobj.o,NO_ANCHOR,Object has no USA anchor
0x002499C8,,scePadInfoPressMode,vobj.o,NO_ANCHOR,Object has no USA anchor
0x00249A28,,scePadEnterPressMode,vobj.o,NO_ANCHOR,Object has no USA anchor
0x00249A80,,scePadExitPressMode,vobj.o,NO_ANCHOR,Object has no USA anchor
0x00249C10,,scePadGetSlotMax,vobj.o,NO_ANCHOR,Object has no USA anchor
0x00249CE0,,scePadSetWarningLevel,vobj.o,NO_ANCHOR,Object has no USA anchor
0x00249D48,,sceMcInit,vobj.o,NO_ANCHOR,Object has no USA anchor
0x00249F00,,_lmcGetClientPtr,vobj.o,NO_ANCHOR,Object has no USA anchor
0x00249F30,,sceMcChangeThreadPriority,vobj.o,NO_ANCHOR,Object has no USA anchor
0x00249FE8,,sceMcGetSlotMax,vobj.o,NO_ANCHOR,Object has no USA anchor
0x0024A0A8,,sceMcOpen,vobj.o,NO_ANCHOR,Object has no USA anchor
0x0024A1E0,,sceMcMkdir,vobj.o,NO_ANCHOR,Object has no USA anchor
0x0024A218,,sceMcClose,vobj.o,NO_ANCHOR,Object has no USA anchor
0x0024A2D0,,sceMcSeek,vobj.o,NO_ANCHOR,Object has no USA anchor
0x0024A438,,sceMcRead,vobj.o,NO_ANCHOR,Object has no USA anchor
0x0024A558,,sceMcWrite,vobj.o,NO_ANCHOR,Object has no USA anchor
0x0024A748,,sceMcSync,vobj.o,NO_ANCHOR,Object has no USA anchor
0x0024A880,,sceMcGetInfo,vobj.o,NO_ANCHOR,Object has no USA anchor
0x0024AA08,,sceMcGetDir,vobj.o,NO_ANCHOR,Object has no USA anchor
0x0024ABE8,,sceMcChdir,vobj.o,NO_ANCHOR,Object has no USA anchor
0x0024AD38,,sceMcFormat,vobj.o,NO_ANCHOR,Object has no USA anchor
0x0024AE00,,sceMcDelete,vobj.o,NO_ANCHOR,Object has no USA anchor
0x0024AF28,,sceMcFlush,vobj.o,NO_ANCHOR,Object has no USA anchor
0x0024AFE0,,sceMcSetFileInfo,vobj.o,NO_ANCHOR,Object has no USA anchor
0x0024B1B8,,sceMcRename,vobj.o,NO_ANCHOR,Object has no USA anchor
0x0024B320,,sceMcUnformat,vobj.o,NO_ANCHOR,Object has no USA anchor
0x0024B3E8,,sceMcGetEntSpace,vobj.o,NO_ANCHOR,Object has no USA anchor
0x0024B500,,_type2id,vobj.o,NO_ANCHOR,Object has no USA anchor
0x0024B588,,_id2type,vobj.o,NO_ANCHOR,Object has no USA anchor
0x0024B788,,sceMpegDemuxPssRing,vobj.o,NO_ANCHOR,Object has no USA anchor
0x0024BA78,,sceMpegDemuxPss,vobj.o,NO_ANCHOR,Object has no USA anchor
0x0024BA98,,sceMpegAddStrCallback,vobj.o,NO_ANCHOR,Object has no USA anchor
0x0024BB90,,_pack_header,vobj.o,NO_ANCHOR,Object has no USA anchor
0x0024BCE0,,_system_header,vobj.o,NO_ANCHOR,Object has no USA anchor
0x0024BD50,,_PES_packet,vobj.o,NO_ANCHOR,Object has no USA anchor
0x0024C2D8,,sceMpegInit,vobj.o,NO_ANCHOR,Object has no USA anchor
0x0024C378,,sceMpegCreate,vobj.o,NO_ANCHOR,Object has no USA anchor
0x0024C5B8,,sceMpegDelete,vobj.o,NO_ANCHOR,Object has no USA anchor
0x0024C5C0,,sceMpegAddBs,vobj.o,NO_ANCHOR,Object has no USA anchor
0x0024C5F8,,sceMpegGetPicture,vobj.o,NO_ANCHOR,Object has no USA anchor
0x0024C640,,sceMpegGetPictureRAW8,vobj.o,NO_ANCHOR,Object has no USA anchor
0x0024C688,,sceMpegGetPictureRAW8xy,vobj.o,NO_ANCHOR,Object has no USA anchor
0x0024C6D8,,sceMpegSetDecodeMode,vobj.o,NO_ANCHOR,Object has no USA anchor
0x0024C6F0,,sceMpegGetDecodeMode,vobj.o,NO_ANCHOR,Object has no USA anchor
0x0024C710,,sceMpegIsEnd,vobj.o,NO_ANCHOR,Object has no USA anchor
0x0024C720,,sceMpegIsRefBuffEmpty,vobj.o,NO_ANCHOR,Object has no USA anchor
0x0024C730,,sceMpegReset,vobj.o,NO_ANCHOR,Object has no USA anchor
0x0024C770,,sceMpegClearRefBuff,vobj.o,NO_ANCHOR,Object has no USA anchor
0x0024C7D8,,sceMpegAddCallback,vobj.o,NO_ANCHOR,Object has no USA anchor
0x0024C800,,_dispatchMpegCallback,vobj.o,NO_ANCHOR,Object has no USA anchor
0x0024C850,,_dispatchMpegCbNodata,vobj.o,NO_ANCHOR,Object has no USA anchor
0x0024C878,,sceMpegSetDefaultPtsGap,vobj.o,NO_ANCHOR,Object has no USA anchor
0x0024C890,,sceMpegResetDefaultPtsGap,vobj.o,NO_ANCHOR,Object has no USA anchor
0x0024C8A0,,sceMpegSetImageBuff,vobj.o,NO_ANCHOR,Object has no USA anchor
0x0024C8B8,,sceMpegDispWidth,vobj.o,NO_ANCHOR,Object has no USA anchor
0x0024C8C8,,sceMpegDispHeight,vobj.o,NO_ANCHOR,Object has no USA anchor
0x0024C8D8,,sceMpegDispCenterOffX,vobj.o,NO_ANCHOR,Object has no USA anchor
0x0024C8E8,,sceMpegDispCenterOffY,vobj.o,NO_ANCHOR,Object has no USA anchor
0x0024C8F8,,sceSetBrokenLink,vobj.o,NO_ANCHOR,Object has no USA anchor
0x0024C908,,sceSetPtm,vobj.o,NO_ANCHOR,Object has no USA anchor
0x0024C920,,_alalcInit,vobj.o,NO_ANCHOR,Object has no USA anchor
0x0024C938,,_alalcSetDynamic,vobj.o,NO_ANCHOR,Object has no USA anchor
0x0024C948,,_alalcFree,vobj.o,NO_ANCHOR,Object has no USA anchor
0x0024C958,,_alalcAlloc,vobj.o,NO_ANCHOR,Object has no USA anchor
0x0024C9C0,,_alalcRest,vobj.o,NO_ANCHOR,Object has no USA anchor
0x0024CE38,,_sceMpegFlush,vobj.o,NO_ANCHOR,Object has no USA anchor
0x0024CEA8,,_initSeqAgain,vobj.o,NO_ANCHOR,Object has no USA anchor
0x0024CEB8,,_lastFrame,vobj.o,NO_ANCHOR,Object has no USA anchor
0x0024CF40,,_clearOnce,vobj.o,NO_ANCHOR,Object has no USA anchor
0x0024CF90,,_clearEach,vobj.o,NO_ANCHOR,Object has no USA anchor
0x0024D058,,_ErrMessage,vobj.o,NO_ANCHOR,Object has no USA anchor
0x0024D068,,_Error1,vobj.o,NO_ANCHOR,Object has no USA anchor
0x0024D098,,_Error,vobj.o,NO_ANCHOR,Object has no USA anchor
0x0024D0F0,,_sendDataToIPU,vobj.o,NO_ANCHOR,Object has no USA anchor
0x0024D1E8,,_sequenceHeader,vobj.o,NO_ANCHOR,Object has no USA anchor
0x0024D340,,_initSeq,vobj.o,NO_ANCHOR,Object has no USA anchor
0x0024D830,,_sequenceExtension,vobj.o,NO_ANCHOR,Object has no USA anchor
0x0024D998,,_sequenceDisplayExtension,vobj.o,NO_ANCHOR,Object has no USA anchor
0x0024DA38,,_sequenceScalableExtension,vobj.o,NO_ANCHOR,Object has no USA anchor
0x0024DA48,,_unknown_extension,vobj.o,NO_ANCHOR,Object has no USA anchor
0x0024DA58,,_pictureSpatialScalableExtension,vobj.o,NO_ANCHOR,Object has no USA anchor
0x0024DA68,,_pictureTemporalScalableExtension,vobj.o,NO_ANCHOR,Object has no USA anchor
0x0024DA78,,_defStopDMA,vobj.o,NO_ANCHOR,Object has no USA anchor
0x0024DA88,,_defRestartDMA,vobj.o,NO_ANCHOR,Object has no USA anchor
0x0024DDD8,,_getAllRefs,vobj.o,NO_ANCHOR,Object has no USA anchor
0x0024E488,,_getRef0,vobj.o,NO_ANCHOR,Object has no USA anchor
0x0024EA38,,_rix_000,vobj.o,NO_ANCHOR,Object has no USA anchor
0x0024EAB0,,_ri0_000,vobj.o,NO_ANCHOR,Object has no USA anchor
0x0024EB48,,_rix_001,vobj.o,NO_ANCHOR,Object has no USA anchor
0x0024EC00,,_ri0_001,vobj.o,NO_ANCHOR,Object has no USA anchor
0x0024ECD0,,_rix_010,vobj.o,NO_ANCHOR,Object has no USA anchor
0x0024ED80,,_ri0_010,vobj.o,NO_ANCHOR,Object has no USA anchor
0x0024EE38,,_rix_011,vobj.o,NO_ANCHOR,Object has no USA anchor
0x0024EF30,,_ri0_011,vobj.o,NO_ANCHOR,Object has no USA anchor
0x0024F030,,_rix_100,vobj.o,NO_ANCHOR,Object has no USA anchor
0x0024F0D8,,_ri0_100,vobj.o,NO_ANCHOR,Object has no USA anchor
0x0024F188,,_rix_101,vobj.o,NO_ANCHOR,Object has no USA anchor
0x0024F270,,_ri0_101,vobj.o,NO_ANCHOR,Object has no USA anchor
0x0024F358,,_rix_110,vobj.o,NO_ANCHOR,Object has no USA anchor
0x0024F438,,_ri0_110,vobj.o,NO_ANCHOR,Object has no USA anchor
0x0024F508,,_rix_111,vobj.o,NO_ANCHOR,Object has no USA anchor
0x0024F630,,_ri0_111,vobj.o,NO_ANCHOR,Object has no USA anchor
0x0024F748,,_copyAddRefImage,vobj.o,NO_ANCHOR,Object has no USA anchor
0x0024F7A8,,_copyRefImage,vobj.o,NO_ANCHOR,Object has no USA anchor
0x0024F808,,_ipuSetMPEG1,vobj.o,NO_ANCHOR,Object has no USA anchor
0x0024F830,,_waitBdecOut,vobj.o,NO_ANCHOR,Object has no USA anchor
0x0024FA18,,_dmVector,vobj.o,NO_ANCHOR,Object has no USA anchor
0x0024FA38,,_dualPrimeVector,vobj.o,NO_ANCHOR,Object has no USA anchor
0x0024FBC0,,_mbAddressIncrement,vobj.o,NO_ANCHOR,Object has no USA anchor
0x0024FCD0,,_pictureData0,vobj.o,NO_ANCHOR,Object has no USA anchor
0x002507A0,,_motionVectors,vobj.o,NO_ANCHOR,Object has no USA anchor
0x00250920,,_motionVector,vobj.o,NO_ANCHOR,Object has no USA anchor
0x00250A60,,_sendIpuCommand,vobj.o,NO_ANCHOR,Object has no USA anchor
0x00250A90,,_waitIpuIdle,vobj.o,NO_ANCHOR,Object has no USA anchor
0x00250B38,,_waitIpuIdle64,vobj.o,NO_ANCHOR,Object has no USA anchor
0x00250BE8,,_ipuVdec,vobj.o,NO_ANCHOR,Object has no USA anchor
0x00250DA0,,_peepBit,vobj.o,NO_ANCHOR,Object has no USA anchor
0x00250ED8,,_flushBuf,vobj.o,NO_ANCHOR,Object has no USA anchor
0x00250FF0,,_nextBit,vobj.o,NO_ANCHOR,Object has no USA anchor
0x00251158,,_nextStartCode,vobj.o,NO_ANCHOR,Object has no USA anchor
0x002511C0,,_sliceB,vobj.o,NO_ANCHOR,Object has no USA anchor
0x00251230,,_nextHeader,vobj.o,NO_ANCHOR,Object has no USA anchor
0x00251358,,_pictureHeader,vobj.o,NO_ANCHOR,Object has no USA anchor
0x00251428,,_extensionAndUserData,vobj.o,NO_ANCHOR,Object has no USA anchor
0x002514D8,,_pictureCodingExtension,vobj.o,NO_ANCHOR,Object has no USA anchor
0x00251708,,_extrainfo,vobj.o,NO_ANCHOR,Object has no USA anchor
0x00251820,,_groupOfPicturesHeader,vobj.o,NO_ANCHOR,Object has no USA anchor
0x00251908,,_quantMatrixExtension,vobj.o,NO_ANCHOR,Object has no USA anchor
0x002519B8,,_pictureDisplayExtension,vobj.o,NO_ANCHOR,Object has no USA anchor
0x00251AA8,,_copyrightExtension,vobj.o,NO_ANCHOR,Object has no USA anchor
0x00251B58,,_decPicture,vobj.o,NO_ANCHOR,Object has no USA anchor
0x00251C38,,_outputFrame,vobj.o,NO_ANCHOR,Object has no USA anchor
0x00251CF0,,_updateRefImage,vobj.o,NO_ANCHOR,Object has no USA anchor
0x00252170,,_cpr8,vobj.o,NO_ANCHOR,Object has no USA anchor
0x00252530,,_dispRefImage,vobj.o,NO_ANCHOR,Object has no USA anchor
0x00252648,,_dispRefImageField,vobj.o,NO_ANCHOR,Object has no USA anchor
0x00252CD0,,_csc_storeRefImage,vobj.o,NO_ANCHOR,Object has no USA anchor
0x00252F28,,_sysbitInit,vobj.o,NO_ANCHOR,Object has no USA anchor
0x00252F60,,_sysbitNext,vobj.o,NO_ANCHOR,Object has no USA anchor
0x00253018,,_sysbitGet,vobj.o,NO_ANCHOR,Object has no USA anchor
0x00253068,,_sysbitMarker,vobj.o,NO_ANCHOR,Object has no USA anchor
0x002530B0,,_sysbitJump,vobj.o,NO_ANCHOR,Object has no USA anchor
0x00253108,,_sysbitPtr,vobj.o,NO_ANCHOR,Object has no USA anchor
0x00253208,,sceIpuStopDMA,vobj.o,NO_ANCHOR,Object has no USA anchor
0x002532F0,,sceIpuRestartDMA,vobj.o,NO_ANCHOR,Object has no USA anchor
0x00253440,,sceIpuSync,vobj.o,NO_ANCHOR,Object has no USA anchor
0x00253510,,sceIpuInit,vobj.o,NO_ANCHOR,Object has no USA anchor
0x00256FF0,,SgSndn2RemoteInit,vobj.o,NO_ANCHOR,Object has no USA anchor
0x00257080,,SgSndn2RemoteSync,vobj.o,NO_ANCHOR,Object has no USA anchor
0x002570C8,,SgInit,vobj.o,NO_ANCHOR,Object has no USA anchor
0x002570D0,,SgInitHot,vobj.o,NO_ANCHOR,Object has no USA anchor
0x002570D8,,SgQuit,vobj.o,NO_ANCHOR,Object has no USA anchor
0x00257148,,SgCalledTickProc,vobj.o,NO_ANCHOR,Object has no USA anchor
0x00257178,,SgSetDigitalOutputMode,vobj.o,NO_ANCHOR,Object has no USA anchor
0x00257190,,SgDmaWrite,vobj.o,NO_ANCHOR,Object has no USA anchor
0x002571C0,,SgDmaRead,vobj.o,NO_ANCHOR,Object has no USA anchor
0x00257278,,SgGetDmaTransferStatus,vobj.o,NO_ANCHOR,Object has no USA anchor
0x00257308,,SgVabOpen,vobj.o,NO_ANCHOR,Object has no USA anchor
0x00257378,,SgVabOpenFakeBody,vobj.o,NO_ANCHOR,Object has no USA anchor
0x00257470,,SgVabClose,vobj.o,NO_ANCHOR,Object has no USA anchor
0x002575D0,,SgBgmOpen,vobj.o,NO_ANCHOR,Object has no USA anchor
0x00257738,,SgBgmClose,vobj.o,NO_ANCHOR,Object has no USA anchor
0x002577C0,,SgSetReverbEndAddr,vobj.o,NO_ANCHOR,Object has no USA anchor
0x002577D8,,SgSetReverbType,vobj.o,NO_ANCHOR,Object has no USA anchor
0x002577F0,,SgSetReverbDepth,vobj.o,NO_ANCHOR,Object has no USA anchor
0x00257808,,SgSetReverbDelaytime,vobj.o,NO_ANCHOR,Object has no USA anchor
0x00257820,,SgSetReverbFeedback,vobj.o,NO_ANCHOR,Object has no USA anchor
0x00257838,,SgSetOutputMode,vobj.o,NO_ANCHOR,Object has no USA anchor
0x00257860,,SgSetTickMode,vobj.o,NO_ANCHOR,Object has no USA anchor
0x00257888,,SgGetSlotStatus,vobj.o,NO_ANCHOR,Object has no USA anchor
0x00257988,,SgSetMasterVol,vobj.o,NO_ANCHOR,Object has no USA anchor
0x002579A0,,SgSetBgmVol,vobj.o,NO_ANCHOR,Object has no USA anchor
0x00257A48,,SgSetSeMasterVol,vobj.o,NO_ANCHOR,Object has no USA anchor
0x00257AD0,,SgBgmPlay,vobj.o,NO_ANCHOR,Object has no USA anchor
0x00257B78,,SgBgmStop,vobj.o,NO_ANCHOR,Object has no USA anchor
0x00257DE8,,SgSetBgmTempo,vobj.o,NO_ANCHOR,Object has no USA anchor
0x00257E90,,SgGetBgmTempo,vobj.o,NO_ANCHOR,Object has no USA anchor
0x00257EC0,,SgGetBgmStatus,vobj.o,NO_ANCHOR,Object has no USA anchor
0x00257F48,,SgGetBgmChStatus,vobj.o,NO_ANCHOR,Object has no USA anchor
0x00257FF8,,SgSetBgmPanpot,vobj.o,NO_ANCHOR,Object has no USA anchor
0x002580D8,,SgSePlay,vobj.o,NO_ANCHOR,Object has no USA anchor
0x00258300,,SgSeStop,vobj.o,NO_ANCHOR,Object has no USA anchor
0x00258430,,SgSeStopAll,vobj.o,NO_ANCHOR,Object has no USA anchor
0x002584D8,,SgSetSeVolDirect,vobj.o,NO_ANCHOR,Object has no USA anchor
0x00258578,,SgSetSePitchDirect,vobj.o,NO_ANCHOR,Object has no USA anchor
0x002585E8,,SgGetSpuSlotMalloc,vobj.o,NO_ANCHOR,Object has no USA anchor
0x002587C0,,SgSetSpuSlotFree,vobj.o,NO_ANCHOR,Object has no USA anchor
0x00258800,,SgStAdpcmInit,vobj.o,NO_ANCHOR,Object has no USA anchor
0x00258818,,SgStAdpcmQuit,vobj.o,NO_ANCHOR,Object has no USA anchor
0x00258830,,SgStAdpcmOpen,vobj.o,NO_ANCHOR,Object has no USA anchor
0x002588C0,,SgStAdpcmClose,vobj.o,NO_ANCHOR,Object has no USA anchor
0x00258900,,SgStAdpcmChannelVolume,vobj.o,NO_ANCHOR,Object has no USA anchor
0x00258988,,SgStAdpcmChannelPitch,vobj.o,NO_ANCHOR,Object has no USA anchor
0x00258A00,,SgStAdpcmPlay,vobj.o,NO_ANCHOR,Object has no USA anchor
0x00258A60,,SgStAdpcmStop,vobj.o,NO_ANCHOR,Object has no USA anchor
0x00258AC0,,SgStAdpcmIopReadAddr,vobj.o,NO_ANCHOR,Object has no USA anchor
0x00258B30,,SgStPcmInit,vobj.o,NO_ANCHOR,Object has no USA anchor
0x00258B48,,SgStPcmQuit,vobj.o,NO_ANCHOR,Object has no USA anchor
0x00258B60,,SgStPcmOpen,vobj.o,NO_ANCHOR,Object has no USA anchor
0x00258BD0,,SgStPcmClose,vobj.o,NO_ANCHOR,Object has no USA anchor
0x00258C10,,SgStPcmSetEffect,vobj.o,NO_ANCHOR,Object has no USA anchor
0x00258C28,,SgStPcmPlay,vobj.o,NO_ANCHOR,Object has no USA anchor
0x00258C68,,SgStPcmStop,vobj.o,NO_ANCHOR,Object has no USA anchor
0x00258CA8,,SgStPcmLseek,vobj.o,NO_ANCHOR,Object has no USA anchor
0x00258CF8,,SgStPcmVolume,vobj.o,NO_ANCHOR,Object has no USA anchor
0x00258D48,,SgStPcmIopReadAddr,vobj.o,NO_ANCHOR,Object has no USA anchor
0x00258D90,,SgStPcmBufMode,vobj.o,NO_ANCHOR,Object has no USA anchor
0x00258E68,,sceDemoStart,vobj.o,NO_ANCHOR,Object has no USA anchor
0x00258F60,,sceDemoEnd,vobj.o,NO_ANCHOR,Object has no USA anchor
0x00258FB0,,sinf,vobj.o,NO_ANCHOR,Object has no USA anchor
0x002590A0,,acosf,vobj.o,NO_ANCHOR,Object has no USA anchor
0x002591A0,,asinf,vobj.o,NO_ANCHOR,Object has no USA anchor
0x002592A0,,atan2f,vobj.o,NO_ANCHOR,Object has no USA anchor
0x002593C8,,fmodf,vobj.o,NO_ANCHOR,Object has no USA anchor
0x00259508,,__ieee754_acosf,vobj.o,NO_ANCHOR,Object has no USA anchor
0x00259938,,__ieee754_asinf,vobj.o,NO_ANCHOR,Object has no USA anchor
0x00259CD8,,__ieee754_atan2f,vobj.o,NO_ANCHOR,Object has no USA anchor
0x00259FC0,,__ieee754_fmodf,vobj.o,NO_ANCHOR,Object has no USA anchor
0x0025A210,,__ieee754_rem_pio2f,vobj.o,NO_ANCHOR,Object has no USA anchor
0x0025A5F0,,__ieee754_sqrtf,vobj.o,NO_ANCHOR,Object has no USA anchor
0x0025A728,,__kernel_cosf,vobj.o,NO_ANCHOR,Object has no USA anchor
0x0025A880,,__kernel_rem_pio2f,vobj.o,NO_ANCHOR,Object has no USA anchor
0x0025B1D0,,__kernel_sinf,vobj.o,NO_ANCHOR,Object has no USA anchor
0x0025B2D8,,matherr,vobj.o,NO_ANCHOR,Object has no USA anchor
0x0025B300,,atanf,vobj.o,NO_ANCHOR,Object has no USA anchor
0x0025B5A8,,fabsf,vobj.o,NO_ANCHOR,Object has no USA anchor
0x0025B5C8,,floorf,vobj.o,NO_ANCHOR,Object has no USA anchor
0x0025B6B0,,isnanf,vobj.o,NO_ANCHOR,Object has no USA anchor
0x0025B6D8,,scalbnf,vobj.o,NO_ANCHOR,Object has no USA anchor
0x0025B838,,copysignf,vobj.o,NO_ANCHOR,Object has no USA anchor
0x0025B868,,__do_global_dtors,vobj.o,NO_ANCHOR,Object has no USA anchor
0x0025B8C0,,__do_global_ctors,vobj.o,NO_ANCHOR,Object has no USA anchor
0x0025B970,,__main,vobj.o,NO_ANCHOR,Object has no USA anchor
0x0025B990,,__divdi3,vobj.o,NO_ANCHOR,Object has no USA anchor
0x0025C080,,__fixunsdfdi,vobj.o,NO_ANCHOR,Object has no USA anchor
0x0025C170,,__floatdidf,vobj.o,NO_ANCHOR,Object has no USA anchor
0x0025C208,,__moddi3,vobj.o,NO_ANCHOR,Object has no USA anchor
0x0025C870,,__muldi3,vobj.o,NO_ANCHOR,Object has no USA anchor
0x0025C8D0,,__udivdi3,vobj.o,NO_ANCHOR,Object has no USA anchor
0x0025CEA0,,__umoddi3,vobj.o,NO_ANCHOR,Object has no USA anchor
0x0025D3E0,,__pack_d,vobj.o,NO_ANCHOR,Object has no USA anchor
0x0025D510,,__unpack_d,vobj.o,NO_ANCHOR,Object has no USA anchor
0x0025D7F0,,dpadd,vobj.o,NO_ANCHOR,Object has no USA anchor
0x0025D848,,dpsub,vobj.o,NO_ANCHOR,Object has no USA anchor
0x0025D8B0,,dpmul,vobj.o,NO_ANCHOR,Object has no USA anchor
0x0025DB58,,dpdiv,vobj.o,NO_ANCHOR,Object has no USA anchor
0x0025DCC0,,__fpcmp_parts_d,vobj.o,NO_ANCHOR,Object has no USA anchor
0x0025DDD8,,dpcmp,vobj.o,NO_ANCHOR,Object has no USA anchor
0x0025DE28,,litodp,vobj.o,NO_ANCHOR,Object has no USA anchor
0x0025DEE0,,dptoli,vobj.o,NO_ANCHOR,Object has no USA anchor
0x0025DF78,,dptoul,vobj.o,NO_ANCHOR,Object has no USA anchor
0x0025E018,,__negdf2,vobj.o,NO_ANCHOR,Object has no USA anchor
0x0025E050,,__make_dp,vobj.o,NO_ANCHOR,Object has no USA anchor
0x0025E080,,dptofp,vobj.o,NO_ANCHOR,Object has no USA anchor
0x0025E0D8,,__pack_f,vobj.o,NO_ANCHOR,Object has no USA anchor
0x0025E1E8,,__unpack_f,vobj.o,NO_ANCHOR,Object has no USA anchor
0x0025E4B0,,fpadd,vobj.o,NO_ANCHOR,Object has no USA anchor
0x0025E508,,fpsub,vobj.o,NO_ANCHOR,Object has no USA anchor
0x0025E570,,fpmul,vobj.o,NO_ANCHOR,Object has no USA anchor
0x0025E768,,fpdiv,vobj.o,NO_ANCHOR,Object has no USA anchor
0x0025E8C8,,__fpcmp_parts_f,vobj.o,NO_ANCHOR,Object has no USA anchor
0x0025E9E0,,fpcmp,vobj.o,NO_ANCHOR,Object has no USA anchor
0x0025EA30,,sitofp,vobj.o,NO_ANCHOR,Object has no USA anchor
0x0025EAE8,,fptosi,vobj.o,NO_ANCHOR,Object has no USA anchor
0x0025EB78,,fptoui,vobj.o,NO_ANCHOR,Object has no USA anchor
0x0025EC10,,__negsf2,vobj.o,NO_ANCHOR,Object has no USA anchor
0x0025EC48,,__make_fp,vobj.o,NO_ANCHOR,Object has no USA anchor
0x0025EC78,,fptodp,vobj.o,NO_ANCHOR,Object has no USA anchor
0x0025ECB8,,__assert,vobj.o,NO_ANCHOR,Object has no USA anchor
0x0025ECF0,,atoi,vobj.o,NO_ANCHOR,Object has no USA anchor
0x0025ED18,,__errno,vobj.o,NO_ANCHOR,Object has no USA anchor
0x0025ED28,,fiprintf,vobj.o,NO_ANCHOR,Object has no USA anchor
0x0025ED5C,,memcmp,vobj.o,NO_ANCHOR,Object has no USA anchor
0x0025EDF0,,memcpy,vobj.o,NO_ANCHOR,Object has no USA anchor
0x0025EEA0,,memset,vobj.o,NO_ANCHOR,Object has no USA anchor
0x0025EF60,,_printf_r,vobj.o,NO_ANCHOR,Object has no USA anchor
0x0025EFA0,,printf,vobj.o,NO_ANCHOR,Object has no USA anchor
0x0025EFF0,,qsort,vobj.o,NO_ANCHOR,Object has no USA anchor
0x0025FA18,,srand,vobj.o,NO_ANCHOR,Object has no USA anchor
0x0025FA28,,rand,vobj.o,NO_ANCHOR,Object has no USA anchor
0x0025FA58,,_sprintf_r,vobj.o,NO_ANCHOR,Object has no USA anchor
0x0025FAC0,,sprintf,vobj.o,NO_ANCHOR,Object has no USA anchor
0x0025FB38,,sscanf,vobj.o,NO_ANCHOR,Object has no USA anchor
0x0025FBC0,,strcat,vobj.o,NO_ANCHOR,Object has no USA anchor
0x0025FCEC,,strcmp,vobj.o,NO_ANCHOR,Object has no USA anchor
0x0025FE30,,strcpy,vobj.o,NO_ANCHOR,Object has no USA anchor
0x0025FF44,,strlen,vobj.o,NO_ANCHOR,Object has no USA anchor
0x00260080,,strncmp,vobj.o,NO_ANCHOR,Object has no USA anchor
0x00260238,,strncpy,vobj.o,NO_ANCHOR,Object has no USA anchor
0x002603F8,,strrchr,vobj.o,NO_ANCHOR,Object has no USA anchor
0x00260448,,strstr,vobj.o,NO_ANCHOR,Object has no USA anchor
0x002604B8,,strtok,vobj.o,NO_ANCHOR,Object has no USA anchor
0x002604E0,,strtok_r,vobj.o,NO_ANCHOR,Object has no USA anchor
0x00260580,,_strtol_r,vobj.o,NO_ANCHOR,Object has no USA anchor
0x002607B8,,strtol,vobj.o,NO_ANCHOR,Object has no USA anchor
0x002608F0,,vfiprintf,vobj.o,NO_ANCHOR,Object has no USA anchor
0x00260968,,_vfiprintf_r,vobj.o,NO_ANCHOR,Object has no USA anchor
0x00261638,,vfprintf,vobj.o,NO_ANCHOR,Object has no USA anchor
0x002616B0,,_vfprintf_r,vobj.o,NO_ANCHOR,Object has no USA anchor
0x00262E58,,__svfscanf,vobj.o,NO_ANCHOR,Object has no USA anchor
0x00263960,,__sccl,vobj.o,NO_ANCHOR,Object has no USA anchor
0x00263A68,,vsprintf,vobj.o,NO_ANCHOR,Object has no USA anchor
0x00263AC0,,__swsetup,vobj.o,NO_ANCHOR,Object has no USA anchor
0x00263BD0,,abort,vobj.o,NO_ANCHOR,Object has no USA anchor
0x00263BF0,,atof,vobj.o,NO_ANCHOR,Object has no USA anchor
0x00263E28,,_dtoa_r,vobj.o,NO_ANCHOR,Object has no USA anchor
0x00264FF8,,fflush,vobj.o,NO_ANCHOR,Object has no USA anchor
0x00265158,,__sfmoreglue,vobj.o,NO_ANCHOR,Object has no USA anchor
0x002651C8,,__sfp,vobj.o,NO_ANCHOR,Object has no USA anchor
0x002652A8,,_cleanup_r,vobj.o,NO_ANCHOR,Object has no USA anchor
0x002652B8,,_cleanup,vobj.o,NO_ANCHOR,Object has no USA anchor
0x002652C8,,__sinit,vobj.o,NO_ANCHOR,Object has no USA anchor
0x00265358,,fread,vobj.o,NO_ANCHOR,Object has no USA anchor
0x00265478,,_free_r,vobj.o,NO_ANCHOR,Object has no USA anchor
0x00265798,,_malloc_trim_r,vobj.o,NO_ANCHOR,Object has no USA anchor
0x00265908,,__sfvwrite,vobj.o,NO_ANCHOR,Object has no USA anchor
0x00265CE0,,_fwalk,vobj.o,NO_ANCHOR,Object has no USA anchor
0x00265D78,,_setlocale_r,vobj.o,NO_ANCHOR,Object has no USA anchor
0x00265E00,,_localeconv_r,vobj.o,NO_ANCHOR,Object has no USA anchor
0x00265E10,,setlocale,vobj.o,NO_ANCHOR,Object has no USA anchor
0x00265E40,,localeconv,vobj.o,NO_ANCHOR,Object has no USA anchor
0x00265E68,,__smakebuf,vobj.o,NO_ANCHOR,Object has no USA anchor
0x00266210,,_malloc_r,vobj.o,NO_ANCHOR,Object has no USA anchor
0x00266988,,_mbtowc_r,vobj.o,NO_ANCHOR,Object has no USA anchor
0x002669C4,,memchr,vobj.o,NO_ANCHOR,Object has no USA anchor
0x00266AA4,,memmove,vobj.o,NO_ANCHOR,Object has no USA anchor
0x00266BA8,,__malloc_lock,vobj.o,NO_ANCHOR,Object has no USA anchor
0x00266BB0,,__malloc_unlock,vobj.o,NO_ANCHOR,Object has no USA anchor
0x00266BB8,,_Balloc,vobj.o,NO_ANCHOR,Object has no USA anchor
0x00266C60,,_Bfree,vobj.o,NO_ANCHOR,Object has no USA anchor
0x00266C90,,_multadd,vobj.o,NO_ANCHOR,Object has no USA anchor
0x00266DA8,,_s2b,vobj.o,NO_ANCHOR,Object has no USA anchor
0x00266EF0,,_hi0bits,vobj.o,NO_ANCHOR,Object has no USA anchor
0x00266F78,,_lo0bits,vobj.o,NO_ANCHOR,Object has no USA anchor
0x00267038,,_i2b,vobj.o,NO_ANCHOR,Object has no USA anchor
0x00267070,,_multiply,vobj.o,NO_ANCHOR,Object has no USA anchor
0x002672A0,,_pow5mult,vobj.o,NO_ANCHOR,Object has no USA anchor
0x002673A0,,_lshift,vobj.o,NO_ANCHOR,Object has no USA anchor
0x00267518,,__mcmp,vobj.o,NO_ANCHOR,Object has no USA anchor
0x00267580,,__mdiff,vobj.o,NO_ANCHOR,Object has no USA anchor
0x00267710,,_ulp,vobj.o,NO_ANCHOR,Object has no USA anchor
0x002677A8,,_b2d,vobj.o,NO_ANCHOR,Object has no USA anchor
0x00267928,,_d2b,vobj.o,NO_ANCHOR,Object has no USA anchor
0x00267AA8,,_ratio,vobj.o,NO_ANCHOR,Object has no USA anchor
0x00267B68,,_mprec_log10,vobj.o,NO_ANCHOR,Object has no USA anchor
0x00267BF8,,__srefill,vobj.o,NO_ANCHOR,Object has no USA anchor
0x00267D70,,isinf,vobj.o,NO_ANCHOR,Object has no USA anchor
0x00267DB8,,isnan,vobj.o,NO_ANCHOR,Object has no USA anchor
0x00267DF0,,_sbrk_r,vobj.o,NO_ANCHOR,Object has no USA anchor
0x00267E50,,_init_signal_r,vobj.o,NO_ANCHOR,Object has no USA anchor
0x00267EC0,,_signal_r,vobj.o,NO_ANCHOR,Object has no USA anchor
0x00267F50,,_raise_r,vobj.o,NO_ANCHOR,Object has no USA anchor
0x00268040,,__sigtramp_r,vobj.o,NO_ANCHOR,Object has no USA anchor
0x002680F8,,raise,vobj.o,NO_ANCHOR,Object has no USA anchor
0x00268120,,signal,vobj.o,NO_ANCHOR,Object has no USA anchor
0x00268150,,_init_signal,vobj.o,NO_ANCHOR,Object has no USA anchor
0x00268178,,__sigtramp,vobj.o,NO_ANCHOR,Object has no USA anchor
0x002681A0,,_kill_r,vobj.o,NO_ANCHOR,Object has no USA anchor
0x00268200,,_getpid_r,vobj.o,NO_ANCHOR,Object has no USA anchor
0x00268220,,__sread,vobj.o,NO_ANCHOR,Object has no USA anchor
0x00268288,,__swrite,vobj.o,NO_ANCHOR,Object has no USA anchor
0x00268308,,__sseek,vobj.o,NO_ANCHOR,Object has no USA anchor
0x00268370,,__sclose,vobj.o,NO_ANCHOR,Object has no USA anchor
0x00268390,,_strtod_r,vobj.o,NO_ANCHOR,Object has no USA anchor
0x00269290,,strtod,vobj.o,NO_ANCHOR,Object has no USA anchor
0x002692C0,,strtodf,vobj.o,NO_ANCHOR,Object has no USA anchor
0x002692E8,,_strtoul_r,vobj.o,NO_ANCHOR,Object has no USA anchor
0x00269508,,strtoul,vobj.o,NO_ANCHOR,Object has no USA anchor
0x00269540,,__submore,vobj.o,NO_ANCHOR,Object has no USA anchor
0x00269630,,ungetc,vobj.o,NO_ANCHOR,Object has no USA anchor
0x002697B8,,_write_r,vobj.o,NO_ANCHOR,Object has no USA anchor
0x00269818,,_calloc_r,vobj.o,NO_ANCHOR,Object has no USA anchor
0x002698D8,,_close_r,vobj.o,NO_ANCHOR,Object has no USA anchor
0x00269930,,_fstat_r,vobj.o,NO_ANCHOR,Object has no USA anchor
0x00269990,,_lseek_r,vobj.o,NO_ANCHOR,Object has no USA anchor
0x002699F0,,_read_r,vobj.o,NO_ANCHOR,Object has no USA anchor
0x00269A50,,_realloc_r,vobj.o,NO_ANCHOR,Object has no USA anchor
0x00269FC0,,_sceSDC,vobj.o,NO_ANCHOR,Object has no USA anchor
0x0026A068,,SyncDCache,vobj.o,NO_ANCHOR,Object has no USA anchor
0x0026A0E8,,iSyncDCache,vobj.o,NO_ANCHOR,Object has no USA anchor
0x0026A100,,_sceIDC,vobj.o,NO_ANCHOR,Object has no USA anchor
0x0026A1A8,,InvalidDCache,vobj.o,NO_ANCHOR,Object has no USA anchor
0x0026A228,,iInvalidDCache,vobj.o,NO_ANCHOR,Object has no USA anchor
0x0026A240,,__fixdfdi,vobj.o,NO_ANCHOR,Object has no USA anchor
0x0026A2A0,,ClusterMicroProgram,vobj.o,NO_ANCHOR,Object has no USA anchor
0x0026B060,,MeshMicroProgram,vobj.o,NO_ANCHOR,Object has no USA anchor
0x0026BA50,,NormalCMicroProgram,vobj.o,NO_ANCHOR,Object has no USA anchor
0x0026D130,,NormalLMicroProgram,vobj.o,NO_ANCHOR,Object has no USA anchor
0x0026EDD0,,ParticleMicroProgram,vobj.o,NO_ANCHOR,Object has no USA anchor
0x0026F400,,__ps2_klibinfo__,vobj.o,NO_ANCHOR,Object has no USA anchor
0x0026FBC0,,systemStatus,vobj.o,NO_ANCHOR,Object has no USA anchor
0x0026FBF0,,db,vobj.o,NO_ANCHOR,Object has no USA anchor
0x0026FE20,,GlobalStageSetting,vobj.o,NO_ANCHOR,Object has no USA anchor
0x0026FF50,,pad,vobj.o,NO_ANCHOR,Object has no USA anchor
0x002704D0,,stageMgrMsg,vobj.o,NO_ANCHOR,Object has no USA anchor
0x002704E8,,SchedulerMsgQ,vobj.o,NO_ANCHOR,Object has no USA anchor
0x00270550,,ZeroVector,vobj.o,NO_ANCHOR,Object has no USA anchor
0x00270560,,ZeroPoint,vobj.o,NO_ANCHOR,Object has no USA anchor
0x00270570,,XUnitVector,vobj.o,NO_ANCHOR,Object has no USA anchor
0x00270580,,YUnitVector,vobj.o,NO_ANCHOR,Object has no USA anchor
0x00270590,,ZUnitVector,vobj.o,NO_ANCHOR,Object has no USA anchor
0x002705A0,,InitialMatrix,vobj.o,NO_ANCHOR,Object has no USA anchor
0x00270E30,,IdentityQuaternion,vobj.o,NO_ANCHOR,Object has no USA anchor
0x00270F00,,MicroCodeAddress,vobj.o,NO_ANCHOR,Object has no USA anchor
0x00270F38,,mipmap_header_size,vobj.o,NO_ANCHOR,Object has no USA anchor
0x00270FA0,,textype,vobj.o,NO_ANCHOR,Object has no USA anchor
0x00271000,,iosCdvd,vobj.o,NO_ANCHOR,Object has no USA anchor
0x002791C0,,CdvdMsgQ,vobj.o,NO_ANCHOR,Object has no USA anchor
0x002791F0,,CdvdMsgQ_LoadEnd,vobj.o,NO_ANCHOR,Object has no USA anchor
0x00279220,,iosCdvdSrhBuff,vobj.o,NO_ANCHOR,Object has no USA anchor
0x0027B8F0,,iconName,vobj.o,NO_ANCHOR,Object has no USA anchor
0x0027B900,,iOSMcSaveSeg,vobj.o,NO_ANCHOR,Object has no USA anchor
0x0027B918,,iOSMcSaveList,vobj.o,NO_ANCHOR,Object has no USA anchor
0x0027B960,,IosMcProductFile,vobj.o,NO_ANCHOR,Object has no USA anchor
0x0027BC78,,IosMcPreviewInfo,vobj.o,NO_ANCHOR,Object has no USA anchor
0x0027BC88,,McMsgQ,vobj.o,NO_ANCHOR,Object has no USA anchor
0x0027BCC0,,iosPadConfDefault,vobj.o,NO_ANCHOR,Object has no USA anchor
0x0027BDD0,,iosPadConfCustom,vobj.o,NO_ANCHOR,Object has no USA anchor
0x0027BEC0,,iosPadDev,vobj.o,NO_ANCHOR,Object has no USA anchor
0x0027C2C0,,th_iosPadDevManager,vobj.o,NO_ANCHOR,Object has no USA anchor
0x0027C330,,padDevMgrMsgQ,vobj.o,NO_ANCHOR,Object has no USA anchor
0x0027C360,,ShockDriver,vobj.o,NO_ANCHOR,Object has no USA anchor
0x0027C370,,ShockRequest,vobj.o,NO_ANCHOR,Object has no USA anchor
0x0027C770,,gobj_link_head,vobj.o,NO_ANCHOR,Object has no USA anchor
0x0027C790,,gobj_link_tail,vobj.o,NO_ANCHOR,Object has no USA anchor
0x0027C7B0,,gobj_dl_link_head,vobj.o,NO_ANCHOR,Object has no USA anchor
0x0027C7D0,,gobj_dl_link_tail,vobj.o,NO_ANCHOR,Object has no USA anchor
0x0027CA50,,test_rope_velo,vobj.o,NO_ANCHOR,Object has no USA anchor
0x0027CA60,,add_rope_vec,vobj.o,NO_ANCHOR,Object has no USA anchor
0x0027D280,,boss_throw_position,vobj.o,NO_ANCHOR,Object has no USA anchor
0x0027D290,,boss_look_position1,vobj.o,NO_ANCHOR,Object has no USA anchor
0x0027D2A0,,boss_look_position2,vobj.o,NO_ANCHOR,Object has no USA anchor
0x0027D350,,InitialColInfo,vobj.o,NO_ANCHOR,Object has no USA anchor
0x0027D7B0,,brain_val,vobj.o,NO_ANCHOR,Object has no USA anchor
0x002830C0,,handmgr,vobj.o,NO_ANCHOR,Object has no USA anchor
0x00283120,,jimakuThread,vobj.o,NO_ANCHOR,Object has no USA anchor
0x00283190,,jimakuThreadStack,vobj.o,NO_ANCHOR,Object has no USA anchor
0x00285190,,jimakuMsgQ,vobj.o,NO_ANCHOR,Object has no USA anchor
0x002851C0,,jimaku_msg,vobj.o,NO_ANCHOR,Object has no USA anchor
0x00285210,,gFlag,vobj.o,NO_ANCHOR,Object has no USA anchor
0x00285250,,scpInterDoorUpLever1,vobj.o,NO_ANCHOR,Object has no USA anchor
0x00285270,,scpInterDoorUpLever2,vobj.o,NO_ANCHOR,Object has no USA anchor
0x00285410,,brainGirl,vobj.o,NO_ANCHOR,Object has no USA anchor
0x00285990,,cameraPinDefault,vobj.o,NO_ANCHOR,Object has no USA anchor
0x002859F0,,cameraGroupDefault,vobj.o,NO_ANCHOR,Object has no USA anchor
0x00285C80,,drawline_ws_matrix,vobj.o,NO_ANCHOR,Object has no USA anchor
0x002875B0,,voBuf,vobj.o,NO_ANCHOR,Object has no USA anchor
0x002875C8,,display,vobj.o,NO_ANCHOR,Object has no USA anchor
0x00287608,,accessary,vobj.o,NO_ANCHOR,Object has no USA anchor
0x00287950,,actDataTbl,vobj.o,NO_ANCHOR,Object has no USA anchor
0x00287990,,actIntrList,vobj.o,NO_ANCHOR,Object has no USA anchor
0x0028C490,,cameraSetList,vobj.o,NO_ANCHOR,Object has no USA anchor
0x0028CF70,,gameParam,vobj.o,NO_ANCHOR,Object has no USA anchor
0x0028D000,,motionOrient,vobj.o,NO_ANCHOR,Object has no USA anchor
0x002998D0,,clingData,vobj.o,NO_ANCHOR,Object has no USA anchor
0x00299AF0,,objAction,vobj.o,NO_ANCHOR,Object has no USA anchor
0x0029D988,,objKindData,vobj.o,NO_ANCHOR,Object has no USA anchor
0x0029F3B8,,objLayout,vobj.o,NO_ANCHOR,Object has no USA anchor
0x002DE810,,parallelMotionTbl,vobj.o,NO_ANCHOR,Object has no USA anchor
0x002E1120,,seKind,vobj.o,NO_ANCHOR,Object has no USA anchor
0x002E1C00,,texProperty,vobj.o,NO_ANCHOR,Object has no USA anchor
0x002EC7C0,,stagePreLoadBuff,vobj.o,NO_ANCHOR,Object has no USA anchor
