symbol,pal_va,usa_va,type,source_file,match_method,confidence,status,notes
_start,0x00100008,0x00100008,func,__text__,op_seq_hash,0.95,verified,struct match; sz_diff=0; src=prologue
_exit,0x001000B8,0x0013C538,func,__text__,fuzzy,0.95,candidate,fuzzy; sz_diff=0; src=extracted
_root,0x001000C0,0x001AE8F0,func,__text__,fuzzy,0.95,candidate,fuzzy; sz_diff=0; src=extracted
RFU000_FullReset,0x00100100,0x00100100,func,__text__,raw_sha1,1.00,verified,exact; src=prologue
ResetEE,0x00100110,0x00100110,func,__text__,raw_sha1,1.00,verified,exact; src=prologue
SetGsCrt,0x00100120,0x00100120,func,__text__,raw_sha1,1.00,verified,exact; src=prologue
RFU003,0x00100130,0x00100130,func,__text__,raw_sha1,1.00,verified,exact; src=prologue
Exit,0x00100140,0x00100140,func,__text__,raw_sha1,1.00,verified,exact; src=prologue
ResumeIntrDispatch,0x00100150,0x00100150,func,__text__,raw_sha1,1.00,verified,exact; src=prologue
LoadExecPS2,0x00100160,0x00100160,func,__text__,raw_sha1,1.00,verified,exact; src=prologue
ExecPS2,0x00100170,0x00100170,func,__text__,raw_sha1,1.00,verified,exact; src=prologue
RFU008,0x00100180,0x00100180,func,__text__,raw_sha1,1.00,verified,exact; src=prologue
RFU009,0x00100190,0x00100190,func,__text__,raw_sha1,1.00,verified,exact; src=prologue
AddSbusIntcHandler,0x001001A0,0x001001A0,func,__text__,raw_sha1,1.00,verified,exact; src=prologue
RemoveSbusIntcHandler,0x001001B0,0x001001B0,func,__text__,raw_sha1,1.00,verified,exact; src=prologue
Interrupt2Iop,0x001001C0,0x001001C0,func,__text__,raw_sha1,1.00,verified,exact; src=prologue
SetVTLBRefillHandler,0x001001D0,0x001001D0,func,__text__,raw_sha1,1.00,verified,exact; src=prologue
SetVCommonHandler,0x001001E0,0x001001E0,func,__text__,raw_sha1,1.00,verified,exact; src=prologue
SetVInterruptHandler,0x001001F0,0x001001F0,func,__text__,raw_sha1,1.00,verified,exact; src=prologue
AddIntcHandler,0x00100200,0x00100200,func,__text__,raw_sha1,1.00,verified,exact; src=prologue
AddIntcHandler2,0x00100210,0x00100200,func,__text__,raw_sha1,1.00,verified,exact; src=prologue
RemoveIntcHandler,0x00100220,0x00100220,func,__text__,raw_sha1,1.00,verified,exact; src=prologue
AddDmacHandler,0x00100230,0x00100230,func,__text__,raw_sha1,1.00,verified,exact; src=prologue
AddDmacHandler2,0x00100240,0x00100230,func,__text__,raw_sha1,1.00,verified,exact; src=prologue
RemoveDmacHandler,0x00100250,0x00100250,func,__text__,raw_sha1,1.00,verified,exact; src=prologue
_EnableIntc,0x00100260,0x00100260,func,__text__,raw_sha1,1.00,verified,exact; src=prologue
_DisableIntc,0x00100270,0x00100270,func,__text__,raw_sha1,1.00,verified,exact; src=prologue
_EnableDmac,0x00100280,0x00100280,func,__text__,raw_sha1,1.00,verified,exact; src=prologue
_DisableDmac,0x00100290,0x00100290,func,__text__,raw_sha1,1.00,verified,exact; src=prologue
SetAlarm,0x001002A0,0x001002A0,func,__text__,raw_sha1,1.00,verified,exact; src=prologue
ReleaseAlarm,0x001002B0,0x001002B0,func,__text__,raw_sha1,1.00,verified,exact; src=prologue
_iEnableIntc,0x001002C0,0x001002C0,func,__text__,raw_sha1,1.00,verified,exact; src=prologue
_iDisableIntc,0x001002D0,0x001002D0,func,__text__,raw_sha1,1.00,verified,exact; src=prologue
_iEnableDmac,0x001002E0,0x001002E0,func,__text__,raw_sha1,1.00,verified,exact; src=prologue
_iDisableDmac,0x001002F0,0x001002F0,func,__text__,raw_sha1,1.00,verified,exact; src=prologue
iSetAlarm,0x00100300,0x00100300,func,__text__,raw_sha1,1.00,verified,exact; src=prologue
iReleaseAlarm,0x00100310,0x00100310,func,__text__,raw_sha1,1.00,verified,exact; src=prologue
CreateThread,0x00100320,0x00100320,func,__text__,raw_sha1,1.00,verified,exact; src=prologue
DeleteThread,0x00100330,0x00100330,func,__text__,raw_sha1,1.00,verified,exact; src=prologue
StartThread,0x00100340,0x00100340,func,__text__,raw_sha1,1.00,verified,exact; src=prologue
ExitThread,0x00100350,0x00100350,func,__text__,raw_sha1,1.00,verified,exact; src=prologue
ExitDeleteThread,0x00100360,0x00100360,func,__text__,raw_sha1,1.00,verified,exact; src=prologue
TerminateThread,0x00100370,0x00100370,func,__text__,raw_sha1,1.00,verified,exact; src=prologue
iTerminateThread,0x00100380,0x00100380,func,__text__,raw_sha1,1.00,verified,exact; src=prologue
DisableDispatchThread,0x00100390,0x00100390,func,__text__,raw_sha1,1.00,verified,exact; src=prologue
EnableDispatchThread,0x001003A0,0x001003A0,func,__text__,raw_sha1,1.00,verified,exact; src=prologue
ChangeThreadPriority,0x001003B0,0x001003B0,func,__text__,raw_sha1,1.00,verified,exact; src=prologue
iChangeThreadPriority,0x001003C0,0x001003C0,func,__text__,raw_sha1,1.00,verified,exact; src=prologue
RotateThreadReadyQueue,0x001003D0,0x001003D0,func,__text__,raw_sha1,1.00,verified,exact; src=prologue
_iRotateThreadReadyQueue,0x001003E0,0x001003E0,func,__text__,raw_sha1,1.00,verified,exact; src=prologue
ReleaseWaitThread,0x001003F0,0x001003F0,func,__text__,raw_sha1,1.00,verified,exact; src=prologue
iReleaseWaitThread,0x00100400,0x00100400,func,__text__,raw_sha1,1.00,verified,exact; src=prologue
GetThreadId,0x00100410,0x00100410,func,__text__,raw_sha1,1.00,verified,exact; src=prologue
ReferThreadStatus,0x00100420,0x00100420,func,__text__,raw_sha1,1.00,verified,exact; src=prologue
iReferThreadStatus,0x00100430,0x00100430,func,__text__,raw_sha1,1.00,verified,exact; src=prologue
SleepThread,0x00100440,0x00100440,func,__text__,raw_sha1,1.00,verified,exact; src=prologue
WakeupThread,0x00100450,0x00100450,func,__text__,raw_sha1,1.00,verified,exact; src=prologue
_iWakeupThread,0x00100460,0x00100460,func,__text__,raw_sha1,1.00,verified,exact; src=prologue
CancelWakeupThread,0x00100470,0x00100470,func,__text__,raw_sha1,1.00,verified,exact; src=prologue
iCancelWakeupThread,0x00100480,0x00100480,func,__text__,raw_sha1,1.00,verified,exact; src=prologue
SuspendThread,0x00100490,0x00100490,func,__text__,raw_sha1,1.00,verified,exact; src=prologue
_iSuspendThread,0x001004A0,0x001004A0,func,__text__,raw_sha1,1.00,verified,exact; src=prologue
ResumeThread,0x001004B0,0x001004B0,func,__text__,raw_sha1,1.00,verified,exact; src=prologue
iResumeThread,0x001004C0,0x001004C0,func,__text__,raw_sha1,1.00,verified,exact; src=prologue
JoinThread,0x001004D0,0x001004D0,func,__text__,raw_sha1,1.00,verified,exact; src=prologue
SetupThread,0x001004E0,0x001004E0,func,__text__,raw_sha1,1.00,verified,exact; src=prologue
SetupHeap,0x001004F0,0x001004F0,func,__text__,raw_sha1,1.00,verified,exact; src=prologue
EndOfHeap,0x00100500,0x00100500,func,__text__,raw_sha1,1.00,verified,exact; src=prologue
RFU063,0x00100510,0x00100510,func,__text__,raw_sha1,1.00,verified,exact; src=prologue
CreateSema,0x00100520,0x00100520,func,__text__,raw_sha1,1.00,verified,exact; src=prologue
DeleteSema,0x00100530,0x00100530,func,__text__,raw_sha1,1.00,verified,exact; src=prologue
SignalSema,0x00100540,0x00100540,func,__text__,raw_sha1,1.00,verified,exact; src=prologue
iSignalSema,0x00100550,0x00100550,func,__text__,raw_sha1,1.00,verified,exact; src=prologue
WaitSema,0x00100560,0x00100560,func,__text__,raw_sha1,1.00,verified,exact; src=prologue
PollSema,0x00100570,0x00100570,func,__text__,raw_sha1,1.00,verified,exact; src=prologue
iPollSema,0x00100580,0x00100580,func,__text__,raw_sha1,1.00,verified,exact; src=prologue
ReferSemaStatus,0x00100590,0x00100590,func,__text__,raw_sha1,1.00,verified,exact; src=prologue
iReferSemaStatus,0x001005A0,0x001005A0,func,__text__,raw_sha1,1.00,verified,exact; src=prologue
RFU073,0x001005B0,0x001005B0,func,__text__,raw_sha1,1.00,verified,exact; src=prologue
SetOsdConfigParam,0x001005C0,0x001005C0,func,__text__,raw_sha1,1.00,verified,exact; src=prologue
GetOsdConfigParam,0x001005D0,0x001005D0,func,__text__,raw_sha1,1.00,verified,exact; src=prologue
GetGsHParam,0x001005E0,0x001005E0,func,__text__,raw_sha1,1.00,verified,exact; src=prologue
GetGsVParam,0x001005F0,0x001005F0,func,__text__,raw_sha1,1.00,verified,exact; src=prologue
SetGsHParam,0x00100600,0x00100600,func,__text__,raw_sha1,1.00,verified,exact; src=prologue
SetGsVParam,0x00100610,0x00100610,func,__text__,raw_sha1,1.00,verified,exact; src=prologue
CreateEventFlag,0x00100620,0x00100620,func,__text__,raw_sha1,1.00,verified,exact; src=prologue
DeleteEventFlag,0x00100630,0x00100630,func,__text__,raw_sha1,1.00,verified,exact; src=prologue
SetEventFlag,0x00100640,0x00100640,func,__text__,raw_sha1,1.00,verified,exact; src=prologue
RFU083_iSetEventFlag,0x00100650,0x00100650,func,__text__,raw_sha1,1.00,verified,exact; src=prologue
ClearEventFlag,0x00100660,0x00100660,func,__text__,raw_sha1,1.00,verified,exact; src=prologue
RFU085_iClearEventFlag,0x00100670,0x00100670,func,__text__,raw_sha1,1.00,verified,exact; src=prologue
RFU086_WaitEvnetFlag,0x00100680,0x00100680,func,__text__,raw_sha1,1.00,verified,exact; src=prologue
RFU087_PollEvnetFlag,0x00100690,0x00100690,func,__text__,raw_sha1,1.00,verified,exact; src=prologue
RFU088_iPollEvnetFlag,0x001006A0,0x001006A0,func,__text__,raw_sha1,1.00,verified,exact; src=prologue
RFU089_ReferEventFlagStatus,0x001006B0,0x001006B0,func,__text__,raw_sha1,1.00,verified,exact; src=prologue
RFU090_iReferEventFlagStatus,0x001006C0,0x001006C0,func,__text__,raw_sha1,1.00,verified,exact; src=prologue
RFU091,0x001006D0,0x001006D0,func,__text__,raw_sha1,1.00,verified,exact; src=prologue
EnableIntcHandler,0x001006E0,0x001006E0,func,__text__,raw_sha1,1.00,verified,exact; src=prologue
iEnableIntcHandler,0x001006F0,0x001006F0,func,__text__,raw_sha1,1.00,verified,exact; src=prologue
DisableIntcHandler,0x00100700,0x00100700,func,__text__,raw_sha1,1.00,verified,exact; src=prologue
iDisableIntcHandler,0x00100710,0x00100710,func,__text__,raw_sha1,1.00,verified,exact; src=prologue
EnableDmacHandler,0x00100720,0x00100720,func,__text__,raw_sha1,1.00,verified,exact; src=prologue
iEnableDmacHandler,0x00100730,0x00100730,func,__text__,raw_sha1,1.00,verified,exact; src=prologue
DisableDmacHandler,0x00100740,0x00100740,func,__text__,raw_sha1,1.00,verified,exact; src=prologue
iDisableDmacHandler,0x00100750,0x00100750,func,__text__,raw_sha1,1.00,verified,exact; src=prologue
KSeg0,0x00100760,0x00100760,func,__text__,raw_sha1,1.00,verified,exact; src=prologue
EnableCache,0x00100770,0x00100770,func,__text__,raw_sha1,1.00,verified,exact; src=prologue
DisableCache,0x00100780,0x00100780,func,__text__,raw_sha1,1.00,verified,exact; src=prologue
GetCop0,0x00100790,0x00100790,func,__text__,raw_sha1,1.00,verified,exact; src=prologue
FlushCache,0x001007A0,0x001007A0,func,__text__,raw_sha1,1.00,verified,exact; src=prologue
CpuConfig,0x001007B0,0x001007B0,func,__text__,raw_sha1,1.00,verified,exact; src=prologue
iGetCop0,0x001007C0,0x001007C0,func,__text__,raw_sha1,1.00,verified,exact; src=prologue
iFlushCache,0x001007D0,0x001007D0,func,__text__,raw_sha1,1.00,verified,exact; src=prologue
iCpuConfig,0x001007E0,0x001007E0,func,__text__,raw_sha1,1.00,verified,exact; src=prologue
sceSifStopDma,0x001007F0,0x001007F0,func,__text__,raw_sha1,1.00,verified,exact; src=prologue
SetCPUTimerHandler,0x00100800,0x00100800,func,__text__,raw_sha1,1.00,verified,exact; src=prologue
SetCPUTimer,0x00100810,0x00100810,func,__text__,raw_sha1,1.00,verified,exact; src=prologue
SetOsdConfigParam2,0x00100820,0x00100820,func,__text__,raw_sha1,1.00,verified,exact; src=prologue
GetOsdConfigParam2,0x00100830,0x00100830,func,__text__,raw_sha1,1.00,verified,exact; src=prologue
GsGetIMR,0x00100840,0x00100840,func,__text__,raw_sha1,1.00,verified,exact; src=prologue
iGsGetIMR,0x00100850,0x00100850,func,__text__,raw_sha1,1.00,verified,exact; src=prologue
GsPutIMR,0x00100860,0x00100860,func,__text__,raw_sha1,1.00,verified,exact; src=prologue
iGsPutIMR,0x00100870,0x00100870,func,__text__,raw_sha1,1.00,verified,exact; src=prologue
SetPgifHandler,0x00100880,0x00100880,func,__text__,raw_sha1,1.00,verified,exact; src=prologue
SetVSyncFlag,0x00100890,0x00100890,func,__text__,raw_sha1,1.00,verified,exact; src=prologue
RFU116_SetSyscall,0x001008A0,0x001008A0,func,__text__,raw_sha1,1.00,verified,exact; src=prologue
_print,0x001008B0,0x001008B0,func,__text__,raw_sha1,1.00,verified,exact; src=prologue
sceSifDmaStat,0x001008C0,0x001008C0,func,__text__,raw_sha1,1.00,verified,exact; src=prologue
isceSifDmaStat,0x001008D0,0x001008D0,func,__text__,raw_sha1,1.00,verified,exact; src=prologue
sceSifSetDma,0x001008E0,0x001008E0,func,__text__,raw_sha1,1.00,verified,exact; src=prologue
isceSifSetDma,0x001008F0,0x001008F0,func,__text__,raw_sha1,1.00,verified,exact; src=prologue
sceSifSetDChain,0x00100900,0x00100900,func,__text__,raw_sha1,1.00,verified,exact; src=prologue
isceSifSetDChain,0x00100910,0x00100910,func,__text__,raw_sha1,1.00,verified,exact; src=prologue
sceSifSetReg,0x00100920,0x00100920,func,__text__,raw_sha1,1.00,verified,exact; src=prologue
sceSifGetReg,0x00100930,0x00100930,func,__text__,raw_sha1,1.00,verified,exact; src=prologue
ExecOSD,0x00100940,0x00100940,func,__text__,raw_sha1,1.00,verified,exact; src=prologue
Deci2Call,0x00100950,0x00100950,func,__text__,raw_sha1,1.00,verified,exact; src=prologue
PSMode,0x00100960,0x00100960,func,__text__,raw_sha1,1.00,verified,exact; src=prologue
MachineType,0x00100970,0x00100970,func,__text__,raw_sha1,1.00,verified,exact; src=prologue
GetMemorySize,0x00100980,0x00100980,func,__text__,raw_sha1,1.00,verified,exact; src=prologue
initsys_setup,0x00100990,0x001008A0,func,__text__,raw_sha1,1.00,verified,exact; src=prologue
InitSysCall,0x001009A0,0x001009A0,func,__text__,raw_sha1,1.00,verified,exact; src=prologue
_InitSys,0x001009E0,0x001009E0,func,__text__,raw_sha1,1.00,verified,exact; src=prologue
DisableIntc,0x00100A08,0x00100A08,func,__text__,raw_sha1,1.00,verified,exact; src=prologue
EnableIntc,0x00100A70,0x00100A70,func,__text__,raw_sha1,1.00,verified,exact; src=prologue
DisableDMAC,0x00100AD8,0x00100AD8,func,__text__,raw_sha1,1.00,verified,exact; src=prologue
EnableDMAC,0x00100B40,0x00100B40,func,__text__,raw_sha1,1.00,verified,exact; src=prologue
iEnableIntc,0x00100BA8,0x00100BA8,func,__text__,raw_sha1,1.00,verified,exact; src=prologue
iDisableIntc,0x00100BC8,0x00100BC8,func,__text__,raw_sha1,1.00,verified,exact; src=prologue
iEnableDmac,0x00100BE8,0x00100BE8,func,__text__,raw_sha1,1.00,verified,exact; src=prologue
iDisableDmac,0x00100C08,0x00100C08,func,__text__,raw_sha1,1.00,verified,exact; src=prologue
intr_setup,0x00100C28,0x001D0EF4,func,__text__,fuzzy,1.00,candidate,fuzzy; sz_diff=0; src=extracted
Copy,0x00100C38,0x00100C38,func,__text__,raw_sha1,1.00,verified,exact; src=prologue
kCopy,0x00100C48,0x001009A0,func,__text__,fuzzy,1.00,candidate,fuzzy; sz_diff=0; src=extracted
GetEntryAddress,0x00100C80,0x001D0EF4,func,__text__,fuzzy,1.00,candidate,fuzzy; sz_diff=0; src=extracted
InitAlarm,0x00100C90,0x00100C90,func,__text__,op_seq_hash,0.95,verified,struct match; sz_diff=0; src=prologue
topThread,0x00100D68,0x00100D68,func,__text__,op_seq_hash,0.95,verified,struct match; sz_diff=0; src=prologue
InitThread,0x00100E40,0x00100E40,func,__text__,op_seq_hash,0.95,verified,struct match; sz_diff=0; src=prologue
iWakeupThread,0x00100F18,0x00100F18,func,__text__,op_seq_hash,0.95,verified,struct match; sz_diff=0; src=prologue
iRotateThreadReadyQueue,0x00100FB0,0x00100FB0,func,__text__,op_seq_hash,0.95,verified,struct match; sz_diff=0; src=prologue
iSuspendThread,0x00101030,0x00101030,func,__text__,op_seq_hash,0.95,verified,struct match; sz_diff=0; src=prologue
kputchar,0x001010C8,0x001009A0,func,__text__,fuzzy,1.00,candidate,fuzzy; sz_diff=0; src=extracted
deci2Putchar,0x00101100,0x00101100,func,__text__,op_seq_hash,0.95,verified,struct match; sz_diff=0; src=prologue
serialPutchar,0x001011B0,0x001011B0,func,__text__,raw_sha1,1.00,verified,exact; src=prologue
ftoi,0x001011E8,0x00101B14,func,__text__,fuzzy,1.00,candidate,fuzzy; sz_diff=0; src=extracted
printfloat,0x00101278,0x00101278,func,__text__,op_seq_hash,0.95,verified,struct match; sz_diff=0; src=prologue
_printf,0x001013E0,0x001013E0,func,__text__,op_seq_hash,0.95,verified,struct match; sz_diff=0; src=prologue
kprintf,0x001019A8,0x001019A8,func,__text__,raw_sha1,1.00,verified,exact; src=prologue
scePrintf,0x001019E0,0x001019E0,func,__text__,op_seq_hash,0.95,verified,struct match; sz_diff=0; src=prologue
DIntr,0x00101A40,0x001079DC,func,__text__,fuzzy,1.00,candidate,fuzzy; sz_diff=0; src=extracted
EIntr,0x00101A88,0x00100BA8,func,__text__,fuzzy,1.00,candidate,fuzzy; sz_diff=0; src=extracted
sceDeci2Open,0x00101AA0,0x001BA668,func,__text__,fuzzy,0.93,candidate,fuzzy; sz_diff=4; src=extracted
sceDeci2Close,0x00101AE8,0x00101AE8,func,__text__,raw_sha1,1.00,verified,exact; src=prologue
sceDeci2ReqSend,0x00101B10,0x001D0F68,func,__text__,fuzzy,0.98,candidate,fuzzy; sz_diff=4; src=extracted
sceDeci2Poll,0x00101B40,0x00101B40,func,__text__,raw_sha1,1.00,verified,exact; src=prologue
sceDeci2ExRecv,0x00101B68,0x00101B68,func,__text__,raw_sha1,1.00,verified,exact; src=prologue
sceDeci2ExSend,0x00101BA0,0x00101BA0,func,__text__,raw_sha1,1.00,verified,exact; src=prologue
sceDeci2ExReqSend,0x00101BD8,0x001D0F68,func,__text__,fuzzy,0.98,candidate,fuzzy; sz_diff=4; src=extracted
sceDeci2ExLock,0x00101C08,0x00101C08,func,__text__,raw_sha1,1.00,verified,exact; src=prologue
sceDeci2ExUnLock,0x00101C30,0x00101C30,func,__text__,raw_sha1,1.00,verified,exact; src=prologue
kputs,0x00101C58,0x00101C58,func,__text__,raw_sha1,1.00,verified,exact; src=prologue
Main,0x00101C80,0x00101C80,func,__text__,same_va,0.85,verified,same VA; USA size=388; src=prologue
idle,0x00101FB8,0x00101F70,func,__text__,op_seq_hash,0.95,verified,struct match; sz_diff=0; src=prologue
scheduler,0x001021A0,0x00102158,func,__text__,fuzzy,1.00,candidate,fuzzy; sz_diff=0; src=prologue
boot,0x00102388,0x00102340,func,__text__,op_seq_hash,0.95,verified,struct match; sz_diff=0; src=prologue
Emergency_DestroyAllThread,0x00102460,0x00102418,func,__text__,op_seq_hash,0.95,verified,struct match; sz_diff=0; src=prologue
movie_abort_check,0x00102500,0x001024B8,func,__text__,op_seq_hash,0.95,verified,struct match; sz_diff=0; src=prologue
demoEnd,0x00102540,0x00100108,func,__text__,raw_sha1,1.00,verified,exact; src=prologue
main,0x00102548,0x001024F8,func,__text__,op_seq_hash,0.95,verified,struct match; sz_diff=0; src=prologue
EntryDelayFree,0x001025A8,0x0013FD78,func,__text__,fuzzy,0.95,candidate,fuzzy; sz_diff=0; src=extracted
InitDelayFree,0x00102640,0x0013A580,func,__text__,op_seq_hash,0.95,verified,struct match; sz_diff=0; src=prologue
ExecDelayFree,0x001026D8,0x0026A330,func,__text__,fuzzy,0.98,candidate,fuzzy; sz_diff=4; src=extracted
GetRootQuaternionByDObj,0x001027D8,0x00114C18,func,__text__,fuzzy,0.80,candidate,fuzzy; sz_diff=0; src=extracted
UpdateRootMatrixByDObj,0x00102810,0x001027C8,func,__text__,op_seq_hash,0.95,verified,struct match; sz_diff=0; src=prologue
GetRootQuaternion,0x00102898,0x0013C878,func,__text__,fuzzy,1.00,candidate,fuzzy; sz_diff=0; src=extracted
UpdateRootMatrix,0x001028A0,0x0013FD78,func,__text__,fuzzy,0.98,candidate,fuzzy; sz_diff=4; src=extracted
SetRootBaseQuaternion,0x001028A8,0x0013FE18,func,__text__,fuzzy,1.00,candidate,fuzzy; sz_diff=0; src=extracted
SetRootQuaternion,0x001028B8,0x00102870,func,__text__,op_seq_hash,0.95,verified,struct match; sz_diff=0; src=prologue
SetRootMatrixWithTransOffsetByDObj,0x00102938,0x001028F0,func,__text__,op_seq_hash,0.95,verified,struct match; sz_diff=0; src=prologue
SetRootMatrixWithTransOffset,0x001029B8,,func,__text__,unmatched,0.00,unmatched,no match; PAL size=668; src=extracted
GetRootMatrixRotOffsetByDObj,0x001029C0,0x00102978,func,__text__,op_seq_hash,0.95,verified,struct match; sz_diff=0; src=prologue
GetRootMatrixRotOffset,0x00102A00,,func,__text__,unmatched,0.00,unmatched,no match; PAL size=596; src=extracted
SetRootMatrixRotOffsetByDObj,0x00102A08,0x001029C0,func,__text__,op_seq_hash,0.95,verified,struct match; sz_diff=0; src=prologue
SetRootMatrixRotOffset,0x00102A80,,func,__text__,unmatched,0.00,unmatched,no match; PAL size=468; src=extracted
SetDirectRootPositionNoFittingWithNodePoint,0x00102A88,0x00102A40,func,__text__,op_seq_hash,0.95,verified,struct match; sz_diff=0; src=prologue
SetDirectRootPositionNoFittingWithNodePointXZ,0x00102C58,0x00102C10,func,__text__,op_seq_hash,0.95,verified,struct match; sz_diff=0; src=prologue
SetDirectRootPositionWithNodePoint,0x00102E28,0x00102DE0,func,__text__,op_seq_hash,0.95,verified,struct match; sz_diff=0; src=prologue
LocalizeGeometry,0x00102E50,0x00102E08,func,__text__,op_seq_hash,0.95,verified,struct match; sz_diff=0; src=prologue
GetGlobalDirectionOrient,0x00102FE8,0x00102FA0,func,__text__,op_seq_hash,0.95,verified,struct match; sz_diff=0; src=prologue
GlobalizeGeometry,0x00103060,0x00103018,func,__text__,op_seq_hash,0.95,verified,struct match; sz_diff=0; src=prologue
GetRootVelocity,0x00103158,,func,__text__,unmatched,0.00,unmatched,no match; PAL size=932; src=extracted
GetInitialInverseMatrixByDObj,0x00103168,0x00103120,func,__text__,op_seq_hash,0.95,verified,struct match; sz_diff=0; src=prologue
GetInitialInverseMatrix,0x00103228,0x001031E0,func,__text__,op_seq_hash,0.95,verified,struct match; sz_diff=0; src=prologue
GetInitialSkeltonMatrixByDObj,0x001032F0,0x001032A8,func,__text__,op_seq_hash,0.95,verified,struct match; sz_diff=0; src=prologue
MakeCharGObjList,0x001033B8,0x00103370,func,__text__,op_seq_hash,0.95,verified,struct match; sz_diff=0; src=prologue
cylinderCollisionCheck,0x00103500,0x001034B8,func,__text__,op_seq_hash,0.95,verified,struct match; sz_diff=0; src=prologue
LocalizeDirectionOrient,0x00103B18,0x00103AD0,func,__text__,op_seq_hash,0.95,verified,struct match; sz_diff=0; src=prologue
GetCylinderCollision,0x00103B90,0x00103B48,func,__text__,op_seq_hash,0.95,verified,struct match; sz_diff=0; src=prologue
GetCylinderCollisionWithExceptOwnCollision,0x00103C90,0x00103C48,func,__text__,op_seq_hash,0.95,verified,struct match; sz_diff=0; src=prologue
CylinderCollision,0x00103D98,0x00103D50,func,__text__,op_seq_hash,0.95,verified,struct match; sz_diff=0; src=prologue
CylinderCollisionWithControlDynamics,0x00103F48,0x00103F00,func,__text__,op_seq_hash,0.95,verified,struct match; sz_diff=0; src=prologue
GetRootMatrixByDObj,0x00104108,0x001040C0,func,__text__,op_seq_hash,0.95,verified,struct match; sz_diff=0; src=prologue
GetRootMatrix,0x00104188,0x00104140,func,__text__,op_seq_hash,0.95,verified,struct match; sz_diff=0; src=prologue
GetRootPositionByDObj,0x00104208,0x001041C0,func,__text__,op_seq_hash,0.95,verified,struct match; sz_diff=0; src=prologue
SetDirectRootPosition,0x00104288,0x00104240,func,__text__,op_seq_hash,0.95,verified,struct match; sz_diff=0; src=prologue
SetDirectRootPositionNoFitting,0x001043A8,0x00104360,func,__text__,op_seq_hash,0.95,verified,struct match; sz_diff=0; src=prologue
SetRootPosition,0x001044C0,0x00104478,func,__text__,op_seq_hash,0.95,verified,struct match; sz_diff=0; src=prologue
GetRootPosition,0x00104550,0x00104508,func,__text__,op_seq_hash,0.95,verified,struct match; sz_diff=0; src=prologue
GetRootOrient,0x001045D8,0x00104590,func,__text__,op_seq_hash,0.95,verified,struct match; sz_diff=0; src=prologue
LimitExistGeometry,0x00104680,0x00100A08,func,__text__,fuzzy,1.00,candidate,fuzzy; sz_diff=0; src=extracted
GetRootMatrixTransOffsetByDObj,0x001046E0,0x00104698,func,__text__,op_seq_hash,0.95,verified,struct match; sz_diff=0; src=prologue
GetRootMatrixTransOffset,0x00104738,0x001046F0,func,__text__,op_seq_hash,0.95,verified,struct match; sz_diff=0; src=prologue
GetRootMotionOrient,0x00104790,0x00104748,func,__text__,op_seq_hash,0.95,verified,struct match; sz_diff=0; src=prologue
GetRootMotionMatrix,0x00104860,0x00104818,func,__text__,op_seq_hash,0.95,verified,struct match; sz_diff=0; src=prologue
GetProjectionPosOfPlane,0x00104910,0x001048C8,func,__text__,op_seq_hash,0.95,verified,struct match; sz_diff=0; src=prologue
GetProjectionOfPlane,0x00104988,0x00104940,func,__text__,op_seq_hash,0.95,verified,struct match; sz_diff=0; src=prologue
GetProjectionOfPlaneWithKeepAway,0x00104A08,0x001049C0,func,__text__,op_seq_hash,0.95,verified,struct match; sz_diff=0; src=prologue
GetCharGObjList,0x00104A80,0x0014BDC8,func,__text__,op_seq_hash,0.95,verified,struct match; sz_diff=0; src=extracted
getInitialInverseMatrix,0x00104A90,0x00104A48,func,__text__,op_seq_hash,0.95,verified,struct match; sz_diff=0; src=prologue
geoMan_getInitialMatrix,0x00104B38,0x00104AF0,func,__text__,op_seq_hash,0.95,verified,struct match; sz_diff=0; src=prologue
InitKeyInput,0x00104BE0,0x00104B98,func,__text__,op_seq_hash,0.95,verified,struct match; sz_diff=0; src=prologue
ExecKeyInput,0x00104CC8,0x00104C80,func,__text__,op_seq_hash,0.95,verified,struct match; sz_diff=0; src=prologue
InitMatrixDrive,0x00104F38,0x00104EF0,func,__text__,op_seq_hash,0.95,verified,struct match; sz_diff=0; src=prologue
MatrixDrive_PushMatrix,0x00104F68,,func,__text__,unmatched,0.00,unmatched,no match; PAL size=824; src=extracted
MatrixDrive_RotMatrixX,0x00104F90,0x00104F48,func,__text__,op_seq_hash,0.95,verified,struct match; sz_diff=0; src=prologue
MatrixDrive_RotMatrixY,0x00105008,0x00104FC0,func,__text__,op_seq_hash,0.95,verified,struct match; sz_diff=0; src=prologue
MatrixDrive_RotMatrixZ,0x00105080,0x00105038,func,__text__,op_seq_hash,0.95,verified,struct match; sz_diff=0; src=prologue
MatrixDrive_ScaleMatrix,0x001050F8,0x0010184C,func,__text__,fuzzy,0.70,candidate,fuzzy; sz_diff=84; src=extracted
MatrixDrive_TurnViewMatrix,0x00105128,0x001050E0,func,__text__,op_seq_hash,0.95,verified,struct match; sz_diff=0; src=prologue
MatrixDrive_PushMatrixWithNoCopy,0x001052A0,0x001052A0,func,__text__,same_va,0.85,verified,same VA; USA size=8; src=extracted
MatrixDrive_PopMatrix,0x001052B0,0x00104E5C,func,__text__,fuzzy,1.00,candidate,fuzzy; sz_diff=0; src=extracted
MatrixDrive_GetMatrix,0x001052C0,0x00100BA8,func,__text__,fuzzy,1.00,candidate,fuzzy; sz_diff=0; src=extracted
MatrixDrive_GetLastMatrix,0x001052D8,0x00100BA8,func,__text__,fuzzy,1.00,candidate,fuzzy; sz_diff=0; src=extracted
MatrixDrive_TransMatrixV,0x001052F0,0x001052A8,func,__text__,op_seq_hash,0.95,verified,struct match; sz_diff=0; src=prologue
MatrixDrive_TransMatrix,0x00105350,0x00105308,func,__text__,op_seq_hash,0.95,verified,struct match; sz_diff=0; src=prologue
MatrixDrive_TurnObjectMatrix,0x001053D8,0x00105390,func,__text__,op_seq_hash,0.95,verified,struct match; sz_diff=0; src=prologue
MatrixDrive_TurnXObjectMatrixZY,0x001054D0,0x00105488,func,__text__,op_seq_hash,0.95,verified,struct match; sz_diff=0; src=prologue
MatrixDrive_TurnXObjectMatrixYZ,0x001055B8,0x00105488,func,__text__,op_seq_hash,0.95,verified,struct match; sz_diff=0; src=prologue
MatrixDrive_TurnYObjectMatrixXZ,0x001056A0,0x00105488,func,__text__,op_seq_hash,0.95,verified,struct match; sz_diff=0; src=prologue
MatrixDrive_TurnZObjectMatrixXY,0x00105788,0x00105488,func,__text__,op_seq_hash,0.95,verified,struct match; sz_diff=0; src=prologue
MatrixDrive_GetTurnXAngleZY,0x00105870,0x00105828,func,__text__,op_seq_hash,0.95,verified,struct match; sz_diff=0; src=prologue
MatrixDrive_GetTurnXAngleYZ,0x00105950,0x00105828,func,__text__,op_seq_hash,0.95,verified,struct match; sz_diff=0; src=prologue
MatrixDrive_GetTurnYAngleXZ,0x00105A30,0x00105828,func,__text__,op_seq_hash,0.95,verified,struct match; sz_diff=0; src=prologue
MatrixDrive_GetTurnYEAngleXZ,0x00105B10,0x00105AC8,func,__text__,op_seq_hash,0.95,verified,struct match; sz_diff=0; src=prologue
MatrixDrive_GetTurnZAngleXY,0x00105C00,0x00105828,func,__text__,op_seq_hash,0.95,verified,struct match; sz_diff=0; src=prologue
MatrixDrive_GetTurnZAngleYX,0x00105CE0,0x00105C98,func,__text__,op_seq_hash,0.95,verified,struct match; sz_diff=0; src=prologue
MatrixDrive_GetTurnMinusZAngleXY,0x00105DD0,0x00105828,func,__text__,op_seq_hash,0.95,verified,struct match; sz_diff=0; src=prologue
MatrixDrive_SetTransposeMatrix,0x00105EB8,0x00105E70,func,__text__,op_seq_hash,0.95,verified,struct match; sz_diff=0; src=prologue
CopyVector,0x00105F48,0x00105F48,func,__text__,same_va,0.85,verified,same VA; USA size=40; src=extracted
CopyIVector,0x00105F58,0x00104E5C,func,__text__,fuzzy,1.00,candidate,fuzzy; sz_diff=0; src=extracted
CopyMatrix,0x00105F68,0x001009E0,func,__text__,fuzzy,1.00,candidate,fuzzy; sz_diff=0; src=extracted
CopyMatrixUncached,0x00105F90,0x00105F48,func,__text__,raw_sha1,1.00,verified,exact; src=prologue
AddVectorXYZ,0x00105FC0,0x00100BA8,func,__text__,fuzzy,1.00,candidate,fuzzy; sz_diff=0; src=extracted
SubVectorXYZ,0x00105FD8,0x00105FD8,func,__text__,same_va,0.85,verified,same VA; USA size=8; src=extracted
UnitRotation,0x00105FF0,0x00105FA8,func,__text__,op_seq_hash,0.95,verified,struct match; sz_diff=0; src=prologue
FSqrt,0x00106028,0x001064B0,func,__text__,fuzzy,1.00,candidate,fuzzy; sz_diff=0; src=extracted
VectorLength,0x00106048,0x001009E0,func,__text__,fuzzy,1.00,candidate,fuzzy; sz_diff=0; src=extracted
VectorLengthSquare,0x00106070,0x001064B0,func,__text__,fuzzy,1.00,candidate,fuzzy; sz_diff=0; src=extracted
GetPointDistance,0x00106090,0x00106090,func,__text__,same_va,0.85,verified,same VA; USA size=232; src=extracted
GetWaterReaction,0x001060D8,0x001031E0,func,__text__,fuzzy,1.00,candidate,fuzzy; sz_diff=0; src=prologue
dispPlane,0x001063B0,0x00106570,func,__text__,op_seq_hash,0.95,verified,struct match; sz_diff=0; src=prologue
GetOrientOfWallOfGObj,0x001068D8,0x00135AD8,func,__text__,fuzzy,0.95,candidate,fuzzy; sz_diff=0; src=extracted
GetOrientOfCliffOfGObj,0x001068E8,0x00163B40,func,__text__,fuzzy,0.92,candidate,fuzzy; sz_diff=8; src=extracted
SetMotionDirection,0x001068F8,0x00106AB8,func,__text__,raw_sha1,1.00,verified,exact; src=prologue
_GetMotionDirection,0x001069B0,0x0010184C,func,__text__,fuzzy,0.59,candidate,fuzzy; sz_diff=92; src=extracted
SetMotionDirectionWithLimit,0x001069C0,0x00106B80,func,__text__,op_seq_hash,0.95,verified,struct match; sz_diff=0; src=prologue
GetRootPosOfNextFrame,0x00106B60,0x00106D20,func,__text__,op_seq_hash,0.95,verified,struct match; sz_diff=0; src=prologue
AdjustMotionHeightToField,0x00106BA8,0x00106D68,func,__text__,op_seq_hash,0.95,verified,struct match; sz_diff=0; src=prologue
GetLowerPlaneCollision,0x00106BE8,0x00106DA8,func,__text__,op_seq_hash,0.95,verified,struct match; sz_diff=0; src=prologue
getLowerPlaneCollisionE,0x00106C30,0x00106DA8,func,__text__,op_seq_hash,0.95,verified,struct match; sz_diff=0; src=prologue
calcFootIK,0x00106C78,0x00106E38,func,__text__,op_seq_hash,0.95,verified,struct match; sz_diff=0; src=prologue
InitMotionGeoInfo,0x001070B0,0x00107270,func,__text__,op_seq_hash,0.95,verified,struct match; sz_diff=0; src=prologue
motMan2_dispSkeltonHierarchy,0x001072E8,0x001074A8,func,__text__,op_seq_hash,0.95,verified,struct match; sz_diff=0; src=prologue
DispSkelton,0x001075B8,0x00107778,func,__text__,op_seq_hash,0.95,verified,struct match; sz_diff=0; src=prologue
SlopeIKControl,0x00107638,0x001077F8,func,__text__,op_seq_hash,0.95,verified,struct match; sz_diff=0; src=prologue
GetPureVerticalPlaneOfCurrentPosition,0x00107968,0x00107B28,func,__text__,op_seq_hash,0.95,verified,struct match; sz_diff=0; src=prologue
getVerticalElementOfWallNormal,0x00107C18,0x00107DD8,func,__text__,op_seq_hash,0.95,verified,struct match; sz_diff=0; src=prologue
AdjustVerticalSidePlaneOfWall,0x00107C68,0x00107E28,func,__text__,op_seq_hash,0.95,verified,struct match; sz_diff=0; src=prologue
GetPureVerticalPlane,0x00107F38,0x001080F8,func,__text__,op_seq_hash,0.95,verified,struct match; sz_diff=0; src=prologue
_getS16MotRotElem,0x001080F0,0x001082B0,func,__text__,raw_sha1,1.00,verified,exact; src=prologue
_getMotion,0x001084D8,0x00108698,func,__text__,op_seq_hash,0.95,verified,struct match; sz_diff=0; src=prologue
GetStreamMotion,0x00108890,0x00108A50,func,__text__,op_seq_hash,0.95,verified,struct match; sz_diff=0; src=prologue
CopyMotionWithNodeHrc,0x00108AD8,0x00108C98,func,__text__,op_seq_hash,0.95,verified,struct match; sz_diff=0; src=prologue
GetFloatingMotion,0x00108BE0,0x00108DA0,func,__text__,raw_sha1,1.00,verified,exact; src=prologue
MakeMirrorMotion,0x001095E0,0x001097A0,func,__text__,op_seq_hash,0.95,verified,struct match; sz_diff=0; src=prologue
GetFloatingShapeMotion,0x00109758,0x00109918,func,__text__,raw_sha1,1.00,verified,exact; src=prologue
FeedbackWallWorkInfoToBrainSystem,0x00109998,0x00106660,func,__text__,fuzzy,1.00,candidate,fuzzy; sz_diff=0; src=extracted
GetMotionPointer,0x001099D8,0x001010EC,func,__text__,fuzzy,1.00,candidate,fuzzy; sz_diff=0; src=extracted
GetCollisionOfLastActiveField,0x001099E8,0x001010EC,func,__text__,fuzzy,1.00,candidate,fuzzy; sz_diff=0; src=extracted
CheckFieldContact,0x001099F8,0x00102688,func,__text__,fuzzy,1.00,candidate,fuzzy; sz_diff=0; src=prologue
DebugDisp1Collision,0x00109BB0,0x00109BB8,func,__text__,op_seq_hash,0.95,verified,struct match; sz_diff=0; src=prologue
DebugDisp1CollisionWithColor,0x00109CA8,0x00109CB0,func,__text__,op_seq_hash,0.95,verified,struct match; sz_diff=0; src=prologue
SetMotionBlendlessNode,0x00109DA0,0x00109DA8,func,__text__,op_seq_hash,0.95,verified,struct match; sz_diff=0; src=prologue
ClearMotionBlendlessNode,0x00109E40,0x00106660,func,__text__,fuzzy,1.00,candidate,fuzzy; sz_diff=0; src=extracted
InitMotionStateInfo,0x00109E80,0x00109E88,func,__text__,op_seq_hash,0.95,verified,struct match; sz_diff=0; src=prologue
GetSkeltonFocusNode,0x00109F08,0x00106750,func,__text__,fuzzy,1.00,candidate,fuzzy; sz_diff=0; src=extracted
AdjustMotionHeightToNearestField,0x00109F20,0x00109F28,func,__text__,op_seq_hash,0.95,verified,struct match; sz_diff=0; src=prologue
SetRootUpdateMode,0x00109FF0,0x00109FF0,func,__text__,same_va,0.85,verified,same VA; USA size=8; src=extracted
ForMotionViewer_GetCurrentAnimationFrame,0x0010A000,0x001010EC,func,__text__,fuzzy,1.00,candidate,fuzzy; sz_diff=0; src=extracted
ForMotionViewer_GetCurrentMotion,0x0010A010,0x001010EC,func,__text__,fuzzy,1.00,candidate,fuzzy; sz_diff=0; src=extracted
EnableMotionOrientUpdate,0x0010A020,0x001010EC,func,__text__,fuzzy,1.00,candidate,fuzzy; sz_diff=0; src=extracted
DisableMotionOrientUpdate,0x0010A030,0x00104E5C,func,__text__,fuzzy,1.00,candidate,fuzzy; sz_diff=0; src=extracted
CheckFloorAttribute,0x0010A040,0x0010A048,func,__text__,op_seq_hash,0.95,verified,struct match; sz_diff=0; src=prologue
CheckWallAttribute,0x0010A060,0x0010A048,func,__text__,op_seq_hash,0.95,verified,struct match; sz_diff=0; src=prologue
CheckPureWallAttribute,0x0010A080,0x0010A048,func,__text__,op_seq_hash,0.95,verified,struct match; sz_diff=0; src=prologue
CheckPureCliffAttribute,0x0010A0A0,0x0010A048,func,__text__,op_seq_hash,0.95,verified,struct match; sz_diff=0; src=prologue
GetStreamShapeMotion,0x0010A0C0,0x0010A0C0,func,__text__,same_va,0.85,verified,same VA; USA size=8; src=extracted
GetDifferenceFromWallUpperField,0x0010A118,0x0010A120,func,__text__,op_seq_hash,0.95,verified,struct match; sz_diff=0; src=prologue
GetDifferenceFromLastField,0x0010A158,0x0010A120,func,__text__,op_seq_hash,0.95,verified,struct match; sz_diff=0; src=prologue
GetDifferenceFromLowerField,0x0010A198,0x0010A1A0,func,__text__,op_seq_hash,0.95,verified,struct match; sz_diff=0; src=prologue
GetDifferenceFromWallLowerPlane,0x0010A1F8,0x0010A200,func,__text__,op_seq_hash,0.95,verified,struct match; sz_diff=0; src=prologue
GetDifferenceFromWallUpperPlane,0x0010A268,0x0010A270,func,__text__,op_seq_hash,0.95,verified,struct match; sz_diff=0; src=prologue
DisableChangeRootUpdateMode,0x0010A2D8,0x00104E5C,func,__text__,fuzzy,1.00,candidate,fuzzy; sz_diff=0; src=extracted
EnableChangeRootUpdateMode,0x0010A2E8,0x0010A2E8,func,__text__,same_va,0.85,verified,same VA; USA size=8; src=extracted
GetRopeHangablePos,0x0010A2F8,0x001010EC,func,__text__,fuzzy,1.00,candidate,fuzzy; sz_diff=0; src=extracted
GetMotionFrameFlag1,0x0010A308,0x001010EC,func,__text__,fuzzy,1.00,candidate,fuzzy; sz_diff=0; src=extracted
GetMotionFrameFlag2,0x0010A318,0x001010EC,func,__text__,fuzzy,1.00,candidate,fuzzy; sz_diff=0; src=extracted
GetHeightOfFieldPlaneDifference,0x0010A328,0x0010A330,func,__text__,op_seq_hash,0.95,verified,struct match; sz_diff=0; src=prologue
GetHeightOfWallFromGObj,0x0010A378,0x0010A378,func,__text__,same_va,0.85,verified,same VA; USA size=8; src=extracted
GetHeightOfCliffFromGObj,0x0010A388,0x001010EC,func,__text__,fuzzy,1.00,candidate,fuzzy; sz_diff=0; src=extracted
InitMotionRotElem,0x0010A398,0x0010A3A0,func,__text__,op_seq_hash,0.95,verified,struct match; sz_diff=0; src=prologue
SetMotionNodeFixModeParameter,0x0010A3E8,0x0010A3F0,func,__text__,op_seq_hash,0.95,verified,struct match; sz_diff=0; src=prologue
GetRootProjectionPosOfGObj,0x0010A490,0x0010A498,func,__text__,op_seq_hash,0.95,verified,struct match; sz_diff=0; src=prologue
SetMotionPlaySpeedRatio,0x0010A4D8,0x001010EC,func,__text__,fuzzy,1.00,candidate,fuzzy; sz_diff=0; src=extracted
ClearMotionGeometryInfo,0x0010A4E8,0x0010A4F0,func,__text__,op_seq_hash,0.95,verified,struct match; sz_diff=0; src=prologue
SetSkeltonDispSwitch,0x0010A548,0x00102678,func,__text__,op_seq_hash,0.95,verified,struct match; sz_diff=0; src=prologue
CopyMotion,0x0010A550,0x0010A550,func,__text__,same_va,0.85,verified,same VA; USA size=8; src=extracted
GetMotionRootPos,0x0010A590,0x0010A598,func,__text__,raw_sha1,1.00,verified,exact; src=prologue
GetMotion,0x0010A5D8,0x0010A5E0,func,__text__,op_seq_hash,0.95,verified,struct match; sz_diff=0; src=prologue
GetBlendedMotion,0x0010A790,0x0010A798,func,__text__,op_seq_hash,0.95,verified,struct match; sz_diff=0; src=prologue
GetFloatingMotionRootPos,0x0010A978,0x0010A978,func,__text__,same_va,0.85,verified,same VA; USA size=8; src=extracted
GetShapeMotion,0x0010AA98,0x00102870,func,__text__,fuzzy,1.00,candidate,fuzzy; sz_diff=0; src=extracted
LockForceGroundParent,0x0010AB10,0x00100108,func,__text__,raw_sha1,1.00,verified,exact; src=prologue
UnlockForceGroundParent,0x0010AB18,0x00100108,func,__text__,raw_sha1,1.00,verified,exact; src=prologue
GetOutOutsideOfWall,0x0010AB20,0x0010AB28,func,__text__,op_seq_hash,0.95,verified,struct match; sz_diff=0; src=prologue
AdjustRootPositionToVerticalSidePlaneOfWall,0x0010ABD0,0x0010ABD8,func,__text__,op_seq_hash,0.95,verified,struct match; sz_diff=0; src=prologue
fitYToPlane,0x0010AC80,0x0010AC88,func,__text__,op_seq_hash,0.95,verified,struct match; sz_diff=0; src=prologue
GetBlendedMotionRootPos,0x0010ACC0,0x0010ACC0,func,__text__,same_va,0.85,verified,same VA; USA size=8; src=extracted
_getMotRotElem,0x0010AD18,0x0010AD20,func,__text__,raw_sha1,1.00,verified,exact; src=prologue
falldownSE,0x0010ADC0,0x0010184C,func,__text__,fuzzy,0.74,candidate,fuzzy; sz_diff=44; src=extracted
copyToWork,0x0010ADC8,0x0010ADD0,func,__text__,op_seq_hash,0.95,verified,struct match; sz_diff=0; src=prologue
flushWork,0x0010AF40,0x0010AF48,func,__text__,op_seq_hash,0.95,verified,struct match; sz_diff=0; src=prologue
setNodePursueParticleEffectWithUpperLimit,0x0010B038,0x0010B040,func,__text__,op_seq_hash,0.95,verified,struct match; sz_diff=0; src=prologue
SetFallDownSplash,0x0010B0D0,0x0010B0D8,func,__text__,op_seq_hash,0.95,verified,struct match; sz_diff=0; src=prologue
GetPoolGlobalDrainVector,0x0010B2B8,,func,__text__,unmatched,0.00,unmatched,no match; PAL size=1196; src=extracted
InitPoolGeo,0x0010B2C8,0x0010B2D0,func,__text__,op_seq_hash,0.95,verified,struct match; sz_diff=0; src=prologue
updatePoolGeo,0x0010B768,0x0010B770,func,__text__,op_seq_hash,0.95,verified,struct match; sz_diff=0; src=prologue
dispPool,0x0010C0E8,0x00269550,func,__text__,fuzzy,1.00,candidate,fuzzy; sz_diff=0; src=prologue
PoolDL,0x0010C588,0x0010C5C0,func,__text__,op_seq_hash,0.95,verified,struct match; sz_diff=0; src=prologue
InitLimitedPoolReflactionMesh,0x0010C688,0x0010C6C0,func,__text__,op_seq_hash,0.95,verified,struct match; sz_diff=0; src=prologue
SetLayoutedPoolReflactionMesh,0x0010C7D0,0x0010C808,func,__text__,op_seq_hash,0.95,verified,struct match; sz_diff=0; src=prologue
SetLimitedPoolReflactionMesh,0x0010CB10,0x0010CB48,func,__text__,op_seq_hash,0.95,verified,struct match; sz_diff=0; src=prologue
DispLimitedPoolReflactionMesh,0x0010CF50,0x00106570,func,__text__,fuzzy,1.00,candidate,fuzzy; sz_diff=0; src=prologue
PoolGeo,0x0010D038,0x00100108,func,__text__,raw_sha1,1.00,verified,exact; src=prologue
GetPoolGlobalHeight,0x0010D040,0x00104E5C,func,__text__,fuzzy,1.00,candidate,fuzzy; sz_diff=0; src=extracted
GetPoolGlobalHeightDetail,0x0010D050,0x00103018,func,__text__,fuzzy,1.00,candidate,fuzzy; sz_diff=0; src=extracted
CheckPoolHasGridMesh,0x0010D148,0x00106750,func,__text__,fuzzy,1.00,candidate,fuzzy; sz_diff=0; src=extracted
InitLayoutedPoolReflactionMesh,0x0010D160,0x0010D198,func,__text__,op_seq_hash,0.95,verified,struct match; sz_diff=0; src=prologue
poolRideFunc,0x0010D300,0x001009E0,func,__text__,fuzzy,1.00,candidate,fuzzy; sz_diff=0; src=extracted
getWave,0x0010D328,0x00105E00,func,__text__,fuzzy,1.00,candidate,fuzzy; sz_diff=0; src=extracted
MultiCurrentQuaternion,0x0010D3A8,0x00176DE0,func,__text__,fuzzy,0.75,candidate,fuzzy; sz_diff=100; src=extracted
InvertCurrentQuaternion,0x0010D3D0,0x0026AC40,func,__text__,fuzzy,0.72,candidate,fuzzy; sz_diff=28; src=extracted
SetCurrentQuaternion,0x0010D3F0,0x0026AC40,func,__text__,fuzzy,0.75,candidate,fuzzy; sz_diff=4; src=extracted
RotCurrentQuaternionX,0x0010D410,0x0026AC40,func,__text__,fuzzy,0.71,candidate,fuzzy; sz_diff=36; src=extracted
RotCurrentQuaternionY,0x0010D430,0x0026AC40,func,__text__,fuzzy,0.68,candidate,fuzzy; sz_diff=68; src=extracted
RotCurrentQuaternionZ,0x0010D450,0x001013E0,func,__text__,fuzzy,0.70,candidate,fuzzy; sz_diff=44; src=extracted
PushQuaternion,0x0010D470,0x0010D4A8,func,__text__,op_seq_hash,0.95,verified,struct match; sz_diff=0; src=prologue
InitQuaternionDrive,0x0010D4E8,0x0010D520,func,__text__,op_seq_hash,0.95,verified,struct match; sz_diff=0; src=prologue
SetIdentityQuaternion,0x0010D4F8,0x001AA750,func,__text__,fuzzy,0.80,candidate,fuzzy; sz_diff=36; src=extracted
GetMatrixFromQuaternion,0x0010D508,0x0010D540,func,__text__,op_seq_hash,0.95,verified,struct match; sz_diff=0; src=prologue
GetQuaternionFromMatrix,0x0010D7C0,0x0010D7F8,func,__text__,op_seq_hash,0.95,verified,struct match; sz_diff=0; src=prologue
CopyQuaternion,0x0010D7F8,0x0010D7F8,func,__text__,same_va,0.85,verified,same VA; USA size=48; src=extracted
GetInverseQuaternion,0x0010D800,0x0010D838,func,__text__,op_seq_hash,0.95,verified,struct match; sz_diff=0; src=prologue
RegularizeQuaternion,0x0010D840,0x0010D878,func,__text__,op_seq_hash,0.95,verified,struct match; sz_diff=0; src=prologue
GetSlerpQuaternionNoRegularize,0x0010D8A8,0x0010D8E0,func,__text__,op_seq_hash,0.95,verified,struct match; sz_diff=0; src=prologue
GetSlerpQuaternion,0x0010DA40,0x0010DA78,func,__text__,op_seq_hash,0.95,verified,struct match; sz_diff=0; src=prologue
GetCurrentQuaternion,0x0010DA68,0x00100BA8,func,__text__,fuzzy,1.00,candidate,fuzzy; sz_diff=0; src=extracted
GetLastQuaternion,0x0010DA80,0x00100BA8,func,__text__,fuzzy,1.00,candidate,fuzzy; sz_diff=0; src=extracted
PushQuaternionWithNoCopy,0x0010DA98,0x0010DAD0,func,__text__,op_seq_hash,0.95,verified,struct match; sz_diff=0; src=prologue
PopQuaternion,0x0010DAF0,0x001D0F68,func,__text__,fuzzy,1.00,candidate,fuzzy; sz_diff=0; src=extracted
SetQuaternionByAxisRotate,0x0010DB28,0x0010DB60,func,__text__,op_seq_hash,0.95,verified,struct match; sz_diff=0; src=prologue
SetQuaternionByAxisRotateWithNoRegularize,0x0010DB98,0x0010DBD0,func,__text__,op_seq_hash,0.95,verified,struct match; sz_diff=0; src=prologue
SetQuaternionByAxisRotateEAngle,0x0010DC00,0x0010DC38,func,__text__,op_seq_hash,0.95,verified,struct match; sz_diff=0; src=prologue
SetQuaternionByAxisRotateV,0x0010DCC0,0x0010DCF8,func,__text__,op_seq_hash,0.95,verified,struct match; sz_diff=0; src=prologue
SetQuaternionByAxisRotateVWithNoRegularize,0x0010DD20,0x0010DD58,func,__text__,op_seq_hash,0.95,verified,struct match; sz_diff=0; src=prologue
MultiQuaternion,0x0010DD80,0x001079DC,func,__text__,fuzzy,1.00,candidate,fuzzy; sz_diff=0; src=extracted
DivQuaternion,0x0010DDC0,0x0010DDF8,func,__text__,op_seq_hash,0.95,verified,struct match; sz_diff=0; src=prologue
GetMatrixFromQuaternionRotElem,0x0010DE08,0x0010BB98,func,__text__,fuzzy,1.00,candidate,fuzzy; sz_diff=0; src=extracted
GetMatrixFromQuaternionPos,0x0010DE88,0x0010DEC0,func,__text__,op_seq_hash,0.95,verified,struct match; sz_diff=0; src=prologue
MultiMatrixByQuaternion,0x0010DF38,0x0010DF70,func,__text__,op_seq_hash,0.95,verified,struct match; sz_diff=0; src=prologue
GetMirrorQuaternion,0x0010DF80,0x0010DFB8,func,__text__,op_seq_hash,0.95,verified,struct match; sz_diff=0; src=prologue
RotQuaternionX,0x0010E080,0x0010E0B8,func,__text__,op_seq_hash,0.95,verified,struct match; sz_diff=0; src=prologue
RotQuaternionY,0x0010E120,0x0010E0B8,func,__text__,op_seq_hash,0.95,verified,struct match; sz_diff=0; src=prologue
RotQuaternionZ,0x0010E1C0,0x0010E0B8,func,__text__,op_seq_hash,0.95,verified,struct match; sz_diff=0; src=prologue
RotQuaternionEAX,0x0010E260,0x0010E298,func,__text__,op_seq_hash,0.95,verified,struct match; sz_diff=0; src=prologue
RotQuaternionEAZ,0x0010E360,0x0010E398,func,__text__,op_seq_hash,0.95,verified,struct match; sz_diff=0; src=prologue
GetXUnitVectorOfQuaternion,0x0010E460,0x0010E498,func,__text__,op_seq_hash,0.95,verified,struct match; sz_diff=0; src=prologue
GetYUnitVectorOfQuaternion,0x0010E4F0,0x0010E528,func,__text__,op_seq_hash,0.95,verified,struct match; sz_diff=0; src=prologue
GetZUnitVectorOfQuaternion,0x0010E580,0x0010E5B8,func,__text__,op_seq_hash,0.95,verified,struct match; sz_diff=0; src=prologue
GetDifferencialQuaternionWithNoRegularize,0x0010E610,0x0010E648,func,__text__,op_seq_hash,0.95,verified,struct match; sz_diff=0; src=prologue
GetQuaternionMagnitude,0x0010E6D0,0x0010E708,func,__text__,op_seq_hash,0.95,verified,struct match; sz_diff=0; src=prologue
SetQuaternionByCosineAxisRotateVWithNoRegularize,0x0010E710,0x0010E748,func,__text__,op_seq_hash,0.95,verified,struct match; sz_diff=0; src=prologue
SetQuaternionByCosineAxisRotateV,0x0010E7A0,0x0010E7D8,func,__text__,op_seq_hash,0.95,verified,struct match; sz_diff=0; src=prologue
SetQuaternionByAxisRotateVEAngle,0x0010E830,0x0010E868,func,__text__,op_seq_hash,0.95,verified,struct match; sz_diff=0; src=prologue
GetQuaternionCosRadian,0x0010E8F0,0x001009E0,func,__text__,fuzzy,1.00,candidate,fuzzy; sz_diff=0; src=extracted
GetTableSin,0x0010E918,0x00104698,func,__text__,fuzzy,1.00,candidate,fuzzy; sz_diff=0; src=extracted
GetTableCos,0x0010E968,0x0010E9A0,func,__text__,op_seq_hash,0.95,verified,struct match; sz_diff=0; src=prologue
InitTableSin,0x0010E9C0,0x0010E9F8,func,__text__,op_seq_hash,0.95,verified,struct match; sz_diff=0; src=prologue
GetTableArcSin,0x0010EA98,0x0010EAD0,func,__text__,raw_sha1,1.00,verified,exact; src=prologue
GetTableArcCos,0x0010EB28,0x001B7F20,func,__text__,fuzzy,1.00,candidate,fuzzy; sz_diff=0; src=extracted
GetTableArcTan2,0x0010EBD0,0x0010EC08,func,__text__,raw_sha1,1.00,verified,exact; src=prologue
p2o_MakePacket,0x0010EC18,0x0010EC18,func,__text__,same_va,0.85,verified,same VA; USA size=44; src=extracted
p2o_DispShadowVolume,0x0010EC28,0x00102644,func,__text__,fuzzy,1.00,candidate,fuzzy; sz_diff=0; src=extracted
p2o_HideDispVU1,0x0010EC30,0x00101B68,func,__text__,fuzzy,1.00,candidate,fuzzy; sz_diff=0; src=extracted
p2o_DispVU1DObj,0x0010EC60,0x00102340,func,__text__,fuzzy,1.00,candidate,fuzzy; sz_diff=0; src=extracted
p2o_DispVU1DObjMulti,0x0010EC68,0x00106660,func,__text__,fuzzy,1.00,candidate,fuzzy; sz_diff=0; src=extracted
p2o_DispVU1Multi,0x0010EC70,0x001009A0,func,__text__,fuzzy,1.00,candidate,fuzzy; sz_diff=0; src=extracted
p2o_DispVU1MultiDefault,0x0010EC78,0x001019A8,func,__text__,fuzzy,1.00,candidate,fuzzy; sz_diff=0; src=extracted
p2o_DispVU1,0x0010EC80,0x001009E0,func,__text__,fuzzy,1.00,candidate,fuzzy; sz_diff=0; src=extracted
p2o_DispVU1Default,0x0010EC88,0x001064B0,func,__text__,fuzzy,1.00,candidate,fuzzy; sz_diff=0; src=extracted
p2o_TransMicroProgram,0x0010EC90,0x0010ECC8,func,__text__,op_seq_hash,0.95,verified,struct match; sz_diff=0; src=prologue
p2o_SetDefaultEnviroment,0x0010ECA0,0x00100108,func,__text__,raw_sha1,1.00,verified,exact; src=prologue
file_init,0x0010ECA8,0x0010B0D8,func,__text__,fuzzy,1.00,candidate,fuzzy; sz_diff=0; src=prologue
file_LoadCDFile,0x0010EF08,0x0010EE90,func,__text__,op_seq_hash,0.95,verified,struct match; sz_diff=0; src=prologue
file_LoadFile,0x0010F630,0x0010F5B8,func,__text__,op_seq_hash,0.95,verified,struct match; sz_diff=0; src=prologue
gif_StartPacket,0x0010F650,0x0010F5D8,func,__text__,op_seq_hash,0.95,verified,struct match; sz_diff=0; src=prologue
gif_EndPacket,0x0010F6A8,0x0010F630,func,__text__,op_seq_hash,0.95,verified,struct match; sz_diff=0; src=prologue
gif_StartPacketPath1,0x0010F788,0x0010F5D8,func,__text__,op_seq_hash,0.95,verified,struct match; sz_diff=0; src=prologue
gif_EndPacketPath1,0x0010F7E0,0x0010F768,func,__text__,op_seq_hash,0.95,verified,struct match; sz_diff=0; src=prologue
gif_MakeLine2DOffset,0x0010F8F8,0x0010F880,func,__text__,op_seq_hash,0.95,verified,struct match; sz_diff=0; src=prologue
gif_MakeSprite,0x0010FA20,0x0010F9A8,func,__text__,op_seq_hash,0.95,verified,struct match; sz_diff=0; src=prologue
gif_MakeSpriteOffset,0x0010FBA0,0x0010FB28,func,__text__,op_seq_hash,0.95,verified,struct match; sz_diff=0; src=prologue
gif_MakeSpriteWithStrip,0x0010FD38,0x0010FCC0,func,__text__,op_seq_hash,0.95,verified,struct match; sz_diff=0; src=prologue
gif_PointOffset,0x0010FFA0,0x0010FF28,func,__text__,op_seq_hash,0.95,verified,struct match; sz_diff=0; src=prologue
gif_Line,0x001100C8,0x00110050,func,__text__,op_seq_hash,0.95,verified,struct match; sz_diff=0; src=prologue
gif_Sprite,0x00110258,0x001101E0,func,__text__,op_seq_hash,0.95,verified,struct match; sz_diff=0; src=prologue
gif_SpriteSensitive,0x00110458,0x001103E0,func,__text__,op_seq_hash,0.95,verified,struct match; sz_diff=0; src=prologue
gif_SpriteOffset,0x001105F8,0x00110580,func,__text__,op_seq_hash,0.95,verified,struct match; sz_diff=0; src=prologue
gif_SpriteSensitiveOffset,0x00110808,0x00110790,func,__text__,op_seq_hash,0.95,verified,struct match; sz_diff=0; src=prologue
gif_SpriteOrg,0x001109C0,0x00110948,func,__text__,op_seq_hash,0.95,verified,struct match; sz_diff=0; src=prologue
gif_SpriteSensitiveOrg,0x00110B68,0x00110AF0,func,__text__,op_seq_hash,0.95,verified,struct match; sz_diff=0; src=prologue
gif_SetDrawEnviroment,0x00110CB0,0x001315A8,func,__text__,fuzzy,0.82,candidate,fuzzy; sz_diff=12; src=extracted
gif_DrawPolyF4,0x00110E90,0x00110E00,func,__text__,op_seq_hash,0.95,verified,struct match; sz_diff=0; src=prologue
gif_DrawStripF,0x00111198,0x00111108,func,__text__,op_seq_hash,0.95,verified,struct match; sz_diff=0; src=prologue
gif_DrawStripFST,0x00111358,0x00141660,func,__text__,fuzzy,1.00,candidate,fuzzy; sz_diff=0; src=prologue
gif_DrawStripG,0x00111560,0x00100BA8,func,__text__,fuzzy,1.00,candidate,fuzzy; sz_diff=0; src=prologue
gif_Draw2DStripG,0x00111768,0x001114D0,func,__text__,op_seq_hash,0.95,verified,struct match; sz_diff=0; src=prologue
gif_Draw2DUVStripG,0x00111940,0x001116A8,func,__text__,op_seq_hash,0.95,verified,struct match; sz_diff=0; src=prologue
gif_Init,0x00111B48,0x00102678,func,__text__,op_seq_hash,0.95,verified,struct match; sz_diff=0; src=prologue
gif_StartPacketPri,0x00111B50,0x001118B8,func,__text__,op_seq_hash,0.95,verified,struct match; sz_diff=0; src=prologue
gif_StartPacketPriPath1,0x00111B80,0x001118B8,func,__text__,op_seq_hash,0.95,verified,struct match; sz_diff=0; src=prologue
gif_SetGsReg,0x00111BB0,0x00111918,func,__text__,op_seq_hash,0.95,verified,struct match; sz_diff=0; src=prologue
gif_CheckOpen,0x00111BD8,0x00109BAC,func,__text__,op_seq_hash,0.95,verified,struct match; sz_diff=0; src=prologue
gif_MakePoint2D,0x00111BE0,0x00111948,func,__text__,op_seq_hash,0.95,verified,struct match; sz_diff=0; src=prologue
gif_MakePoint2DOffset,0x00111CA8,0x00135AD8,func,__text__,fuzzy,0.98,candidate,fuzzy; sz_diff=4; src=extracted
gif_MakeLine2D,0x00111D80,0x00111AE8,func,__text__,op_seq_hash,0.95,verified,struct match; sz_diff=0; src=prologue
gif_MakeSpriteNoTexture,0x00111E90,0x00111BF8,func,__text__,op_seq_hash,0.95,verified,struct match; sz_diff=0; src=prologue
gif_MakeSpriteNoTextureOffset,0x00111F88,0x00111CF0,func,__text__,op_seq_hash,0.95,verified,struct match; sz_diff=0; src=prologue
gif_Point,0x00112098,0x00100008,func,__text__,fuzzy,1.00,candidate,fuzzy; sz_diff=0; src=extracted
gif_LineOffset,0x00112190,0x00111EF8,func,__text__,op_seq_hash,0.95,verified,struct match; sz_diff=0; src=prologue
gif_SetAlpha,0x00112240,0x0013C878,func,__text__,fuzzy,1.00,candidate,fuzzy; sz_diff=0; src=extracted
gif_MoveImage,0x001122E0,0x00112048,func,__text__,op_seq_hash,0.95,verified,struct match; sz_diff=0; src=prologue
gif_SetZTest,0x001123E0,0x001079DC,func,__text__,fuzzy,1.00,candidate,fuzzy; sz_diff=0; src=extracted
gif_SetZWrite,0x00112420,0x001011B0,func,__text__,fuzzy,1.00,candidate,fuzzy; sz_diff=0; src=extracted
gif_SetHalfOffset,0x00112478,0x00102870,func,__text__,fuzzy,1.00,candidate,fuzzy; sz_diff=0; src=extracted
_IsInScreen,0x001124F0,0x0013C538,func,__text__,fuzzy,1.00,candidate,fuzzy; sz_diff=0; src=extracted
gsb_SetFrame,0x00112558,0x001122C8,func,__text__,op_seq_hash,0.95,verified,struct match; sz_diff=0; src=prologue
gsb_Init,0x00112650,0x0011F248,func,__text__,fuzzy,1.00,candidate,fuzzy; sz_diff=0; src=prologue
gsb_Reduction,0x001127A0,0x001930B4,func,__text__,fuzzy,0.99,candidate,fuzzy; sz_diff=8; src=prologue
gsb_KeepFrameBuffer,0x00112CE8,0x001AA750,func,__text__,fuzzy,0.67,candidate,fuzzy; sz_diff=20; src=extracted
gsb_fade,0x00112F78,0x001013E0,func,__text__,fuzzy,0.58,candidate,fuzzy; sz_diff=64; src=extracted
gsb_SetMotionBlur,0x001132F8,,func,__text__,unmatched,0.00,unmatched,no match; PAL size=952; src=extracted
gsb_scissorOnDemo,0x00113328,,func,__text__,unmatched,0.00,unmatched,no match; PAL size=904; src=extracted
gsb_controlBrightness,0x001136B0,0x00113298,func,__text__,op_seq_hash,0.95,verified,struct match; sz_diff=0; src=prologue
gsb_antiAlias,0x001137F8,0x001C5C2C,func,__text__,fuzzy,1.00,candidate,fuzzy; sz_diff=0; src=prologue
gsb_setNormalReg,0x00113BA0,0x001137B8,func,__text__,op_seq_hash,0.95,verified,struct match; sz_diff=0; src=prologue
gsb_setSemitransReg,0x00113C08,0x00113820,func,__text__,op_seq_hash,0.95,verified,struct match; sz_diff=0; src=prologue
gsb_setSpecularReg,0x00113C78,0x00113890,func,__text__,op_seq_hash,0.95,verified,struct match; sz_diff=0; src=prologue
gsb_setParticleReg,0x00113CF0,0x00113908,func,__text__,op_seq_hash,0.95,verified,struct match; sz_diff=0; src=prologue
gsb_MakeCommonMatrix,0x00113D68,0x00113980,func,__text__,op_seq_hash,0.95,verified,struct match; sz_diff=0; src=prologue
gsb_SetGsDefault,0x00113F50,0x00113F50,func,__text__,same_va,0.85,verified,same VA; USA size=8; src=prologue
gsb_filmNoise,0x00114068,0x00113298,func,__text__,fuzzy,1.00,candidate,fuzzy; sz_diff=0; src=prologue
gsb_PostEffect,0x001141B0,,func,__text__,unmatched,0.00,unmatched,no match; PAL size=468; src=extracted
gsb_InitGSSystem,0x00114388,0x00113E60,func,__text__,op_seq_hash,0.95,verified,struct match; sz_diff=0; src=prologue
gsb_UpdateGSSystem,0x00114488,0x0014EB28,func,__text__,fuzzy,1.00,candidate,fuzzy; sz_diff=0; src=prologue
gsb_ResetGSSystem,0x001145D0,0x00114080,func,__text__,op_seq_hash,0.95,verified,struct match; sz_diff=0; src=prologue
gsb_SetVSMatrixSub,0x001146F0,0x00104240,func,__text__,fuzzy,1.00,candidate,fuzzy; sz_diff=0; src=prologue
gsb_SetVSMatrix,0x00114BD8,0x00105E00,func,__text__,fuzzy,1.00,candidate,fuzzy; sz_diff=0; src=prologue
gsb_ClipBox,0x00114E58,0x00114748,func,__text__,raw_sha1,1.00,verified,exact; src=prologue
appendLogFile,0x00114F48,0x00109BB8,func,__text__,fuzzy,1.00,candidate,fuzzy; sz_diff=0; src=prologue
gsb_FilmNoiseTool,0x00115040,0x00106390,func,__text__,fuzzy,1.00,candidate,fuzzy; sz_diff=0; src=prologue
gsb_StageSettingTool,0x00115768,0x00104478,func,__text__,fuzzy,1.00,candidate,fuzzy; sz_diff=0; src=prologue
updateOtherEditingLockFlag,0x00115D50,0x0013FC00,func,__text__,fuzzy,0.60,candidate,fuzzy; sz_diff=12; src=extracted
createLockFile,0x00115E48,0x00135AD8,func,__text__,fuzzy,0.63,candidate,fuzzy; sz_diff=4; src=extracted
removeLockFile,0x00115F20,0x00115F20,func,__text__,same_va,0.85,verified,same VA; USA size=140; src=extracted
gsb_StageSetting,0x00115FF8,0x001101E0,func,__text__,fuzzy,1.00,candidate,fuzzy; sz_diff=0; src=prologue
gsb_SetBGColor,0x001161F8,0x0013C538,func,__text__,fuzzy,1.00,candidate,fuzzy; sz_diff=0; src=extracted
gsb_GetBGColor,0x00116250,0x001D0F68,func,__text__,fuzzy,0.97,candidate,fuzzy; sz_diff=8; src=extracted
gsb_ResetFilmNoise,0x00116280,0x00143AD0,func,__text__,fuzzy,1.00,candidate,fuzzy; sz_diff=0; src=prologue
gsb_SetZoom,0x00116338,0x001010EC,func,__text__,fuzzy,1.00,candidate,fuzzy; sz_diff=0; src=extracted
gsb_SyncGSSystem,0x00116348,0x001029E4,func,__text__,fuzzy,1.00,candidate,fuzzy; sz_diff=0; src=prologue
gsb_LoadStageSettings,0x001163B0,0x001B7F20,func,__text__,fuzzy,0.70,candidate,fuzzy; sz_diff=0; src=extracted
gsb_SaveStageSettings,0x00116450,0x00102418,func,__text__,fuzzy,1.00,candidate,fuzzy; sz_diff=0; src=prologue
gsb_ClearFrameBuffer,0x00116500,0x00114FB8,func,__text__,raw_sha1,1.00,verified,exact; src=prologue
gsb_ResetSnap,0x00116510,0x00100108,func,__text__,raw_sha1,1.00,verified,exact; src=prologue
gsb_TakeSnap,0x00116518,0x00100108,func,__text__,raw_sha1,1.00,verified,exact; src=prologue
lockOtherEditing,0x00116520,0x00143AD0,func,__text__,fuzzy,1.00,candidate,fuzzy; sz_diff=0; src=prologue
unlockOtherEditing,0x001165D8,0x00101ED0,func,__text__,fuzzy,1.00,candidate,fuzzy; sz_diff=0; src=prologue
light_KillLinkLight,0x00116690,0x00114FC8,func,__text__,op_seq_hash,0.95,verified,struct match; sz_diff=0; src=prologue
light_KillLinkAmbient,0x00116730,0x00114FC8,func,__text__,op_seq_hash,0.95,verified,struct match; sz_diff=0; src=prologue
light_AddLight,0x001167D0,0x00115108,func,__text__,op_seq_hash,0.95,verified,struct match; sz_diff=0; src=prologue
light_getNearLight,0x00116AD8,0x00115410,func,__text__,op_seq_hash,0.95,verified,struct match; sz_diff=0; src=prologue
light_getAmbientLight,0x00116F40,0x00115878,func,__text__,op_seq_hash,0.95,verified,struct match; sz_diff=0; src=prologue
light_MakeLightMatrix,0x001175A0,0x00115ED8,func,__text__,op_seq_hash,0.95,verified,struct match; sz_diff=0; src=prologue
light_DispVolume,0x00117680,,func,__text__,unmatched,0.00,unmatched,no match; PAL size=1520; src=extracted
light_GetColorAnalog,0x00117C70,0x001165A8,func,__text__,op_seq_hash,0.95,verified,struct match; sz_diff=0; src=prologue
light_DrawCursor,0x00117F50,0x00116888,func,__text__,op_seq_hash,0.95,verified,struct match; sz_diff=0; src=prologue
light_Tool,0x001182D0,0x00116C08,func,__text__,op_seq_hash,0.95,verified,struct match; sz_diff=0; src=prologue
light_InitLight,0x00118E18,0x00104E5C,func,__text__,fuzzy,1.00,candidate,fuzzy; sz_diff=0; src=extracted
light_ResetLight,0x00118E28,0x00100108,func,__text__,raw_sha1,1.00,verified,exact; src=prologue
light_KillAllFixLight,0x00118E30,0x00117768,func,__text__,op_seq_hash,0.95,verified,struct match; sz_diff=0; src=prologue
light_KillAllAmbient,0x00118E90,0x001177C8,func,__text__,op_seq_hash,0.95,verified,struct match; sz_diff=0; src=prologue
light_AddAmbientObject,0x00118EE8,0x00117820,func,__text__,op_seq_hash,0.95,verified,struct match; sz_diff=0; src=prologue
light_resetFlatLight,0x00118F58,0x00117890,func,__text__,op_seq_hash,0.95,verified,struct match; sz_diff=0; src=prologue
_PushVu0Registers,0x00119018,0x00106570,func,__text__,fuzzy,1.00,candidate,fuzzy; sz_diff=0; src=prologue
_PopVu0Registers,0x00119100,0x0010CEA4,func,__text__,fuzzy,1.00,candidate,fuzzy; sz_diff=0; src=prologue
_RemakeNormal,0x001191E8,0x001048C8,func,__text__,fuzzy,1.00,candidate,fuzzy; sz_diff=0; src=extracted
_Sqrt,0x001194E8,0x00117C20,func,__text__,raw_sha1,1.00,verified,exact; src=prologue
_InitCurrentMatrix,0x00119508,0x00101AE8,func,__text__,fuzzy,1.00,candidate,fuzzy; sz_diff=0; src=extracted
_UnitCurrentMatrix,0x00119528,0x00101AE8,func,__text__,fuzzy,1.00,candidate,fuzzy; sz_diff=0; src=extracted
_PushCurrentMatrix,0x00119548,0x00100BA8,func,__text__,fuzzy,1.00,candidate,fuzzy; sz_diff=0; src=extracted
_PopCurrentMatrix,0x00119560,0x00100BA8,func,__text__,fuzzy,1.00,candidate,fuzzy; sz_diff=0; src=extracted
_TransCurrentMatrix,0x00119578,0x00101AE8,func,__text__,fuzzy,1.00,candidate,fuzzy; sz_diff=0; src=extracted
_SetTransCurrentMatrix,0x00119598,0x00104E5C,func,__text__,fuzzy,1.00,candidate,fuzzy; sz_diff=0; src=extracted
_ClearTransCurrentMatrix,0x001195A8,0x001010EC,func,__text__,fuzzy,1.00,candidate,fuzzy; sz_diff=0; src=extracted
_RotCurrentMatrixX,0x001195B8,0x00117CF0,func,__text__,op_seq_hash,0.95,verified,struct match; sz_diff=0; src=prologue
_RotCurrentMatrixY,0x00119678,0x00117CF0,func,__text__,op_seq_hash,0.95,verified,struct match; sz_diff=0; src=prologue
_RotCurrentMatrixZ,0x00119738,0x00117CF0,func,__text__,op_seq_hash,0.95,verified,struct match; sz_diff=0; src=prologue
_ScaleCurrentMatrix,0x001197F8,0x00100F18,func,__text__,fuzzy,1.00,candidate,fuzzy; sz_diff=0; src=extracted
_GetCurrentMatrix,0x00119888,0x00100BA8,func,__text__,fuzzy,1.00,candidate,fuzzy; sz_diff=0; src=extracted
_GetCurrentMatrixTrans,0x001198A0,0x001010EC,func,__text__,fuzzy,1.00,candidate,fuzzy; sz_diff=0; src=extracted
_SetCurrentMatrix,0x001198B0,0x00100BA8,func,__text__,fuzzy,1.00,candidate,fuzzy; sz_diff=0; src=extracted
_MulCurrentMatrixR,0x001198C8,0x00102688,func,__text__,fuzzy,1.00,candidate,fuzzy; sz_diff=0; src=extracted
_MulCurrentMatrixL,0x00119930,0x001019E0,func,__text__,fuzzy,1.00,candidate,fuzzy; sz_diff=0; src=extracted
_ApplyCurrentMatrix,0x00119988,0x001064B0,func,__text__,fuzzy,1.00,candidate,fuzzy; sz_diff=0; src=extracted
_RotTransPersCurrentMatrix,0x001199A8,0x00101B68,func,__text__,fuzzy,1.00,candidate,fuzzy; sz_diff=0; src=extracted
_TransposeCurrentMatrix,0x001199D8,0x00260BA0,func,__text__,fuzzy,0.75,candidate,fuzzy; sz_diff=0; src=extracted
_TransposeRotationCurrentMatrix,0x00119A28,0x001D0F68,func,__text__,fuzzy,0.93,candidate,fuzzy; sz_diff=4; src=extracted
_InverseCurrentMatrix,0x00119A58,0x00260BA0,func,__text__,fuzzy,0.95,candidate,fuzzy; sz_diff=0; src=extracted
_NormalizeVector,0x00119AA8,0x00101B68,func,__text__,fuzzy,1.00,candidate,fuzzy; sz_diff=0; src=extracted
_InnerProduct,0x00119AD8,0x00101B68,func,__text__,fuzzy,1.00,candidate,fuzzy; sz_diff=0; src=extracted
_OuterProduct,0x00119B08,0x001064B0,func,__text__,fuzzy,1.00,candidate,fuzzy; sz_diff=0; src=extracted
_AddVector,0x00119B28,0x00100BA8,func,__text__,fuzzy,1.00,candidate,fuzzy; sz_diff=0; src=extracted
_AddVectorXYZ,0x00119B40,0x00100BA8,func,__text__,fuzzy,1.00,candidate,fuzzy; sz_diff=0; src=extracted
_SubVector,0x00119B58,0x00100BA8,func,__text__,fuzzy,1.00,candidate,fuzzy; sz_diff=0; src=extracted
_SubVectorXYZ,0x00119B70,0x00100BA8,func,__text__,fuzzy,1.00,candidate,fuzzy; sz_diff=0; src=extracted
_ScaleVector,0x00119B88,0x00101AE8,func,__text__,fuzzy,1.00,candidate,fuzzy; sz_diff=0; src=extracted
_ScaleVectorXYZ,0x00119BA8,0x00101AE8,func,__text__,fuzzy,1.00,candidate,fuzzy; sz_diff=0; src=extracted
_ScaleVector2XYZ,0x00119BC8,0x001064B0,func,__text__,fuzzy,1.00,candidate,fuzzy; sz_diff=0; src=extracted
_FTOI4Vector,0x00119BE8,0x00106750,func,__text__,fuzzy,1.00,candidate,fuzzy; sz_diff=0; src=extracted
_FTOI0Vector,0x00119C00,0x00106750,func,__text__,fuzzy,1.00,candidate,fuzzy; sz_diff=0; src=extracted
_CopyVector,0x00119C18,0x00104E5C,func,__text__,fuzzy,1.00,candidate,fuzzy; sz_diff=0; src=extracted
_CopyIVector,0x00119C28,0x00104E5C,func,__text__,fuzzy,1.00,candidate,fuzzy; sz_diff=0; src=extracted
_UnitVector,0x00119C38,0x001010EC,func,__text__,fuzzy,1.00,candidate,fuzzy; sz_diff=0; src=extracted
_InterVector,0x00119C48,0x00118490,func,__text__,raw_sha1,1.00,verified,exact; src=prologue
_InterVectorXYZ,0x00119C70,0x001184B8,func,__text__,raw_sha1,1.00,verified,exact; src=prologue
_GetNorm,0x00119C98,0x00101B68,func,__text__,fuzzy,1.00,candidate,fuzzy; sz_diff=0; src=extracted
_GetLength,0x00119CC8,0x00102644,func,__text__,fuzzy,1.00,candidate,fuzzy; sz_diff=0; src=extracted
_GetLengthXY,0x00119D00,0x00101B68,func,__text__,fuzzy,1.00,candidate,fuzzy; sz_diff=0; src=extracted
_GetLengthXZ,0x00119D30,0x00101B68,func,__text__,fuzzy,1.00,candidate,fuzzy; sz_diff=0; src=extracted
_CopyMatrix,0x00119D60,0x001009E0,func,__text__,fuzzy,1.00,candidate,fuzzy; sz_diff=0; src=extracted
_MulMatrix,0x00119D88,0x00102870,func,__text__,fuzzy,1.00,candidate,fuzzy; sz_diff=0; src=extracted
_ApplyMatrix,0x00119E00,0x001019A8,func,__text__,fuzzy,1.00,candidate,fuzzy; sz_diff=0; src=extracted
_UnitMatrix,0x00119E30,0x00119E30,func,__text__,same_va,0.85,verified,same VA; USA size=1024; src=extracted
_UnitRotation,0x00119E58,0x00101B14,func,__text__,fuzzy,1.00,candidate,fuzzy; sz_diff=0; src=extracted
_TransposeMatrix,0x00119E80,0x00102340,func,__text__,fuzzy,1.00,candidate,fuzzy; sz_diff=0; src=extracted
_InversMatrix,0x00119EC8,0x00103AD0,func,__text__,fuzzy,1.00,candidate,fuzzy; sz_diff=0; src=extracted
_ScaleMatrixV,0x00119F38,0x00102418,func,__text__,fuzzy,1.00,candidate,fuzzy; sz_diff=0; src=extracted
_SetCameraMatrix,0x00119FD0,0x00118818,func,__text__,raw_sha1,1.00,verified,exact; src=prologue
_MakeNormalLightMatrix,0x0011A0F8,0x00135AD8,func,__text__,fuzzy,0.73,candidate,fuzzy; sz_diff=4; src=extracted
_MakeLightColorMatrix,0x0011A1D8,0x00102644,func,__text__,fuzzy,1.00,candidate,fuzzy; sz_diff=0; src=extracted
_InitRandom,0x0011A210,0x00118A48,func,__text__,raw_sha1,1.00,verified,exact; src=prologue
_GetRandom,0x0011A230,0x0011A230,func,__text__,same_va,0.85,verified,same VA; USA size=8; src=extracted
_GetRandomVector,0x0011A248,0x00101AE8,func,__text__,fuzzy,1.00,candidate,fuzzy; sz_diff=0; src=extracted
_GetRandomVector0,0x0011A268,0x00106750,func,__text__,fuzzy,1.00,candidate,fuzzy; sz_diff=0; src=extracted
_RotTransCurrentMatrix,0x0011A280,0x00100A08,func,__text__,fuzzy,1.00,candidate,fuzzy; sz_diff=0; src=extracted
mc_SetBaseOffset,0x0011A2E0,0x00118B18,func,__text__,op_seq_hash,0.95,verified,struct match; sz_diff=0; src=prologue
mc_SetMicroCode,0x0011A430,0x00118C68,func,__text__,raw_sha1,1.00,verified,exact; src=prologue
mc_TransMicroCode,0x0011A650,0x00118E88,func,__text__,op_seq_hash,0.95,verified,struct match; sz_diff=0; src=prologue
mc_Reset,0x0011A720,0x00118F58,func,__text__,op_seq_hash,0.95,verified,struct match; sz_diff=0; src=prologue
mc_Init,0x0011A760,0x00118F58,func,__text__,op_seq_hash,0.95,verified,struct match; sz_diff=0; src=prologue
pac_DispQW,0x0011A7A0,0x00118FD8,func,__text__,op_seq_hash,0.95,verified,struct match; sz_diff=0; src=prologue
pac_DumpPac,0x0011A988,0x001191C0,func,__text__,op_seq_hash,0.95,verified,struct match; sz_diff=0; src=prologue
pac_MakeBoundingBox,0x0011AB18,0x00119350,func,__text__,op_seq_hash,0.95,verified,struct match; sz_diff=0; src=prologue
pac_error,0x0011AC38,0x00119470,func,__text__,op_seq_hash,0.95,verified,struct match; sz_diff=0; src=prologue
pac_makeNormalStrip,0x0011AD08,0x00119540,func,__text__,op_seq_hash,0.95,verified,struct match; sz_diff=0; src=prologue
pac_GetWeight,0x0011B168,0x001199A0,func,__text__,op_seq_hash,0.95,verified,struct match; sz_diff=0; src=prologue
pac_MakeClusterStrip,0x0011B468,0x00119CA0,func,__text__,op_seq_hash,0.95,verified,struct match; sz_diff=0; src=prologue
pac_openDmaTag,0x0011BA00,0x0019CF88,func,__text__,fuzzy,0.70,candidate,fuzzy; sz_diff=0; src=extracted
pac_SetVifCode,0x0011BA70,0x0011A2A8,func,__text__,op_seq_hash,0.95,verified,struct match; sz_diff=0; src=prologue
pac_SetVifEndCode,0x0011BAB8,0x0013F9D0,func,__text__,fuzzy,0.73,candidate,fuzzy; sz_diff=12; src=extracted
pac_SetGifTag,0x0011BB00,0x0011A338,func,__text__,op_seq_hash,0.95,verified,struct match; sz_diff=0; src=prologue
pac_closeTag,0x0011BBD8,0x0011A410,func,__text__,op_seq_hash,0.95,verified,struct match; sz_diff=0; src=prologue
pac_continueTag,0x0011BCE8,0x0011A520,func,__text__,op_seq_hash,0.95,verified,struct match; sz_diff=0; src=prologue
pac_CheckDivide,0x0011BE30,0x0011A668,func,__text__,op_seq_hash,0.95,verified,struct match; sz_diff=0; src=prologue
pac_countOneVertexPacketSize,0x0011BFC0,0x0011A7F8,func,__text__,op_seq_hash,0.95,verified,struct match; sz_diff=0; src=prologue
pac_makeStrip,0x0011C158,0x0011A990,func,__text__,op_seq_hash,0.95,verified,struct match; sz_diff=0; src=prologue
pac_setMaterialPacket,0x0011C4C0,0x0012A318,func,__text__,fuzzy,1.00,candidate,fuzzy; sz_diff=0; src=extracted
pac_makeMaterialTable,0x0011C640,0x0011AE78,func,__text__,op_seq_hash,0.95,verified,struct match; sz_diff=0; src=prologue
pac_makeMaterialTableLine,0x0011C808,0x0011B040,func,__text__,op_seq_hash,0.95,verified,struct match; sz_diff=0; src=prologue
pac_getTextureInfo,0x0011C9B8,0x0011B1F0,func,__text__,op_seq_hash,0.95,verified,struct match; sz_diff=0; src=prologue
pac_makeShapeTable,0x0011CB28,0x0011B360,func,__text__,op_seq_hash,0.95,verified,struct match; sz_diff=0; src=prologue
pac_makePacket,0x0011CEA0,0x0011B6D8,func,__text__,op_seq_hash,0.95,verified,struct match; sz_diff=0; src=prologue
pac_MakePacket,0x0011D708,0x0013C958,func,__text__,fuzzy,1.00,candidate,fuzzy; sz_diff=0; src=extracted
pac_Dump,0x0011D728,0x0011BF60,func,__text__,raw_sha1,1.00,verified,exact; src=prologue
pac_Init,0x0011D780,0x00102678,func,__text__,op_seq_hash,0.95,verified,struct match; sz_diff=0; src=prologue
pac_DispVu1Memory,0x0011D788,0x0011BFC0,func,__text__,op_seq_hash,0.95,verified,struct match; sz_diff=0; src=prologue
prim_InitFan2D,0x0011D7F0,0x0011C028,func,__text__,op_seq_hash,0.95,verified,struct match; sz_diff=0; src=prologue
prim_SetFan2D,0x0011DA80,0x0011C2B8,func,__text__,op_seq_hash,0.95,verified,struct match; sz_diff=0; src=prologue
prim_DispFan2D,0x0011DCC8,0x0011C500,func,__text__,raw_sha1,1.00,verified,exact; src=prologue
prim_makePacketMesh3D,0x0011E030,0x0011C868,func,__text__,op_seq_hash,0.95,verified,struct match; sz_diff=0; src=prologue
prim_InitMesh3D,0x0011E3C0,0x0011CBF8,func,__text__,op_seq_hash,0.95,verified,struct match; sz_diff=0; src=prologue
prim_makeNormal,0x0011E658,0x0011CE90,func,__text__,op_seq_hash,0.95,verified,struct match; sz_diff=0; src=prologue
prim_UpdateMesh3D,0x0011EAB0,0x0011D2E8,func,__text__,op_seq_hash,0.95,verified,struct match; sz_diff=0; src=prologue
prim_DispMesh3D,0x0011EFC8,0x0011D800,func,__text__,op_seq_hash,0.95,verified,struct match; sz_diff=0; src=prologue
prim_InitParticleByPartition,0x0011F168,0x0011D9A0,func,__text__,op_seq_hash,0.95,verified,struct match; sz_diff=0; src=prologue
prim_DispParticle,0x0011F4D0,0x0011DD08,func,__text__,op_seq_hash,0.95,verified,struct match; sz_diff=0; src=prologue
prim_DeleteParticle,0x0011F6A8,0x0011DEE0,func,__text__,op_seq_hash,0.95,verified,struct match; sz_diff=0; src=prologue
prim_DispWireYCylinder,0x0011F880,0x0011E0B8,func,__text__,raw_sha1,1.00,verified,exact; src=prologue
prim_DispWireSphere,0x0011F9E8,0x0011E220,func,__text__,raw_sha1,1.00,verified,exact; src=prologue
prim_DispWireBox,0x0011FCC0,0x0011E4F8,func,__text__,op_seq_hash,0.95,verified,struct match; sz_diff=0; src=prologue
prim_InitParticle,0x0011FED0,0x0011E708,func,__text__,op_seq_hash,0.95,verified,struct match; sz_diff=0; src=prologue
reg_setShape,0x0011FEF0,0x0011E728,func,__text__,op_seq_hash,0.95,verified,struct match; sz_diff=0; src=prologue
reg_dispBoxLine,0x00120318,0x0011EB50,func,__text__,op_seq_hash,0.95,verified,struct match; sz_diff=0; src=prologue
reg_clipPacketBoundingBox,0x001204A8,0x0011ECE0,func,__text__,op_seq_hash,0.95,verified,struct match; sz_diff=0; src=prologue
reg_transMicroCode,0x001205C0,0x0010184C,func,__text__,fuzzy,0.86,candidate,fuzzy; sz_diff=32; src=extracted
reg_chooseMicroCode,0x001205F8,0x0010184C,func,__text__,fuzzy,0.87,candidate,fuzzy; sz_diff=24; src=extracted
reg_chooseSpecularMicroCode,0x00120620,0x0024BDE4,func,__text__,fuzzy,0.67,candidate,fuzzy; sz_diff=8; src=extracted
reg_chooseReflectionMicroCode,0x00120638,0x0013FC00,func,__text__,fuzzy,0.72,candidate,fuzzy; sz_diff=8; src=extracted
reg_setNMatrixPacket,0x00120808,0x0011F040,func,__text__,op_seq_hash,0.95,verified,struct match; sz_diff=0; src=prologue
reg_setMMatrixPacket,0x00120C30,0x0011F468,func,__text__,op_seq_hash,0.95,verified,struct match; sz_diff=0; src=prologue
reg_setCMatrixPacket,0x001210E8,0x0011F8E8,func,__text__,op_seq_hash,0.95,verified,struct match; sz_diff=0; src=prologue
_reg_disp,0x00121428,0x0011FC28,func,__text__,op_seq_hash,0.95,verified,struct match; sz_diff=0; src=prologue
reg_transMaterialPacket,0x001214D8,0x0011FCD8,func,__text__,op_seq_hash,0.95,verified,struct match; sz_diff=0; src=prologue
reg_setDissolve,0x00121528,0x0011FD28,func,__text__,raw_sha1,1.00,verified,exact; src=prologue
reg_resetDissolve,0x00121730,0x0011FF30,func,__text__,op_seq_hash,0.95,verified,struct match; sz_diff=0; src=prologue
reg_dispNObj,0x00121760,0x0011FF60,func,__text__,op_seq_hash,0.95,verified,struct match; sz_diff=0; src=prologue
reg_dispMObj,0x00121B08,0x00120308,func,__text__,op_seq_hash,0.95,verified,struct match; sz_diff=0; src=prologue
reg_dispSObj,0x00121FE8,0x001207E8,func,__text__,op_seq_hash,0.95,verified,struct match; sz_diff=0; src=prologue
reg_dispCObj,0x00122328,0x00120B28,func,__text__,op_seq_hash,0.95,verified,struct match; sz_diff=0; src=prologue
reg_dispPoint,0x001225F8,0x00120DF8,func,__text__,raw_sha1,1.00,verified,exact; src=prologue
reg_dispLine,0x00122A98,0x00121298,func,__text__,raw_sha1,1.00,verified,exact; src=prologue
reg_dispPointLineObj,0x00122FC8,0x001217C8,func,__text__,op_seq_hash,0.95,verified,struct match; sz_diff=0; src=prologue
reg_DispAccessoryWithShadow,0x00123590,0x00121D90,func,__text__,op_seq_hash,0.95,verified,struct match; sz_diff=0; src=prologue
reg_RenderReflection,0x00123948,0x00122148,func,__text__,op_seq_hash,0.95,verified,struct match; sz_diff=0; src=prologue
reg_DispEnemy,0x00123CE0,0x001224E0,func,__text__,op_seq_hash,0.95,verified,struct match; sz_diff=0; src=prologue
reg_DispMultiPri,0x00123FC8,0x001227C8,func,__text__,op_seq_hash,0.95,verified,struct match; sz_diff=0; src=prologue
reg_DispObj,0x001243A0,0x0013C958,func,__text__,fuzzy,1.00,candidate,fuzzy; sz_diff=0; src=extracted
reg_dispObj2,0x00124440,0x00104E5C,func,__text__,fuzzy,1.00,candidate,fuzzy; sz_diff=0; src=extracted
reg_SetScissorSw,0x00124448,0x00102678,func,__text__,op_seq_hash,0.95,verified,struct match; sz_diff=0; src=prologue
reg_TransTexturePacket,0x00124450,0x00122C50,func,__text__,op_seq_hash,0.95,verified,struct match; sz_diff=0; src=prologue
reg_Init,0x00124480,0x00102678,func,__text__,op_seq_hash,0.95,verified,struct match; sz_diff=0; src=prologue
reg_GetShinePri,0x00124488,0x001BA668,func,__text__,fuzzy,0.95,candidate,fuzzy; sz_diff=0; src=extracted
shadow_Reset,0x001244D8,0x0012B1C0,func,__text__,fuzzy,1.00,candidate,fuzzy; sz_diff=4; src=prologue
shadow_Draw,0x00124B70,,func,__text__,unmatched,0.00,unmatched,no match; PAL size=3044; src=extracted
shadow_Render,0x00125758,0x00123C00,func,__text__,op_seq_hash,0.95,verified,struct match; sz_diff=0; src=prologue
shadow_getShadowVectorAverage,0x00125778,0x00123C20,func,__text__,op_seq_hash,0.95,verified,struct match; sz_diff=0; src=prologue
shadow_EntryClusterShadow,0x001257C8,0x00123C70,func,__text__,op_seq_hash,0.95,verified,struct match; sz_diff=0; src=prologue
shadow_EntryNormalShadow,0x00125C28,0x001240D0,func,__text__,op_seq_hash,0.95,verified,struct match; sz_diff=0; src=prologue
__GetCameraPos,0x00125F40,0x001243E8,func,__text__,op_seq_hash,0.95,verified,struct match; sz_diff=0; src=prologue
shadow_RenderVolume,0x00125FB0,0x001029E4,func,__text__,fuzzy,1.00,candidate,fuzzy; sz_diff=0; src=prologue
shadow_RenderVolumeMulti,0x00127B80,0x00100A08,func,__text__,fuzzy,1.00,candidate,fuzzy; sz_diff=0; src=prologue
shadow_MakeObjectData,0x00129738,0x00128050,func,__text__,op_seq_hash,0.95,verified,struct match; sz_diff=0; src=prologue
shadow_Tool,0x00129AA0,0x001283B8,func,__text__,op_seq_hash,0.95,verified,struct match; sz_diff=0; src=prologue
shadow_KillShadow,0x00129DF0,0x00102678,func,__text__,op_seq_hash,0.95,verified,struct match; sz_diff=0; src=prologue
shadow_DispCancel,0x00129DF8,0x00128710,func,__text__,op_seq_hash,0.95,verified,struct match; sz_diff=0; src=prologue
shadow_SetLength,0x00129EA0,0x00260C80,func,__text__,fuzzy,1.00,candidate,fuzzy; sz_diff=0; src=extracted
shadow_Init,0x00129ED0,0x001287E8,func,__text__,op_seq_hash,0.95,verified,struct match; sz_diff=0; src=prologue
stage_MakeGObj,0x00129F50,0x00128868,func,__text__,op_seq_hash,0.95,verified,struct match; sz_diff=0; src=prologue
stage_ApplyData,0x0012A1D8,0x0012A1D8,func,__text__,same_va,0.85,verified,same VA; USA size=20; src=extracted
stage_Init,0x0012A3B8,,func,__text__,unmatched,0.00,unmatched,no match; PAL size=2808; src=extracted
stage_SetAnimation,0x0012AEB0,0x001297A0,func,__text__,op_seq_hash,0.95,verified,struct match; sz_diff=0; src=prologue
stage_ContinueAnimation,0x0012B080,0x00129970,func,__text__,op_seq_hash,0.95,verified,struct match; sz_diff=0; src=prologue
stage_ResetAnimation,0x0012B188,0x0011FF30,func,__text__,op_seq_hash,0.95,verified,struct match; sz_diff=0; src=prologue
stage_CalcAnimationNoParent,0x0012B1B8,0x00106660,func,__text__,fuzzy,1.00,candidate,fuzzy; sz_diff=0; src=prologue
stage_CalcAnimationParent,0x0012B408,0x00103D50,func,__text__,fuzzy,1.00,candidate,fuzzy; sz_diff=0; src=prologue
stage_DispAnimation,0x0012B5B8,0x00107CA0,func,__text__,fuzzy,1.00,candidate,fuzzy; sz_diff=0; src=prologue
stage_SetScale,0x0012B6F0,0x00111AE8,func,__text__,fuzzy,1.00,candidate,fuzzy; sz_diff=0; src=extracted
stage_PlayBgAnimation,0x0012B7F8,0x0010EFBC,func,__text__,fuzzy,1.00,candidate,fuzzy; sz_diff=0; src=prologue
stage_PlayBgAnimationDissolve,0x0012BA80,0x0011B1F0,func,__text__,fuzzy,1.00,candidate,fuzzy; sz_diff=0; src=prologue
stage_MakePlayBgAnimation,0x0012BD58,0x0012A618,func,__text__,op_seq_hash,0.95,verified,struct match; sz_diff=0; src=prologue
stage_KillPlayBgAnimation,0x0012BEE0,0x001019E0,func,__text__,fuzzy,1.00,candidate,fuzzy; sz_diff=0; src=extracted
stage_DispBgAnimation,0x0012BF38,0x0012A7F8,func,__text__,raw_sha1,1.00,verified,exact; src=prologue
stage_DispBgAnimationNoFinish,0x0012C1B8,0x001029E4,func,__text__,fuzzy,1.00,candidate,fuzzy; sz_diff=0; src=prologue
stage_SetCameraForceOff,0x0012C498,0x00135AD8,func,__text__,fuzzy,0.78,candidate,fuzzy; sz_diff=4; src=extracted
stage_CheckAnimationFinish,0x0012C4A0,0x0012AA80,func,__text__,op_seq_hash,0.95,verified,struct match; sz_diff=0; src=prologue
stage_CheckAnimationFrame,0x0012C570,0x0012AB50,func,__text__,op_seq_hash,0.95,verified,struct match; sz_diff=0; src=prologue
stage_SetLoopFlag,0x0012C600,0x0012ABE0,func,__text__,op_seq_hash,0.95,verified,struct match; sz_diff=0; src=prologue
stage_SetFrameStep,0x0012C648,0x0012AC28,func,__text__,op_seq_hash,0.95,verified,struct match; sz_diff=0; src=prologue
stage_SetParentOfGObj,0x0012C690,0x0012AC70,func,__text__,op_seq_hash,0.95,verified,struct match; sz_diff=0; src=prologue
stage_SetParentOfGObjWithLocalRotationFlag,0x0012C6F8,0x0012ACD8,func,__text__,op_seq_hash,0.95,verified,struct match; sz_diff=0; src=prologue
stage_SetLocalizeGeometry,0x0012C760,0x0012AD40,func,__text__,op_seq_hash,0.95,verified,struct match; sz_diff=0; src=prologue
stage_KillPlayBgAnimationIfOverMaxCount,0x0012C808,0x001019E0,func,__text__,fuzzy,1.00,candidate,fuzzy; sz_diff=0; src=extracted
stage_CheckAnimationFrameIn,0x0012C860,0x0012AB50,func,__text__,op_seq_hash,0.95,verified,struct match; sz_diff=0; src=prologue
tex_AllocVramAuto,0x0012C8F0,0x0012AED0,func,__text__,op_seq_hash,0.95,verified,struct match; sz_diff=0; src=prologue
tex_loadImage,0x0012C9E0,0x0012AFC0,func,__text__,op_seq_hash,0.95,verified,struct match; sz_diff=0; src=prologue
tex_setTexReg,0x0012CBE0,0x0012B1C0,func,__text__,op_seq_hash,0.95,verified,struct match; sz_diff=0; src=prologue
tex_transVramClutTex,0x0012D270,0x0012B850,func,__text__,op_seq_hash,0.95,verified,struct match; sz_diff=0; src=prologue
tex_transVramDirectTex,0x0012D488,0x0012BA68,func,__text__,op_seq_hash,0.95,verified,struct match; sz_diff=0; src=prologue
tex_transRegister,0x0012D608,0x0012BBE8,func,__text__,op_seq_hash,0.95,verified,struct match; sz_diff=0; src=prologue
tex_transTM2,0x0012D630,0x0012BC10,func,__text__,op_seq_hash,0.95,verified,struct match; sz_diff=0; src=prologue
tex_initClutTexture,0x0012D8D0,0x00142890,func,__text__,fuzzy,0.85,candidate,fuzzy; sz_diff=0; src=extracted
tex_setRegisters,0x0012DA50,0x0012C050,func,__text__,op_seq_hash,0.95,verified,struct match; sz_diff=0; src=prologue
tex_initTM2,0x0012DDD0,0x0012C3D0,func,__text__,op_seq_hash,0.95,verified,struct match; sz_diff=0; src=prologue
tex_convertClutCSM2ToCSM1,0x0012E010,0x00135AD8,func,__text__,fuzzy,0.98,candidate,fuzzy; sz_diff=4; src=extracted
tex_convertImage,0x0012E0F0,0x0012C6F0,func,__text__,op_seq_hash,0.95,verified,struct match; sz_diff=0; src=prologue
tex_makeCopyImage,0x0012E2F8,0x0012C8F8,func,__text__,op_seq_hash,0.95,verified,struct match; sz_diff=0; src=prologue
tex_makeTexturePacket,0x0012E570,0x0012CB70,func,__text__,op_seq_hash,0.95,verified,struct match; sz_diff=0; src=prologue
tex_initTextureSub,0x0012E8F8,0x0012CEF8,func,__text__,op_seq_hash,0.95,verified,struct match; sz_diff=0; src=prologue
tex_LoadTexturePart,0x0012EC18,0x0012D218,func,__text__,op_seq_hash,0.95,verified,struct match; sz_diff=0; src=prologue
tex_TransTexture,0x0012ED70,0x0012D370,func,__text__,op_seq_hash,0.95,verified,struct match; sz_diff=0; src=prologue
tex_TransTextureDefocus,0x0012EEA0,0x001779F0,func,__text__,fuzzy,1.00,candidate,fuzzy; sz_diff=0; src=prologue
tex_scrollClut,0x0012F150,0x001B8720,func,__text__,fuzzy,0.74,candidate,fuzzy; sz_diff=12; src=extracted
tex_textureAnimation,0x0012F6F8,0x0012DA48,func,__text__,op_seq_hash,0.95,verified,struct match; sz_diff=0; src=prologue
tex_SetClutAnimation,0x0012FAB0,0x001BC130,func,__text__,fuzzy,0.97,candidate,fuzzy; sz_diff=8; src=extracted
tex_FreeTexture,0x0012FB30,0x0012DE80,func,__text__,op_seq_hash,0.95,verified,struct match; sz_diff=0; src=prologue
tex_ResetVram,0x0012FC48,0x001050E0,func,__text__,fuzzy,1.00,candidate,fuzzy; sz_diff=0; src=prologue
tex_dispClut,0x0012FDC0,0x0012E0D8,func,__text__,op_seq_hash,0.95,verified,struct match; sz_diff=0; src=prologue
tex_printTexture,0x00130210,0x0012E528,func,__text__,op_seq_hash,0.95,verified,struct match; sz_diff=0; src=prologue
tex_Tool,0x00130628,0x0012E940,func,__text__,op_seq_hash,0.95,verified,struct match; sz_diff=0; src=prologue
tex_ListTool,0x00131500,0x0012F818,func,__text__,op_seq_hash,0.95,verified,struct match; sz_diff=0; src=prologue
tex_GetTWTH,0x001319C8,0x0012FCE0,func,__text__,raw_sha1,1.00,verified,exact; src=prologue
tex_InitTexture,0x00131A18,0x0010F5B8,func,__text__,op_seq_hash,0.95,verified,struct match; sz_diff=0; src=prologue
tex_LoadTexture,0x00131A38,0x0012FD50,func,__text__,op_seq_hash,0.95,verified,struct match; sz_diff=0; src=prologue
tex_GetTextureNo,0x00131A58,0x0012FD70,func,__text__,op_seq_hash,0.95,verified,struct match; sz_diff=0; src=prologue
tex_GetTextureData,0x00131AF0,0x00100BA8,func,__text__,fuzzy,1.00,candidate,fuzzy; sz_diff=0; src=extracted
tex_GetTextureName,0x00131B08,0x00100BA8,func,__text__,fuzzy,1.00,candidate,fuzzy; sz_diff=0; src=extracted
tex_SetSamplingType,0x00131B20,0x00101B14,func,__text__,fuzzy,1.00,candidate,fuzzy; sz_diff=0; src=extracted
tex_GetTexExtData,0x00131B48,0x0012FE60,func,__text__,op_seq_hash,0.95,verified,struct match; sz_diff=0; src=prologue
tex_GetVramFreeAddress,0x00131B60,0x00101AE8,func,__text__,fuzzy,1.00,candidate,fuzzy; sz_diff=0; src=extracted
tex_UpdateMipMapLevel,0x00131B80,0x00102418,func,__text__,fuzzy,1.00,candidate,fuzzy; sz_diff=0; src=extracted
tex_LockHeadTBP,0x00131C18,0x00101ED0,func,__text__,fuzzy,1.00,candidate,fuzzy; sz_diff=0; src=prologue
tex_UnlockHeadTBP,0x00131CF0,0x001031E0,func,__text__,fuzzy,1.00,candidate,fuzzy; sz_diff=0; src=prologue
tex_ResetVramPri,0x00131DC0,0x0011D590,func,__text__,fuzzy,1.00,candidate,fuzzy; sz_diff=0; src=prologue
tex_GetTextureNum,0x00131E88,0x00109BAC,func,__text__,op_seq_hash,0.95,verified,struct match; sz_diff=0; src=prologue
tex_SetUVScroll,0x00131E90,0x0012FFF0,func,__text__,op_seq_hash,0.95,verified,struct match; sz_diff=0; src=prologue
tex_Init,0x00131FC8,0x00130128,func,__text__,op_seq_hash,0.95,verified,struct match; sz_diff=0; src=prologue
tex_RemakeRegistersSampleMin,0x00132078,0x00102870,func,__text__,fuzzy,1.00,candidate,fuzzy; sz_diff=0; src=extracted
fog_MakeFogClut,0x001320F0,0x00130250,func,__text__,op_seq_hash,0.95,verified,struct match; sz_diff=0; src=prologue
fog_DrawFog,0x001322F0,,func,__text__,unmatched,0.00,unmatched,no match; PAL size=3076; src=extracted
fog_FogTool,0x00132EF8,0x00130F98,func,__text__,op_seq_hash,0.95,verified,struct match; sz_diff=0; src=prologue
iosCdvdStManager,0x00133250,,func,__text__,unmatched,0.00,unmatched,no match; PAL size=1152; src=extracted
iosCdvdMgrSearchFile,0x00133540,0x001312F0,func,__text__,op_seq_hash,0.95,verified,struct match; sz_diff=0; src=prologue
iosCdvdMgrStStart,0x001336D0,0x0010882C,func,__text__,fuzzy,1.00,candidate,fuzzy; sz_diff=0; src=prologue
iosCdvdMgrStStop,0x001337A8,0x00103B48,func,__text__,fuzzy,1.00,candidate,fuzzy; sz_diff=0; src=prologue
iosCdvdMgrLoad,0x001338A8,0x001BFB6C,func,__text__,fuzzy,0.99,candidate,fuzzy; sz_diff=4; src=prologue
temp_loadfunc,0x00133A70,0x00131780,func,__text__,op_seq_hash,0.95,verified,struct match; sz_diff=0; src=prologue
iosCdvdMgrPackLoad,0x00133B08,0x0012E158,func,__text__,fuzzy,1.00,candidate,fuzzy; sz_diff=0; src=prologue
iosCdStRead,0x00133ED8,0x001114D0,func,__text__,fuzzy,1.00,candidate,fuzzy; sz_diff=0; src=prologue
iosCdvdHandlerReadNoInflate,0x001340B0,0x00110948,func,__text__,fuzzy,1.00,candidate,fuzzy; sz_diff=0; src=prologue
iosCdvdHandlerReadInflate,0x00134258,0x0010BB98,func,__text__,fuzzy,1.00,candidate,fuzzy; sz_diff=0; src=prologue
iosCdvdHandlerRead,0x001342E0,0x001320E8,func,__text__,op_seq_hash,0.95,verified,struct match; sz_diff=0; src=prologue
unifile_read_func,0x001343C0,0x001321C8,func,__text__,op_seq_hash,0.95,verified,struct match; sz_diff=0; src=prologue
iosCdvdUnifileInfoGet,0x00134580,0x00103018,func,__text__,fuzzy,1.00,candidate,fuzzy; sz_diff=0; src=prologue
iosCdvdManager,0x001345C8,0x001345C8,func,__text__,same_va,0.85,verified,same VA; USA size=8; src=extracted
iosCdvdDiskReady,0x001347E0,,func,__text__,unmatched,0.00,unmatched,no match; PAL size=824; src=extracted
iosCdvdLoad,0x00134800,,func,__text__,unmatched,0.00,unmatched,no match; PAL size=792; src=extracted
iosCdvdPackLoad,0x00134838,,func,__text__,unmatched,0.00,unmatched,no match; PAL size=736; src=extracted
iosCdvdBackGroundMgrAdd,0x00134858,0x00104818,func,__text__,fuzzy,1.00,candidate,fuzzy; sz_diff=0; src=prologue
cdWait,0x00134B18,0x00136D50,func,__text__,fuzzy,0.92,candidate,fuzzy; sz_diff=20; src=prologue
iosCdvdBackGroundRead,0x00134D78,,func,__text__,unmatched,0.00,unmatched,no match; PAL size=476; src=extracted
iosCdvdBackGroundReadIOPm,0x00134F58,,func,__text__,unmatched,0.00,unmatched,no match; PAL size=476; src=extracted
iosCdvdDirectStOpen,0x00135138,0x0018E1BC,func,__text__,fuzzy,1.00,candidate,fuzzy; sz_diff=0; src=prologue
iosCdvdDirectStClose,0x00135330,0x001331D8,func,__text__,op_seq_hash,0.95,verified,struct match; sz_diff=0; src=prologue
iosCdvdChgFileName,0x00135370,0x00133218,func,__text__,op_seq_hash,0.95,verified,struct match; sz_diff=0; src=prologue
iosCdvdGetFileLsn,0x00135410,0x001332B8,func,__text__,op_seq_hash,0.95,verified,struct match; sz_diff=0; src=prologue
iosCdvdSync,0x001354F0,0x00133398,func,__text__,op_seq_hash,0.95,verified,struct match; sz_diff=0; src=prologue
iosCdvdLoadPackFile,0x00135520,0x001BC130,func,__text__,fuzzy,0.78,candidate,fuzzy; sz_diff=4; src=extracted
iosCdvdDiskStatusGet,0x001355A0,0x00109BAC,func,__text__,op_seq_hash,0.95,verified,struct match; sz_diff=0; src=prologue
iosCdvdBackGroundMgrDelete,0x001355A8,0x00104E5C,func,__text__,fuzzy,1.00,candidate,fuzzy; sz_diff=0; src=extracted
iosCdvdBackGroundMgrNotDiskReadyPauseSet,0x001355B8,0x001064B0,func,__text__,fuzzy,1.00,candidate,fuzzy; sz_diff=0; src=extracted
iosCdvdBackGroundMgrDeleteRequestGet,0x001355D8,0x00102340,func,__text__,fuzzy,1.00,candidate,fuzzy; sz_diff=0; src=extracted
iosCdvdBackGroundMgrEntryNum,0x00135620,0x00102644,func,__text__,fuzzy,1.00,candidate,fuzzy; sz_diff=0; src=extracted
iosCdvdBackGroundMgrSeek,0x00135658,0x00133500,func,__text__,raw_sha1,1.00,verified,exact; src=prologue
iosCdvdBackGroundMgrGetRunning,0x00135660,0x00109BAC,func,__text__,op_seq_hash,0.95,verified,struct match; sz_diff=0; src=prologue
iosCdvdDirectStRead,0x00135668,0x00133510,func,__text__,op_seq_hash,0.95,verified,struct match; sz_diff=0; src=prologue
inflate_cd_read_func,0x001356C8,0x00133570,func,__text__,op_seq_hash,0.95,verified,struct match; sz_diff=0; src=prologue
iosCdvdBackGroundMgrInit,0x00135728,0x001335D0,func,__text__,op_seq_hash,0.95,verified,struct match; sz_diff=0; src=prologue
iosCdvdBackGroundMgr,0x00135760,0x00133608,func,__text__,op_seq_hash,0.95,verified,struct match; sz_diff=0; src=prologue
iosCdvdDiskReadyBlock,0x00135818,0x00101030,func,__text__,fuzzy,1.00,candidate,fuzzy; sz_diff=0; src=prologue
huft_build,0x001358B0,0x001336C0,func,__text__,op_seq_hash,0.95,verified,struct match; sz_diff=0; src=prologue
inflate_codes,0x00136078,0x00133E88,func,__text__,raw_sha1,1.00,verified,exact; src=prologue
inflate_stored,0x001367C0,0x001345D0,func,__text__,op_seq_hash,0.95,verified,struct match; sz_diff=0; src=prologue
inflate_fixed,0x00136AE0,0x001348F0,func,__text__,raw_sha1,1.00,verified,exact; src=prologue
inflate_dynamic,0x00136D40,0x00134B50,func,__text__,op_seq_hash,0.95,verified,struct match; sz_diff=0; src=prologue
inflate_start,0x00137658,0x00135468,func,__text__,op_seq_hash,0.95,verified,struct match; sz_diff=0; src=prologue
close_inflate_handler,0x001376A8,0x001354B8,func,__text__,op_seq_hash,0.95,verified,struct match; sz_diff=0; src=prologue
inflate,0x00137770,0x00135580,func,__text__,op_seq_hash,0.95,verified,struct match; sz_diff=0; src=prologue
open_inflate_handler,0x00137C38,0x00135A48,func,__text__,op_seq_hash,0.95,verified,struct match; sz_diff=0; src=prologue
fill_inbuf,0x00137CC8,0x00135AD8,func,__text__,raw_sha1,1.00,verified,exact; src=prologue
huft_free,0x00137DA8,0x00135BB8,func,__text__,op_seq_hash,0.95,verified,struct match; sz_diff=0; src=prologue
ios_init_plus,0x00137DE8,0x00135BF8,func,__text__,op_seq_hash,0.95,verified,struct match; sz_diff=0; src=prologue
iosInitialize,0x00137ED8,0x00135CE8,func,__text__,op_seq_hash,0.95,verified,struct match; sz_diff=0; src=prologue
iosSifAllocIopHeapDebug,0x001380B0,0x00135EB8,func,__text__,op_seq_hash,0.95,verified,struct match; sz_diff=0; src=prologue
new_mblock_node,0x00138158,0x00135F60,func,__text__,op_seq_hash,0.95,verified,struct match; sz_diff=0; src=prologue
reuse_mblock1,0x00138258,0x00260C80,func,__text__,fuzzy,0.98,candidate,fuzzy; sz_diff=4; src=extracted
init_mblock,0x00138280,0x001010EC,func,__text__,fuzzy,1.00,candidate,fuzzy; sz_diff=0; src=extracted
new_segment,0x00138290,0x00136098,func,__text__,op_seq_hash,0.95,verified,struct match; sz_diff=0; src=prologue
reuse_mblock,0x00138338,0x00136140,func,__text__,op_seq_hash,0.95,verified,struct match; sz_diff=0; src=prologue
strdup_mblock,0x00138390,0x00136198,func,__text__,op_seq_hash,0.95,verified,struct match; sz_diff=0; src=prologue
iosMcMgrGetInfo,0x00138478,0x00125614,func,__text__,fuzzy,1.00,candidate,fuzzy; sz_diff=0; src=prologue
iosMcHandlerWrite,0x001385B8,0x00136280,func,__text__,op_seq_hash,0.95,verified,struct match; sz_diff=0; src=prologue
iosMcHandlerRead,0x001389B0,0x00136678,func,__text__,op_seq_hash,0.95,verified,struct match; sz_diff=0; src=prologue
iosMcMgrChdirProduct,0x00138D40,0x0011B1F0,func,__text__,fuzzy,1.00,candidate,fuzzy; sz_diff=0; src=prologue
iosMcMgrSaveSeg,0x00138FE0,0x00136D50,func,__text__,op_seq_hash,0.95,verified,struct match; sz_diff=0; src=prologue
iosMcMgrLoadSeg,0x00139410,0x00137180,func,__text__,op_seq_hash,0.95,verified,struct match; sz_diff=0; src=prologue
iosMcMgrSaveProductBlock,0x001397C8,,func,__text__,unmatched,0.00,unmatched,no match; PAL size=476; src=extracted
iosMcMgrLoadProductBlock,0x001397D8,0x0010184C,func,__text__,fuzzy,0.64,candidate,fuzzy; sz_diff=120; src=extracted
iosMcMgrGetBlockSaveInfo,0x001397E8,0x00137558,func,__text__,op_seq_hash,0.95,verified,struct match; sz_diff=0; src=prologue
iosMcManager,0x001399A8,0x0020B4D8,func,__text__,fuzzy,1.00,candidate,fuzzy; sz_diff=0; src=prologue
iosMcMgrSync,0x0013A010,0x00137E48,func,__text__,op_seq_hash,0.95,verified,struct match; sz_diff=0; src=prologue
iosMcTest,0x0013A0B0,0x00100108,func,__text__,raw_sha1,1.00,verified,exact; src=prologue
iosMcSync,0x0013A0B8,0x00106750,func,__text__,fuzzy,1.00,candidate,fuzzy; sz_diff=0; src=extracted
iosMcGetInfo,0x0013A0D0,0x00137F08,func,__text__,op_seq_hash,0.95,verified,struct match; sz_diff=0; src=prologue
iosMcFormat,0x0013A110,0x00137F48,func,__text__,op_seq_hash,0.95,verified,struct match; sz_diff=0; src=prologue
iosMcUnformat,0x0013A158,0x00137F48,func,__text__,op_seq_hash,0.95,verified,struct match; sz_diff=0; src=prologue
iosMcGetDir,0x0013A1A0,0x00137F48,func,__text__,op_seq_hash,0.95,verified,struct match; sz_diff=0; src=prologue
iosMcDelete,0x0013A1E8,0x00137F48,func,__text__,op_seq_hash,0.95,verified,struct match; sz_diff=0; src=prologue
iosMcSaveIconBlock,0x0013A230,0x00137F48,func,__text__,op_seq_hash,0.95,verified,struct match; sz_diff=0; src=prologue
iosMcSaveProductBlock,0x0013A278,0x00137F48,func,__text__,op_seq_hash,0.95,verified,struct match; sz_diff=0; src=prologue
iosMcLoadProductBlock,0x0013A2C0,0x00137F48,func,__text__,op_seq_hash,0.95,verified,struct match; sz_diff=0; src=prologue
iosMcSaveGameBlock,0x0013A308,0x00138140,func,__text__,op_seq_hash,0.95,verified,struct match; sz_diff=0; src=prologue
iosMcLoadGameBlock,0x0013A350,0x00138140,func,__text__,op_seq_hash,0.95,verified,struct match; sz_diff=0; src=prologue
iosMcChdirProduct,0x0013A398,0x00137F48,func,__text__,op_seq_hash,0.95,verified,struct match; sz_diff=0; src=prologue
iosMcGetBlockSaveInfo,0x0013A3E0,0x00137F48,func,__text__,op_seq_hash,0.95,verified,struct match; sz_diff=0; src=prologue
product_write,0x0013A428,0x001050E0,func,__text__,fuzzy,1.00,candidate,fuzzy; sz_diff=0; src=prologue
product_read,0x0013A5A0,0x00138390,func,__text__,op_seq_hash,0.95,verified,struct match; sz_diff=0; src=prologue
gameblock_write,0x0013A5E8,0x001085BC,func,__text__,fuzzy,1.00,candidate,fuzzy; sz_diff=0; src=prologue
gameblock_read,0x0013A638,0x00125614,func,__text__,fuzzy,1.00,candidate,fuzzy; sz_diff=0; src=prologue
iosMcIconWriteIconsys,0x0013A778,0x00138510,func,__text__,op_seq_hash,0.95,verified,struct match; sz_diff=0; src=prologue
iosMcIconWriteIcon,0x0013A880,0x00138510,func,__text__,op_seq_hash,0.95,verified,struct match; sz_diff=0; src=prologue
_iosMcIconWriteIconsys,0x0013A988,0x001D0824,func,__text__,fuzzy,0.83,candidate,fuzzy; sz_diff=4; src=extracted
iosMallocSetPartition,0x0013AA78,0x001387F0,func,__text__,op_seq_hash,0.95,verified,struct match; sz_diff=0; src=prologue
iosMallocResetPartition,0x0013AC98,0x00138A10,func,__text__,op_seq_hash,0.95,verified,struct match; sz_diff=0; src=prologue
iosMallocSetPartitionName,0x0013AE78,0x00138BF0,func,__text__,op_seq_hash,0.95,verified,struct match; sz_diff=0; src=prologue
iosMallocClearPartition,0x0013AF00,0x00138C78,func,__text__,op_seq_hash,0.95,verified,struct match; sz_diff=0; src=prologue
_iosMallocDebug,0x0013B0B8,0x00138E30,func,__text__,op_seq_hash,0.95,verified,struct match; sz_diff=0; src=prologue
iosMallocAlignDebug,0x0013B530,0x001392A8,func,__text__,op_seq_hash,0.95,verified,struct match; sz_diff=0; src=prologue
_iosFreeWithFill,0x0013B778,0x001394F0,func,__text__,op_seq_hash,0.95,verified,struct match; sz_diff=0; src=prologue
iosFree,0x0013B820,0x00139598,func,__text__,op_seq_hash,0.95,verified,struct match; sz_diff=0; src=prologue
iosMallocCheckLeak,0x0013BCD8,0x00139A50,func,__text__,op_seq_hash,0.95,verified,struct match; sz_diff=0; src=prologue
iosMallocCheckLeak2,0x0013BEB8,0x00139C30,func,__text__,op_seq_hash,0.95,verified,struct match; sz_diff=0; src=prologue
iosReallocDebug,0x0013C000,0x00139D78,func,__text__,op_seq_hash,0.95,verified,struct match; sz_diff=0; src=prologue
iosMallocInitPartition,0x0013C270,0x00139FE8,func,__text__,op_seq_hash,0.95,verified,struct match; sz_diff=0; src=prologue
iosMallocDebug,0x0013C380,0x0013A0F8,func,__text__,op_seq_hash,0.95,verified,struct match; sz_diff=0; src=prologue
iosMallocDebugNoAssert,0x0013C488,0x0010F5B8,func,__text__,op_seq_hash,0.95,verified,struct match; sz_diff=0; src=prologue
deq_mes_th,0x0013C4A8,0x00101B68,func,__text__,fuzzy,1.00,candidate,fuzzy; sz_diff=0; src=extracted
iosMsgQueueCreate,0x0013C4D8,0x0013A250,func,__text__,op_seq_hash,0.95,verified,struct match; sz_diff=0; src=prologue
iosMsgQueueDestroy,0x0013C580,0x0013A2F8,func,__text__,op_seq_hash,0.95,verified,struct match; sz_diff=0; src=prologue
send_signal_message,0x0013C608,0x0013A380,func,__text__,op_seq_hash,0.95,verified,struct match; sz_diff=0; src=prologue
iosMsgSetEvent,0x0013C720,0x0013A498,func,__text__,op_seq_hash,0.95,verified,struct match; sz_diff=0; src=prologue
iosMsgInit,0x0013C808,0x0013A580,func,__text__,op_seq_hash,0.95,verified,struct match; sz_diff=0; src=prologue
iosMsgSend,0x0013C840,0x0013A5B8,func,__text__,op_seq_hash,0.95,verified,struct match; sz_diff=0; src=prologue
iosMsgRecv,0x0013C948,0x0013A6C0,func,__text__,op_seq_hash,0.95,verified,struct match; sz_diff=0; src=prologue
iosMsgQueueDestroyAll,0x0013CA50,0x0013A7C8,func,__text__,op_seq_hash,0.95,verified,struct match; sz_diff=0; src=prologue
signal_handler,0x0013CAA8,0x0013A820,func,__text__,op_seq_hash,0.95,verified,struct match; sz_diff=0; src=prologue
controler_stable_check,0x0013CAF0,0x00251248,func,__text__,fuzzy,0.99,candidate,fuzzy; sz_diff=8; src=prologue
iosPadDevInit,0x0013D070,0x00102158,func,__text__,fuzzy,1.00,candidate,fuzzy; sz_diff=0; src=prologue
iosPadDevReadFunc,0x0013D2A8,0x00141660,func,__text__,fuzzy,1.00,candidate,fuzzy; sz_diff=0; src=prologue
iosPadRead,0x0013D4B0,0x0024BDE4,func,__text__,fuzzy,0.94,candidate,fuzzy; sz_diff=4; src=extracted
iosPadNormalizeStick,0x0013D5F8,0x0013B298,func,__text__,op_seq_hash,0.95,verified,struct match; sz_diff=0; src=prologue
iosPadGetStick_func,0x0013D7B0,0x00109488,func,__text__,fuzzy,1.00,candidate,fuzzy; sz_diff=0; src=prologue
iosPadActRequest,0x0013D970,0x0013B610,func,__text__,op_seq_hash,0.95,verified,struct match; sz_diff=0; src=prologue
iosPadDevRead,0x0013DA78,0x0013B718,func,__text__,op_seq_hash,0.95,verified,struct match; sz_diff=0; src=prologue
iosPadGetPort,0x0013DAA8,0x0013B748,func,__text__,op_seq_hash,0.95,verified,struct match; sz_diff=0; src=prologue
iosPadGetSlot,0x0013DAC0,0x00100BA8,func,__text__,fuzzy,1.00,candidate,fuzzy; sz_diff=0; src=extracted
iosPadGetDevice,0x0013DAD8,0x001019A8,func,__text__,fuzzy,1.00,candidate,fuzzy; sz_diff=0; src=extracted
iosPadConnect,0x0013DB20,0x0013B7C0,func,__text__,op_seq_hash,0.95,verified,struct match; sz_diff=0; src=prologue
iosPadGetStick,0x0013DB40,0x0010BB98,func,__text__,fuzzy,1.00,candidate,fuzzy; sz_diff=0; src=prologue
iosPadStickCameraCoord,0x0013DBC8,0x0013B7E0,func,__text__,op_seq_hash,0.95,verified,struct match; sz_diff=0; src=prologue
iosPadEnable,0x0013DC40,0x0013F878,func,__text__,op_seq_hash,0.95,verified,struct match; sz_diff=0; src=extracted
iosPadDisable,0x0013DC50,0x00102678,func,__text__,op_seq_hash,0.95,verified,struct match; sz_diff=0; src=prologue
iosPadEnableGet,0x0013DC58,0x00109BAC,func,__text__,op_seq_hash,0.95,verified,struct match; sz_diff=0; src=prologue
iosPadActInit,0x0013DC60,0x0013B878,func,__text__,op_seq_hash,0.95,verified,struct match; sz_diff=0; src=prologue
iosPadActStop,0x0013DCD8,0x0013B8F0,func,__text__,op_seq_hash,0.95,verified,struct match; sz_diff=0; src=prologue
iosPadActStopAll,0x0013DD58,0x0013B970,func,__text__,op_seq_hash,0.95,verified,struct match; sz_diff=0; src=prologue
iosPadActVolumeSet,0x0013DDC0,0x0013B9D8,func,__text__,op_seq_hash,0.95,verified,struct match; sz_diff=0; src=prologue
iosPadDevManager,0x0013DE08,0x0013BA20,func,__text__,op_seq_hash,0.95,verified,struct match; sz_diff=0; src=prologue
iosPadActTickProc,0x0013DE50,0x0013BA68,func,__text__,op_seq_hash,0.95,verified,struct match; sz_diff=0; src=prologue
iosPadDisconWait,0x0013DF58,0x00100108,func,__text__,raw_sha1,1.00,verified,exact; src=prologue
iosPadErrorWait,0x0013DF60,0x00100108,func,__text__,raw_sha1,1.00,verified,exact; src=prologue
Vibration_ShotDecode,0x0013DF68,0x0013BB80,func,__text__,raw_sha1,1.00,verified,exact; src=prologue
Vibration_WaveDecode,0x0013E208,0x0013BE20,func,__text__,raw_sha1,1.00,verified,exact; src=prologue
Shock_Request,0x0013E4F8,0x0013C110,func,__text__,op_seq_hash,0.95,verified,struct match; sz_diff=0; src=prologue
Shock_SetMotor,0x0013E708,0x00101278,func,__text__,fuzzy,0.99,candidate,fuzzy; sz_diff=4; src=extracted
Init_ShockVoiceSet,0x0013E870,0x001D0F68,func,__text__,fuzzy,0.98,candidate,fuzzy; sz_diff=4; src=extracted
Vibration_SetDecodeData,0x0013E8A8,0x001AE8F0,func,__text__,fuzzy,1.00,candidate,fuzzy; sz_diff=0; src=extracted
Init_ShockRequestBox,0x0013E8F8,0x00260C80,func,__text__,fuzzy,0.97,candidate,fuzzy; sz_diff=8; src=extracted
ShockRequestBox_Clear,0x0013E920,0x0013C538,func,__text__,raw_sha1,1.00,verified,exact; src=prologue
ShockRequestBox_Regst,0x0013E980,0x00101AE8,func,__text__,fuzzy,1.00,candidate,fuzzy; sz_diff=0; src=extracted
ShockRequestBox_Request,0x0013E9A0,0x0013C5B8,func,__text__,op_seq_hash,0.95,verified,struct match; sz_diff=0; src=prologue
ShockRequestBox_DecodeRequest,0x0013EB30,0x0013C748,func,__text__,op_seq_hash,0.95,verified,struct match; sz_diff=0; src=prologue
ShockRequestBox_EndRequestFree,0x0013EC08,0x0013C820,func,__text__,op_seq_hash,0.95,verified,struct match; sz_diff=0; src=prologue
ShockRequestBox_VoiceSetUseRequestFree,0x0013EC60,0x0013C878,func,__text__,raw_sha1,1.00,verified,exact; src=prologue
ShockRequestBox_GetRequest,0x0013ED08,0x001009E0,func,__text__,fuzzy,1.00,candidate,fuzzy; sz_diff=0; src=extracted
ShockRequestBox_RequestCancel,0x0013ED40,0x0013C958,func,__text__,op_seq_hash,0.95,verified,struct match; sz_diff=0; src=prologue
ShockRequestBox_RequestDirectCancel,0x0013EDC0,0x0013C9D8,func,__text__,raw_sha1,1.00,verified,exact; src=prologue
Init_ShockDriver,0x0013EE30,0x001011B0,func,__text__,fuzzy,1.00,candidate,fuzzy; sz_diff=0; src=extracted
ShockDriver_VoiceSet_NumberRegist,0x0013EE88,0x001064B0,func,__text__,fuzzy,1.00,candidate,fuzzy; sz_diff=0; src=extracted
ShockDriver_VoiceSet_Regist,0x0013EEC0,0x0013D0D0,func,__text__,fuzzy,1.00,candidate,fuzzy; sz_diff=0; src=extracted
ShockDriver_VoiceSet_Remove,0x0013EF38,0x001064B0,func,__text__,fuzzy,1.00,candidate,fuzzy; sz_diff=0; src=extracted
ShockDriver_GetShockVoiceMax,0x0013EF70,0x001079DC,func,__text__,fuzzy,1.00,candidate,fuzzy; sz_diff=0; src=extracted
ShockDriver_GetShockVoiceSet,0x0013EFB8,0x00101AE8,func,__text__,fuzzy,1.00,candidate,fuzzy; sz_diff=0; src=extracted
ShockDriver_GetShockVoice,0x0013EFE8,0x001AE8F0,func,__text__,fuzzy,1.00,candidate,fuzzy; sz_diff=0; src=extracted
Init_ShockEmulator,0x0013F048,0x00114FB8,func,__text__,op_seq_hash,0.95,verified,struct match; sz_diff=0; src=extracted
ShockEmulator_EmulationShot,0x0013F058,0x0012FD24,func,__text__,raw_sha1,1.00,verified,exact; src=prologue
ShockEmulator_EmulationWave,0x0013F060,0x0013F060,func,__text__,same_va,0.85,verified,same VA; USA size=8; src=extracted
Init_ShockRequestAlloc,0x0013F0D0,0x001BA668,func,__text__,fuzzy,0.98,candidate,fuzzy; sz_diff=4; src=extracted
Get_ShockRequestStruct,0x0013F118,0x00101B68,func,__text__,fuzzy,1.00,candidate,fuzzy; sz_diff=0; src=extracted
Reset_ShockRequestStruct,0x0013F158,0x0013CD70,func,__text__,raw_sha1,1.00,verified,exact; src=prologue
ShockRevice_Wave,0x0013F160,0x0010882C,func,__text__,fuzzy,1.00,candidate,fuzzy; sz_diff=0; src=extracted
Init_Shock,0x0013F230,0x00106B80,func,__text__,fuzzy,1.00,candidate,fuzzy; sz_diff=0; src=extracted
Shock_SetShockVoiceSet,0x0013F2F0,0x001019A8,func,__text__,fuzzy,1.00,candidate,fuzzy; sz_diff=0; src=extracted
Init_Player,0x0013F320,0x001D0F68,func,__text__,fuzzy,1.00,candidate,fuzzy; sz_diff=0; src=extracted
Init_Controler,0x0013F358,0x00114FB8,func,__text__,op_seq_hash,0.95,verified,struct match; sz_diff=0; src=extracted
Shock_RequestClear,0x0013F368,0x0013C538,func,__text__,raw_sha1,1.00,verified,exact; src=prologue
Shock_Decode,0x0013F3C8,0x0013CFE0,func,__text__,op_seq_hash,0.95,verified,struct match; sz_diff=0; src=prologue
dumyAllocFunc,0x0013F480,0x00100C78,func,__text__,raw_sha1,1.00,verified,exact; src=prologue
Vibration_SetDecodeEnd,0x0013F488,0x001019A8,func,__text__,fuzzy,1.00,candidate,fuzzy; sz_diff=0; src=extracted
requestFree,0x0013F4B8,0x0013D0D0,func,__text__,raw_sha1,1.00,verified,exact; src=prologue
iosThreadMain,0x0013F528,0x0013D140,func,__text__,op_seq_hash,0.95,verified,struct match; sz_diff=0; src=prologue
iosThreadCreateS,0x0013F598,0x0013D1B0,func,__text__,op_seq_hash,0.95,verified,struct match; sz_diff=0; src=prologue
iosThreadStart,0x0013F7B0,,func,__text__,unmatched,0.00,unmatched,no match; PAL size=1240; src=extracted
iosThreadStop,0x0013F7C0,,func,__text__,unmatched,0.00,unmatched,no match; PAL size=1224; src=extracted
iosThreadSleep,0x0013F7D8,,func,__text__,unmatched,0.00,unmatched,no match; PAL size=1200; src=extracted
iosThreadDestroy,0x0013F7E0,0x0013D3F8,func,__text__,op_seq_hash,0.95,verified,struct match; sz_diff=0; src=prologue
iosThreadSetPri,0x0013F828,0x0013D440,func,__text__,op_seq_hash,0.95,verified,struct match; sz_diff=0; src=prologue
iosThreadMessage,0x0013F880,0x0013D498,func,__text__,op_seq_hash,0.95,verified,struct match; sz_diff=0; src=prologue
iosThreadName,0x0013F920,,func,__text__,unmatched,0.00,unmatched,no match; PAL size=872; src=extracted
iosThreadSuspend,0x0013F928,0x0013F928,func,__text__,same_va,0.85,verified,same VA; USA size=8; src=extracted
iosThreadResume,0x0013F930,,func,__text__,unmatched,0.00,unmatched,no match; PAL size=856; src=extracted
iosThreadInit,0x0013F938,0x0013D550,func,__text__,op_seq_hash,0.95,verified,struct match; sz_diff=0; src=prologue
iosThreadCreate,0x0013FAE8,0x0013D700,func,__text__,op_seq_hash,0.95,verified,struct match; sz_diff=0; src=prologue
iosThreadGetPri,0x0013FC88,0x0013D8A0,func,__text__,op_seq_hash,0.95,verified,struct match; sz_diff=0; src=prologue
iosGetIOSThreadFromId,0x0013FCC8,0x0013D8E0,func,__text__,op_seq_hash,0.95,verified,struct match; sz_diff=0; src=prologue
iosThreadWakeup,0x0013FD10,0x0013D928,func,__text__,raw_sha1,1.00,verified,exact; src=prologue
iosThreadJoin,0x0013FD30,0x0013D948,func,__text__,op_seq_hash,0.95,verified,struct match; sz_diff=0; src=prologue
iosThreadCancelWakeup,0x0013FDB0,0x0013D9C8,func,__text__,raw_sha1,1.00,verified,exact; src=prologue
iosSemaCreate,0x0013FDE8,0x0013DA00,func,__text__,op_seq_hash,0.95,verified,struct match; sz_diff=0; src=prologue
iosSemaDelete,0x0013FE70,0x0013DA88,func,__text__,op_seq_hash,0.95,verified,struct match; sz_diff=0; src=prologue
iosSemaWait,0x0013FEE8,0x0013DB00,func,__text__,op_seq_hash,0.95,verified,struct match; sz_diff=0; src=prologue
iosSemaSignal,0x0013FF48,0x0013DB60,func,__text__,op_seq_hash,0.95,verified,struct match; sz_diff=0; src=prologue
iosSemaReferStatus,0x0013FF98,0x0013DBB0,func,__text__,op_seq_hash,0.95,verified,struct match; sz_diff=0; src=prologue
iosThreadDestroyMgr,0x00140018,0x0013DC30,func,__text__,op_seq_hash,0.95,verified,struct match; sz_diff=0; src=prologue
iosThreadAllQuit,0x00140108,0x0013DD20,func,__text__,op_seq_hash,0.95,verified,struct match; sz_diff=0; src=prologue
isysGObjKindTableInit,0x00140170,0x001BB23C,func,__text__,fuzzy,0.99,candidate,fuzzy; sz_diff=4; src=extracted
isysGObjInit,0x00140188,0x0013DDA0,func,__text__,op_seq_hash,0.95,verified,struct match; sz_diff=0; src=prologue
cut_gobj_link,0x001401E0,0x001401E0,func,__text__,same_va,0.85,verified,same VA; USA size=340; src=extracted
isysGObjRemoveAll,0x00140288,0x0013DEA0,func,__text__,op_seq_hash,0.95,verified,struct match; sz_diff=0; src=prologue
add_gobj_to_tail,0x001403D8,0x00102340,func,__text__,fuzzy,1.00,candidate,fuzzy; sz_diff=0; src=extracted
add_gobj_to_head,0x001404A8,0x00102340,func,__text__,fuzzy,1.00,candidate,fuzzy; sz_diff=0; src=extracted
isysGObjMove,0x00140578,0x0013E190,func,__text__,op_seq_hash,0.95,verified,struct match; sz_diff=0; src=prologue
isysGObjMoveHead,0x001405C0,0x0013E190,func,__text__,op_seq_hash,0.95,verified,struct match; sz_diff=0; src=prologue
isysGObjAddAfterGObj,0x00140608,0x0013E220,func,__text__,op_seq_hash,0.95,verified,struct match; sz_diff=0; src=prologue
isysGObjAddBeforeGObj,0x00140738,0x0013E350,func,__text__,op_seq_hash,0.95,verified,struct match; sz_diff=0; src=prologue
isysGetNbAllocedGObjs,0x00140870,0x001BA668,func,__text__,fuzzy,0.98,candidate,fuzzy; sz_diff=4; src=extracted
isysGObjAlloc,0x001408B8,0x0013E4D0,func,__text__,op_seq_hash,0.95,verified,struct match; sz_diff=0; src=prologue
isysGObjRemove,0x00140930,0x0013E548,func,__text__,op_seq_hash,0.95,verified,struct match; sz_diff=0; src=prologue
isysGObjKindTableAdd,0x00140A30,0x0013E648,func,__text__,op_seq_hash,0.95,verified,struct match; sz_diff=0; src=prologue
isysGObjKindTableRemove,0x00140B10,0x0013E728,func,__text__,op_seq_hash,0.95,verified,struct match; sz_diff=0; src=prologue
isysGObjMoveAfterGObj,0x00140BE0,0x0013E7F8,func,__text__,op_seq_hash,0.95,verified,struct match; sz_diff=0; src=prologue
isysGObjMoveBeforeGObj,0x00140C50,0x0013E868,func,__text__,op_seq_hash,0.95,verified,struct match; sz_diff=0; src=prologue
isysGObjAdd,0x00140CC0,0x0013E8D8,func,__text__,op_seq_hash,0.95,verified,struct match; sz_diff=0; src=prologue
isysGObjAddHead,0x00140DC8,0x0013E9E0,func,__text__,op_seq_hash,0.95,verified,struct match; sz_diff=0; src=prologue
isysGObjSearchFromObjLayoutID,0x00140ED0,0x00104698,func,__text__,fuzzy,1.00,candidate,fuzzy; sz_diff=0; src=extracted
isysGObjSearchFromObjKindID_begin,0x00140F38,0x0013D0D0,func,__text__,fuzzy,0.98,candidate,fuzzy; sz_diff=4; src=extracted
isysGObjSearchFromObjKindID_next,0x00140FC8,0x001685E0,func,__text__,fuzzy,0.97,candidate,fuzzy; sz_diff=8; src=extracted
isysGObjSearchFromLabelTypeID,0x00141038,0x00106660,func,__text__,fuzzy,1.00,candidate,fuzzy; sz_diff=0; src=extracted
isysGObjGetExist_begin,0x00141090,0x001085BC,func,__text__,fuzzy,1.00,candidate,fuzzy; sz_diff=0; src=extracted
isysGObjGetExist_next,0x001410E0,0x001079DC,func,__text__,fuzzy,1.00,candidate,fuzzy; sz_diff=0; src=extracted
isysGObjActiveLink,0x00141128,0x00141128,func,__text__,same_va,0.85,verified,same VA; USA size=8; src=extracted
isysGObjActiveDlLink,0x00141160,0x00141160,func,__text__,same_va,0.85,verified,same VA; USA size=8; src=extracted
cut_gobj_dl_link,0x00141198,0x00104818,func,__text__,fuzzy,1.00,candidate,fuzzy; sz_diff=0; src=extracted
isysGObjRemoveObjDL,0x00141240,0x0026CF30,func,__text__,fuzzy,0.99,candidate,fuzzy; sz_diff=4; src=extracted
add_gobj_to_tailDL,0x00141248,0x0013EE60,func,__text__,op_seq_hash,0.95,verified,struct match; sz_diff=0; src=prologue
add_gobj_to_headDL,0x001413B8,0x00102340,func,__text__,fuzzy,1.00,candidate,fuzzy; sz_diff=0; src=extracted
isysGObjMoveObjDL,0x00141488,0x0013E190,func,__text__,op_seq_hash,0.95,verified,struct match; sz_diff=0; src=prologue
isysGObjMoveObjDLHead,0x001414D0,0x0013E190,func,__text__,op_seq_hash,0.95,verified,struct match; sz_diff=0; src=prologue
isysGObjLinkObjDL,0x00141518,0x0013F130,func,__text__,op_seq_hash,0.95,verified,struct match; sz_diff=0; src=prologue
isysGObjLinkObjDLHead,0x001415B8,0x001009E0,func,__text__,fuzzy,1.00,candidate,fuzzy; sz_diff=0; src=extracted
isysGObjLinkObjDLAfterGObj,0x001415E0,0x00102688,func,__text__,fuzzy,1.00,candidate,fuzzy; sz_diff=0; src=extracted
isysGObjLinkObjDLBeforeGObj,0x00141648,0x00102688,func,__text__,fuzzy,1.00,candidate,fuzzy; sz_diff=0; src=extracted
isysGObjDlInit,0x001416B0,0x0013F2C8,func,__text__,op_seq_hash,0.95,verified,struct match; sz_diff=0; src=prologue
isysGObjMoveObjDLAfterGObj,0x001416F0,0x0013E7F8,func,__text__,op_seq_hash,0.95,verified,struct match; sz_diff=0; src=prologue
isysGObjMoveObjDLBeforeGObj,0x00141760,0x0013E868,func,__text__,op_seq_hash,0.95,verified,struct match; sz_diff=0; src=prologue
isysGObjProcessInit,0x001417D0,,func,__text__,unmatched,0.00,unmatched,no match; PAL size=588; src=extracted
isysGObjProcAdd_,0x001417D8,0x0013F3F0,func,__text__,op_seq_hash,0.95,verified,struct match; sz_diff=0; src=prologue
cut_gobj_process_link,0x00141A20,0x001BC130,func,__text__,fuzzy,0.88,candidate,fuzzy; sz_diff=4; src=extracted
isysGObjProcRemove,0x00141AA0,0x0013F6B8,func,__text__,op_seq_hash,0.95,verified,struct match; sz_diff=0; src=prologue
isysGObjProcessAlloc,0x00141AE8,0x0013F700,func,__text__,op_seq_hash,0.95,verified,struct match; sz_diff=0; src=prologue
isysGObjProcAdd,0x00141B60,0x001D0F68,func,__text__,fuzzy,0.97,candidate,fuzzy; sz_diff=8; src=extracted
isysGObjProcAddS,0x00141B90,0x001D0F68,func,__text__,fuzzy,0.98,candidate,fuzzy; sz_diff=4; src=extracted
isysGObjProcAddGOppArg,0x00141BC0,0x001D0F68,func,__text__,fuzzy,0.97,candidate,fuzzy; sz_diff=8; src=extracted
isysGObjProcPause,0x00141BF0,0x0013F808,func,__text__,raw_sha1,1.00,verified,exact; src=prologue
isysGObjProcPauseAll,0x00141BF8,0x00102644,func,__text__,fuzzy,1.00,candidate,fuzzy; sz_diff=0; src=extracted
isysGObjProcPausePtr,0x00141C30,0x00101B68,func,__text__,fuzzy,1.00,candidate,fuzzy; sz_diff=0; src=extracted
isysGObjProcActive,0x00141C60,0x0013F878,func,__text__,raw_sha1,1.00,verified,exact; src=prologue
isysGObjProcActiveAll,0x00141C70,0x00102644,func,__text__,fuzzy,1.00,candidate,fuzzy; sz_diff=0; src=extracted
isysGObjProcRemoveAll,0x00141CA8,0x0013F8C0,func,__text__,op_seq_hash,0.95,verified,struct match; sz_diff=0; src=prologue
isysGObjProcThreadSleep,0x00141CE0,0x0013F8F8,func,__text__,op_seq_hash,0.95,verified,struct match; sz_diff=0; src=prologue
isysGObjProcAddSGOppArg,0x00141D18,0x00141D18,func,__text__,same_va,0.85,verified,same VA; USA size=220; src=extracted
isysGObjProcActivePtr,0x00141D48,0x00101B68,func,__text__,fuzzy,1.00,candidate,fuzzy; sz_diff=0; src=extracted
free_gobj_process_resource,0x00141D78,0x0013608C,func,__text__,raw_sha1,1.00,verified,exact; src=prologue
isysInitialize,0x00141D80,0x00136D50,func,__text__,fuzzy,0.74,candidate,fuzzy; sz_diff=8; src=extracted
iosOmInit,0x00141D88,0x0013F9A0,func,__text__,op_seq_hash,0.95,verified,struct match; sz_diff=0; src=prologue
_iosOmMain,0x00141DB8,0x0013F9D0,func,__text__,op_seq_hash,0.95,verified,struct match; sz_diff=0; src=prologue
iosOmMain,0x00141FE0,0x001BB23C,func,__text__,fuzzy,0.99,candidate,fuzzy; sz_diff=4; src=extracted
iosOmCreateDL,0x00141FE8,0x0013FC00,func,__text__,op_seq_hash,0.95,verified,struct match; sz_diff=0; src=prologue
iosOmExeEachGObj,0x001420F8,0x0013FD10,func,__text__,op_seq_hash,0.95,verified,struct match; sz_diff=0; src=prologue
iosOmExeEachGObjAll,0x00142160,0x0013FD78,func,__text__,op_seq_hash,0.95,verified,struct match; sz_diff=0; src=prologue
iosOmReturnExeEachGObj,0x00142200,0x0013FE18,func,__text__,op_seq_hash,0.95,verified,struct match; sz_diff=0; src=prologue
iosOmGetGObjStatus,0x00142298,0x0013FEB0,func,__text__,op_seq_hash,0.95,verified,struct match; sz_diff=0; src=prologue
iosOmSearchGObjId,0x001422C8,0x001019A8,func,__text__,fuzzy,1.00,candidate,fuzzy; sz_diff=0; src=extracted
iosOmSearchGObjIdAll,0x00142308,0x001011B0,func,__text__,fuzzy,1.00,candidate,fuzzy; sz_diff=0; src=extracted
iosOmBeforeFuncStandard,0x00142368,0x00100108,func,__text__,raw_sha1,1.00,verified,exact; src=prologue
iosOmSendMail,0x00142370,0x001064B0,func,__text__,fuzzy,1.00,candidate,fuzzy; sz_diff=0; src=extracted
iosOmSendMailLink,0x001423B8,0x00102870,func,__text__,fuzzy,1.00,candidate,fuzzy; sz_diff=0; src=extracted
iosOmExeMail,0x00142430,0x00140048,func,__text__,op_seq_hash,0.95,verified,struct match; sz_diff=0; src=prologue
AdpcmStreamFree,0x00142518,0x0013F9D0,func,__text__,fuzzy,0.76,candidate,fuzzy; sz_diff=20; src=extracted
adpcmTickProc2,0x00142520,0x00140138,func,__text__,op_seq_hash,0.95,verified,struct match; sz_diff=0; src=prologue
adpcmDataSet,0x00142728,0x00140340,func,__text__,op_seq_hash,0.95,verified,struct match; sz_diff=0; src=prologue
AdpcmPlay,0x00142AF8,0x00140710,func,__text__,op_seq_hash,0.95,verified,struct match; sz_diff=0; src=prologue
AdpcmStop,0x00142B28,0x0010184C,func,__text__,fuzzy,0.76,candidate,fuzzy; sz_diff=12; src=extracted
AdpcmOpen,0x00142B30,0x00140748,func,__text__,op_seq_hash,0.95,verified,struct match; sz_diff=0; src=prologue
AdpcmClose,0x00142C70,0x00140888,func,__text__,op_seq_hash,0.95,verified,struct match; sz_diff=0; src=prologue
AdpcmInterStereoVolumeSet,0x00142E08,0x00140A20,func,__text__,op_seq_hash,0.95,verified,struct match; sz_diff=0; src=prologue
AdpcmInterLeaveVolumeSet,0x00142F18,0x00102340,func,__text__,fuzzy,1.00,candidate,fuzzy; sz_diff=0; src=extracted
AdpcmVolumeSet,0x00142F48,0x00100BA8,func,__text__,fuzzy,1.00,candidate,fuzzy; sz_diff=0; src=extracted
adpcmPauseRequest,0x00142F58,0x00102678,func,__text__,op_seq_hash,0.95,verified,struct match; sz_diff=0; src=prologue
AdpcmStreamHeap,0x00142F60,0x00140B78,func,__text__,op_seq_hash,0.95,verified,struct match; sz_diff=0; src=prologue
AdpcmStreamInit,0x00142FC8,0x00140BE0,func,__text__,op_seq_hash,0.95,verified,struct match; sz_diff=0; src=prologue
AdpcmIopBuffAlloc,0x001430C8,0x00140CE0,func,__text__,op_seq_hash,0.95,verified,struct match; sz_diff=0; src=prologue
AdpcmNotUseIopAreaFree,0x00143140,0x00140D58,func,__text__,op_seq_hash,0.95,verified,struct match; sz_diff=0; src=prologue
AdpcmOpenSync,0x00143230,0x00140E48,func,__text__,op_seq_hash,0.95,verified,struct match; sz_diff=0; src=prologue
AdpcmFadeCloseAll,0x001432D0,0x001009A0,func,__text__,fuzzy,1.00,candidate,fuzzy; sz_diff=0; src=extracted
AdpcmUseAreaGet,0x00143308,0x00102644,func,__text__,fuzzy,1.00,candidate,fuzzy; sz_diff=0; src=extracted
AdpcmFreeAreaGet,0x00143340,0x00102644,func,__text__,fuzzy,1.00,candidate,fuzzy; sz_diff=0; src=extracted
AdpcmInterStereoVolumeSetAll,0x00143378,0x00140F90,func,__text__,op_seq_hash,0.95,verified,struct match; sz_diff=0; src=prologue
AdpcmInterLeaveVolumeGet,0x00143408,0x00106750,func,__text__,fuzzy,1.00,candidate,fuzzy; sz_diff=0; src=extracted
AdpcmVolumeGet,0x00143420,0x001010EC,func,__text__,fuzzy,1.00,candidate,fuzzy; sz_diff=0; src=extracted
adpcmTickProc,0x00143430,0x00141048,func,__text__,op_seq_hash,0.95,verified,struct match; sz_diff=0; src=prologue
adpcmDiskNotReady,0x00143510,0x00100108,func,__text__,raw_sha1,1.00,verified,exact; src=prologue
adpcmDiskReturnReady,0x00143518,0x00100108,func,__text__,raw_sha1,1.00,verified,exact; src=prologue
adpcmOpenProc,0x00143520,0x00141138,func,__text__,op_seq_hash,0.95,verified,struct match; sz_diff=0; src=prologue
adpcmOpenDiskNotReady,0x00143548,0x00100108,func,__text__,raw_sha1,1.00,verified,exact; src=prologue
soundInit,0x00143550,0x00141168,func,__text__,op_seq_hash,0.95,verified,struct match; sz_diff=0; src=prologue
soundOutputModeSet,0x001436A0,,func,__text__,unmatched,0.00,unmatched,no match; PAL size=932; src=extracted
soundReverbDepthSet,0x001436B0,0x001412C8,func,__text__,op_seq_hash,0.95,verified,struct match; sz_diff=0; src=prologue
soundAllocIopHeap,0x00143728,0x00141340,func,__text__,op_seq_hash,0.95,verified,struct match; sz_diff=0; src=prologue
soundAllocIopFree,0x00143788,0x001AA750,func,__text__,fuzzy,0.56,candidate,fuzzy; sz_diff=28; src=extracted
soundDataOpenChk,0x00143790,0x001413A8,func,__text__,op_seq_hash,0.95,verified,struct match; sz_diff=0; src=prologue
soundBufAlloc,0x00143A48,0x00141660,func,__text__,op_seq_hash,0.95,verified,struct match; sz_diff=0; src=prologue
soundBufSegFree,0x00143C50,0x00141868,func,__text__,op_seq_hash,0.95,verified,struct match; sz_diff=0; src=prologue
soundBDDataSet,0x00143D68,0x00141980,func,__text__,op_seq_hash,0.95,verified,struct match; sz_diff=0; src=prologue
soundDataOpen,0x00144010,0x00141C28,func,__text__,op_seq_hash,0.95,verified,struct match; sz_diff=0; src=prologue
soundDataOpenSync,0x00144100,0x00141D18,func,__text__,op_seq_hash,0.95,verified,struct match; sz_diff=0; src=prologue
soundDataClose,0x001441E8,0x00141E00,func,__text__,op_seq_hash,0.95,verified,struct match; sz_diff=0; src=prologue
soundDataSegAllClose,0x00144340,0x00141F58,func,__text__,op_seq_hash,0.95,verified,struct match; sz_diff=0; src=prologue
soundSeVolSet,0x001443F0,0x00142008,func,__text__,op_seq_hash,0.95,verified,struct match; sz_diff=0; src=prologue
debug_DispSEInfo,0x001445F0,0x00142208,func,__text__,op_seq_hash,0.95,verified,struct match; sz_diff=0; src=prologue
sound3DParamSet,0x00144C78,0x00142890,func,__text__,op_seq_hash,0.95,verified,struct match; sz_diff=0; src=prologue
_soundSeDefPlay,0x00145048,0x00145048,func,__text__,same_va,0.85,verified,same VA; USA size=224; src=extracted
_soundSeDefStop,0x00145520,0x00143138,func,__text__,op_seq_hash,0.95,verified,struct match; sz_diff=0; src=prologue
soundSeDefStop,0x00145628,0x00104698,func,__text__,fuzzy,1.00,candidate,fuzzy; sz_diff=0; src=extracted
soundSeDefStopNoRelease,0x00145630,0x001085BC,func,__text__,fuzzy,1.00,candidate,fuzzy; sz_diff=0; src=extracted
soundSeDefPitchSet,0x00145638,0x001079DC,func,__text__,fuzzy,1.00,candidate,fuzzy; sz_diff=0; src=extracted
soundSeEnvPlay,0x00145678,0x0013F9D0,func,__text__,fuzzy,0.95,candidate,fuzzy; sz_diff=0; src=extracted
soundSeEnvNotUseClose,0x00145898,0x001434B0,func,__text__,op_seq_hash,0.95,verified,struct match; sz_diff=0; src=prologue
soundDataSegNextStageNotUseClose,0x00145D30,0x0013C5B8,func,__text__,fuzzy,0.74,candidate,fuzzy; sz_diff=4; src=extracted
Ee2Iop,0x00145EB8,0x00143AD0,func,__text__,op_seq_hash,0.95,verified,struct match; sz_diff=0; src=prologue
soundOutputModeGet,0x00145F70,0x00109BAC,func,__text__,op_seq_hash,0.95,verified,struct match; sz_diff=0; src=prologue
soundReverbDepthGet,0x00145F78,0x00109BAC,func,__text__,op_seq_hash,0.95,verified,struct match; sz_diff=0; src=prologue
soundBufAdpcmChAlloc,0x00145F80,0x00143B98,func,__text__,op_seq_hash,0.95,verified,struct match; sz_diff=0; src=prologue
soundBufAdpcmFree,0x00146098,0x00101AE8,func,__text__,fuzzy,1.00,candidate,fuzzy; sz_diff=0; src=extracted
soundDataAreaSearch,0x001460B8,0x00143CD0,func,__text__,op_seq_hash,0.95,verified,struct match; sz_diff=0; src=prologue
soundDataAreaGet,0x00146100,0x00143D18,func,__text__,op_seq_hash,0.95,verified,struct match; sz_diff=0; src=prologue
soundHDDataSet,0x00146248,0x00143E60,func,__text__,op_seq_hash,0.95,verified,struct match; sz_diff=0; src=prologue
soundSQDataSet,0x001463A8,0x00143E60,func,__text__,op_seq_hash,0.95,verified,struct match; sz_diff=0; src=prologue
soundSeDefPlay,0x00146508,0x00144120,func,__text__,op_seq_hash,0.95,verified,struct match; sz_diff=0; src=prologue
soundSeDefPlayWithVolumeRate,0x00146560,0x00144178,func,__text__,op_seq_hash,0.95,verified,struct match; sz_diff=0; src=prologue
soundSeDefVolumeRateGet,0x001465B0,0x001441C8,func,__text__,op_seq_hash,0.95,verified,struct match; sz_diff=0; src=prologue
soundSeDefVolumeRateSet,0x001465F0,0x001009A0,func,__text__,fuzzy,1.00,candidate,fuzzy; sz_diff=0; src=extracted
soundSeGroupStop,0x00146628,0x00144240,func,__text__,op_seq_hash,0.95,verified,struct match; sz_diff=0; src=prologue
soundSeGroupGet,0x001466C8,0x001009E0,func,__text__,fuzzy,1.00,candidate,fuzzy; sz_diff=0; src=extracted
soundSePlayModeStop,0x001466F0,0x00144308,func,__text__,op_seq_hash,0.95,verified,struct match; sz_diff=0; src=prologue
soundReqTickProc,0x00146778,0x00144390,func,__text__,op_seq_hash,0.95,verified,struct match; sz_diff=0; src=prologue
soundVBlank,0x00146888,0x001444A0,func,__text__,op_seq_hash,0.95,verified,struct match; sz_diff=0; src=prologue
soundSeKindBuild,0x001468E8,0x0011D590,func,__text__,fuzzy,1.00,candidate,fuzzy; sz_diff=0; src=extracted
soundSeSemiCommonLoadChk,0x001469A8,0x00109BAC,func,__text__,op_seq_hash,0.95,verified,struct match; sz_diff=0; src=prologue
soundSeEnvDefaultSet,0x001469B0,0x00164070,func,__text__,fuzzy,0.99,candidate,fuzzy; sz_diff=4; src=extracted
debug_req,0x00146AD0,0x001446E8,func,__text__,op_seq_hash,0.95,verified,struct match; sz_diff=0; src=prologue
sndBgmReadyNextStage,0x00146B68,0x00144780,func,__text__,op_seq_hash,0.95,verified,struct match; sz_diff=0; src=prologue
sndInit,0x00146BC8,0x001447E0,func,__text__,op_seq_hash,0.95,verified,struct match; sz_diff=0; src=prologue
sndManager,0x00146C10,0x00144828,func,__text__,op_seq_hash,0.95,verified,struct match; sz_diff=0; src=prologue
ACTGame_SaveActorInformation,0x00146CC0,0x001AE8F0,func,__text__,fuzzy,1.00,candidate,fuzzy; sz_diff=0; src=extracted
ACTGame_DeleteActorInformation,0x00146D10,,func,__text__,unmatched,0.00,unmatched,no match; PAL size=560; src=extracted
EXITDATA_GetNextPosition,0x00146D20,0x00144938,func,__text__,op_seq_hash,0.95,verified,struct match; sz_diff=0; src=prologue
ACTGame_StageChangeGObj,0x00146DF0,0x00144A08,func,__text__,op_seq_hash,0.95,verified,struct match; sz_diff=0; src=prologue
ACTGame_SetActors_Debug,0x00146F40,0x00144B58,func,__text__,op_seq_hash,0.95,verified,struct match; sz_diff=0; src=prologue
ACTGame_TryConnectHand,0x001471D8,,func,__text__,unmatched,0.00,unmatched,no match; PAL size=596; src=extracted
ACTGame_TryDisconnectHand,0x001471F8,,func,__text__,unmatched,0.00,unmatched,no match; PAL size=564; src=extracted
ACTGame_DisconnectHand_WithMail,0x00147218,0x0011FF30,func,__text__,op_seq_hash,0.95,verified,struct match; sz_diff=0; src=prologue
ACTCheckView,0x00147240,0x00144E58,func,__text__,op_seq_hash,0.95,verified,struct match; sz_diff=0; src=prologue
ACTGameView_Loop,0x00147430,0x00145048,func,__text__,op_seq_hash,0.95,verified,struct match; sz_diff=0; src=prologue
ACTGame_LwsEffectProcess,0x001476E8,0x00101B14,func,__text__,fuzzy,1.00,candidate,fuzzy; sz_diff=0; src=extracted
_ACTGame_SearchGObj,0x00147710,0x00145328,func,__text__,op_seq_hash,0.95,verified,struct match; sz_diff=0; src=prologue
ACTLookTarget_Exec,0x001478E0,0x001454F8,func,__text__,op_seq_hash,0.95,verified,struct match; sz_diff=0; src=prologue
ACTParaStatus_Clear,0x00147A20,0x001315A8,func,__text__,fuzzy,0.87,candidate,fuzzy; sz_diff=12; src=extracted
ACTParaStatus_Exec,0x00147A30,0x00110790,func,__text__,fuzzy,1.00,candidate,fuzzy; sz_diff=0; src=prologue
_ACTCharStatus_Clear,0x00147BE8,0x001457A8,func,__text__,op_seq_hash,0.95,verified,struct match; sz_diff=0; src=prologue
GetSkeltonOrient,0x00147D40,0x00145900,func,__text__,op_seq_hash,0.95,verified,struct match; sz_diff=0; src=prologue
ACTGame_InnerVelocityUpdate,0x00147DC8,0x00145988,func,__text__,op_seq_hash,0.95,verified,struct match; sz_diff=0; src=prologue
ACTGame_BeforeFunc,0x00148080,0x00104590,func,__text__,fuzzy,1.00,candidate,fuzzy; sz_diff=0; src=prologue
FunctionAboutClingedStatus,0x00148608,0x00145FB0,func,__text__,op_seq_hash,0.95,verified,struct match; sz_diff=0; src=prologue
ACTEnvGetTest,0x00148878,0x0012F1FC,func,__text__,fuzzy,1.00,candidate,fuzzy; sz_diff=0; src=prologue
ActOrientTest,0x00148D50,,func,__text__,unmatched,0.00,unmatched,no match; PAL size=5776; src=prologue
GetGirlHandlinkClInfo,0x0014A608,0x00147E88,func,__text__,op_seq_hash,0.95,verified,struct match; sz_diff=0; src=prologue
ACTGame_CommonLoop,0x0014AB48,0x001A4E70,func,__text__,fuzzy,0.99,candidate,fuzzy; sz_diff=16; src=prologue
ACTLookTargetSystem_Exec,0x0014BB90,0x001033A0,func,__text__,fuzzy,1.00,candidate,fuzzy; sz_diff=0; src=prologue
ACTItemWatchMotion,0x0014C320,0x00108C98,func,__text__,fuzzy,1.00,candidate,fuzzy; sz_diff=0; src=prologue
ACTGame_InsertCamera_GirlIsPinch,0x0014C640,0x00107DD8,func,__text__,fuzzy,1.00,candidate,fuzzy; sz_diff=0; src=prologue
RequestChangeHandMode,0x0014C8B0,0x00149D60,func,__text__,op_seq_hash,0.95,verified,struct match; sz_diff=0; src=prologue
ACTNotNeedCameraOffset,0x0014C9C0,0x00101B68,func,__text__,fuzzy,1.00,candidate,fuzzy; sz_diff=0; src=extracted
ACTGameCollisionOn,0x0014C9F8,0x001009E0,func,__text__,fuzzy,1.00,candidate,fuzzy; sz_diff=0; src=extracted
ACTGameCollisionOff,0x0014CA20,0x00101B14,func,__text__,fuzzy,1.00,candidate,fuzzy; sz_diff=0; src=extracted
ACTGame_CheckItemMotion,0x0014CA48,0x00101B68,func,__text__,fuzzy,1.00,candidate,fuzzy; sz_diff=0; src=extracted
ACTGame_CheckHandMotion,0x0014CA78,0x00104698,func,__text__,fuzzy,1.00,candidate,fuzzy; sz_diff=0; src=extracted
ACTGame_StageChangeGObjID,0x0014CAC8,0x00149F70,func,__text__,op_seq_hash,0.95,verified,struct match; sz_diff=0; src=prologue
ACTGame_StageChangeGObjDirect,0x0014CB48,0x00149FF0,func,__text__,op_seq_hash,0.95,verified,struct match; sz_diff=0; src=prologue
ACTGame_FLAG_LIFEPINCH,0x0014CC00,0x00101B68,func,__text__,fuzzy,1.00,candidate,fuzzy; sz_diff=0; src=extracted
ACTGame_FLAG_TETSUNAGI,0x0014CC30,0x00106750,func,__text__,fuzzy,1.00,candidate,fuzzy; sz_diff=0; src=extracted
ACTGame_FLAG_TETSUNAGI_VISUAL,0x0014CC58,0x00106750,func,__text__,fuzzy,1.00,candidate,fuzzy; sz_diff=0; src=extracted
GetSkeltonPosition,0x0014CC80,0x0014A100,func,__text__,op_seq_hash,0.95,verified,struct match; sz_diff=0; src=prologue
SetDirectRootPositionWithNodePointLimit,0x0014CCF8,0x0014A178,func,__text__,op_seq_hash,0.95,verified,struct match; sz_diff=0; src=prologue
ACTGameView_Init,0x0014CE30,0x00106750,func,__text__,fuzzy,1.00,candidate,fuzzy; sz_diff=0; src=extracted
ACTCharctrl_Lock,0x0014CE48,0x00102340,func,__text__,fuzzy,1.00,candidate,fuzzy; sz_diff=0; src=extracted
ACTCharctrl_Unlock,0x0014CE90,0x001009E0,func,__text__,fuzzy,1.00,candidate,fuzzy; sz_diff=0; src=extracted
ACTGame_ConnectHand,0x0014CEB8,0x0014A330,func,__text__,op_seq_hash,0.95,verified,struct match; sz_diff=0; src=prologue
ACTGame_DisconnectHand,0x0014CF30,0x0014A3A8,func,__text__,op_seq_hash,0.95,verified,struct match; sz_diff=0; src=prologue
PAIR_GetPosition_BOY,0x0014CFB8,0x001079DC,func,__text__,fuzzy,1.00,candidate,fuzzy; sz_diff=0; src=extracted
PAIR_IsStatus_BOY_PULL,0x0014CFF8,0x001009A0,func,__text__,fuzzy,1.00,candidate,fuzzy; sz_diff=0; src=extracted
PAIR_IsStatus_GIRL_PULL,0x0014D068,0x00105E00,func,__text__,fuzzy,1.00,candidate,fuzzy; sz_diff=0; src=extracted
PAIR_IsStatus_BOY_WAIT,0x0014D0F0,0x00100A08,func,__text__,fuzzy,1.00,candidate,fuzzy; sz_diff=0; src=extracted
PAIR_GetPosition_BOY_DITCH,0x0014D150,0x001079DC,func,__text__,fuzzy,1.00,candidate,fuzzy; sz_diff=0; src=extracted
PAIR_IsStatus_BOY_DITCH,0x0014D190,0x00101030,func,__text__,fuzzy,1.00,candidate,fuzzy; sz_diff=0; src=extracted
ACTGame_isHangChain,0x0014D248,0x00106660,func,__text__,fuzzy,1.00,candidate,fuzzy; sz_diff=0; src=extracted
ACTGame_isWeaponEnableCatchfire,0x0014D290,0x0014A700,func,__text__,op_seq_hash,0.95,verified,struct match; sz_diff=0; src=prologue
ACTCheckCollis_WF,0x0014D2D8,0x0014A748,func,__text__,op_seq_hash,0.95,verified,struct match; sz_diff=0; src=prologue
ACTCheckCollis_W,0x0014D3E0,0x0014A850,func,__text__,op_seq_hash,0.95,verified,struct match; sz_diff=0; src=prologue
ACTCheckCollis_CI,0x0014D510,0x0014A980,func,__text__,op_seq_hash,0.95,verified,struct match; sz_diff=0; src=prologue
ACTCheckCollis_WELL,0x0014D5B8,0x0014AA28,func,__text__,op_seq_hash,0.95,verified,struct match; sz_diff=0; src=prologue
ACTCheckCollis_WAY,0x0014D6C0,0x0014AB30,func,__text__,op_seq_hash,0.95,verified,struct match; sz_diff=0; src=prologue
ACTCheckViewCl,0x0014D808,0x0014AC78,func,__text__,op_seq_hash,0.95,verified,struct match; sz_diff=0; src=prologue
ACTGameView_FirstSet,0x0014D988,0x0014ADF8,func,__text__,op_seq_hash,0.95,verified,struct match; sz_diff=0; src=prologue
ACTGameView_Add,0x0014DA58,0x0014AEC8,func,__text__,op_seq_hash,0.95,verified,struct match; sz_diff=0; src=prologue
ACTGameView_Check,0x0014DB00,0x0014AF70,func,__text__,op_seq_hash,0.95,verified,struct match; sz_diff=0; src=prologue
ACTGameViewSimple_Check,0x0014DB48,0x001D0F68,func,__text__,fuzzy,1.00,candidate,fuzzy; sz_diff=0; src=extracted
ACTGame_GetMotOrientFromWeapon,0x0014DB90,0x0014B000,func,__text__,op_seq_hash,0.95,verified,struct match; sz_diff=0; src=prologue
ACTGame_NoWeapon,0x0014DBD8,0x0014B048,func,__text__,op_seq_hash,0.95,verified,struct match; sz_diff=0; src=prologue
ACTGame_isWeaponCombustible,0x0014DC20,0x0014B090,func,__text__,op_seq_hash,0.95,verified,struct match; sz_diff=0; src=prologue
ACTGame_GetNearestGObj,0x0014DC48,0x0014B0B8,func,__text__,op_seq_hash,0.95,verified,struct match; sz_diff=0; src=prologue
ACTLookTarget_Init,0x0014DCE0,0x00106750,func,__text__,fuzzy,1.00,candidate,fuzzy; sz_diff=0; src=extracted
_ACTLookTarget_Set,0x0014DCF8,0x0013D0D0,func,__text__,fuzzy,1.00,candidate,fuzzy; sz_diff=0; src=extracted
ACTParaStatus_Init,0x0014DD60,0x00104698,func,__text__,fuzzy,1.00,candidate,fuzzy; sz_diff=0; src=prologue
_ACTParaStatus_Set,0x0014DDB8,0x001009E0,func,__text__,fuzzy,1.00,candidate,fuzzy; sz_diff=0; src=extracted
_ACTParaStatus_Check,0x0014DDE0,0x00106750,func,__text__,fuzzy,1.00,candidate,fuzzy; sz_diff=0; src=extracted
_ACTCharStatus_Init,0x0014DDF8,0x00104E5C,func,__text__,fuzzy,1.00,candidate,fuzzy; sz_diff=0; src=extracted
_ACTCharStatus_Set,0x0014DE08,0x00102340,func,__text__,fuzzy,1.00,candidate,fuzzy; sz_diff=0; src=extracted
_ACTCharStatus_Check,0x0014DE88,0x001064B0,func,__text__,fuzzy,1.00,candidate,fuzzy; sz_diff=0; src=extracted
_ACTCharStatus_Exec,0x0014DEA8,0x00100108,func,__text__,raw_sha1,1.00,verified,exact; src=prologue
_ACTSetEnemyDisappearSpeed,0x0014DEB0,0x00104E5C,func,__text__,fuzzy,1.00,candidate,fuzzy; sz_diff=0; src=extracted
ACTGame_SetMotionPlaySpeedRatio_Reserve,0x0014DEC0,0x001009E0,func,__text__,fuzzy,1.00,candidate,fuzzy; sz_diff=0; src=extracted
_ACTGame_GetParamF,0x0014DEE8,0x0013B748,func,__text__,op_seq_hash,0.95,verified,struct match; sz_diff=0; src=prologue
ACTGame_GetCurrentCallStatus,0x0014DF00,0x00106750,func,__text__,fuzzy,1.00,candidate,fuzzy; sz_diff=0; src=extracted
ACTGame_CheckPriInputFrame,0x0014DFC8,0x0014DFC8,func,__text__,same_va,0.85,verified,same VA; USA size=348; src=extracted
ACTGame_SendSoundMail,0x0014E060,0x0014B4C8,func,__text__,op_seq_hash,0.95,verified,struct match; sz_diff=0; src=prologue
ACTGame_LwsEffectInit,0x0014E118,0x0014B580,func,__text__,op_seq_hash,0.95,verified,struct match; sz_diff=0; src=prologue
ACTGame_LwsEffect_Guard,0x0014E150,0x0014B5B8,func,__text__,op_seq_hash,0.95,verified,struct match; sz_diff=0; src=prologue
ActGame_GetOrientQ,0x0014E1F8,0x0014B660,func,__text__,op_seq_hash,0.95,verified,struct match; sz_diff=0; src=prologue
_GetRootObjectOrient,0x0014E2A0,0x0014B708,func,__text__,op_seq_hash,0.95,verified,struct match; sz_diff=0; src=prologue
ACTItemForceDrop,0x0014E300,0x0014B768,func,__text__,op_seq_hash,0.95,verified,struct match; sz_diff=0; src=prologue
GetOtherStageGirlOrient,0x0014E340,0x0014B7A8,func,__text__,op_seq_hash,0.95,verified,struct match; sz_diff=0; src=prologue
ACTChkAttackIgnore_BOY,0x0014E398,0x00251CF8,func,__text__,fuzzy,1.00,candidate,fuzzy; sz_diff=0; src=extracted
ACTChkAttackIgnore_GIRL,0x0014E3E8,0x00101B14,func,__text__,fuzzy,1.00,candidate,fuzzy; sz_diff=0; src=extracted
ACTChkAttackIgnore_ENEMY,0x0014E430,0x00103AD0,func,__text__,fuzzy,1.00,candidate,fuzzy; sz_diff=0; src=extracted
ACTCheckCollis_VIEW,0x0014E4E0,0x0014B870,func,__text__,op_seq_hash,0.95,verified,struct match; sz_diff=0; src=prologue
ACTCheckViewClDetail,0x0014E5E0,0x0014B970,func,__text__,op_seq_hash,0.95,verified,struct match; sz_diff=0; src=prologue
ACTGame_SetMotionPlaySpeedRatio_Clear,0x0014E770,0x00101AE8,func,__text__,fuzzy,1.00,candidate,fuzzy; sz_diff=0; src=extracted
ACTGame_SetMotionPlaySpeedRatio_Exec,0x0014E790,0x0014BB20,func,__text__,op_seq_hash,0.95,verified,struct match; sz_diff=0; src=prologue
GetGirlPositionAtThisStage,0x0014E860,0x0014BBF0,func,__text__,op_seq_hash,0.95,verified,struct match; sz_diff=0; src=prologue
ActPara_MakeTbl,0x0014E8A0,0x00101ED0,func,__text__,fuzzy,1.00,candidate,fuzzy; sz_diff=0; src=prologue
ActPara_InitSystem,0x0014E9F8,0x0014BD88,func,__text__,op_seq_hash,0.95,verified,struct match; sz_diff=0; src=prologue
ActPara_GetDefTbl,0x0014EA38,0x0014BDC8,func,__text__,op_seq_hash,0.95,verified,struct match; sz_diff=0; src=prologue
ActPara_StatusToFlag,0x0014EA48,0x0014BDD8,func,__text__,raw_sha1,1.00,verified,exact; src=prologue
ActPara_DebugOut,0x0014EA60,0x00100108,func,__text__,raw_sha1,1.00,verified,exact; src=prologue
ACTGetWish_FromPad,0x0014EA68,0x00129AE4,func,__text__,fuzzy,1.00,candidate,fuzzy; sz_diff=0; src=prologue
findChainInJump,0x0014FD50,0x0014CEE8,func,__text__,op_seq_hash,0.95,verified,struct match; sz_diff=0; src=prologue
CorrectOrient_RopeCliff,0x00150530,0x0014D6B0,func,__text__,op_seq_hash,0.95,verified,struct match; sz_diff=0; src=prologue
motBoyHand50,0x001506E8,0x0014D868,func,__text__,op_seq_hash,0.95,verified,struct match; sz_diff=0; src=prologue
motBoyHand100,0x001507F8,0x0014D978,func,__text__,op_seq_hash,0.95,verified,struct match; sz_diff=0; src=prologue
motBoyHand200,0x00150AA8,0x0014DC28,func,__text__,op_seq_hash,0.95,verified,struct match; sz_diff=0; src=prologue
handoff_heroin,0x00150D98,0x00143AD0,func,__text__,fuzzy,1.00,candidate,fuzzy; sz_diff=0; src=prologue
CheckCollisionAttr,0x00151178,0x0014E300,func,__text__,op_seq_hash,0.95,verified,struct match; sz_diff=0; src=prologue
BoyBgaManager,0x00151478,0x0014E5E8,func,__text__,op_seq_hash,0.95,verified,struct match; sz_diff=0; src=prologue
E3_StageStartBoy,0x00151598,0x0014E708,func,__text__,op_seq_hash,0.95,verified,struct match; sz_diff=0; src=prologue
GetChainSlope,0x001516D0,0x0014E840,func,__text__,op_seq_hash,0.95,verified,struct match; sz_diff=0; src=prologue
subBoyControl,0x00151908,0x0014EA30,func,__text__,op_seq_hash,0.95,verified,struct match; sz_diff=0; src=prologue
InitSwapWeapon,0x00153180,0x001501A0,func,__text__,op_seq_hash,0.95,verified,struct match; sz_diff=0; src=prologue
PutWeapon,0x001532B8,0x00104478,func,__text__,fuzzy,1.00,candidate,fuzzy; sz_diff=0; src=prologue
OtherStageGirlPinchCamera_After,0x00153348,0x0011FC28,func,__text__,fuzzy,1.00,candidate,fuzzy; sz_diff=0; src=prologue
ACTDispLwsBoyStonize_InQueenStage,0x00153530,0x001504D8,func,__text__,op_seq_hash,0.95,verified,struct match; sz_diff=0; src=prologue
PrivInsCamProcess,0x001535C0,0x001112E0,func,__text__,fuzzy,1.00,candidate,fuzzy; sz_diff=0; src=prologue
subBoyCollision,0x001537B0,0x00104240,func,__text__,fuzzy,1.00,candidate,fuzzy; sz_diff=0; src=prologue
actBoySwim,0x00154B58,0x00171BC8,func,__text__,fuzzy,1.00,candidate,fuzzy; sz_diff=0; src=prologue
actBoyWalk,0x00154DD0,0x00151868,func,__text__,op_seq_hash,0.95,verified,struct match; sz_diff=0; src=prologue
actBoyRun,0x00154F40,0x00151868,func,__text__,op_seq_hash,0.95,verified,struct match; sz_diff=0; src=prologue
actBoyAttack,0x001550B0,0x001034B8,func,__text__,fuzzy,1.00,candidate,fuzzy; sz_diff=0; src=prologue
actBoyTakeWeaponReady,0x001552E8,0x00151D78,func,__text__,op_seq_hash,0.95,verified,struct match; sz_diff=0; src=prologue
actBoyTakeWeapon,0x00155470,0x00151F00,func,__text__,op_seq_hash,0.95,verified,struct match; sz_diff=0; src=prologue
actBoyCliffHesitate,0x00155658,0x00104240,func,__text__,fuzzy,1.00,candidate,fuzzy; sz_diff=0; src=prologue
ACTSendMail_PULLUP_GO,0x00155770,0x00107CA0,func,__text__,fuzzy,1.00,candidate,fuzzy; sz_diff=0; src=prologue
pullup_check_heroin_position,0x00155900,0x001026F0,func,__text__,fuzzy,1.00,candidate,fuzzy; sz_diff=0; src=prologue
ditch_check_heroin_position,0x00155AB8,0x001520E8,func,__text__,op_seq_hash,0.95,verified,struct match; sz_diff=0; src=prologue
actBoyPullupReady,0x00155BA8,0x001088FC,func,__text__,fuzzy,1.00,candidate,fuzzy; sz_diff=0; src=prologue
actBoyPullupGo,0x00155E58,0x00152508,func,__text__,op_seq_hash,0.95,verified,struct match; sz_diff=0; src=prologue
actBoyBelift,0x00155FF0,0x001526A0,func,__text__,op_seq_hash,0.95,verified,struct match; sz_diff=0; src=prologue
actBoyReadyMove,0x001563C0,0x001260F0,func,__text__,fuzzy,1.00,candidate,fuzzy; sz_diff=0; src=prologue
actBoyRescueReady,0x00156580,0x00152A70,func,__text__,op_seq_hash,0.95,verified,struct match; sz_diff=0; src=prologue
actBoyDitch3mReady,0x00156A28,0x00101ED0,func,__text__,fuzzy,1.00,candidate,fuzzy; sz_diff=0; src=prologue
actBoyRescueGirlBhang,0x00156FD8,0x00150F9C,func,__text__,fuzzy,1.00,candidate,fuzzy; sz_diff=0; src=prologue
SetStatusBoy_OtherStageGirlPinch,0x00157228,0x00153318,func,__text__,op_seq_hash,0.95,verified,struct match; sz_diff=0; src=prologue
actBoyStart,0x00157388,0x00153478,func,__text__,op_seq_hash,0.95,verified,struct match; sz_diff=0; src=prologue
CorrectStickInfo,0x001577D0,0x001538C0,func,__text__,op_seq_hash,0.95,verified,struct match; sz_diff=0; src=prologue
GetBoyWeaponGObj,0x00157808,0x00100BA8,func,__text__,fuzzy,1.00,candidate,fuzzy; sz_diff=0; src=extracted
actBoyStand,0x00157828,0x00153918,func,__text__,op_seq_hash,0.95,verified,struct match; sz_diff=0; src=prologue
actBoyHang,0x00157890,0x00153980,func,__text__,op_seq_hash,0.95,verified,struct match; sz_diff=0; src=prologue
actBoyBHang,0x001578C8,0x00153980,func,__text__,op_seq_hash,0.95,verified,struct match; sz_diff=0; src=prologue
actBoyFall,0x00157900,0x001539F0,func,__text__,op_seq_hash,0.95,verified,struct match; sz_diff=0; src=prologue
actBoyCall,0x00157940,0x00153A30,func,__text__,op_seq_hash,0.95,verified,struct match; sz_diff=0; src=prologue
actBoyHangBefore,0x001579B8,0x00153BE0,func,__text__,op_seq_hash,0.95,verified,struct match; sz_diff=0; src=prologue
actBoyBeslam,0x00157A68,0x00153DA0,func,__text__,op_seq_hash,0.95,verified,struct match; sz_diff=0; src=prologue
actBoyRescueSrc,0x00157AC0,0x00153AA8,func,__text__,op_seq_hash,0.95,verified,struct match; sz_diff=0; src=prologue
actBoySupportGBBegin,0x00157AF0,0x00153E28,func,__text__,op_seq_hash,0.95,verified,struct match; sz_diff=0; src=prologue
actBoySupportGBLoop,0x00157B30,0x00153E68,func,__text__,op_seq_hash,0.95,verified,struct match; sz_diff=0; src=prologue
actBoySupportGBEnd,0x00157B8C,0x0010184C,func,__text__,fuzzy,0.90,candidate,fuzzy; sz_diff=32; src=extracted
actBoySupportBGBegin,0x00157BD0,0x00153AA8,func,__text__,op_seq_hash,0.95,verified,struct match; sz_diff=0; src=prologue
actBoyDitch3mExec,0x00157C00,0x00153AA8,func,__text__,op_seq_hash,0.95,verified,struct match; sz_diff=0; src=prologue
actBoyHangG3M,0x00157C30,0x001009A0,func,__text__,fuzzy,1.00,candidate,fuzzy; sz_diff=0; src=prologue
IsAbleBoyControl,0x00157CB8,0x0014AF9C,func,__text__,op_seq_hash,0.95,verified,struct match; sz_diff=0; src=prologue
actBoyHand50,0x00157CC0,0x00153FF0,func,__text__,op_seq_hash,0.95,verified,struct match; sz_diff=0; src=prologue
afterBoyHand50,0x00157D40,0x00154070,func,__text__,op_seq_hash,0.95,verified,struct match; sz_diff=0; src=prologue
actBoyHand100,0x00157D78,0x00153FF0,func,__text__,op_seq_hash,0.95,verified,struct match; sz_diff=0; src=prologue
afterBoyHand100,0x00157DF8,0x00154070,func,__text__,op_seq_hash,0.95,verified,struct match; sz_diff=0; src=prologue
actBoyHand200,0x00157E30,0x00153FF0,func,__text__,op_seq_hash,0.95,verified,struct match; sz_diff=0; src=prologue
afterBoyHand200,0x00157EB0,0x00154070,func,__text__,op_seq_hash,0.95,verified,struct match; sz_diff=0; src=prologue
ACTSearchEnemy,0x00157EE8,0x00154218,func,__text__,op_seq_hash,0.95,verified,struct match; sz_diff=0; src=prologue
DeleteBoyWeapon,0x00158060,0x00154390,func,__text__,op_seq_hash,0.95,verified,struct match; sz_diff=0; src=prologue
isLiftBoyEnable,0x001580F0,0x00101B14,func,__text__,fuzzy,1.00,candidate,fuzzy; sz_diff=0; src=extracted
SetKidnapInfo,0x00158118,0x001010EC,func,__text__,fuzzy,1.00,candidate,fuzzy; sz_diff=0; src=prologue
GetKidnapInfo,0x00158130,0x00106750,func,__text__,fuzzy,1.00,candidate,fuzzy; sz_diff=0; src=prologue
PrivInsCamSet,0x00158150,0x001029E4,func,__text__,fuzzy,1.00,candidate,fuzzy; sz_diff=0; src=extracted
BoyInfoUpdate_StageChange,0x001581B0,0x00154448,func,__text__,op_seq_hash,0.95,verified,struct match; sz_diff=0; src=prologue
IsBoyStatus_EnemyMustWait,0x00158288,0x00154520,func,__text__,op_seq_hash,0.95,verified,struct match; sz_diff=0; src=prologue
IsGirlEscortedInNextStage,0x00158340,0x001545D8,func,__text__,op_seq_hash,0.95,verified,struct match; sz_diff=0; src=prologue
IsGirlEscortedInCurrentStage,0x00158358,0x0014AF9C,func,__text__,op_seq_hash,0.95,verified,struct match; sz_diff=0; src=prologue
GetSaveSofaLayoutID,0x00158360,0x001085BC,func,__text__,fuzzy,1.00,candidate,fuzzy; sz_diff=0; src=extracted
OnGirlEscortFlag,0x001583B0,0x00154648,func,__text__,op_seq_hash,0.95,verified,struct match; sz_diff=0; src=prologue
SetBoyWeaponGObj,0x001583D0,0x001029E4,func,__text__,fuzzy,1.00,candidate,fuzzy; sz_diff=0; src=prologue
IsBoyStatus_NotDanger,0x00158438,0x00101B68,func,__text__,fuzzy,1.00,candidate,fuzzy; sz_diff=0; src=extracted
RequestStageChangeKidnapEnd,0x00158478,0x001546C0,func,__text__,op_seq_hash,0.95,verified,struct match; sz_diff=0; src=prologue
GetEfStageCameraTargetID,0x00158528,0x00154770,func,__text__,op_seq_hash,0.95,verified,struct match; sz_diff=0; src=prologue
IsBackFromEfStage,0x00158548,0x001010EC,func,__text__,fuzzy,1.00,candidate,fuzzy; sz_diff=0; src=extracted
PrivInsCamChk,0x00158558,0x0018CEF0,func,__text__,op_seq_hash,0.95,verified,struct match; sz_diff=0; src=prologue
PrivInsCamChk_Control,0x00158568,0x00158568,func,__text__,same_va,0.85,verified,same VA; USA size=8; src=extracted
GetBufpCharacterPacket,0x00158578,0x0014BDC8,func,__text__,op_seq_hash,0.95,verified,struct match; sz_diff=0; src=prologue
GetsizeCharacterPacket,0x00158588,0x0026C35C,func,__text__,raw_sha1,1.00,verified,exact; src=prologue
MakeCharacterPacket,0x00158590,0x00106570,func,__text__,fuzzy,1.00,candidate,fuzzy; sz_diff=0; src=prologue
ReadCharacterPacket,0x001586D8,0x001548F0,func,__text__,op_seq_hash,0.95,verified,struct match; sz_diff=0; src=prologue
ACTSearchGObj,0x001587A0,0x001549B8,func,__text__,op_seq_hash,0.95,verified,struct match; sz_diff=0; src=prologue
afterBoySwim,0x00158908,0x00154B20,func,__text__,op_seq_hash,0.95,verified,struct match; sz_diff=0; src=prologue
actBoyJump,0x00158978,0x00153AA8,func,__text__,op_seq_hash,0.95,verified,struct match; sz_diff=0; src=prologue
afterBoyTakeWeapon,0x001589A8,0x00103C48,func,__text__,fuzzy,1.00,candidate,fuzzy; sz_diff=0; src=prologue
afterBoyHangG3M,0x00158AB0,0x00154CB8,func,__text__,raw_sha1,1.00,verified,exact; src=prologue
afterBoyRescueGirlBhang,0x00158AC0,0x00176198,func,__text__,op_seq_hash,0.95,verified,struct match; sz_diff=0; src=prologue
subBoyBrainMain,0x00158AE0,0x00154CC8,func,__text__,op_seq_hash,0.95,verified,struct match; sz_diff=0; src=prologue
SetBoyInfo,0x00158B00,0x001019A8,func,__text__,fuzzy,1.00,candidate,fuzzy; sz_diff=0; src=extracted
GetBoyRootPositionForCamera,0x00158B38,0x00154D20,func,__text__,op_seq_hash,0.95,verified,struct match; sz_diff=0; src=prologue
Boy_Init,0x00158BE8,0x00154DD0,func,__text__,op_seq_hash,0.95,verified,struct match; sz_diff=0; src=prologue
ACTSetPositionWithFitting,0x00158C88,,func,__text__,unmatched,0.00,unmatched,no match; PAL size=744; src=extracted
ACTSetPositionNoFitting,0x00158C90,,func,__text__,unmatched,0.00,unmatched,no match; PAL size=736; src=extracted
ACTSetPositionNodeWithFitting,0x00158C98,,func,__text__,unmatched,0.00,unmatched,no match; PAL size=728; src=extracted
ChangeMailInLadder,0x00158CA0,0x0011D590,func,__text__,fuzzy,1.00,candidate,fuzzy; sz_diff=0; src=prologue
_ACTCorrectMsg,0x00158F70,0x001550C0,func,__text__,op_seq_hash,0.95,verified,struct match; sz_diff=0; src=prologue
ACTGetOrientFromIntrK,0x00159AA0,0x001336C0,func,__text__,fuzzy,1.00,candidate,fuzzy; sz_diff=4; src=prologue
ACTRunIntrCorrect,0x0015A1C8,0x0012056C,func,__text__,fuzzy,1.00,candidate,fuzzy; sz_diff=0; src=prologue
WithMailFunc_WayBeginPosError,0x0015A440,0x00104698,func,__text__,fuzzy,1.00,candidate,fuzzy; sz_diff=0; src=extracted
WithMailFunc_AttackFail,0x0015A448,0x001085BC,func,__text__,fuzzy,1.00,candidate,fuzzy; sz_diff=0; src=extracted
WithMailFunc_AttackRejectInQueen,0x0015A490,0x001564D0,func,__text__,op_seq_hash,0.95,verified,struct match; sz_diff=0; src=prologue
GetCorrectOrientOfChain,0x0015A518,0x00156558,func,__text__,op_seq_hash,0.95,verified,struct match; sz_diff=0; src=prologue
CollisCheckInRope,0x0015A648,0x00156688,func,__text__,op_seq_hash,0.95,verified,struct match; sz_diff=0; src=prologue
actCommonRope,0x0015A800,0x00152A70,func,__text__,op_seq_hash,0.95,verified,struct match; sz_diff=0; src=prologue
motCommonRopeTurnR,0x0015AB68,0x00156BA0,func,__text__,op_seq_hash,0.95,verified,struct match; sz_diff=0; src=prologue
motCommonRopeTurnL,0x0015ACB8,0x00156BA0,func,__text__,op_seq_hash,0.95,verified,struct match; sz_diff=0; src=prologue
actCommonRopeClimbEnd1,0x0015AE08,0x00137C44,func,__text__,fuzzy,1.00,candidate,fuzzy; sz_diff=0; src=prologue
actCommonRopeCliff,0x0015B1C8,0x00152A70,func,__text__,op_seq_hash,0.95,verified,struct match; sz_diff=0; src=prologue
TestCageUpDown,0x0015B398,0x0014EB28,func,__text__,fuzzy,1.00,candidate,fuzzy; sz_diff=0; src=prologue
actCommonRopeSpecial,0x0015B8F8,0x00113C9C,func,__text__,fuzzy,1.00,candidate,fuzzy; sz_diff=0; src=prologue
lever_nego1,0x0015BD00,0x001BA668,func,__text__,fuzzy,0.93,candidate,fuzzy; sz_diff=4; src=extracted
SetDirectRootPositionXZ,0x0015BD48,0x00157BF8,func,__text__,op_seq_hash,0.95,verified,struct match; sz_diff=0; src=prologue
actCommonLever,0x0015BD88,,func,__text__,unmatched,0.00,unmatched,no match; PAL size=476; src=extracted
EBRAIN_SEND_MES,0x0015BF40,0x00260C80,func,__text__,fuzzy,0.98,candidate,fuzzy; sz_diff=4; src=extracted
DamageFunc,0x0015BF68,0x00157DC8,func,__text__,op_seq_hash,0.95,verified,struct match; sz_diff=0; src=prologue
DownFunc,0x0015C008,0x00157E68,func,__text__,op_seq_hash,0.95,verified,struct match; sz_diff=0; src=prologue
actCommonDown,0x0015C050,0x001019E0,func,__text__,fuzzy,1.00,candidate,fuzzy; sz_diff=0; src=prologue
actCommonDie,0x0015C198,0x00157FA0,func,__text__,op_seq_hash,0.95,verified,struct match; sz_diff=0; src=prologue
actCommonCling,0x0015C6D0,0x001584D8,func,__text__,op_seq_hash,0.95,verified,struct match; sz_diff=0; src=prologue
actCommonSlip,0x0015C768,0x00158570,func,__text__,op_seq_hash,0.95,verified,struct match; sz_diff=0; src=prologue
actCommonStoneDead,0x0015C888,0x00158690,func,__text__,op_seq_hash,0.95,verified,struct match; sz_diff=0; src=prologue
actCommonStone,0x0015C968,0x0012A318,func,__text__,fuzzy,1.00,candidate,fuzzy; sz_diff=0; src=prologue
actCommonSofa,0x0015CAE8,0x00146014,func,__text__,fuzzy,1.00,candidate,fuzzy; sz_diff=0; src=prologue
BoxBarSoundOn,0x0015CC28,0x0015CC28,func,__text__,same_va,0.85,verified,same VA; USA size=328; src=extracted
BoxBarSoundOff,0x0015CC60,0x00101B14,func,__text__,fuzzy,1.00,candidate,fuzzy; sz_diff=0; src=extracted
_boxbar_set_sound,0x0015CC98,0x00158960,func,__text__,op_seq_hash,0.95,verified,struct match; sz_diff=0; src=prologue
actCommonBox,0x0015CD88,0x0010B0D8,func,__text__,fuzzy,1.00,candidate,fuzzy; sz_diff=0; src=prologue
actCommonBar,0x0015D278,0x00158F10,func,__text__,op_seq_hash,0.95,verified,struct match; sz_diff=0; src=prologue
funcCommonJumpDircorrect,0x0015D588,,func,__text__,unmatched,0.00,unmatched,no match; PAL size=652; src=extracted
funcCommonFallDircorrect,0x0015D598,,func,__text__,unmatched,0.00,unmatched,no match; PAL size=636; src=extracted
correctJumpOrientByChain,0x0015D5A8,0x00159240,func,__text__,op_seq_hash,0.95,verified,struct match; sz_diff=0; src=prologue
actCommonJump,0x0015D818,0x001114D0,func,__text__,fuzzy,1.00,candidate,fuzzy; sz_diff=0; src=prologue
actCommonFall,0x0015DAA0,,func,__text__,unmatched,0.00,unmatched,no match; PAL size=2276; src=extracted
debugDispFlyLimit,0x0015E240,0x00159AF0,func,__text__,op_seq_hash,0.95,verified,struct match; sz_diff=0; src=prologue
debugDispSphere,0x0015E388,0x00159C38,func,__text__,op_seq_hash,0.95,verified,struct match; sz_diff=0; src=prologue
flyCoreLoop,0x0015E928,0x0015E928,func,__text__,same_va,0.85,verified,same VA; USA size=120; src=prologue
actCommonFly,0x0015F6A0,0x0015F6A0,func,__text__,same_va,0.85,verified,same VA; USA size=8; src=prologue
actCommonLadder,0x0015F7A0,0x0015AEC8,func,__text__,op_seq_hash,0.95,verified,struct match; sz_diff=0; src=prologue
actCommonEdgeHang,0x0015FD98,0x0015B4B8,func,__text__,op_seq_hash,0.95,verified,struct match; sz_diff=0; src=prologue
funcCommonBeginReady,0x0015FF00,0x0015B620,func,__text__,op_seq_hash,0.95,verified,struct match; sz_diff=0; src=prologue
funcCommonEndReady,0x0015FF58,0x0015B620,func,__text__,op_seq_hash,0.95,verified,struct match; sz_diff=0; src=prologue
funcCommonEndExec,0x0015FFB0,0x0015B620,func,__text__,op_seq_hash,0.95,verified,struct match; sz_diff=0; src=prologue
funcCommonError,0x00160008,0x0015B620,func,__text__,op_seq_hash,0.95,verified,struct match; sz_diff=0; src=prologue
SetMotionDirectionSmooze,0x00160060,0x00101030,func,__text__,fuzzy,1.00,candidate,fuzzy; sz_diff=0; src=prologue
_ACTDebugPrint,0x001602B0,0x00233274,func,__text__,fuzzy,1.00,candidate,fuzzy; sz_diff=0; src=prologue
ACTSendMailCorrect,0x001605A0,0x00176DE0,func,__text__,fuzzy,0.63,candidate,fuzzy; sz_diff=80; src=extracted
_ACTCommonMailTest,0x00160630,0x001413A8,func,__text__,fuzzy,1.00,candidate,fuzzy; sz_diff=0; src=prologue
E3_LeverCheck,0x00160A68,0x0015C130,func,__text__,op_seq_hash,0.95,verified,struct match; sz_diff=0; src=prologue
actCommonBecarry,0x00160B28,0x00103B48,func,__text__,fuzzy,1.00,candidate,fuzzy; sz_diff=0; src=prologue
subCommonIdle,0x00160E28,0x0015C7C8,func,__text__,op_seq_hash,0.95,verified,struct match; sz_diff=0; src=prologue
ContinueCorrectPosition,0x001613C8,0x0015CD70,func,__text__,op_seq_hash,0.95,verified,struct match; sz_diff=0; src=prologue
actCommonTurn,0x00161510,0x0015CEB8,func,__text__,op_seq_hash,0.95,verified,struct match; sz_diff=0; src=prologue
actCommonBackhand,0x00161708,0x0015D0B0,func,__text__,op_seq_hash,0.95,verified,struct match; sz_diff=0; src=prologue
actCommonSlowrun,0x00161850,0x00107CA0,func,__text__,fuzzy,1.00,candidate,fuzzy; sz_diff=0; src=prologue
actCommonTruckLever,0x00161980,0x00131ED8,func,__text__,fuzzy,1.00,candidate,fuzzy; sz_diff=0; src=prologue
ACT_LAYOUT_GAMEOVER,0x00161AC0,0x001064B0,func,__text__,fuzzy,1.00,candidate,fuzzy; sz_diff=0; src=extracted
ACTAdjustPlane,0x00161AE0,0x0015D348,func,__text__,op_seq_hash,0.95,verified,struct match; sz_diff=0; src=prologue
ACTAcceptMail,0x00161AF0,0x00104698,func,__text__,fuzzy,1.00,candidate,fuzzy; sz_diff=0; src=prologue
_ACTMotDirSmzDirect,0x00161B48,0x00102418,func,__text__,fuzzy,1.00,candidate,fuzzy; sz_diff=0; src=prologue
WithMailFunc_Idling,0x00161BE8,0x001B7954,func,__text__,fuzzy,1.00,candidate,fuzzy; sz_diff=0; src=extracted
WithMailFunc_BossDamaged,0x00161C98,0x001683A8,func,__text__,fuzzy,0.95,candidate,fuzzy; sz_diff=0; src=extracted
WithMailFunc_FallDead,0x00161CB0,0x0015D488,func,__text__,op_seq_hash,0.95,verified,struct match; sz_diff=0; src=prologue
actCommonRevive,0x00161D48,0x0015D520,func,__text__,op_seq_hash,0.95,verified,struct match; sz_diff=0; src=prologue
actCommonReviveAir,0x00161DC8,0x0015D5A0,func,__text__,op_seq_hash,0.95,verified,struct match; sz_diff=0; src=prologue
actCommonPlay,0x00161E18,0x0015D5F0,func,__text__,op_seq_hash,0.95,verified,struct match; sz_diff=0; src=prologue
actCommonOne,0x00161E48,0x0015D620,func,__text__,op_seq_hash,0.95,verified,struct match; sz_diff=0; src=prologue
actCommonDelete,0x00161ED8,0x0015D6B0,func,__text__,op_seq_hash,0.95,verified,struct match; sz_diff=0; src=prologue
actCommonCatchFire,0x00161EF8,0x0015D7E8,func,__text__,op_seq_hash,0.95,verified,struct match; sz_diff=0; src=prologue
actCommonCatchFireBomb,0x00161F70,0x0015D7E8,func,__text__,op_seq_hash,0.95,verified,struct match; sz_diff=0; src=prologue
actCommonPutFire,0x00161FE8,0x0015D7E8,func,__text__,op_seq_hash,0.95,verified,struct match; sz_diff=0; src=prologue
actCommonBoxReverbe,0x00162060,0x0015D950,func,__text__,op_seq_hash,0.95,verified,struct match; sz_diff=0; src=prologue
actCommonItem,0x00162098,0x00153AA8,func,__text__,op_seq_hash,0.95,verified,struct match; sz_diff=0; src=prologue
actCommonClimb,0x001620C8,0x0015D988,func,__text__,op_seq_hash,0.95,verified,struct match; sz_diff=0; src=prologue
actCommonCliffdown,0x00162110,0x0015D9D0,func,__text__,op_seq_hash,0.95,verified,struct match; sz_diff=0; src=prologue
actCommonLadderBellow,0x00162160,0x0015DA20,func,__text__,op_seq_hash,0.95,verified,struct match; sz_diff=0; src=prologue
actCommonLadderBellowHang,0x00162298,0x0015DB58,func,__text__,op_seq_hash,0.95,verified,struct match; sz_diff=0; src=prologue
actCommonEdge,0x001622F0,0x0015DBB0,func,__text__,op_seq_hash,0.95,verified,struct match; sz_diff=0; src=prologue
actCommonDodge,0x00162350,0x0015DC10,func,__text__,op_seq_hash,0.95,verified,struct match; sz_diff=0; src=prologue
actCommonDodgeJump,0x00162428,0x0015DCE8,func,__text__,op_seq_hash,0.95,verified,struct match; sz_diff=0; src=prologue
actCommonGuard,0x001624B8,0x0015DD78,func,__text__,op_seq_hash,0.95,verified,struct match; sz_diff=0; src=prologue
actCommonFallDamage,0x00162578,0x0015DE38,func,__text__,op_seq_hash,0.95,verified,struct match; sz_diff=0; src=prologue
actCommonDamage,0x001625F0,0x0015DEB0,func,__text__,op_seq_hash,0.95,verified,struct match; sz_diff=0; src=prologue
actCommonShoal,0x00162670,0x0015D5F0,func,__text__,op_seq_hash,0.95,verified,struct match; sz_diff=0; src=prologue
actCommonSwim,0x001626A0,0x0015DF60,func,__text__,op_seq_hash,0.95,verified,struct match; sz_diff=0; src=prologue
actCommonLever2,0x001626C8,0x0015E080,func,__text__,op_seq_hash,0.95,verified,struct match; sz_diff=0; src=prologue
actCommonRopeTouchWall,0x00162760,0x0015E118,func,__text__,op_seq_hash,0.95,verified,struct match; sz_diff=0; src=prologue
actCommonRopeSwing,0x001627F8,0x0015E1B0,func,__text__,op_seq_hash,0.95,verified,struct match; sz_diff=0; src=prologue
actCommonRopeTurn,0x001628F0,0x0015E2A8,func,__text__,op_seq_hash,0.95,verified,struct match; sz_diff=0; src=prologue
actCommonRopeDownEnd,0x00162910,0x00102688,func,__text__,fuzzy,1.00,candidate,fuzzy; sz_diff=0; src=prologue
actCommonRopeJump,0x001629D0,0x0015E388,func,__text__,op_seq_hash,0.95,verified,struct match; sz_diff=0; src=prologue
actCommonRopeJumpBefore,0x00162A40,0x00153AA8,func,__text__,op_seq_hash,0.95,verified,struct match; sz_diff=0; src=prologue
actCommonRopeTurnSpecial,0x00162A70,0x0010882C,func,__text__,fuzzy,1.00,candidate,fuzzy; sz_diff=0; src=prologue
actCommonRopeClimbEnd2,0x00162B40,0x00153AA8,func,__text__,op_seq_hash,0.95,verified,struct match; sz_diff=0; src=prologue
actCommonCornered,0x00162B70,0x0015E478,func,__text__,op_seq_hash,0.95,verified,struct match; sz_diff=0; src=prologue
actCommonLookaround,0x00162BD8,0x00153AA8,func,__text__,op_seq_hash,0.95,verified,struct match; sz_diff=0; src=prologue
actCommonTurnWarn,0x00162C08,0x0015E510,func,__text__,op_seq_hash,0.95,verified,struct match; sz_diff=0; src=prologue
actCommonTurnStrict,0x00162CC0,0x0015E5C8,func,__text__,op_seq_hash,0.95,verified,struct match; sz_diff=0; src=prologue
actCommonPPipe,0x00162D30,0x0015D6B0,func,__text__,op_seq_hash,0.95,verified,struct match; sz_diff=0; src=prologue
actCommonHandrail,0x00162D50,0x00100A08,func,__text__,fuzzy,1.00,candidate,fuzzy; sz_diff=0; src=prologue
actCommonOneWall,0x00162DB0,0x0015E678,func,__text__,op_seq_hash,0.95,verified,struct match; sz_diff=0; src=prologue
motCommonNull,0x00162DE8,0x0015DF60,func,__text__,op_seq_hash,0.95,verified,struct match; sz_diff=0; src=prologue
motCommonBoxPush,0x00162E10,0x00101030,func,__text__,fuzzy,1.00,candidate,fuzzy; sz_diff=0; src=prologue
motCommonBoxPull,0x00162EA0,0x00101030,func,__text__,fuzzy,1.00,candidate,fuzzy; sz_diff=0; src=prologue
motCommonBarPush,0x00162F30,0x0015E790,func,__text__,op_seq_hash,0.95,verified,struct match; sz_diff=0; src=prologue
motCommonBarPull,0x00162F60,0x0015E7C0,func,__text__,op_seq_hash,0.95,verified,struct match; sz_diff=0; src=prologue
motCommonLadderUp,0x00162F98,0x0015E7F8,func,__text__,op_seq_hash,0.95,verified,struct match; sz_diff=0; src=prologue
motCommonLadderDown,0x00163018,0x0015E878,func,__text__,op_seq_hash,0.95,verified,struct match; sz_diff=0; src=prologue
motCommonSlip,0x001630A8,0x0015E908,func,__text__,op_seq_hash,0.95,verified,struct match; sz_diff=0; src=prologue
motCommonRopejumpDircorrect,0x00163140,0x0015E9A0,func,__text__,op_seq_hash,0.95,verified,struct match; sz_diff=0; src=prologue
motCommonHangNone,0x001631C0,0x0015D5F0,func,__text__,op_seq_hash,0.95,verified,struct match; sz_diff=0; src=prologue
motCommonHangWall,0x001631F0,0x0015D5F0,func,__text__,op_seq_hash,0.95,verified,struct match; sz_diff=0; src=prologue
motCommonHangCliff,0x00163220,0x0015D5F0,func,__text__,op_seq_hash,0.95,verified,struct match; sz_diff=0; src=prologue
motCommonRopeTurnSpecialR,0x00163250,0x0015EAB0,func,__text__,op_seq_hash,0.95,verified,struct match; sz_diff=0; src=prologue
motCommonRopeTurnSpecialL,0x001633A8,0x0015EAB0,func,__text__,op_seq_hash,0.95,verified,struct match; sz_diff=0; src=prologue
motCommonTruckLeverLoop,0x00163500,0x0015ED60,func,__text__,op_seq_hash,0.95,verified,struct match; sz_diff=0; src=prologue
motCommonTruckLeverPull,0x00163558,0x0015EDB8,func,__text__,op_seq_hash,0.95,verified,struct match; sz_diff=0; src=prologue
motCommonTruckLeverPush,0x001635B0,0x0015EDB8,func,__text__,op_seq_hash,0.95,verified,struct match; sz_diff=0; src=prologue
funcCommonRopeBefore,0x00163608,0x001010EC,func,__text__,fuzzy,1.00,candidate,fuzzy; sz_diff=0; src=extracted
afterCommonRope,0x00163618,0x0015EE78,func,__text__,op_seq_hash,0.95,verified,struct match; sz_diff=0; src=prologue
extraCommonNull,0x00163670,0x0015E2A8,func,__text__,op_seq_hash,0.95,verified,struct match; sz_diff=0; src=prologue
extraCommonCall,0x00163690,0x0015EEF0,func,__text__,op_seq_hash,0.95,verified,struct match; sz_diff=0; src=prologue
funcCommonWayOn,0x001636C8,0x00100BA8,func,__text__,fuzzy,1.00,candidate,fuzzy; sz_diff=0; src=extracted
funcCommonSofaWakeup,0x001636E0,0x00104E5C,func,__text__,fuzzy,1.00,candidate,fuzzy; sz_diff=0; src=extracted
_ACTMotReqResult,0x001636F0,0x0015EF50,func,__text__,op_seq_hash,0.95,verified,struct match; sz_diff=0; src=prologue
test_CURRENTORIENT,0x00163728,0x0015EF88,func,__text__,op_seq_hash,0.95,verified,struct match; sz_diff=0; src=prologue
test_CURRENTROOT,0x00163798,0x0015EFF8,func,__text__,op_seq_hash,0.95,verified,struct match; sz_diff=0; src=prologue
StartCorrectPosition,0x00163858,0x0015F0B8,func,__text__,op_seq_hash,0.95,verified,struct match; sz_diff=0; src=prologue
IsCorrectPosition,0x001639A8,0x00101AE8,func,__text__,fuzzy,1.00,candidate,fuzzy; sz_diff=0; src=extracted
ControlMotionOrient,0x001639C8,0x0015F228,func,__text__,op_seq_hash,0.95,verified,struct match; sz_diff=0; src=prologue
FloorIsTruck,0x001639E8,0x0015F248,func,__text__,op_seq_hash,0.95,verified,struct match; sz_diff=0; src=prologue
_ACTMotDir_V,0x00163A38,0x0015F298,func,__text__,op_seq_hash,0.95,verified,struct match; sz_diff=0; src=prologue
ACTMotDirToWall,0x00163A78,0x0015F2D8,func,__text__,op_seq_hash,0.95,verified,struct match; sz_diff=0; src=prologue
SetCorrectOrientOfChain,0x00163AC0,0x0015F320,func,__text__,op_seq_hash,0.95,verified,struct match; sz_diff=0; src=prologue
actAfterForceRope,0x00163AF8,0x0015F358,func,__text__,op_seq_hash,0.95,verified,struct match; sz_diff=0; src=prologue
actAfterForceRopeSwing,0x00163B60,0x0015F358,func,__text__,op_seq_hash,0.95,verified,struct match; sz_diff=0; src=prologue
actAfterRopeJump,0x00163BC8,0x00101B14,func,__text__,fuzzy,1.00,candidate,fuzzy; sz_diff=0; src=prologue
afterCommonRopeCliff,0x00163BF8,0x00106750,func,__text__,fuzzy,1.00,candidate,fuzzy; sz_diff=0; src=prologue
afterCommonRopeTurnSpecial,0x00163C18,0x00176130,func,__text__,op_seq_hash,0.95,verified,struct match; sz_diff=0; src=prologue
actAfterDown,0x00163C38,0x00163C38,func,__text__,same_va,0.85,verified,same VA; USA size=20; src=prologue
afterCommonCling,0x00163CA0,0x0015F4B8,func,__text__,op_seq_hash,0.95,verified,struct match; sz_diff=0; src=prologue
actAfterSlip,0x00163CC8,0x00154CB8,func,__text__,raw_sha1,1.00,verified,exact; src=prologue
afterCommonRevive,0x00163CD8,0x0015F4B8,func,__text__,op_seq_hash,0.95,verified,struct match; sz_diff=0; src=prologue
afterCommonStone,0x00163D00,0x0015F518,func,__text__,op_seq_hash,0.95,verified,struct match; sz_diff=0; src=prologue
afterCommonBox,0x00163D38,0x0015F550,func,__text__,op_seq_hash,0.95,verified,struct match; sz_diff=0; src=prologue
afterCommonBar,0x00163D60,0x0015F578,func,__text__,op_seq_hash,0.95,verified,struct match; sz_diff=0; src=prologue
actAfterJump,0x00163DB8,0x00101B14,func,__text__,fuzzy,1.00,candidate,fuzzy; sz_diff=0; src=prologue
actAfterFall,0x00163DE8,0x00100A08,func,__text__,fuzzy,1.00,candidate,fuzzy; sz_diff=0; src=prologue
actAfterFly,0x00163E50,0x0015F650,func,__text__,op_seq_hash,0.95,verified,struct match; sz_diff=0; src=prologue
ClipCollisionWithField,0x00163E98,0x001019E0,func,__text__,fuzzy,1.00,candidate,fuzzy; sz_diff=0; src=prologue
afterCommonOneWall,0x00163EF8,0x00154CB8,func,__text__,raw_sha1,1.00,verified,exact; src=prologue
ACTCheckFlagAttack,0x00163F08,0x00106750,func,__text__,fuzzy,1.00,candidate,fuzzy; sz_diff=0; src=extracted
afterCommonBecarry,0x00163F20,0x001079DC,func,__text__,fuzzy,1.00,candidate,fuzzy; sz_diff=0; src=prologue
afterCommonTruckLever,0x00163F68,0x0015F6C0,func,__text__,op_seq_hash,0.95,verified,struct match; sz_diff=0; src=prologue
setBattleStatus,0x00163F98,0x0015F6F0,func,__text__,op_seq_hash,0.95,verified,struct match; sz_diff=0; src=prologue
boss_effect_start,0x001640A8,0x0015F800,func,__text__,op_seq_hash,0.95,verified,struct match; sz_diff=0; src=prologue
boss_effect_check_parts,0x00164258,0x001085BC,func,__text__,fuzzy,1.00,candidate,fuzzy; sz_diff=0; src=extracted
boss_effect_process,0x001642A0,0x0015F9F8,func,__text__,op_seq_hash,0.95,verified,struct match; sz_diff=0; src=prologue
_DoAwait,0x00164408,0x0015FB60,func,__text__,op_seq_hash,0.95,verified,struct match; sz_diff=0; src=prologue
_DoAwaitGirl,0x00164480,0x0015FB60,func,__text__,op_seq_hash,0.95,verified,struct match; sz_diff=0; src=prologue
_MustChase,0x001644F8,0x0015FC50,func,__text__,op_seq_hash,0.95,verified,struct match; sz_diff=0; src=prologue
subEnemyControl,0x00164600,0x00131ED8,func,__text__,fuzzy,1.00,candidate,fuzzy; sz_diff=0; src=prologue
subEnemyCollision,0x001649A0,0x001600F8,func,__text__,op_seq_hash,0.95,verified,struct match; sz_diff=0; src=prologue
actEnemyAttack,0x00164F40,0x001605F8,func,__text__,op_seq_hash,0.95,verified,struct match; sz_diff=0; src=prologue
actEnemyRestart,0x00165068,0x00160720,func,__text__,op_seq_hash,0.95,verified,struct match; sz_diff=0; src=prologue
actEnemyForceSwitchToCarry,0x00165490,0x00136828,func,__text__,fuzzy,1.00,candidate,fuzzy; sz_diff=0; src=prologue
actEnemyKidnapEnd,0x00165670,0x00103018,func,__text__,fuzzy,1.00,candidate,fuzzy; sz_diff=0; src=prologue
actEnemyKidnapBegin,0x00165DC8,0x001026F0,func,__text__,fuzzy,1.00,candidate,fuzzy; sz_diff=0; src=prologue
MoveChestForCatchBoy,0x00165FD0,0x001613B0,func,__text__,op_seq_hash,0.95,verified,struct match; sz_diff=0; src=prologue
actEnemyBodylift,0x001661B8,0x00161598,func,__text__,op_seq_hash,0.95,verified,struct match; sz_diff=0; src=prologue
actEnemyPickupBegin,0x001665C8,0x001619A8,func,__text__,op_seq_hash,0.95,verified,struct match; sz_diff=0; src=prologue
CheckEnemyBrainMode,0x001666E8,0x00103D50,func,__text__,fuzzy,1.00,candidate,fuzzy; sz_diff=0; src=prologue
subEnemyBrainMain,0x00166B70,0x00101F70,func,__text__,fuzzy,1.00,candidate,fuzzy; sz_diff=0; src=prologue
subEnemyBrain_ToGenerator,0x00167160,0x001033A0,func,__text__,fuzzy,1.00,candidate,fuzzy; sz_diff=0; src=prologue
enemy_dodge,0x00167300,0x001029E4,func,__text__,fuzzy,1.00,candidate,fuzzy; sz_diff=0; src=prologue
enemy_dodge_to_boy,0x001674E0,0x0010CEA4,func,__text__,fuzzy,1.00,candidate,fuzzy; sz_diff=0; src=prologue
Battle_isCurrentStatus,0x00167680,0x00107B28,func,__text__,fuzzy,1.00,candidate,fuzzy; sz_diff=0; src=prologue
GetFlyPosition,0x001679B0,0x00162AC8,func,__text__,raw_sha1,1.00,verified,exact; src=prologue
NakaBoss,0x00167CA0,0x00152A70,func,__text__,op_seq_hash,0.95,verified,struct match; sz_diff=0; src=prologue
subEnemyBrain_ToBoy,0x001680B8,0x00106B80,func,__text__,fuzzy,1.00,candidate,fuzzy; sz_diff=0; src=prologue
subEnemyBrain_ToGirl,0x00168888,0x00163950,func,__text__,op_seq_hash,0.95,verified,struct match; sz_diff=0; src=prologue
_ApproachTarget_Boss,0x00168A78,0x00163B40,func,__text__,op_seq_hash,0.95,verified,struct match; sz_diff=0; src=prologue
flyMailCore,0x00168C98,0x00163D60,func,__text__,op_seq_hash,0.95,verified,struct match; sz_diff=0; src=prologue
_ApproachTarget_Way,0x00168DF0,0x00102E08,func,__text__,fuzzy,1.00,candidate,fuzzy; sz_diff=0; src=prologue
actEnemyStart,0x00169498,0x001035F0,func,__text__,fuzzy,1.00,candidate,fuzzy; sz_diff=0; src=prologue
subEnemyBrain_Attack,0x00169978,0x001649D0,func,__text__,op_seq_hash,0.95,verified,struct match; sz_diff=0; src=prologue
subEnemyBrain_Cling,0x00169CD8,0x00164D30,func,__text__,op_seq_hash,0.95,verified,struct match; sz_diff=0; src=prologue
funcEnemyAiGetGirl,0x00169E38,0x00101AE8,func,__text__,fuzzy,1.00,candidate,fuzzy; sz_diff=0; src=extracted
actEnemyStand,0x00169E58,0x00164EB0,func,__text__,op_seq_hash,0.95,verified,struct match; sz_diff=0; src=prologue
actEnemyWalk,0x00169EA0,0x00164EB0,func,__text__,op_seq_hash,0.95,verified,struct match; sz_diff=0; src=prologue
actEnemyRun,0x00169EE8,0x00164EB0,func,__text__,op_seq_hash,0.95,verified,struct match; sz_diff=0; src=prologue
actEnemyHang,0x00169F30,0x00164EB0,func,__text__,op_seq_hash,0.95,verified,struct match; sz_diff=0; src=prologue
actEnemyCarry,0x00169F78,0x00164FD0,func,__text__,op_seq_hash,0.95,verified,struct match; sz_diff=0; src=prologue
actEnemyBodyslam,0x00169FC0,0x00165018,func,__text__,op_seq_hash,0.95,verified,struct match; sz_diff=0; src=prologue
actEnemyBodyslamFail,0x0016A008,0x00165060,func,__text__,op_seq_hash,0.95,verified,struct match; sz_diff=0; src=prologue
actEnemyNest,0x0016A048,0x00106B80,func,__text__,fuzzy,1.00,candidate,fuzzy; sz_diff=0; src=prologue
funcEnemyCarryFail,0x0016A108,0x00101AE8,func,__text__,fuzzy,1.00,candidate,fuzzy; sz_diff=0; src=extracted
actEnemyHyde,0x0016A128,0x00165178,func,__text__,op_seq_hash,0.95,verified,struct match; sz_diff=0; src=prologue
actEnemyFlagOnFree,0x0016A178,0x001019A8,func,__text__,fuzzy,1.00,candidate,fuzzy; sz_diff=0; src=extracted
afterCommonCarry,0x0016A1A8,0x001011B0,func,__text__,fuzzy,1.00,candidate,fuzzy; sz_diff=0; src=prologue
actEnemyFlagOnDead,0x0016A208,0x00101B68,func,__text__,fuzzy,1.00,candidate,fuzzy; sz_diff=0; src=extracted
EnemyBrainStatus_Boy,0x0016A238,0x00106750,func,__text__,fuzzy,1.00,candidate,fuzzy; sz_diff=0; src=extracted
EnemyBrainStatus_Girl,0x0016A250,0x00106750,func,__text__,fuzzy,1.00,candidate,fuzzy; sz_diff=0; src=extracted
actEnemyFlagCheckDead,0x0016A268,0x001009E0,func,__text__,fuzzy,1.00,candidate,fuzzy; sz_diff=0; src=extracted
actEnemyFlagCheckActive,0x0016A290,0x001085BC,func,__text__,fuzzy,1.00,candidate,fuzzy; sz_diff=0; src=extracted
ACTEnemyForceSwitchToCarry,0x0016A2E0,0x00165348,func,__text__,op_seq_hash,0.95,verified,struct match; sz_diff=0; src=prologue
actEnemy_GetClingTarget,0x0016A338,0x001009E0,func,__text__,fuzzy,1.00,candidate,fuzzy; sz_diff=0; src=extracted
actEnemy_isNormalEnemy,0x0016A368,0x00100BA8,func,__text__,fuzzy,1.00,candidate,fuzzy; sz_diff=0; src=extracted
actEnemy_isLargeEnemy,0x0016A380,0x00100BA8,func,__text__,fuzzy,1.00,candidate,fuzzy; sz_diff=0; src=extracted
actEnemy_isSmallEnemy,0x0016A398,0x00106750,func,__text__,fuzzy,1.00,candidate,fuzzy; sz_diff=0; src=extracted
IsEnemyBrainToGenerator,0x0016A3B0,0x00165418,func,__text__,op_seq_hash,0.95,verified,struct match; sz_diff=0; src=prologue
IsEnemyBrainToBoy,0x0016A420,0x001009E0,func,__text__,fuzzy,1.00,candidate,fuzzy; sz_diff=0; src=extracted
GetEnemyTypeFromGObj,0x0016A460,0x0016A460,func,__text__,same_va,0.85,verified,same VA; USA size=140; src=extracted
GetEnemyType,0x0016A470,0x0010A10C,func,__text__,raw_sha1,1.00,verified,exact; src=prologue
isEnemyKidnapEnable,0x0016A478,0x001064B0,func,__text__,fuzzy,1.00,candidate,fuzzy; sz_diff=0; src=extracted
isEnemyActive,0x0016A4D8,0x00165540,func,__text__,raw_sha1,1.00,verified,exact; src=prologue
GetMotherGeneratorLabelAskEnemy,0x0016A548,0x00104E5C,func,__text__,fuzzy,1.00,candidate,fuzzy; sz_diff=0; src=extracted
GetMotherGeneratorGObjAskEnemy,0x0016A558,0x00104E5C,func,__text__,fuzzy,1.00,candidate,fuzzy; sz_diff=0; src=extracted
subEnemyBrain_Idle,0x0016A568,0x001655B0,func,__text__,op_seq_hash,0.95,verified,struct match; sz_diff=0; src=prologue
subEnemyBrain_Await,0x0016A5C8,0x00165610,func,__text__,op_seq_hash,0.95,verified,struct match; sz_diff=0; src=prologue
subEnemyBrain_FindGirl,0x0016A680,0x00165780,func,__text__,op_seq_hash,0.95,verified,struct match; sz_diff=0; src=prologue
subEnemyBrain_BodyGuard,0x0016A818,0x00165918,func,__text__,op_seq_hash,0.95,verified,struct match; sz_diff=0; src=prologue
subEnemyBrain_Shoulder,0x0016A8F8,0x001659F8,func,__text__,op_seq_hash,0.95,verified,struct match; sz_diff=0; src=prologue
subEnemyBrain_Pickup,0x0016A988,0x00165A88,func,__text__,op_seq_hash,0.95,verified,struct match; sz_diff=0; src=prologue
subEnemyBrain_Bodyslam,0x0016A9D8,0x00102870,func,__text__,fuzzy,1.00,candidate,fuzzy; sz_diff=0; src=prologue
subEnemyBrain_Irregular,0x0016AA50,0x00125614,func,__text__,fuzzy,1.00,candidate,fuzzy; sz_diff=0; src=prologue
_BrainMode_SetDirect,0x0016AB60,0x001019A8,func,__text__,fuzzy,1.00,candidate,fuzzy; sz_diff=0; src=extracted
EnemyUtil_TurnToBoy,0x0016AB90,0x00165B80,func,__text__,op_seq_hash,0.95,verified,struct match; sz_diff=0; src=prologue
FlyMail,0x0016ACF8,0x00165CE8,func,__text__,op_seq_hash,0.95,verified,struct match; sz_diff=0; src=prologue
boss_effect_callback,0x0016AD28,0x00165D18,func,__text__,op_seq_hash,0.95,verified,struct match; sz_diff=0; src=prologue
motEnemyStand,0x0016ADD0,0x00165DC0,func,__text__,op_seq_hash,0.95,verified,struct match; sz_diff=0; src=prologue
motEnemyWalk,0x0016AE18,0x00165E08,func,__text__,op_seq_hash,0.95,verified,struct match; sz_diff=0; src=prologue
motEnemyRun,0x0016AE70,0x00165E08,func,__text__,op_seq_hash,0.95,verified,struct match; sz_diff=0; src=prologue
actEnemyJump,0x0016AEC8,0x00164EB0,func,__text__,op_seq_hash,0.95,verified,struct match; sz_diff=0; src=prologue
EnemyUtil_isOtherStatus,0x0016AF10,0x00165F00,func,__text__,op_seq_hash,0.95,verified,struct match; sz_diff=0; src=prologue
isEnemyHyde,0x0016AF98,0x00101B68,func,__text__,fuzzy,1.00,candidate,fuzzy; sz_diff=0; src=extracted
_ApproachTarget,0x0016AFC8,0x00165FB8,func,__text__,op_seq_hash,0.95,verified,struct match; sz_diff=0; src=prologue
afterEnemyBodylift,0x0016B010,0x00166000,func,__text__,raw_sha1,1.00,verified,exact; src=prologue
MakeCollisionDependGObjList,0x0016B038,0x00166028,func,__text__,op_seq_hash,0.95,verified,struct match; sz_diff=0; src=prologue
GetReflectionElement,0x0016B128,0x00166118,func,__text__,op_seq_hash,0.95,verified,struct match; sz_diff=0; src=prologue
clip_wall_1,0x0016B268,0x00166258,func,__text__,op_seq_hash,0.95,verified,struct match; sz_diff=0; src=prologue
clip_floor_1,0x0016B7F0,0x001667E0,func,__text__,raw_sha1,1.00,verified,exact; src=prologue
DispCollisionPC,0x0016BA20,0x00166A10,func,__text__,op_seq_hash,0.95,verified,struct match; sz_diff=0; src=prologue
makeCollisionBlockTable,0x0016BBC0,0x0013F9D0,func,__text__,fuzzy,0.89,candidate,fuzzy; sz_diff=8; src=extracted
_Clip,0x0016BE20,0x00166E10,func,__text__,op_seq_hash,0.95,verified,struct match; sz_diff=0; src=prologue
__ClipWall,0x0016C240,,func,__text__,unmatched,0.00,unmatched,no match; PAL size=1328; src=extracted
__ClipFloor,0x0016C268,,func,__text__,unmatched,0.00,unmatched,no match; PAL size=1288; src=extracted
DrawGObjWallCollision,0x0016C288,0x00167278,func,__text__,op_seq_hash,0.95,verified,struct match; sz_diff=0; src=prologue
DrawGObjFloorCollision,0x0016C538,0x00167528,func,__text__,op_seq_hash,0.95,verified,struct match; sz_diff=0; src=prologue
DBG_VECTOR,0x0016C770,0x00167760,func,__text__,op_seq_hash,0.95,verified,struct match; sz_diff=0; src=prologue
GetEdgeOfFloor,0x0016C7E0,0x001677D0,func,__text__,raw_sha1,1.00,verified,exact; src=prologue
DrawCollisionRay,0x0016CE10,0x00167E00,func,__text__,op_seq_hash,0.95,verified,struct match; sz_diff=0; src=prologue
MakeExitAttributeIndex,0x0016D068,0x00168058,func,__text__,op_seq_hash,0.95,verified,struct match; sz_diff=0; src=prologue
ClipFloorByGObj,0x0016D1B8,0x001681A8,func,__text__,op_seq_hash,0.95,verified,struct match; sz_diff=0; src=prologue
ClipWallDebug,0x0016D3B8,0x001683A8,func,__text__,op_seq_hash,0.95,verified,struct match; sz_diff=0; src=prologue
ClipWall,0x0016D3D8,0x001683C8,func,__text__,op_seq_hash,0.95,verified,struct match; sz_diff=0; src=prologue
ClipWallR,0x0016D3F8,0x001683C8,func,__text__,op_seq_hash,0.95,verified,struct match; sz_diff=0; src=prologue
ClipWallWaveForce,0x0016D418,0x001683C8,func,__text__,op_seq_hash,0.95,verified,struct match; sz_diff=0; src=prologue
ClipWallFuchiHangWalkStop,0x0016D438,0x001683C8,func,__text__,op_seq_hash,0.95,verified,struct match; sz_diff=0; src=prologue
ClipWallField,0x0016D458,0x001683C8,func,__text__,op_seq_hash,0.95,verified,struct match; sz_diff=0; src=prologue
ClipWallEField,0x0016D478,0x001683C8,func,__text__,op_seq_hash,0.95,verified,struct match; sz_diff=0; src=prologue
ClipWallBoxStop,0x0016D498,0x001683C8,func,__text__,op_seq_hash,0.95,verified,struct match; sz_diff=0; src=prologue
ClipWallAdjustPos,0x0016D4B8,0x001683C8,func,__text__,op_seq_hash,0.95,verified,struct match; sz_diff=0; src=prologue
ClipWallE,0x0016D4D8,0x001683C8,func,__text__,op_seq_hash,0.95,verified,struct match; sz_diff=0; src=prologue
ClipWallCheckCB,0x0016D4F8,0x001684E8,func,__text__,op_seq_hash,0.95,verified,struct match; sz_diff=0; src=prologue
ClipWallFieldCheckCB,0x0016D520,0x001684E8,func,__text__,op_seq_hash,0.95,verified,struct match; sz_diff=0; src=prologue
ClipFloor,0x0016D548,0x001683C8,func,__text__,op_seq_hash,0.95,verified,struct match; sz_diff=0; src=prologue
ClipFloorE,0x0016D568,0x001683C8,func,__text__,op_seq_hash,0.95,verified,struct match; sz_diff=0; src=prologue
ClipFloorR,0x0016D588,0x001683C8,func,__text__,op_seq_hash,0.95,verified,struct match; sz_diff=0; src=prologue
ClipFloorIH,0x0016D5A8,0x001683C8,func,__text__,op_seq_hash,0.95,verified,struct match; sz_diff=0; src=prologue
ClipFloorCheckCB,0x0016D5C8,0x001684E8,func,__text__,op_seq_hash,0.95,verified,struct match; sz_diff=0; src=prologue
ClipCollision,0x0016D5F0,0x001685E0,func,__text__,op_seq_hash,0.95,verified,struct match; sz_diff=0; src=prologue
ChangeFieldCollisionDebugMode,0x0016D660,0x001079DC,func,__text__,fuzzy,1.00,candidate,fuzzy; sz_diff=0; src=extracted
LoadCollision,0x0016D6A0,0x00168690,func,__text__,op_seq_hash,0.95,verified,struct match; sz_diff=0; src=prologue
DrawCollision,0x0016D6E8,0x001686D8,func,__text__,op_seq_hash,0.95,verified,struct match; sz_diff=0; src=prologue
ClipPlane,0x0016D7C8,0x001687B8,func,__text__,op_seq_hash,0.95,verified,struct match; sz_diff=0; src=prologue
GetOrientOfWall,0x0016D8F0,0x001688E0,func,__text__,op_seq_hash,0.95,verified,struct match; sz_diff=0; src=prologue
SetSimplePlane,0x0016DA38,0x001683A8,func,__text__,fuzzy,0.98,candidate,fuzzy; sz_diff=4; src=extracted
GetWallAttribute,0x0016DA50,0x00106750,func,__text__,fuzzy,1.00,candidate,fuzzy; sz_diff=0; src=extracted
GetFloorAttribute,0x0016DA70,0x00106750,func,__text__,fuzzy,1.00,candidate,fuzzy; sz_diff=0; src=extracted
CompareAttribute,0x0016DA90,0x00106750,func,__text__,fuzzy,1.00,candidate,fuzzy; sz_diff=0; src=extracted
GetWallGlobalInfo,0x0016DAF0,0x00168AE0,func,__text__,op_seq_hash,0.95,verified,struct match; sz_diff=0; src=prologue
GetDistanceFromPlane,0x0016DBB0,0x00168BA0,func,__text__,op_seq_hash,0.95,verified,struct match; sz_diff=0; src=prologue
GetYDistanceFromPlane,0x0016DBE0,0x001BA668,func,__text__,fuzzy,0.98,candidate,fuzzy; sz_diff=4; src=extracted
GetYProjectionOfPlane,0x0016DC28,0x001BA668,func,__text__,fuzzy,1.00,candidate,fuzzy; sz_diff=0; src=extracted
ResetCollisionPC,0x0016DC68,0x001019A8,func,__text__,fuzzy,1.00,candidate,fuzzy; sz_diff=0; src=extracted
PositionOfExit,0x0016DC98,0x00168C88,func,__text__,op_seq_hash,0.95,verified,struct match; sz_diff=0; src=prologue
GetGlobalWallPlane,0x0016DCD8,0x00168CC8,func,__text__,op_seq_hash,0.95,verified,struct match; sz_diff=0; src=prologue
_clipWDebug,0x0016DDB8,0x00168DA8,func,__text__,op_seq_hash,0.95,verified,struct match; sz_diff=0; src=prologue
_clipW,0x0016DEE0,0x00168ED0,func,__text__,op_seq_hash,0.95,verified,struct match; sz_diff=0; src=prologue
_clipWE,0x0016E030,0x00169020,func,__text__,op_seq_hash,0.95,verified,struct match; sz_diff=0; src=prologue
_clipWEField,0x0016E1A0,0x00169190,func,__text__,op_seq_hash,0.95,verified,struct match; sz_diff=0; src=prologue
_clipWR,0x0016E300,0x001692F0,func,__text__,op_seq_hash,0.95,verified,struct match; sz_diff=0; src=prologue
_clipWField,0x0016E450,0x00169440,func,__text__,op_seq_hash,0.95,verified,struct match; sz_diff=0; src=prologue
_clipWDitchHangWalkStop,0x0016E590,0x00169580,func,__text__,op_seq_hash,0.95,verified,struct match; sz_diff=0; src=prologue
_clipWWaveForce,0x0016E6D0,0x001696C0,func,__text__,op_seq_hash,0.95,verified,struct match; sz_diff=0; src=prologue
_clipWBoxStop,0x0016E810,0x00169800,func,__text__,op_seq_hash,0.95,verified,struct match; sz_diff=0; src=prologue
_clipWAdjustPos,0x0016E978,0x00169440,func,__text__,op_seq_hash,0.95,verified,struct match; sz_diff=0; src=prologue
_clipF,0x0016EAB8,0x00169AA8,func,__text__,op_seq_hash,0.95,verified,struct match; sz_diff=0; src=prologue
_clipFE,0x0016EBE0,0x00169BD0,func,__text__,op_seq_hash,0.95,verified,struct match; sz_diff=0; src=prologue
_clipFIH,0x0016ED28,0x00169D18,func,__text__,op_seq_hash,0.95,verified,struct match; sz_diff=0; src=prologue
_clipFR,0x0016EE68,0x00169E58,func,__text__,op_seq_hash,0.95,verified,struct match; sz_diff=0; src=prologue
__ClipWallWithDrawRay,0x0016EF90,0x00169F80,func,__text__,op_seq_hash,0.95,verified,struct match; sz_diff=0; src=prologue
__ClipFloorWithDrawRay,0x0016F068,0x00169F80,func,__text__,op_seq_hash,0.95,verified,struct match; sz_diff=0; src=prologue
ClipWallRD,0x0016F140,0x0016A130,func,__text__,op_seq_hash,0.95,verified,struct match; sz_diff=0; src=prologue
ClipWallVector,0x0016F168,0x0016A158,func,__text__,op_seq_hash,0.95,verified,struct match; sz_diff=0; src=prologue
MapCollisionData,0x0016F1C8,0x00101AE8,func,__text__,fuzzy,1.00,candidate,fuzzy; sz_diff=0; src=extracted
fzShowV,0x0016F1E8,0x0016A1D8,func,__text__,op_seq_hash,0.95,verified,struct match; sz_diff=0; src=prologue
fzShowM,0x0016F250,0x0016A240,func,__text__,op_seq_hash,0.95,verified,struct match; sz_diff=0; src=prologue
fzMagnitude2f,0x0016F2B0,0x0016A2A0,func,__text__,op_seq_hash,0.95,verified,struct match; sz_diff=0; src=prologue
fzMagnitude3f,0x0016F2D8,0x0016A2C8,func,__text__,op_seq_hash,0.95,verified,struct match; sz_diff=0; src=prologue
fzMagnitudefv,0x0016F308,0x0016A2F8,func,__text__,op_seq_hash,0.95,verified,struct match; sz_diff=0; src=prologue
fzMagnitude2fv,0x0016F330,0x0016A320,func,__text__,op_seq_hash,0.95,verified,struct match; sz_diff=0; src=prologue
fzMagnitudeByLine,0x0016F3C0,0x0016A3B0,func,__text__,op_seq_hash,0.95,verified,struct match; sz_diff=0; src=prologue
fzMagnitudeByLineSeg,0x0016F470,0x0016A460,func,__text__,op_seq_hash,0.95,verified,struct match; sz_diff=0; src=prologue
GetEyeDirection,0x0016F600,0x0016A5F0,func,__text__,op_seq_hash,0.95,verified,struct match; sz_diff=0; src=prologue
funcGirlHandDisconnect,0x0016F688,0x0011FF30,func,__text__,op_seq_hash,0.95,verified,struct match; sz_diff=0; src=prologue
motGirlHand50,0x0016F6B0,0x0016A6A0,func,__text__,op_seq_hash,0.95,verified,struct match; sz_diff=0; src=prologue
motGirlHand100,0x0016F838,0x0016A828,func,__text__,op_seq_hash,0.95,verified,struct match; sz_diff=0; src=prologue
motGirlHand200,0x0016F9F8,0x0016A9E8,func,__text__,op_seq_hash,0.95,verified,struct match; sz_diff=0; src=prologue
GirlBrainClearTarget,0x0016FC20,0x0016AC10,func,__text__,op_seq_hash,0.95,verified,struct match; sz_diff=0; src=prologue
SetTurnSpeedInEscape,0x0016FC30,0x001019A8,func,__text__,fuzzy,1.00,candidate,fuzzy; sz_diff=0; src=extracted
girlBrainMain_MakeOthersList,0x0016FE58,0x00102688,func,__text__,fuzzy,1.00,candidate,fuzzy; sz_diff=0; src=prologue
girlBrainHideCheckIntercept,0x00170510,0x00103018,func,__text__,fuzzy,1.00,candidate,fuzzy; sz_diff=0; src=prologue
girlBrainMain_CheckWarningMode,0x001706F0,0x00137C44,func,__text__,fuzzy,1.00,candidate,fuzzy; sz_diff=0; src=prologue
girlBrainMain_DecideMode,0x001709A8,0x0015A044,func,__text__,fuzzy,1.00,candidate,fuzzy; sz_diff=0; src=prologue
girlBrainMain_PositionUpdate,0x00171030,0x0016BCA0,func,__text__,op_seq_hash,0.95,verified,struct match; sz_diff=0; src=prologue
girlBrainMain_Init,0x00171080,0x0013FC00,func,__text__,fuzzy,0.98,candidate,fuzzy; sz_diff=4; src=extracted
subGirlBrainMain,0x00171188,0x001E54E8,func,__text__,fuzzy,1.00,candidate,fuzzy; sz_diff=0; src=prologue
subGirlBrain_PulledUp,0x001724B0,0x0016CED0,func,__text__,op_seq_hash,0.95,verified,struct match; sz_diff=0; src=prologue
ATGoalTurnMail,0x00172920,0x001123C0,func,__text__,fuzzy,1.00,candidate,fuzzy; sz_diff=0; src=prologue
checkWaterfallResult,0x00172A80,0x0016D488,func,__text__,op_seq_hash,0.95,verified,struct match; sz_diff=0; src=prologue
subGirlBrain_Attract,0x00172D00,0x0012EE38,func,__text__,fuzzy,1.00,candidate,fuzzy; sz_diff=0; src=prologue
_girlBrainHide_MakeHidePoint,0x001744A0,0x0016E910,func,__text__,op_seq_hash,0.95,verified,struct match; sz_diff=0; src=prologue
girlBrainHide_GoalTurn,0x001746F8,0x0016EB68,func,__text__,op_seq_hash,0.95,verified,struct match; sz_diff=0; src=prologue
subGirlBrain_Hide,0x00174998,0x0014EB28,func,__text__,fuzzy,1.00,candidate,fuzzy; sz_diff=0; src=prologue
girlBrainRunawaySearchPoint,0x00174E50,0x0016F410,func,__text__,op_seq_hash,0.95,verified,struct match; sz_diff=0; src=prologue
girlBrainRunawayMoveByWay,0x001753E8,0x0016F9A8,func,__text__,op_seq_hash,0.95,verified,struct match; sz_diff=0; src=prologue
subGirlBrain_Escape,0x00175688,0x00152A70,func,__text__,op_seq_hash,0.95,verified,struct match; sz_diff=0; src=prologue
ClipTwinVector,0x00175CC8,0x00170380,func,__text__,op_seq_hash,0.95,verified,struct match; sz_diff=0; src=prologue
Danger_Bomb,0x00176028,0x001706E0,func,__text__,op_seq_hash,0.95,verified,struct match; sz_diff=0; src=prologue
Danger_Gondola,0x00176570,0x00103D50,func,__text__,fuzzy,1.00,candidate,fuzzy; sz_diff=0; src=prologue
Danger_Box,0x00176C28,0x001712C8,func,__text__,op_seq_hash,0.95,verified,struct match; sz_diff=0; src=prologue
Danger_Rotobject,0x00177340,0x0010A798,func,__text__,fuzzy,1.00,candidate,fuzzy; sz_diff=0; src=prologue
subGirlBrain_HideAdvance,0x00177520,0x00101ED0,func,__text__,fuzzy,1.00,candidate,fuzzy; sz_diff=0; src=prologue
isEnterHideadv_EnemyLocation,0x001776D8,0x001718F0,func,__text__,op_seq_hash,0.95,verified,struct match; sz_diff=0; src=prologue
isEnterHideadv,0x00177898,0x00171AB0,func,__text__,op_seq_hash,0.95,verified,struct match; sz_diff=0; src=prologue
WayTest,0x001779B0,0x001116A8,func,__text__,fuzzy,1.00,candidate,fuzzy; sz_diff=0; src=prologue
subGirlControl,0x00177BB8,0x001050E0,func,__text__,fuzzy,1.00,candidate,fuzzy; sz_diff=0; src=prologue
subGirlCollision,0x001785C0,0x0011D590,func,__text__,fuzzy,1.00,candidate,fuzzy; sz_diff=0; src=prologue
actGirlHand,0x00179940,0x001088FC,func,__text__,fuzzy,1.00,candidate,fuzzy; sz_diff=0; src=prologue
actGirlPulledReady,0x0017A428,0x001742A0,func,__text__,op_seq_hash,0.95,verified,struct match; sz_diff=0; src=prologue
actGirlPulledGo,0x0017A578,0x0017A578,func,__text__,same_va,0.85,verified,same VA; USA size=116; src=prologue
actGirlDitch3mReady,0x0017A738,0x00174558,func,__text__,op_seq_hash,0.95,verified,struct match; sz_diff=0; src=prologue
actGirlReadyMove,0x0017A820,0x00152A70,func,__text__,op_seq_hash,0.95,verified,struct match; sz_diff=0; src=prologue
actGirlRescueDst,0x0017A9C0,0x00174778,func,__text__,op_seq_hash,0.95,verified,struct match; sz_diff=0; src=prologue
actGirlSupportBGBegin,0x0017AC90,0x00174A48,func,__text__,op_seq_hash,0.95,verified,struct match; sz_diff=0; src=prologue
actGirlStart,0x0017ADE8,0x00174BA0,func,__text__,op_seq_hash,0.95,verified,struct match; sz_diff=0; src=prologue
GirlAct_BoyAndMeCollisionMail,0x0017AFC8,0x00174D78,func,__text__,op_seq_hash,0.95,verified,struct match; sz_diff=0; src=prologue
IsGirlStatusEscortEnable,0x0017B150,0x00111AE8,func,__text__,fuzzy,1.00,candidate,fuzzy; sz_diff=0; src=prologue
DebugDispAutoEscort,0x0017B2E8,0x0017B2E8,func,__text__,same_va,0.85,verified,same VA; USA size=36; src=prologue
actGirlHintPoint,0x0017B530,0x00107270,func,__text__,fuzzy,1.00,candidate,fuzzy; sz_diff=0; src=prologue
ACTGame_GirlBeforeFunc,0x0017B760,0x0017B760,func,__text__,same_va,0.85,verified,same VA; USA size=84; src=prologue
FindGirlPullupFloorBoxGObj,0x0017B858,0x00175308,func,__text__,op_seq_hash,0.95,verified,struct match; sz_diff=0; src=prologue
actGirlSupportGBBegin,0x0017B8A0,0x00175350,func,__text__,op_seq_hash,0.95,verified,struct match; sz_diff=0; src=prologue
actGirlSupportGBLoop,0x0017B970,0x00153E68,func,__text__,op_seq_hash,0.95,verified,struct match; sz_diff=0; src=prologue
actGirlSupportGBEnd,0x0017B9D0,0x00153AA8,func,__text__,op_seq_hash,0.95,verified,struct match; sz_diff=0; src=prologue
actGirlHangG3M,0x0017BA00,0x001754B0,func,__text__,op_seq_hash,0.95,verified,struct match; sz_diff=0; src=prologue
actGirlDitch3mExec,0x0017BA48,0x001754F8,func,__text__,op_seq_hash,0.95,verified,struct match; sz_diff=0; src=prologue
actGirlStand,0x0017BB48,0x00164EB0,func,__text__,op_seq_hash,0.95,verified,struct match; sz_diff=0; src=prologue
actGirlWalk,0x0017BB90,0x00164EB0,func,__text__,op_seq_hash,0.95,verified,struct match; sz_diff=0; src=prologue
actGirlRun,0x0017BBD8,0x00164EB0,func,__text__,op_seq_hash,0.95,verified,struct match; sz_diff=0; src=prologue
actGirlHang,0x0017BC20,0x00104360,func,__text__,fuzzy,1.00,candidate,fuzzy; sz_diff=0; src=prologue
actGirlBHang,0x0017BD30,0x00100008,func,__text__,fuzzy,1.00,candidate,fuzzy; sz_diff=0; src=prologue
actGirlAttack,0x0017BE28,0x00164EB0,func,__text__,op_seq_hash,0.95,verified,struct match; sz_diff=0; src=prologue
actGirlBecall,0x0017BE70,0x00152A70,func,__text__,op_seq_hash,0.95,verified,struct match; sz_diff=0; src=prologue
actGirlBehanged,0x0017BF68,0x001758F8,func,__text__,op_seq_hash,0.95,verified,struct match; sz_diff=0; src=prologue
actGirlAttractAction,0x0017BFF0,0x00153AA8,func,__text__,op_seq_hash,0.95,verified,struct match; sz_diff=0; src=prologue
actGirlHintVoice,0x0017C020,0x00102340,func,__text__,fuzzy,1.00,candidate,fuzzy; sz_diff=0; src=prologue
actGirlCannotReach,0x0017C068,0x0010BB98,func,__text__,fuzzy,1.00,candidate,fuzzy; sz_diff=0; src=prologue
actGirlHand50,0x0017C0E8,0x001759B0,func,__text__,op_seq_hash,0.95,verified,struct match; sz_diff=0; src=prologue
afterGirlHand50,0x0017C190,0x00175A58,func,__text__,op_seq_hash,0.95,verified,struct match; sz_diff=0; src=prologue
actGirlHand100,0x0017C1D0,0x00153FF0,func,__text__,op_seq_hash,0.95,verified,struct match; sz_diff=0; src=prologue
afterGirlHand100,0x0017C250,0x00175A58,func,__text__,op_seq_hash,0.95,verified,struct match; sz_diff=0; src=prologue
actGirlHand200,0x0017C290,0x00153FF0,func,__text__,op_seq_hash,0.95,verified,struct match; sz_diff=0; src=prologue
afterGirlHand200,0x0017C310,0x00175A58,func,__text__,op_seq_hash,0.95,verified,struct match; sz_diff=0; src=prologue
NotNeedBackHand,0x0017C350,0x00101B14,func,__text__,fuzzy,1.00,candidate,fuzzy; sz_diff=0; src=extracted
SetGirlDangerGObj,0x0017C3A8,0x001064B0,func,__text__,fuzzy,1.00,candidate,fuzzy; sz_diff=0; src=extracted
ClearGirlDangerGObj,0x0017C3C8,0x001064B0,func,__text__,fuzzy,1.00,candidate,fuzzy; sz_diff=0; src=extracted
subGirlBrain_Idle,0x0017C3E8,0x00175CB0,func,__text__,op_seq_hash,0.95,verified,struct match; sz_diff=0; src=prologue
subGirlBrain_Hesitate,0x0017C418,0x00175CE0,func,__text__,op_seq_hash,0.95,verified,struct match; sz_diff=0; src=prologue
subGirlBrain_Becarry,0x0017C4C8,0x00175CB0,func,__text__,op_seq_hash,0.95,verified,struct match; sz_diff=0; src=prologue
subGirlBrain_Busy,0x0017C4F8,0x00175DC0,func,__text__,op_seq_hash,0.95,verified,struct match; sz_diff=0; src=prologue
subGirlBrain_DangerEnv,0x0017C600,0x00133608,func,__text__,fuzzy,0.83,candidate,fuzzy; sz_diff=4; src=extracted
enemy_list_compare,0x0017C6B0,0x00101AE8,func,__text__,fuzzy,1.00,candidate,fuzzy; sz_diff=0; src=extracted
ACTCheckCollis_SAFE,0x0017C6D0,0x00175F80,func,__text__,op_seq_hash,0.95,verified,struct match; sz_diff=0; src=prologue
afterGirlHand,0x0017C840,0x001760F0,func,__text__,op_seq_hash,0.95,verified,struct match; sz_diff=0; src=prologue
afterGirlPulledGo,0x0017C880,0x00176130,func,__text__,raw_sha1,1.00,verified,exact; src=prologue
actGirlJump,0x0017C8A0,0x00164EB0,func,__text__,op_seq_hash,0.95,verified,struct match; sz_diff=0; src=prologue
afterGirlSupportBGBegin,0x0017C8E8,0x00176198,func,__text__,op_seq_hash,0.95,verified,struct match; sz_diff=0; src=prologue
isMustCheckCylinder,0x0017C908,0x001085BC,func,__text__,fuzzy,1.00,candidate,fuzzy; sz_diff=0; src=extracted
afterGirlHintPoint,0x0017C950,0x001019A8,func,__text__,fuzzy,1.00,candidate,fuzzy; sz_diff=0; src=prologue
jimaku_display_texture,0x0017C988,0x00176200,func,__text__,op_seq_hash,0.95,verified,struct match; sz_diff=0; src=prologue
iosCdvdBackGroundReadJimaku,0x0017CB20,0x00176398,func,__text__,op_seq_hash,0.95,verified,struct match; sz_diff=0; src=prologue
jimakuHandler,0x0017CB80,0x001763F8,func,__text__,op_seq_hash,0.95,verified,struct match; sz_diff=0; src=prologue
jimakuMgrBegin,0x0017CD88,0x0011FC28,func,__text__,fuzzy,1.00,candidate,fuzzy; sz_diff=0; src=prologue
jimakuMgrNext,0x0017CFF8,0x00176808,func,__text__,op_seq_hash,0.95,verified,struct match; sz_diff=0; src=prologue
jimakuMgrJump,0x0017D1C0,0x001769D0,func,__text__,op_seq_hash,0.95,verified,struct match; sz_diff=0; src=prologue
jimakuMgrEnd,0x0017D290,0x00176AA0,func,__text__,op_seq_hash,0.95,verified,struct match; sz_diff=0; src=prologue
jimakuBegin,0x0017D2D8,0x00107DD8,func,__text__,fuzzy,1.00,candidate,fuzzy; sz_diff=0; src=extracted
jimakuNext,0x0017D2F8,0x00176B08,func,__text__,op_seq_hash,0.95,verified,struct match; sz_diff=0; src=prologue
jimakuJump,0x0017D328,0x00176B38,func,__text__,op_seq_hash,0.95,verified,struct match; sz_diff=0; src=prologue
jimakuEnd,0x0017D3A8,0x00176BB8,func,__text__,op_seq_hash,0.95,verified,struct match; sz_diff=0; src=prologue
jimakuDisp,0x0017D3B8,0x00176BC8,func,__text__,op_seq_hash,0.95,verified,struct match; sz_diff=0; src=prologue
jimakuManager,0x0017D4D8,0x00176CE8,func,__text__,op_seq_hash,0.95,verified,struct match; sz_diff=0; src=prologue
jimakuUndisp,0x0017D5C0,0x001010EC,func,__text__,fuzzy,1.00,candidate,fuzzy; sz_diff=0; src=extracted
_FUNC_GetWay_begin,0x0017D5D0,0x00176DE0,func,__text__,op_seq_hash,0.95,verified,struct match; sz_diff=0; src=prologue
avoid_obstacle2,0x0017DA50,0x00177260,func,__text__,op_seq_hash,0.95,verified,struct match; sz_diff=0; src=prologue
create_box_bridge,0x0017E1E0,0x001779F0,func,__text__,op_seq_hash,0.95,verified,struct match; sz_diff=0; src=prologue
GetWay_next,0x0017E490,0x00177CA0,func,__text__,op_seq_hash,0.95,verified,struct match; sz_diff=0; src=prologue
GetNearNigePointN,0x0017EAA0,0x001782B0,func,__text__,op_seq_hash,0.95,verified,struct match; sz_diff=0; src=prologue
GetWay_begin,0x0017F0F8,0x0012FD50,func,__text__,op_seq_hash,0.95,verified,struct match; sz_diff=0; src=prologue
BridgeBox,0x0017F118,0x00100108,func,__text__,raw_sha1,1.00,verified,exact; src=prologue
DeleteGuideWay,0x0017F120,0x00178930,func,__text__,op_seq_hash,0.95,verified,struct match; sz_diff=0; src=prologue
visible_waypoint_of_all_except_gid,0x0017F180,0x00178990,func,__text__,op_seq_hash,0.95,verified,struct match; sz_diff=0; src=prologue
visible_waypoint_of_all_except_gid_ThreadVersion,0x0017F310,0x00178B20,func,__text__,op_seq_hash,0.95,verified,struct match; sz_diff=0; src=prologue
visible_waypoint_of_all_except_temp,0x0017F4B8,0x00178CC8,func,__text__,op_seq_hash,0.95,verified,struct match; sz_diff=0; src=prologue
visible_waypoint_of_all_except_temp_ThreadVersion,0x0017F668,0x00178CC8,func,__text__,op_seq_hash,0.95,verified,struct match; sz_diff=0; src=prologue
ez_line,0x0017F830,0x00179040,func,__text__,raw_sha1,1.00,verified,exact; src=prologue
ez_circle,0x0017F840,0x00179040,func,__text__,raw_sha1,1.00,verified,exact; src=prologue
short_direction_between_wp,0x0017F850,0x00179060,func,__text__,op_seq_hash,0.95,verified,struct match; sz_diff=0; src=prologue
wgid_next,0x0017FA38,0x00179248,func,__text__,op_seq_hash,0.95,verified,struct match; sz_diff=0; src=prologue
WayUtilWorkAlloc,0x0017FC28,0x00179438,func,__text__,op_seq_hash,0.95,verified,struct match; sz_diff=0; src=prologue
WayUtilWorkFree,0x0017FD48,0x00179558,func,__text__,op_seq_hash,0.95,verified,struct match; sz_diff=0; src=prologue
shortest_path,0x0017FDA8,0x001795B8,func,__text__,raw_sha1,1.00,verified,exact; src=prologue
shortest_path_ThreadVersion,0x00180068,0x001795B8,func,__text__,raw_sha1,1.00,verified,exact; src=prologue
GetWgAll,0x00180340,0x00179B50,func,__text__,raw_sha1,1.00,verified,exact; src=prologue
set_check_wp,0x00180600,0x001009A0,func,__text__,fuzzy,1.00,candidate,fuzzy; sz_diff=0; src=extracted
set_bridge,0x00180758,0x00179F68,func,__text__,op_seq_hash,0.95,verified,struct match; sz_diff=0; src=prologue
nearest_waypoint_of_group,0x00180A20,0x0017A230,func,__text__,op_seq_hash,0.95,verified,struct match; sz_diff=0; src=prologue
nearest_waypoint,0x00180AB8,0x0017A2C8,func,__text__,op_seq_hash,0.95,verified,struct match; sz_diff=0; src=prologue
nearest_waypoint_from_gobj,0x00180B58,0x0017A368,func,__text__,op_seq_hash,0.95,verified,struct match; sz_diff=0; src=prologue
nearest_waypoint_by_lineseg_of_group,0x00180C00,0x0017A410,func,__text__,op_seq_hash,0.95,verified,struct match; sz_diff=0; src=prologue
nearest_waypoint_by_lineseg,0x00180CB0,0x00133608,func,__text__,fuzzy,0.82,candidate,fuzzy; sz_diff=8; src=extracted
nearest_waypoint_by_lineseg_of_group_from_gobj,0x00180D68,0x0017A578,func,__text__,op_seq_hash,0.95,verified,struct match; sz_diff=0; src=prologue
nearest_waypoint_by_lineseg_from_gobj,0x00180E28,0x0017A638,func,__text__,op_seq_hash,0.95,verified,struct match; sz_diff=0; src=prologue
waypoint_with_range,0x00180EE8,0x0017A6F8,func,__text__,op_seq_hash,0.95,verified,struct match; sz_diff=0; src=prologue
nearest_waypoint_of_all_except_group,0x00180F78,0x0017A788,func,__text__,op_seq_hash,0.95,verified,struct match; sz_diff=0; src=prologue
nearest_waypoint_of_all_not_bridge_except_group,0x00181020,0x0017A830,func,__text__,op_seq_hash,0.95,verified,struct match; sz_diff=0; src=prologue
nearest_waypoint_of_all,0x00181100,0x0017A910,func,__text__,op_seq_hash,0.95,verified,struct match; sz_diff=0; src=prologue
visible_waypoint_of_all,0x001811A8,0x0017A9B8,func,__text__,op_seq_hash,0.95,verified,struct match; sz_diff=0; src=prologue
visible_waypoint_of_all_from_gobj,0x001811C8,0x0017A9D8,func,__text__,op_seq_hash,0.95,verified,struct match; sz_diff=0; src=prologue
visible_waypoint,0x001811F8,0x0017AA08,func,__text__,op_seq_hash,0.95,verified,struct match; sz_diff=0; src=prologue
visible_waypoint_from_gobj,0x00181310,0x0017AB20,func,__text__,op_seq_hash,0.95,verified,struct match; sz_diff=0; src=prologue
get_wp_nearest_bridge_side_me,0x00181438,0x0017AC48,func,__text__,op_seq_hash,0.95,verified,struct match; sz_diff=0; src=prologue
get_wp_nearest_bridge_side_bridge,0x001814C8,0x0013D0D0,func,__text__,fuzzy,0.98,candidate,fuzzy; sz_diff=4; src=extracted
direction_across_bridge,0x00181558,0x0017AD68,func,__text__,op_seq_hash,0.95,verified,struct match; sz_diff=0; src=prologue
waybridge_between_group,0x001815E8,0x0017ADF8,func,__text__,op_seq_hash,0.95,verified,struct match; sz_diff=0; src=prologue
bridge_waypoint_side_me,0x00181688,0x0017AE98,func,__text__,op_seq_hash,0.95,verified,struct match; sz_diff=0; src=prologue
waypoint_connect_group_side_me,0x00181730,0x00101B68,func,__text__,fuzzy,1.00,candidate,fuzzy; sz_diff=0; src=extracted
bridge_waypoint_side_bridge,0x00181778,0x0017AF88,func,__text__,op_seq_hash,0.95,verified,struct match; sz_diff=0; src=prologue
waypoint_connect_group_side_bridge,0x00181828,0x001009E0,func,__text__,fuzzy,1.00,candidate,fuzzy; sz_diff=0; src=extracted
NearestWgFromTarget,0x00181870,0x0017B080,func,__text__,op_seq_hash,0.95,verified,struct match; sz_diff=0; src=prologue
wayUtil_wpsort_compfnc,0x001818C8,0x00102644,func,__text__,fuzzy,1.00,candidate,fuzzy; sz_diff=0; src=extracted
gflagInit,0x00181900,0x001048C8,func,__text__,fuzzy,1.00,candidate,fuzzy; sz_diff=0; src=prologue
gflagSave,0x001819A0,0x001019E0,func,__text__,fuzzy,1.00,candidate,fuzzy; sz_diff=0; src=prologue
gflagLoad,0x001819F8,0x00107DD8,func,__text__,fuzzy,1.00,candidate,fuzzy; sz_diff=0; src=prologue
gflagChk,0x00181A48,0x0017B230,func,__text__,op_seq_hash,0.95,verified,struct match; sz_diff=0; src=prologue
gflagOn,0x00181A70,0x0017B258,func,__text__,op_seq_hash,0.95,verified,struct match; sz_diff=0; src=prologue
gflagOff,0x00181AA0,0x0017B288,func,__text__,op_seq_hash,0.95,verified,struct match; sz_diff=0; src=prologue
scpTorchLightOn,0x00181AD0,0x0017B2B8,func,__text__,op_seq_hash,0.95,verified,struct match; sz_diff=0; src=prologue
scpTorchLightOff,0x00181B00,0x0017B2B8,func,__text__,op_seq_hash,0.95,verified,struct match; sz_diff=0; src=prologue
scpSetCageVelocityFriction,0x00181B30,0x0017B318,func,__text__,op_seq_hash,0.95,verified,struct match; sz_diff=0; src=prologue
scpPlayMotDir,0x00181B70,0x0017B358,func,__text__,op_seq_hash,0.95,verified,struct match; sz_diff=0; src=prologue
scpPlayMotDirSmz,0x00181BB0,0x00102688,func,__text__,fuzzy,1.00,candidate,fuzzy; sz_diff=0; src=prologue
scpPlayMot,0x00181C18,0x0017B3F8,func,__text__,op_seq_hash,0.95,verified,struct match; sz_diff=0; src=prologue
scpPlayJump,0x00181D00,0x0017B4E0,func,__text__,op_seq_hash,0.95,verified,struct match; sz_diff=0; src=prologue
scpPlayStart,0x00181D48,0x0017B528,func,__text__,op_seq_hash,0.95,verified,struct match; sz_diff=0; src=prologue
scpPlayEnd,0x00181D88,0x0017B568,func,__text__,op_seq_hash,0.95,verified,struct match; sz_diff=0; src=prologue
scpTrans,0x00181DC0,0x0010184C,func,__text__,fuzzy,0.56,candidate,fuzzy; sz_diff=108; src=extracted
scpTriggerBallTargetMan,0x00181DD0,0x0017B5B0,func,__text__,op_seq_hash,0.95,verified,struct match; sz_diff=0; src=prologue
scpDoorTypeUpDown,0x00181F80,0x0017B760,func,__text__,op_seq_hash,0.95,verified,struct match; sz_diff=0; src=prologue
scpDoorTypeUpUp,0x001820D0,0x0017B760,func,__text__,op_seq_hash,0.95,verified,struct match; sz_diff=0; src=prologue
scpSubAdpcmPlay,0x00182220,0x00110580,func,__text__,fuzzy,1.00,candidate,fuzzy; sz_diff=0; src=prologue
scpAdpcmCloseFunc,0x001823F0,0x001823F0,func,__text__,same_va,0.85,verified,same VA; USA size=220; src=extracted
scpGirlHintVoiceReady,0x00182478,0x00107F14,func,__text__,fuzzy,1.00,candidate,fuzzy; sz_diff=0; src=prologue
scpGirlHintVoicePlay,0x001825F8,0x0013F9D0,func,__text__,fuzzy,0.78,candidate,fuzzy; sz_diff=12; src=extracted
scpGirlHintVoiceTickProc,0x00182618,0x00106390,func,__text__,fuzzy,1.00,candidate,fuzzy; sz_diff=0; src=prologue
scpWoodSrh,0x00182810,0x0017BB98,func,__text__,op_seq_hash,0.95,verified,struct match; sz_diff=0; src=prologue
scpSekizou,0x00182C58,0x0017BF78,func,__text__,op_seq_hash,0.95,verified,struct match; sz_diff=0; src=prologue
_SCPBoySupportGirl,0x00183298,0x0017C5B8,func,__text__,op_seq_hash,0.95,verified,struct match; sz_diff=0; src=prologue
_SCPMoveCharactorByWay_Cancel,0x001834F8,0x00133608,func,__text__,fuzzy,0.83,candidate,fuzzy; sz_diff=4; src=extracted
scpSekizouCheckPoint,0x00183528,0x0017C840,func,__text__,op_seq_hash,0.95,verified,struct match; sz_diff=0; src=prologue
scpWakeupEnemyOne,0x001835A8,0x0017C8C0,func,__text__,op_seq_hash,0.95,verified,struct match; sz_diff=0; src=prologue
scpSleepEnemyOne,0x001835E0,0x0017C8C0,func,__text__,op_seq_hash,0.95,verified,struct match; sz_diff=0; src=prologue
scpSleepSpiderGroupOne,0x00183618,0x0017B2B8,func,__text__,op_seq_hash,0.95,verified,struct match; sz_diff=0; src=prologue
scpWakeupSpiderGroupOne,0x00183648,0x0017B2B8,func,__text__,op_seq_hash,0.95,verified,struct match; sz_diff=0; src=prologue
scpKillSpiderGroup,0x00183678,0x0017C990,func,__text__,op_seq_hash,0.95,verified,struct match; sz_diff=0; src=prologue
preload,0x00183698,0x00133608,func,__text__,fuzzy,0.92,candidate,fuzzy; sz_diff=8; src=extracted
scpSetBoyWeaponGObj,0x001836F8,0x001BA668,func,__text__,fuzzy,0.93,candidate,fuzzy; sz_diff=4; src=extracted
scpDispOffAllWithKind,0x00183700,0x0017CA18,func,__text__,op_seq_hash,0.95,verified,struct match; sz_diff=0; src=prologue
scpDispOnAllWithKind,0x00183740,0x0017CA58,func,__text__,op_seq_hash,0.95,verified,struct match; sz_diff=0; src=prologue
scpActivateAllWithKind,0x00183788,0x0017CAA0,func,__text__,op_seq_hash,0.95,verified,struct match; sz_diff=0; src=prologue
scpDisActivateAllWithKind,0x001837C8,0x0017CA18,func,__text__,op_seq_hash,0.95,verified,struct match; sz_diff=0; src=prologue
scpLinkBGAtoLayoutedTarget,0x00183808,0x0017CB20,func,__text__,op_seq_hash,0.95,verified,struct match; sz_diff=0; src=prologue
scpLinkBGAtoLayoutedTargetSkelton,0x00183848,0x0017CB60,func,__text__,op_seq_hash,0.95,verified,struct match; sz_diff=0; src=prologue
scpLinkBGAtoLayoutedTargetSkeltonWithLocalRotationFlag,0x001838D0,0x0017CBE8,func,__text__,op_seq_hash,0.95,verified,struct match; sz_diff=0; src=prologue
scpLinkBGAtoKindTargetSkeltonWithLocalRotationFlag,0x00183968,0x0017CBE8,func,__text__,op_seq_hash,0.95,verified,struct match; sz_diff=0; src=prologue
scpGetWallCollision,0x00183A00,0x0017CD18,func,__text__,op_seq_hash,0.95,verified,struct match; sz_diff=0; src=prologue
scpDoorTypeUp,0x00183B68,0x0017CE80,func,__text__,op_seq_hash,0.95,verified,struct match; sz_diff=0; src=prologue
scpDoorTypeUpSwitch,0x00183C88,0x0017CFA0,func,__text__,op_seq_hash,0.95,verified,struct match; sz_diff=0; src=prologue
scpAdpcmPlayRequestFunc,0x00183D18,0x00102340,func,__text__,fuzzy,1.00,candidate,fuzzy; sz_diff=0; src=extracted
scpAdpcmPlayRequestNum,0x00183D88,0x00101B68,func,__text__,fuzzy,1.00,candidate,fuzzy; sz_diff=0; src=prologue
scpAdpcmFadeCloseFunc,0x00183DC0,0x00101B14,func,__text__,fuzzy,1.00,candidate,fuzzy; sz_diff=0; src=extracted
scpAdpcmCloseChkFunc,0x00183E60,0x00101B68,func,__text__,fuzzy,1.00,candidate,fuzzy; sz_diff=0; src=extracted
scpDeamon,0x00183ED8,0x00101ED0,func,__text__,fuzzy,1.00,candidate,fuzzy; sz_diff=0; src=prologue
scpGirlHintVoiceCancel,0x00183F80,0x00101030,func,__text__,fuzzy,1.00,candidate,fuzzy; sz_diff=0; src=prologue
scpWoodBox,0x00184018,0x0017D1D0,func,__text__,op_seq_hash,0.95,verified,struct match; sz_diff=0; src=prologue
scpIsTorchLightOn,0x00184078,0x0017D230,func,__text__,op_seq_hash,0.95,verified,struct match; sz_diff=0; src=prologue
scpIsBombExplode,0x001840B8,0x0017D270,func,__text__,op_seq_hash,0.95,verified,struct match; sz_diff=0; src=prologue
scpGetRotObjectRotCount,0x00184110,0x0017D2C8,func,__text__,op_seq_hash,0.95,verified,struct match; sz_diff=0; src=prologue
scpIsRotObjectZPlusDirInclude,0x00184150,0x0017D308,func,__text__,op_seq_hash,0.95,verified,struct match; sz_diff=0; src=prologue
scpTransLinear,0x00184218,0x0017D3D0,func,__text__,op_seq_hash,0.95,verified,struct match; sz_diff=0; src=prologue
scpRotateLinear,0x001842F0,0x0010184C,func,__text__,fuzzy,0.79,candidate,fuzzy; sz_diff=20; src=extracted
scpTriggerPosBall,0x00184430,0x0017D5E8,func,__text__,op_seq_hash,0.95,verified,struct match; sz_diff=0; src=prologue
scpTriggerBall,0x00184520,0x0017D6D8,func,__text__,op_seq_hash,0.95,verified,struct match; sz_diff=0; src=prologue
scpTriggerFloorAttr,0x00184638,0x0017D7F0,func,__text__,op_seq_hash,0.95,verified,struct match; sz_diff=0; src=prologue
scpTriggerWallAttr,0x00184730,0x0017D7F0,func,__text__,op_seq_hash,0.95,verified,struct match; sz_diff=0; src=prologue
scpTriggerFloorAttrTargetMan,0x00184828,0x0017D9E0,func,__text__,op_seq_hash,0.95,verified,struct match; sz_diff=0; src=prologue
scpTriggerPosBox,0x001849A0,0x0017DB58,func,__text__,raw_sha1,1.00,verified,exact; src=prologue
scpEffectStart,0x00184AD8,0x0017DC90,func,__text__,op_seq_hash,0.95,verified,struct match; sz_diff=0; src=prologue
scpSleepEnemyAll,0x00184B20,0x0017DCD8,func,__text__,op_seq_hash,0.95,verified,struct match; sz_diff=0; src=prologue
scpWakeupEnemyAll,0x00184BA8,0x0017DCD8,func,__text__,op_seq_hash,0.95,verified,struct match; sz_diff=0; src=prologue
scpKillEnemyAll,0x00184C30,0x0017DDE8,func,__text__,op_seq_hash,0.95,verified,struct match; sz_diff=0; src=prologue
scpMaskGeneratorAll,0x00184CE0,0x0017DE98,func,__text__,op_seq_hash,0.95,verified,struct match; sz_diff=0; src=prologue
scpKillEnemyOne,0x00184D28,0x0017DEE0,func,__text__,op_seq_hash,0.95,verified,struct match; sz_diff=0; src=prologue
_SCPMoveCharactorByWay,0x00184D80,0x00103120,func,__text__,fuzzy,1.00,candidate,fuzzy; sz_diff=0; src=prologue
_SCPMoveByWay_ToChar,0x00184E48,0x0017E000,func,__text__,op_seq_hash,0.95,verified,struct match; sz_diff=0; src=prologue
_SCPCharacterStop,0x00184FA8,0x00101B14,func,__text__,fuzzy,1.00,candidate,fuzzy; sz_diff=0; src=extracted
scpSearchGObj,0x00184FD0,0x0010F5B8,func,__text__,op_seq_hash,0.95,verified,struct match; sz_diff=0; src=prologue
scpPlayMotNode,0x00184FF0,0x0017E1A8,func,__text__,op_seq_hash,0.95,verified,struct match; sz_diff=0; src=prologue
scpPlayMotReq,0x00185088,0x0017E240,func,__text__,op_seq_hash,0.95,verified,struct match; sz_diff=0; src=prologue
scpPlayPosSet,0x001850B8,0x0017E270,func,__text__,op_seq_hash,0.95,verified,struct match; sz_diff=0; src=prologue
scpPlayWaitMotEnd,0x00185130,0x0017E2E8,func,__text__,op_seq_hash,0.95,verified,struct match; sz_diff=0; src=prologue
InitStageChange,0x00185170,0x00102678,func,__text__,op_seq_hash,0.95,verified,struct match; sz_diff=0; src=prologue
RequestStageChange,0x00185178,0x0017E330,func,__text__,op_seq_hash,0.95,verified,struct match; sz_diff=0; src=prologue
RequestStageChangeWithColor,0x001851A0,0x0010184C,func,__text__,fuzzy,0.75,candidate,fuzzy; sz_diff=16; src=extracted
RequestStageChangeSimple,0x001852E8,0x0017E4A0,func,__text__,op_seq_hash,0.95,verified,struct match; sz_diff=0; src=prologue
RequestStageChangeDirect,0x00185338,0x0017E4F0,func,__text__,op_seq_hash,0.95,verified,struct match; sz_diff=0; src=prologue
scpFadeOut,0x00185398,0x001064B0,func,__text__,fuzzy,1.00,candidate,fuzzy; sz_diff=0; src=extracted
scpFadeIn,0x001853B8,0x00100BA8,func,__text__,fuzzy,1.00,candidate,fuzzy; sz_diff=0; src=extracted
scpFadeChk,0x001853D0,0x00101AE8,func,__text__,fuzzy,1.00,candidate,fuzzy; sz_diff=0; src=extracted
scpGameStat_BoyWeaponkind,0x001853F8,0x0017E5B0,func,__text__,op_seq_hash,0.95,verified,struct match; sz_diff=0; src=prologue
scpIsWallLever2On,0x00185428,0x0010F5B8,func,__text__,op_seq_hash,0.95,verified,struct match; sz_diff=0; src=prologue
scpIsHangChain,0x00185448,0x0017E600,func,__text__,op_seq_hash,0.95,verified,struct match; sz_diff=0; src=prologue
scpIsHangChainOptional,0x00185468,0x0017E620,func,__text__,op_seq_hash,0.95,verified,struct match; sz_diff=0; src=prologue
scpBornSpider,0x001854A8,0x0017E660,func,__text__,op_seq_hash,0.95,verified,struct match; sz_diff=0; src=prologue
scpActStatusDeathFall,0x001855C8,0x00100F18,func,__text__,fuzzy,1.00,candidate,fuzzy; sz_diff=0; src=prologue
scpSetStreamMotionRootOffset,0x001856B8,0x0017E838,func,__text__,op_seq_hash,0.95,verified,struct match; sz_diff=0; src=prologue
scpWakeupItemWithBoundary,0x001856F0,0x0017E870,func,__text__,op_seq_hash,0.95,verified,struct match; sz_diff=0; src=prologue
scpCheckReadyAllObjects,0x001857A0,0x0017E600,func,__text__,op_seq_hash,0.95,verified,struct match; sz_diff=0; src=prologue
ScpCallCameraSetTarget,0x001857C0,0x0013C958,func,__text__,fuzzy,0.98,candidate,fuzzy; sz_diff=4; src=extracted
ScpCallCameraGetTarget,0x00185838,0x00101B14,func,__text__,fuzzy,1.00,candidate,fuzzy; sz_diff=0; src=extracted
ScpCallCameraOff,0x00185860,0x00101B68,func,__text__,fuzzy,1.00,candidate,fuzzy; sz_diff=0; src=extracted
ScpCallCameraOn,0x00185890,0x00101B14,func,__text__,fuzzy,1.00,candidate,fuzzy; sz_diff=0; src=extracted
ScpCallCameraTargetOff,0x001858B8,0x001858B8,func,__text__,same_va,0.85,verified,same VA; USA size=548; src=extracted
scpTransGObj,0x001858E8,0x0017EA50,func,__text__,op_seq_hash,0.95,verified,struct match; sz_diff=0; src=prologue
scpExplodeSecretItem,0x00185968,0x0017EAD0,func,__text__,op_seq_hash,0.95,verified,struct match; sz_diff=0; src=prologue
scpCheckExistAliveEnemy,0x001859E8,0x0017EB50,func,__text__,op_seq_hash,0.95,verified,struct match; sz_diff=0; src=prologue
scpCheckExistAliveSpider,0x00185A68,0x0017EB50,func,__text__,op_seq_hash,0.95,verified,struct match; sz_diff=0; src=prologue
scpLockMaxRotate,0x00185AE8,0x001009E0,func,__text__,fuzzy,1.00,candidate,fuzzy; sz_diff=0; src=extracted
scpUnlockMaxRotate,0x00185B10,0x001009E0,func,__text__,fuzzy,1.00,candidate,fuzzy; sz_diff=0; src=extracted
scpGetRotObjectCurrentRot,0x00185B38,0x001BA668,func,__text__,fuzzy,0.95,candidate,fuzzy; sz_diff=0; src=extracted
scpCheckDisconnectWallStart,0x00185B78,0x00101AE8,func,__text__,fuzzy,1.00,candidate,fuzzy; sz_diff=0; src=extracted
scpCheckDisconnectWallEnd,0x00185B98,0x00101B68,func,__text__,fuzzy,1.00,candidate,fuzzy; sz_diff=0; src=extracted
scpTriggerIgnore,0x00185BC8,0x0017EC98,func,__text__,op_seq_hash,0.95,verified,struct match; sz_diff=0; src=prologue
scpDoorTypeUpMain,0x00185CA0,0x0017ED70,func,__text__,op_seq_hash,0.95,verified,struct match; sz_diff=0; src=prologue
actSt25aQueenAppear,0x00185CD0,0x0017EDA0,func,__text__,op_seq_hash,0.95,verified,struct match; sz_diff=0; src=prologue
actSt25aQueenAppearChk,0x00185E60,0x0017EF30,func,__text__,op_seq_hash,0.95,verified,struct match; sz_diff=0; src=prologue
actConte11,0x00185F58,0x0017F028,func,__text__,op_seq_hash,0.95,verified,struct match; sz_diff=0; src=prologue
actSt25aQueenTalkChk,0x00186220,0x0017F2E8,func,__text__,op_seq_hash,0.95,verified,struct match; sz_diff=0; src=prologue
actConte12,0x00186750,0x0017F810,func,__text__,op_seq_hash,0.95,verified,struct match; sz_diff=0; src=prologue
actConte12Jimaku,0x00186C40,0x0017FCF8,func,__text__,op_seq_hash,0.95,verified,struct match; sz_diff=0; src=prologue
actSt25aQueenDeadChk,0x00186E88,0x00102564,func,__text__,fuzzy,1.00,candidate,fuzzy; sz_diff=0; src=prologue
actConte13Jimaku,0x001872F8,0x001803A8,func,__text__,op_seq_hash,0.95,verified,struct match; sz_diff=0; src=prologue
BoySekikaTexScroll,0x001874A0,0x00180550,func,__text__,op_seq_hash,0.95,verified,struct match; sz_diff=0; src=prologue
actSt25aElevChk,0x001874D0,0x0010CEA4,func,__text__,fuzzy,1.00,candidate,fuzzy; sz_diff=0; src=prologue
actSt25aGenerator,0x00187770,0x0015F4B8,func,__text__,op_seq_hash,0.95,verified,struct match; sz_diff=0; src=prologue
actSt25aQueenBefore,0x00187798,0x001805A8,func,__text__,op_seq_hash,0.95,verified,struct match; sz_diff=0; src=prologue
actSt25aQueenTalk,0x00187818,0x00180628,func,__text__,op_seq_hash,0.95,verified,struct match; sz_diff=0; src=prologue
actSt25aQueenDeadReady,0x001878A8,0x001806B8,func,__text__,op_seq_hash,0.95,verified,struct match; sz_diff=0; src=prologue
actSt25aQueenDead,0x00187910,0x001806B8,func,__text__,op_seq_hash,0.95,verified,struct match; sz_diff=0; src=prologue
actItouQueenAttack,0x00187978,0x001806B8,func,__text__,op_seq_hash,0.95,verified,struct match; sz_diff=0; src=prologue
actSt25aElev,0x001879E0,0x0011D590,func,__text__,fuzzy,1.00,candidate,fuzzy; sz_diff=0; src=prologue
actSwordEff,0x00187AA8,0x001807F0,func,__text__,op_seq_hash,0.95,verified,struct match; sz_diff=0; src=prologue
actSwordEffXL,0x00187AE8,0x00180830,func,__text__,op_seq_hash,0.95,verified,struct match; sz_diff=0; src=prologue
actSt25aQueenBeforeChk,0x00187B50,0x00180898,func,__text__,op_seq_hash,0.95,verified,struct match; sz_diff=0; src=prologue
actConte11Jimaku,0x00187BC8,0x00180910,func,__text__,op_seq_hash,0.95,verified,struct match; sz_diff=0; src=prologue
actSt25aQueenDeadReadyChk,0x00187D30,0x00180A78,func,__text__,op_seq_hash,0.95,verified,struct match; sz_diff=0; src=prologue
actSt25aQueenDeadEvent,0x00187DE0,0x00154CB8,func,__text__,raw_sha1,1.00,verified,exact; src=prologue
actItouQueenAttackChk,0x00187DF0,0x00180B38,func,__text__,op_seq_hash,0.95,verified,struct match; sz_diff=0; src=prologue
actSt25aElevCharaChk,0x00187E78,0x0021F470,func,__text__,op_seq_hash,0.95,verified,struct match; sz_diff=0; src=prologue
warpGirlOutStage,0x00187F00,0x00180BC0,func,__text__,op_seq_hash,0.95,verified,struct match; sz_diff=0; src=prologue
warpGirlInStage,0x00188158,0x00164070,func,__text__,fuzzy,0.80,candidate,fuzzy; sz_diff=0; src=extracted
warpGirlInit,0x00188278,0x00102678,func,__text__,op_seq_hash,0.95,verified,struct match; sz_diff=0; src=prologue
inner_check,0x00188280,0x00100F18,func,__text__,fuzzy,1.00,candidate,fuzzy; sz_diff=0; src=prologue
MakeAttackPack_Actor,0x00188490,0x00116888,func,__text__,fuzzy,1.00,candidate,fuzzy; sz_diff=4; src=prologue
AttackCheckSameGroup,0x00188808,0x00132930,func,__text__,fuzzy,0.94,candidate,fuzzy; sz_diff=4; src=extracted
AttackMail,0x001889B0,0x00106390,func,__text__,fuzzy,1.00,candidate,fuzzy; sz_diff=0; src=prologue
AttackCheckHit,0x00188C80,0x0010FCC0,func,__text__,fuzzy,1.00,candidate,fuzzy; sz_diff=0; src=prologue
AttackGenerate,0x00189108,0x00106570,func,__text__,fuzzy,1.00,candidate,fuzzy; sz_diff=0; src=prologue
EnemyAttackCenter,0x00189398,0x00100108,func,__text__,raw_sha1,1.00,verified,exact; src=prologue
BoyAttackCenter,0x001893A0,0x00100108,func,__text__,raw_sha1,1.00,verified,exact; src=prologue
CommonAttackCenter,0x001893A8,0x00181BC8,func,__text__,op_seq_hash,0.95,verified,struct match; sz_diff=0; src=prologue
_AttackCenter,0x001893D8,0x0011D590,func,__text__,fuzzy,1.00,candidate,fuzzy; sz_diff=0; src=prologue
AttackCenter_WithDir,0x00189580,0x00106B80,func,__text__,fuzzy,1.00,candidate,fuzzy; sz_diff=0; src=prologue
brainAddLevelGirl,0x00189738,0x00189738,func,__text__,same_va,0.85,verified,same VA; USA size=12; src=extracted
brainInit,0x00189758,0x00181F58,func,__text__,op_seq_hash,0.95,verified,struct match; sz_diff=0; src=prologue
OverrideBrainStatusByGObj,0x001897B0,0x001AE8F0,func,__text__,fuzzy,1.00,candidate,fuzzy; sz_diff=0; src=extracted
brainStatusDefaultSet,0x00189800,0x00101720,func,__text__,fuzzy,0.91,candidate,fuzzy; sz_diff=28; src=extracted
brainLevelProcess,0x00189948,0x00182158,func,__text__,op_seq_hash,0.95,verified,struct match; sz_diff=0; src=prologue
brainGetTarget,0x00189BE0,0x001823F0,func,__text__,op_seq_hash,0.95,verified,struct match; sz_diff=0; src=prologue
brainStatusDel,0x00189F48,0x0013608C,func,__text__,raw_sha1,1.00,verified,exact; src=prologue
brainGetLevel,0x00189F50,0x00101AE8,func,__text__,fuzzy,1.00,candidate,fuzzy; sz_diff=0; src=extracted
brainClsTargetLevel,0x00189F78,0x00135AD8,func,__text__,fuzzy,0.95,candidate,fuzzy; sz_diff=0; src=extracted
brainInitGirlSet,0x0018A050,0x00182958,func,__text__,op_seq_hash,0.95,verified,struct match; sz_diff=0; src=prologue
brainAddLevelGirlDetail,0x0018A0C8,0x001011B0,func,__text__,fuzzy,1.00,candidate,fuzzy; sz_diff=0; src=prologue
brainAddLevelGop,0x0018A128,0x001829D0,func,__text__,op_seq_hash,0.95,verified,struct match; sz_diff=0; src=prologue
brainSubLevelGop,0x0018A198,0x0013C958,func,__text__,fuzzy,0.98,candidate,fuzzy; sz_diff=4; src=extracted
brainSetLevelGop,0x0018A210,0x00182AB8,func,__text__,op_seq_hash,0.95,verified,struct match; sz_diff=0; src=prologue
brainDecTargetTimer,0x0018A2B0,0x00104698,func,__text__,fuzzy,1.00,candidate,fuzzy; sz_diff=0; src=extracted
brainSetSpMode,0x0018A340,0x00104E5C,func,__text__,fuzzy,1.00,candidate,fuzzy; sz_diff=0; src=extracted
brainLockGirl,0x0018A350,0x00104E5C,func,__text__,fuzzy,1.00,candidate,fuzzy; sz_diff=0; src=extracted
brainUnlockGirl,0x0018A360,0x001010EC,func,__text__,fuzzy,1.00,candidate,fuzzy; sz_diff=0; src=extracted
brainAddLevel,0x0018A370,0x00260BA0,func,__text__,fuzzy,1.00,candidate,fuzzy; sz_diff=0; src=extracted
brainSetLevel,0x0018A3C0,0x00182C68,func,__text__,op_seq_hash,0.95,verified,struct match; sz_diff=0; src=prologue
brainCheckView,0x0018A448,0x00182CF0,func,__text__,op_seq_hash,0.95,verified,struct match; sz_diff=0; src=prologue
EnterMenu,0x0018A478,0x00182D20,func,__text__,op_seq_hash,0.95,verified,struct match; sz_diff=0; src=prologue
saveEditedDataBinary,0x0018A530,0x00182DD8,func,__text__,op_seq_hash,0.95,verified,struct match; sz_diff=0; src=prologue
saveEditedData,0x0018A678,0x00182F20,func,__text__,op_seq_hash,0.95,verified,struct match; sz_diff=0; src=prologue
gif_test,0x0018A970,0x00183218,func,__text__,op_seq_hash,0.95,verified,struct match; sz_diff=0; src=prologue
DebugDispBox,0x0018AA58,0x00183300,func,__text__,raw_sha1,1.00,verified,exact; src=prologue
DispCameraGroup,0x0018B0C0,0x00183968,func,__text__,op_seq_hash,0.95,verified,struct match; sz_diff=0; src=prologue
drawXZArrow,0x0018B890,0x00184138,func,__text__,raw_sha1,1.00,verified,exact; src=prologue
DispAxisArrow,0x0018B9E8,0x00184290,func,__text__,op_seq_hash,0.95,verified,struct match; sz_diff=0; src=prologue
dispCameraPinType2,0x0018BBE0,0x00184488,func,__text__,op_seq_hash,0.95,verified,struct match; sz_diff=0; src=prologue
CameraEdit_DispPinType2,0x0018BFF8,,func,__text__,unmatched,0.00,unmatched,no match; PAL size=1676; src=extracted
dispCameraGroupType2,0x0018C008,0x001848B0,func,__text__,op_seq_hash,0.95,verified,struct match; sz_diff=0; src=prologue
CameraEdit_DispBoxType2_Plane,0x0018C9E0,0x00185288,func,__text__,op_seq_hash,0.95,verified,struct match; sz_diff=0; src=prologue
CameraEdit_DispBoxType2,0x0018CDB8,,func,__text__,unmatched,0.00,unmatched,no match; PAL size=5016; src=extracted
menuGroupSelect,0x0018CDC0,0x00185668,func,__text__,op_seq_hash,0.95,verified,struct match; sz_diff=0; src=prologue
menuGroupEdit,0x0018D010,0x001858B8,func,__text__,op_seq_hash,0.95,verified,struct match; sz_diff=0; src=prologue
menuPinSelect,0x0018D400,0x00185CA8,func,__text__,op_seq_hash,0.95,verified,struct match; sz_diff=0; src=prologue
menuPinEdit,0x0018D8C0,0x00186168,func,__text__,op_seq_hash,0.95,verified,struct match; sz_diff=0; src=prologue
wakeup_cameraedit,0x0018E0D0,0x00186978,func,__text__,op_seq_hash,0.95,verified,struct match; sz_diff=0; src=prologue
test_camedit,0x0018E150,0x00101278,func,__text__,fuzzy,0.99,candidate,fuzzy; sz_diff=4; src=extracted
_CameraEdit_del_box,0x0018E168,0x001A76B8,func,__text__,fuzzy,0.98,candidate,fuzzy; sz_diff=8; src=extracted
_CameraEdit_del_pin,0x0018E2C0,0x00142890,func,__text__,fuzzy,1.00,candidate,fuzzy; sz_diff=0; src=extracted
CameraEdit_add_box,0x0018E440,0x00186CE8,func,__text__,op_seq_hash,0.95,verified,struct match; sz_diff=0; src=prologue
CameraEdit_add_pin,0x0018E728,0x00186FD0,func,__text__,op_seq_hash,0.95,verified,struct match; sz_diff=0; src=prologue
CameraEdit_del_box,0x0018E9D8,0x00187280,func,__text__,op_seq_hash,0.95,verified,struct match; sz_diff=0; src=prologue
CameraEdit_del_pin,0x0018EA10,0x001872B8,func,__text__,op_seq_hash,0.95,verified,struct match; sz_diff=0; src=prologue
CameraEdit_DispBox,0x0018EA58,0x001B7F20,func,__text__,fuzzy,0.95,candidate,fuzzy; sz_diff=0; src=extracted
CameraEdit_Reflect,0x0018EA60,0x0013FD78,func,__text__,fuzzy,0.95,candidate,fuzzy; sz_diff=0; src=extracted
CameraEdit_Save,0x0018EA70,0x001BC130,func,__text__,fuzzy,0.95,candidate,fuzzy; sz_diff=12; src=extracted
debug_NMarker,0x0018EA80,0x00187328,func,__text__,op_seq_hash,0.95,verified,struct match; sz_diff=0; src=prologue
debug_Marker,0x0018EAF8,0x00100108,func,__text__,raw_sha1,1.00,verified,exact; src=prologue
debug_Arrow,0x0018EB00,0x00100108,func,__text__,raw_sha1,1.00,verified,exact; src=prologue
InitCameraEditor,0x0018EB08,0x001010EC,func,__text__,fuzzy,1.00,candidate,fuzzy; sz_diff=0; src=extracted
debug_CameraEditor,0x0018EB18,0x001873C0,func,__text__,op_seq_hash,0.95,verified,struct match; sz_diff=0; src=prologue
CameraEdit_reset_box,0x0018EB70,0x00187418,func,__text__,op_seq_hash,0.95,verified,struct match; sz_diff=0; src=prologue
CameraEdit_reset_pin,0x0018ECC8,0x0018ECC8,func,__text__,same_va,0.85,verified,same VA; USA size=412; src=extracted
CameraEdit_reflect_box,0x0018EDE0,0x00187688,func,__text__,op_seq_hash,0.95,verified,struct match; sz_diff=0; src=prologue
CameraEdit_reflect_pin,0x0018EF38,0x001141A0,func,__text__,fuzzy,1.00,candidate,fuzzy; sz_diff=0; src=extracted
CameraEdit_BOX_NUMBER,0x0018F050,0x001010EC,func,__text__,fuzzy,1.00,candidate,fuzzy; sz_diff=0; src=extracted
CameraEdit_PIN_NUMBER,0x0018F060,0x00187908,func,__text__,op_seq_hash,0.95,verified,struct match; sz_diff=0; src=prologue
CameraEdit_PIN_NUMBER_ALL,0x0018F0A8,0x001079DC,func,__text__,fuzzy,1.00,candidate,fuzzy; sz_diff=0; src=extracted
CameraEdit_BOX,0x0018F0E8,0x00187990,func,__text__,op_seq_hash,0.95,verified,struct match; sz_diff=0; src=prologue
CameraEdit_PIN,0x0018F100,0x001009E0,func,__text__,fuzzy,1.00,candidate,fuzzy; sz_diff=0; src=extracted
CameraEdit_DispPin,0x0018F128,0x001879D0,func,__text__,op_seq_hash,0.95,verified,struct match; sz_diff=0; src=prologue
ConvertCameraSetBuffer,0x0018F2A8,0x0026CF30,func,__text__,fuzzy,0.95,candidate,fuzzy; sz_diff=0; src=extracted
StickToTrans,0x0018F418,0x00187CC0,func,__text__,raw_sha1,1.00,verified,exact; src=prologue
menu_2,0x0018F590,0x00187E38,func,__text__,op_seq_hash,0.95,verified,struct match; sz_diff=0; src=prologue
camEdit_group_select,0x0018F5F8,0x00187EA0,func,__text__,op_seq_hash,0.95,verified,struct match; sz_diff=0; src=prologue
_CameraEdit_BOX,0x0018F668,0x00106750,func,__text__,fuzzy,1.00,candidate,fuzzy; sz_diff=0; src=extracted
_CameraEdit_PIN,0x0018F680,0x00187F28,func,__text__,raw_sha1,1.00,verified,exact; src=prologue
_CameraEdit_add_box,0x0018F6A8,0x00187F50,func,__text__,raw_sha1,1.00,verified,exact; src=prologue
_CameraEdit_add_pin,0x0018F820,0x001880C8,func,__text__,raw_sha1,1.00,verified,exact; src=prologue
CameraEdit_Enter,0x0018F978,0x00100108,func,__text__,raw_sha1,1.00,verified,exact; src=prologue
CameraSetCameraSet,0x0018F980,0x00188228,func,__text__,op_seq_hash,0.95,verified,struct match; sz_diff=0; src=prologue
CameraSetCameraSet_Default,0x0018F9E8,0x001AA750,func,__text__,fuzzy,0.61,candidate,fuzzy; sz_diff=28; src=extracted
GetRootPositionForCamera,0x0018FA08,0x001AA750,func,__text__,fuzzy,0.64,candidate,fuzzy; sz_diff=4; src=extracted
ico2camera_GetTargetPos,0x0018FA28,0x001882D0,func,__text__,op_seq_hash,0.95,verified,struct match; sz_diff=0; src=prologue
ico2camera_GetGroupNearest,0x0018FCA8,0x00188550,func,__text__,op_seq_hash,0.95,verified,struct match; sz_diff=0; src=prologue
initMonitorCamera,0x0018FE28,0x00101B14,func,__text__,fuzzy,1.00,candidate,fuzzy; sz_diff=0; src=extracted
monitorMonitorCamera,0x0018FE50,0x00102688,func,__text__,fuzzy,1.00,candidate,fuzzy; sz_diff=0; src=prologue
ChaseCamera,0x00190780,0x00188C98,func,__text__,op_seq_hash,0.95,verified,struct match; sz_diff=0; src=prologue
CameraMove,0x00190918,0x00188E30,func,__text__,op_seq_hash,0.95,verified,struct match; sz_diff=0; src=prologue
ReflectCameraSetBinary,0x00191290,0x001897A8,func,__text__,op_seq_hash,0.95,verified,struct match; sz_diff=0; src=prologue
InitIco2Camera,0x001915B0,0x00104590,func,__text__,fuzzy,1.00,candidate,fuzzy; sz_diff=0; src=prologue
GetTargetOffset,0x00191670,0x00189B88,func,__text__,op_seq_hash,0.95,verified,struct match; sz_diff=0; src=prologue
SetCameraMatrix_Ico2,0x00191850,0x00104360,func,__text__,fuzzy,1.00,candidate,fuzzy; sz_diff=0; src=prologue
ReadCameraSet,0x00191DE0,0x0018A400,func,__text__,op_seq_hash,0.95,verified,struct match; sz_diff=0; src=prologue
GetHandCameraStickInfo,0x00192A78,0x0010CEA4,func,__text__,fuzzy,1.00,candidate,fuzzy; sz_diff=0; src=prologue
SetCameraZoomOffsetRatio,0x00192B60,0x0010A4E4,func,__text__,op_seq_hash,0.95,verified,struct match; sz_diff=0; src=prologue
GetCameraGroupCurrent,0x00192B68,0x00109BAC,func,__text__,op_seq_hash,0.95,verified,struct match; sz_diff=0; src=prologue
GetCameraGroupFromGObj,0x00192B70,0x0018B0A8,func,__text__,op_seq_hash,0.95,verified,struct match; sz_diff=0; src=prologue
GetCameraGroupFromPosition,0x00192C48,0x0018B180,func,__text__,op_seq_hash,0.95,verified,struct match; sz_diff=0; src=prologue
AddPluralCameraSet,0x00192D10,0x0018B248,func,__text__,op_seq_hash,0.95,verified,struct match; sz_diff=0; src=prologue
InitPluralCameraSet,0x00192DC0,0x00102678,func,__text__,op_seq_hash,0.95,verified,struct match; sz_diff=0; src=prologue
GetPluralCameraSet,0x00192DC8,0x0018B300,func,__text__,op_seq_hash,0.95,verified,struct match; sz_diff=0; src=prologue
MakeCameraSetBinary,0x00192E70,0x0018B3A8,func,__text__,raw_sha1,1.00,verified,exact; src=prologue
GetSizeOfCameraSetBinary,0x001930E8,0x001085BC,func,__text__,fuzzy,1.00,candidate,fuzzy; sz_diff=0; src=extracted
SetCameraTargetPosition,0x00193130,0x0018B668,func,__text__,op_seq_hash,0.95,verified,struct match; sz_diff=0; src=prologue
SetWSMatrix,0x001931C8,0x0018B700,func,__text__,op_seq_hash,0.95,verified,struct match; sz_diff=0; src=prologue
ConvertCameraSet,0x00193200,0x0018B738,func,__text__,op_seq_hash,0.95,verified,struct match; sz_diff=0; src=prologue
MakeMatrixFromCameraSet2,0x00193350,0x0011FC28,func,__text__,fuzzy,1.00,candidate,fuzzy; sz_diff=0; src=prologue
MakeCameraMatrix,0x00193400,0x001009A0,func,__text__,fuzzy,1.00,candidate,fuzzy; sz_diff=0; src=prologue
CameraEditManual,0x00193510,0x0018B9D0,func,__text__,op_seq_hash,0.95,verified,struct match; sz_diff=0; src=prologue
DebugCameraManual,0x001939B8,0x0018B700,func,__text__,op_seq_hash,0.95,verified,struct match; sz_diff=0; src=prologue
DebugCameraSemiAuto,0x001939F0,0x0018BEB0,func,__text__,op_seq_hash,0.95,verified,struct match; sz_diff=0; src=prologue
BackToGameCamera,0x00193AB0,0x0018BF70,func,__text__,op_seq_hash,0.95,verified,struct match; sz_diff=0; src=prologue
GetCameraInfomationFromGlobalPosition,0x00193BB8,0x001BFB6C,func,__text__,fuzzy,0.80,candidate,fuzzy; sz_diff=0; src=extracted
InitCamera,0x00193BE8,0x0012A318,func,__text__,fuzzy,1.00,candidate,fuzzy; sz_diff=0; src=prologue
SetCameraMatrix,0x00193D70,0x00106570,func,__text__,fuzzy,1.00,candidate,fuzzy; sz_diff=0; src=prologue
Camctrl_ExitEveRock,0x00194870,0x00101B14,func,__text__,fuzzy,1.00,candidate,fuzzy; sz_diff=0; src=prologue
Camctrl_SetTarget,0x001948A0,0x0018CAA8,func,__text__,op_seq_hash,0.95,verified,struct match; sz_diff=0; src=prologue
GetCameraDefaultTargetGObj,0x001948D0,0x0018CAD8,func,__text__,op_seq_hash,0.95,verified,struct match; sz_diff=0; src=prologue
CameraSetTargetGObj,0x00194908,0x001010EC,func,__text__,fuzzy,1.00,candidate,fuzzy; sz_diff=0; src=extracted
CameraChangeTargetParallel,0x00194918,0x0018CB20,func,__text__,op_seq_hash,0.95,verified,struct match; sz_diff=0; src=prologue
CameraGetTarget,0x001949D8,0x00109BAC,func,__text__,op_seq_hash,0.95,verified,struct match; sz_diff=0; src=prologue
CameraGetTargets,0x001949E0,0x00106750,func,__text__,fuzzy,1.00,candidate,fuzzy; sz_diff=0; src=extracted
CameraSetMode,0x001949F8,0x0018CC00,func,__text__,op_seq_hash,0.95,verified,struct match; sz_diff=0; src=prologue
CameraGetMode,0x00194A08,0x00109BAC,func,__text__,op_seq_hash,0.95,verified,struct match; sz_diff=0; src=prologue
CameraGetOtherObjOffset,0x00194A10,0x0018CC18,func,__text__,op_seq_hash,0.95,verified,struct match; sz_diff=0; src=prologue
InsertCamera_Set,0x00194AF8,0x00104590,func,__text__,fuzzy,1.00,candidate,fuzzy; sz_diff=0; src=prologue
InsertCamera_SetNoraml,0x00194BA0,0x00101100,func,__text__,fuzzy,1.00,candidate,fuzzy; sz_diff=0; src=prologue
InsertCamera_SetDetail,0x00194C50,0x00100C90,func,__text__,fuzzy,1.00,candidate,fuzzy; sz_diff=0; src=prologue
InsertCamera_Exec,0x00194D28,0x0010BB98,func,__text__,fuzzy,1.00,candidate,fuzzy; sz_diff=0; src=extracted
GetCurrentCameraSet2,0x00194DA8,0x0014BDC8,func,__text__,op_seq_hash,0.95,verified,struct match; sz_diff=0; src=prologue
SetCameraFlag_LwsCutBack,0x00194DB8,0x0018CED0,func,__text__,op_seq_hash,0.95,verified,struct match; sz_diff=0; src=prologue
SetCameraFlag_GamecamCutBack,0x00194DC8,0x0018CED0,func,__text__,op_seq_hash,0.95,verified,struct match; sz_diff=0; src=prologue
SetHandCameraLimitInDemo,0x00194DD8,0x001010EC,func,__text__,fuzzy,1.00,candidate,fuzzy; sz_diff=0; src=extracted
ResetHandCameraLimitInDemo,0x00194DE8,0x00106750,func,__text__,fuzzy,1.00,candidate,fuzzy; sz_diff=0; src=prologue
SetZoomMaxValInDemo,0x00194E08,0x00102678,func,__text__,op_seq_hash,0.95,verified,struct match; sz_diff=0; src=prologue
ResetZoomMaxValInDemo,0x00194E10,0x00104E5C,func,__text__,fuzzy,1.00,candidate,fuzzy; sz_diff=0; src=extracted
UpdateHandCameraLimitP,0x00194E20,0x00106750,func,__text__,fuzzy,1.00,candidate,fuzzy; sz_diff=0; src=extracted
UpdateHandCameraLimitV,0x00194E38,0x001AA688,func,__text__,op_seq_hash,0.95,verified,struct match; sz_diff=0; src=prologue
UpdateZoomMaxVallInDemo,0x00194E50,0x001AA688,func,__text__,op_seq_hash,0.95,verified,struct match; sz_diff=0; src=prologue
InsertCamera_isEnable,0x00194E68,0x0018CEF0,func,__text__,op_seq_hash,0.95,verified,struct match; sz_diff=0; src=prologue
CameraSetCameraPosition,0x00194E78,0x001019E0,func,__text__,fuzzy,1.00,candidate,fuzzy; sz_diff=0; src=extracted
CameraSetTargetPos,0x00194ED0,0x00100108,func,__text__,raw_sha1,1.00,verified,exact; src=prologue
GetCameraPos,0x00194ED8,0x00106750,func,__text__,fuzzy,1.00,candidate,fuzzy; sz_diff=0; src=extracted
GetCameraInfo_tmp,0x00194EF8,0x0018CF80,func,__text__,op_seq_hash,0.95,verified,struct match; sz_diff=0; src=prologue
testcamerazoom,0x00194F48,0x0018CED0,func,__text__,op_seq_hash,0.95,verified,struct match; sz_diff=0; src=prologue
SetMonitorCameraInitializeFlag,0x00194F58,0x0013F878,func,__text__,op_seq_hash,0.95,verified,struct match; sz_diff=0; src=prologue
InitCameraSetManager,0x00194F68,0x00102678,func,__text__,op_seq_hash,0.95,verified,struct match; sz_diff=0; src=prologue
UpdateRootPosition,0x00194F70,0x0018CFF8,func,__text__,op_seq_hash,0.95,verified,struct match; sz_diff=0; src=prologue
StartPendulum,0x00195078,0x0018D100,func,__text__,op_seq_hash,0.95,verified,struct match; sz_diff=0; src=prologue
collisionCheck,0x00195318,0x0018D3A0,func,__text__,op_seq_hash,0.95,verified,struct match; sz_diff=0; src=prologue
chain_simulate_term_simple,0x00195468,0x0018D4F0,func,__text__,op_seq_hash,0.95,verified,struct match; sz_diff=0; src=prologue
chain_simulate_term_ropeturn,0x001955B8,0x0018DD80,func,__text__,op_seq_hash,0.95,verified,struct match; sz_diff=0; src=prologue
chain_simulate_term_loop,0x00195628,0x0018D640,func,__text__,op_seq_hash,0.95,verified,struct match; sz_diff=0; src=prologue
chain_simulate_term_swingready,0x001956F0,0x00111AE8,func,__text__,fuzzy,1.00,candidate,fuzzy; sz_diff=0; src=prologue
chain_simulate_term_swingstart,0x00195818,0x0010EE90,func,__text__,fuzzy,1.00,candidate,fuzzy; sz_diff=0; src=prologue
chain_simulate_term_moveup,0x00195A58,0x0018D928,func,__text__,op_seq_hash,0.95,verified,struct match; sz_diff=0; src=prologue
chain_simulate_term_free,0x00195BF8,0x0018D640,func,__text__,op_seq_hash,0.95,verified,struct match; sz_diff=0; src=prologue
chain_simulate_term_down,0x00195CC0,0x0018DB90,func,__text__,op_seq_hash,0.95,verified,struct match; sz_diff=0; src=prologue
chain_simulate_hangstart,0x00195EB0,0x00104818,func,__text__,fuzzy,1.00,candidate,fuzzy; sz_diff=0; src=prologue
chain_simulate_term,0x00195F68,0x0018DDF0,func,__text__,op_seq_hash,0.95,verified,struct match; sz_diff=0; src=prologue
chain_simulate_stop,0x00195FC0,0x00109488,func,__text__,fuzzy,1.00,candidate,fuzzy; sz_diff=0; src=extracted
chain_simulate_free,0x00196078,0x0018DF00,func,__text__,op_seq_hash,0.95,verified,struct match; sz_diff=0; src=prologue
correct_vector,0x00196170,0x0018DFF8,func,__text__,op_seq_hash,0.95,verified,struct match; sz_diff=0; src=prologue
pendulum_Process,0x00196300,0x0018E188,func,__text__,raw_sha1,1.00,verified,exact; src=prologue
InitChainGeo,0x00196728,0x0018E5B0,func,__text__,raw_sha1,1.00,verified,exact; src=prologue
chain_set_charachara,0x00196CE8,0x0018EB70,func,__text__,op_seq_hash,0.95,verified,struct match; sz_diff=0; src=prologue
ChainGeo,0x00196E40,0x00100C90,func,__text__,fuzzy,1.00,candidate,fuzzy; sz_diff=0; src=prologue
ChainDL,0x00197878,0x0018F640,func,__text__,op_seq_hash,0.95,verified,struct match; sz_diff=0; src=prologue
GetPositionOnTheChain,0x001979D0,0x0018F798,func,__text__,op_seq_hash,0.95,verified,struct match; sz_diff=0; src=prologue
PlumbPointUpdateChain,0x00197B20,0x0018F8E8,func,__text__,op_seq_hash,0.95,verified,struct match; sz_diff=0; src=prologue
TestChainUpDown,0x00197CA8,0x00100FB0,func,__text__,fuzzy,1.00,candidate,fuzzy; sz_diff=0; src=prologue
SetChainRootUpdateMode,0x001985D8,0x001011B0,func,__text__,fuzzy,1.00,candidate,fuzzy; sz_diff=0; src=extracted
HoldChain,0x00198630,0x00190298,func,__text__,op_seq_hash,0.95,verified,struct match; sz_diff=0; src=prologue
ReleaseChain,0x00198660,0x00104E5C,func,__text__,fuzzy,1.00,candidate,fuzzy; sz_diff=0; src=extracted
GetChainPendulum,0x00198670,0x001079DC,func,__text__,fuzzy,1.00,candidate,fuzzy; sz_diff=0; src=extracted
IncreasePdlChain,0x001986B0,0x00106750,func,__text__,fuzzy,1.00,candidate,fuzzy; sz_diff=0; src=extracted
DecreasePdlChain,0x001986C8,0x00101B68,func,__text__,fuzzy,1.00,candidate,fuzzy; sz_diff=0; src=extracted
PlumbOrientUpdateChain,0x001986F8,0x00101B14,func,__text__,fuzzy,1.00,candidate,fuzzy; sz_diff=0; src=extracted
isBottomOfChain,0x00198720,0x001064B0,func,__text__,fuzzy,1.00,candidate,fuzzy; sz_diff=0; src=extracted
isStopChain,0x00198740,0x00104E5C,func,__text__,fuzzy,1.00,candidate,fuzzy; sz_diff=0; src=extracted
GetChainClimbOrient,0x00198750,0x00198750,func,__text__,same_va,0.85,verified,same VA; USA size=8; src=extracted
CheckChainClimbablePos,0x00198778,0x00101B14,func,__text__,fuzzy,1.00,candidate,fuzzy; sz_diff=0; src=extracted
GetChainClimbCollision,0x001987A0,0x001009E0,func,__text__,fuzzy,1.00,candidate,fuzzy; sz_diff=0; src=extracted
SetChainParentGObj,0x001987C8,0x00104E5C,func,__text__,fuzzy,1.00,candidate,fuzzy; sz_diff=0; src=extracted
GetChainDirCorrectVal,0x001987D8,0x001009A0,func,__text__,fuzzy,1.00,candidate,fuzzy; sz_diff=0; src=extracted
GetRootPositionHandExtra,0x00198810,0x00190478,func,__text__,op_seq_hash,0.95,verified,struct match; sz_diff=0; src=prologue
InitPendulum,0x00198880,0x00101720,func,__text__,fuzzy,0.96,candidate,fuzzy; sz_diff=12; src=extracted
LockChainGeo,0x001989B8,0x00106750,func,__text__,fuzzy,1.00,candidate,fuzzy; sz_diff=0; src=extracted
UnLockChainGeo,0x001989D0,0x00104E5C,func,__text__,fuzzy,1.00,candidate,fuzzy; sz_diff=0; src=extracted
GetChainHangRange,0x001989E0,0x00104E5C,func,__text__,fuzzy,1.00,candidate,fuzzy; sz_diff=0; src=extracted
GetChainLength,0x001989F0,0x001009E0,func,__text__,fuzzy,1.00,candidate,fuzzy; sz_diff=0; src=extracted
EnableChainHang,0x00198A18,0x00106750,func,__text__,fuzzy,1.00,candidate,fuzzy; sz_diff=0; src=extracted
UnableChainHang,0x00198A30,0x00104E5C,func,__text__,fuzzy,1.00,candidate,fuzzy; sz_diff=0; src=extracted
IsAbleChainHang,0x00198A40,0x00104E5C,func,__text__,fuzzy,1.00,candidate,fuzzy; sz_diff=0; src=extracted
ChainPositionReset,0x00198A50,0x00101ED0,func,__text__,fuzzy,1.00,candidate,fuzzy; sz_diff=0; src=prologue
_GetCorrectOrientOfChain,0x00198AF8,0x001906B8,func,__text__,op_seq_hash,0.95,verified,struct match; sz_diff=0; src=prologue
chain_sub_simulate,0x00198C20,0x001907E0,func,__text__,op_seq_hash,0.95,verified,struct match; sz_diff=0; src=prologue
chain_sub_pendulum,0x00198DF8,0x001909B8,func,__text__,op_seq_hash,0.95,verified,struct match; sz_diff=0; src=prologue
GetChainNearestNodePosition,0x00198E88,0x00190A48,func,__text__,op_seq_hash,0.95,verified,struct match; sz_diff=0; src=prologue
eBrainProcess,0x00198F70,0x00190B30,func,__text__,op_seq_hash,0.95,verified,struct match; sz_diff=0; src=prologue
eBrainGetTargetGeneratorFromLabel,0x001991B0,0x00190D70,func,__text__,op_seq_hash,0.95,verified,struct match; sz_diff=0; src=prologue
eBrainGetTarget,0x00199370,0x00190F30,func,__text__,op_seq_hash,0.95,verified,struct match; sz_diff=0; src=prologue
eBrainInit,0x00199CE8,0x001918A8,func,__text__,op_seq_hash,0.95,verified,struct match; sz_diff=0; src=prologue
eBrainStatusSet,0x00199D30,0x001918F0,func,__text__,op_seq_hash,0.95,verified,struct match; sz_diff=0; src=prologue
eBrainSendMes,0x00199DE0,0x001919A0,func,__text__,op_seq_hash,0.95,verified,struct match; sz_diff=0; src=prologue
GetStageFromLabel,0x00199EE0,0x00191AA0,func,__text__,op_seq_hash,0.95,verified,struct match; sz_diff=0; src=prologue
eBrainGetTargetGeneratorFromLabelStage,0x00199FB0,0x00191B70,func,__text__,op_seq_hash,0.95,verified,struct match; sz_diff=0; src=prologue
EnemyCtrlBeforeFunc,0x0019A0C0,0x00191C80,func,__text__,op_seq_hash,0.95,verified,struct match; sz_diff=0; src=prologue
InitEnemyCtrlGeo,0x0019A148,0x00191D08,func,__text__,op_seq_hash,0.95,verified,struct match; sz_diff=0; src=prologue
IsSelectID_EnemyCtrl,0x0019A160,0x00101AE8,func,__text__,fuzzy,1.00,candidate,fuzzy; sz_diff=0; src=extracted
fightSoundProcessMain,0x0019A1B0,0x00191D70,func,__text__,op_seq_hash,0.95,verified,struct match; sz_diff=0; src=prologue
fightSoundProcess,0x0019A390,0x00191F50,func,__text__,op_seq_hash,0.95,verified,struct match; sz_diff=0; src=prologue
fightSoundProcessRequestPause,0x0019A480,0x0013F878,func,__text__,op_seq_hash,0.95,verified,struct match; sz_diff=0; src=extracted
fightSoundClose,0x0019A490,0x00192050,func,__text__,op_seq_hash,0.95,verified,struct match; sz_diff=0; src=prologue
fightSoundProcessRequestStart,0x0019A4C8,0x00102678,func,__text__,op_seq_hash,0.95,verified,struct match; sz_diff=0; src=prologue
fightSoundProcessRequestStatus,0x0019A4D0,0x00109BAC,func,__text__,op_seq_hash,0.95,verified,struct match; sz_diff=0; src=prologue
fightSoundPlayChk,0x0019A4D8,0x00258CE0,func,__text__,op_seq_hash,0.95,verified,struct match; sz_diff=0; src=extracted
CheckGeneratorCollision,0x0019A4E8,0x001920A8,func,__text__,op_seq_hash,0.95,verified,struct match; sz_diff=0; src=prologue
GetGeneratorSafePosition,0x0019A638,0x001921F8,func,__text__,op_seq_hash,0.95,verified,struct match; sz_diff=0; src=prologue
switch_MainStatus,0x0019A8B8,0x001033A0,func,__text__,fuzzy,1.00,candidate,fuzzy; sz_diff=0; src=prologue
endfunc_BGA,0x0019A9D0,0x00192478,func,__text__,op_seq_hash,0.95,verified,struct match; sz_diff=0; src=prologue
IsNeedGeneratorHard,0x0019AB38,0x0015C858,func,__text__,fuzzy,1.00,candidate,fuzzy; sz_diff=0; src=prologue
CallEnemy,0x0019AE28,0x00192908,func,__text__,op_seq_hash,0.95,verified,struct match; sz_diff=0; src=prologue
Generator_QuickCall,0x0019B078,0x0019B078,func,__text__,same_va,0.85,verified,same VA; USA size=16; src=prologue
Generator_Delete,0x0019B0B8,0x001BFB6C,func,__text__,fuzzy,0.90,candidate,fuzzy; sz_diff=0; src=extracted
GetMotherGenerator,0x0019B0C0,0x00103D50,func,__text__,fuzzy,1.00,candidate,fuzzy; sz_diff=0; src=prologue
ReadGeneratorPacket,0x0019B270,0x001034B8,func,__text__,fuzzy,1.00,candidate,fuzzy; sz_diff=0; src=extracted
MakeGeneratorPacket,0x0019B358,0x00192E08,func,__text__,op_seq_hash,0.95,verified,struct match; sz_diff=0; src=prologue
generatorBeforeFunc,0x0019B408,0x00192EB8,func,__text__,op_seq_hash,0.95,verified,struct match; sz_diff=0; src=prologue
GeneratorGeo,0x0019B600,,func,__text__,unmatched,0.00,unmatched,no match; PAL size=1244; src=extracted
GeneratorDL,0x0019BAE0,0x00193600,func,__text__,op_seq_hash,0.95,verified,struct match; sz_diff=0; src=prologue
InitGeneratorGeo,0x0019BC10,0x0010CDC0,func,__text__,fuzzy,1.00,candidate,fuzzy; sz_diff=0; src=prologue
Generator_Call,0x0019BD00,0x00100BA8,func,__text__,fuzzy,1.00,candidate,fuzzy; sz_diff=0; src=extracted
Generator_ResetCount,0x0019BD18,0x00106750,func,__text__,fuzzy,1.00,candidate,fuzzy; sz_diff=0; src=extracted
Generator_Mask,0x0019BD30,0x0019BD30,func,__text__,same_va,0.85,verified,same VA; USA size=728; src=extracted
Generator_MaskOff,0x0019BD48,0x00104E5C,func,__text__,fuzzy,1.00,candidate,fuzzy; sz_diff=0; src=extracted
SetMotherGenerator,0x0019BD58,0x0013FD78,func,__text__,fuzzy,1.00,candidate,fuzzy; sz_diff=0; src=extracted
Generator_Init,0x0019BE18,0x00193930,func,__text__,op_seq_hash,0.95,verified,struct match; sz_diff=0; src=prologue
GetbufpGeneratorPacket,0x0019BEB0,0x0014BDC8,func,__text__,op_seq_hash,0.95,verified,struct match; sz_diff=0; src=prologue
GetsizeGeneratorPacket,0x0019BEC0,0x001009D8,func,__text__,op_seq_hash,0.95,verified,struct match; sz_diff=0; src=prologue
RestoreGeneratorGeo,0x0019BEC8,0x001064B0,func,__text__,fuzzy,1.00,candidate,fuzzy; sz_diff=0; src=extracted
RestoreGeneratorExtGeo,0x0019BEE8,0x00193A00,func,__text__,op_seq_hash,0.95,verified,struct match; sz_diff=0; src=prologue
MemoryGenerator,0x0019BF40,0x001064B0,func,__text__,fuzzy,1.00,candidate,fuzzy; sz_diff=0; src=extracted
IsEnableCallEnemy,0x0019BF60,0x00193A78,func,__text__,op_seq_hash,0.95,verified,struct match; sz_diff=0; src=prologue
DirectCallEnemy,0x0019C060,0x00193B78,func,__text__,op_seq_hash,0.95,verified,struct match; sz_diff=0; src=prologue
LockEnemyGenerate,0x0019C1D0,0x00193CE8,func,__text__,op_seq_hash,0.95,verified,struct match; sz_diff=0; src=prologue
UnlockEnemyGenerate,0x0019C218,0x00193D30,func,__text__,op_seq_hash,0.95,verified,struct match; sz_diff=0; src=prologue
RestoreReviveCount,0x0019C2A8,0x00106390,func,__text__,fuzzy,1.00,candidate,fuzzy; sz_diff=0; src=extracted
ReturnEnemyToGenerator,0x0019C330,0x00193E48,func,__text__,op_seq_hash,0.95,verified,struct match; sz_diff=0; src=prologue
GeneratorWorkEnd,0x0019C3B0,0x00106750,func,__text__,fuzzy,1.00,candidate,fuzzy; sz_diff=0; src=extracted
SearchActiveGenerator,0x0019C3C8,0x00193EE0,func,__text__,op_seq_hash,0.95,verified,struct match; sz_diff=0; src=prologue
ResetReviveCountEnemy,0x0019C430,0x001064B0,func,__text__,fuzzy,1.00,candidate,fuzzy; sz_diff=0; src=extracted
SetInfoSpKidnapGenerator,0x0019C450,0x00104E5C,func,__text__,fuzzy,1.00,candidate,fuzzy; sz_diff=0; src=extracted
SetInfoSpKidnapEnemy,0x0019C460,0x00101B68,func,__text__,fuzzy,1.00,candidate,fuzzy; sz_diff=0; src=extracted
IsOpenGenerator,0x0019C490,0x001019E0,func,__text__,fuzzy,1.00,candidate,fuzzy; sz_diff=0; src=extracted
IsEnableCallEnemyByTargetGObj,0x0019C4E8,0x001085BC,func,__text__,fuzzy,1.00,candidate,fuzzy; sz_diff=0; src=extracted
_InterGV,0x0019C560,0x00194020,func,__text__,op_seq_hash,0.95,verified,struct match; sz_diff=0; src=prologue
GetMatrixDirectionToZ,0x0019C5F0,0x001940B0,func,__text__,op_seq_hash,0.95,verified,struct match; sz_diff=0; src=prologue
_InterRotGV,0x0019C758,0x00194218,func,__text__,op_seq_hash,0.95,verified,struct match; sz_diff=0; src=prologue
_DistxzSqGV,0x0019C8A0,0x001D0F68,func,__text__,fuzzy,0.95,candidate,fuzzy; sz_diff=0; src=extracted
_DistSqGV,0x0019C8D8,0x001D0F68,func,__text__,fuzzy,0.93,candidate,fuzzy; sz_diff=4; src=extracted
_DistGV,0x0019C908,0x001D0F68,func,__text__,fuzzy,0.88,candidate,fuzzy; sz_diff=4; src=extracted
_DistxzGV,0x0019C940,0x001BA668,func,__text__,fuzzy,0.88,candidate,fuzzy; sz_diff=4; src=extracted
_MoveGV,0x0019C980,0x00194440,func,__text__,op_seq_hash,0.95,verified,struct match; sz_diff=0; src=prologue
_RotyGV,0x0019CA48,0x00194508,func,__text__,op_seq_hash,0.95,verified,struct match; sz_diff=0; src=prologue
_AbsRotyGV,0x0019CAD0,0x00194590,func,__text__,op_seq_hash,0.95,verified,struct match; sz_diff=0; src=prologue
_ApplyRyGV,0x0019CAF8,0x001945B8,func,__text__,op_seq_hash,0.95,verified,struct match; sz_diff=0; src=prologue
_GetDirection,0x0019CB70,0x00194630,func,__text__,op_seq_hash,0.95,verified,struct match; sz_diff=0; src=prologue
_RotGV,0x0019CBB8,0x00194678,func,__text__,op_seq_hash,0.95,verified,struct match; sz_diff=0; src=prologue
_RotGVF,0x0019CC58,0x00194718,func,__text__,op_seq_hash,0.95,verified,struct match; sz_diff=0; src=prologue
_OrientXZGV,0x0019CD10,0x001947D0,func,__text__,op_seq_hash,0.95,verified,struct match; sz_diff=0; src=prologue
_OrientGV,0x0019CD48,0x001538C0,func,__text__,op_seq_hash,0.95,verified,struct match; sz_diff=0; src=prologue
_FrontGV,0x0019CD80,0x00194840,func,__text__,op_seq_hash,0.95,verified,struct match; sz_diff=0; src=prologue
SwapGV,0x0019CDE8,0x00102340,func,__text__,fuzzy,1.00,candidate,fuzzy; sz_diff=0; src=extracted
GetCorrectDistance,0x0019CE30,0x0013D140,func,__text__,fuzzy,1.00,candidate,fuzzy; sz_diff=0; src=extracted
RoundDegGV,0x0019CEA0,0x001019E0,func,__text__,fuzzy,1.00,candidate,fuzzy; sz_diff=0; src=extracted
AlignDegGV,0x0019CEF8,0x00107DD8,func,__text__,fuzzy,1.00,candidate,fuzzy; sz_diff=0; src=extracted
RotateAccordingToStick_PatternThree,0x0019CF48,0x00101030,func,__text__,fuzzy,1.00,candidate,fuzzy; sz_diff=0; src=prologue
SetCurrentInfo,0x0019D138,0x001011B0,func,__text__,fuzzy,1.00,candidate,fuzzy; sz_diff=0; src=prologue
HandyCamera_TargetMoveType,0x0019D2C0,0x00194BD8,func,__text__,op_seq_hash,0.95,verified,struct match; sz_diff=0; src=prologue
HandCameraCorrect,0x0019D4A8,0x0010BB98,func,__text__,fuzzy,1.00,candidate,fuzzy; sz_diff=0; src=prologue
ClearHandCameraCorrect,0x0019D528,0x001019E0,func,__text__,fuzzy,1.00,candidate,fuzzy; sz_diff=0; src=prologue
InitHandCameraCorrect,0x0019D590,0x00194E28,func,__text__,op_seq_hash,0.95,verified,struct match; sz_diff=0; src=prologue
SetLimitHandCameraCorrect,0x0019D610,0x00194EA8,func,__text__,op_seq_hash,0.95,verified,struct match; sz_diff=0; src=prologue
CreateKyomiGObj,0x0019D628,0x0010B0D8,func,__text__,fuzzy,1.00,candidate,fuzzy; sz_diff=0; src=prologue
LwsKyomiGeo,0x0019D7B0,0x00103018,func,__text__,fuzzy,1.00,candidate,fuzzy; sz_diff=0; src=prologue
MakeHintSaveInfo,0x0019D8F8,0x001335D0,func,__text__,op_seq_hash,0.95,verified,struct match; sz_diff=0; src=prologue
ReadHintSaveInfo,0x0019DA38,0x00102644,func,__text__,fuzzy,1.00,candidate,fuzzy; sz_diff=0; src=prologue
SetParamKyomiGObj,0x0019DBA8,0x0023D5A8,func,__text__,raw_sha1,1.00,verified,exact; src=prologue
FinishHint,0x0019DC60,0x00100BA8,func,__text__,fuzzy,1.00,candidate,fuzzy; sz_diff=0; src=prologue
SleepHint,0x0019DC80,0x00260C80,func,__text__,fuzzy,0.95,candidate,fuzzy; sz_diff=0; src=extracted
WakeupHint,0x0019DCA0,0x00260C80,func,__text__,fuzzy,0.93,candidate,fuzzy; sz_diff=4; src=extracted
IsTopHint,0x0019DCC8,0x001D0F68,func,__text__,fuzzy,0.92,candidate,fuzzy; sz_diff=8; src=extracted
DebugHintStart,0x0019DCF8,0x001009E0,func,__text__,fuzzy,1.00,candidate,fuzzy; sz_diff=0; src=extracted
GetSizeHintSaveInfo,0x0019DD20,0x001009D8,func,__text__,op_seq_hash,0.95,verified,struct match; sz_diff=0; src=prologue
GetBuffHintSaveInfo,0x0019DD28,0x0014BDC8,func,__text__,op_seq_hash,0.95,verified,struct match; sz_diff=0; src=extracted
Hint_Init,0x0019DD38,0x001029E4,func,__text__,fuzzy,1.00,candidate,fuzzy; sz_diff=0; src=prologue
InitMailAdditionalData,0x0019DDA0,0x0024BDE4,func,__text__,fuzzy,0.84,candidate,fuzzy; sz_diff=4; src=extracted
ActSendMail_WithAdditionalData,0x0019DDB0,0x00194FF8,func,__text__,op_seq_hash,0.95,verified,struct match; sz_diff=0; src=prologue
GetMailAdditionalData,0x0019DEB0,0x001950F8,func,__text__,op_seq_hash,0.95,verified,struct match; sz_diff=0; src=prologue
ClearMailAdditionalData,0x0019DF58,0x001951A0,func,__text__,op_seq_hash,0.95,verified,struct match; sz_diff=0; src=prologue
before_DrawPolygon,0x0019DFC0,0x00195208,func,__text__,op_seq_hash,0.95,verified,struct match; sz_diff=0; src=prologue
after_DrawPolygon,0x0019DFE8,0x00101B14,func,__text__,fuzzy,1.00,candidate,fuzzy; sz_diff=0; src=extracted
_IsInScreen2,0x0019DFF0,0x0019DFF0,func,__text__,same_va,0.85,verified,same VA; USA size=340; src=extracted
before_DrawLine,0x0019E108,0x00195350,func,__text__,op_seq_hash,0.95,verified,struct match; sz_diff=0; src=prologue
after_DrawLine,0x0019E130,0x001B7F20,func,__text__,fuzzy,0.90,candidate,fuzzy; sz_diff=0; src=extracted
DrawPolygon,0x0019E138,0x00195380,func,__text__,op_seq_hash,0.95,verified,struct match; sz_diff=0; src=prologue
do_DrawLine,0x0019E1D0,0x00195418,func,__text__,op_seq_hash,0.95,verified,struct match; sz_diff=0; src=prologue
IsPointIsInScreen,0x0019E2C8,0x00195510,func,__text__,op_seq_hash,0.95,verified,struct match; sz_diff=0; src=prologue
interp_vector_sa,0x0019E340,0x00195588,func,__text__,op_seq_hash,0.95,verified,struct match; sz_diff=0; src=prologue
birdBeforeFunc,0x0019E4A0,0x001956E8,func,__text__,op_seq_hash,0.95,verified,struct match; sz_diff=0; src=prologue
trans_bird,0x0019E6C8,0x00195910,func,__text__,op_seq_hash,0.95,verified,struct match; sz_diff=0; src=prologue
subBirdBrainMain,0x0019E7F8,0x00195A40,func,__text__,op_seq_hash,0.95,verified,struct match; sz_diff=0; src=prologue
Debug_WireString_Bird,0x0019FC30,0x00196E78,func,__text__,op_seq_hash,0.95,verified,struct match; sz_diff=0; src=prologue
Debug_StickControl,0x0019FD30,0x00196F78,func,__text__,op_seq_hash,0.95,verified,struct match; sz_diff=0; src=prologue
BirdGeo,0x0019FE30,0x001685E0,func,__text__,fuzzy,1.00,candidate,fuzzy; sz_diff=0; src=extracted
BirdDL,0x0019FE38,0x00197080,func,__text__,op_seq_hash,0.95,verified,struct match; sz_diff=0; src=prologue
_ACTSendMailToBird,0x0019FE98,0x001BC130,func,__text__,fuzzy,0.88,candidate,fuzzy; sz_diff=4; src=extracted
vector_angle_degree,0x0019FEA0,0x001970E8,func,__text__,op_seq_hash,0.95,verified,struct match; sz_diff=0; src=prologue
subBirdControl,0x0019FF18,0x00197160,func,__text__,op_seq_hash,0.95,verified,struct match; sz_diff=0; src=prologue
subBirdCollision,0x0019FF50,0x00197198,func,__text__,op_seq_hash,0.95,verified,struct match; sz_diff=0; src=prologue
actBirdStart,0x0019FF78,0x001971C0,func,__text__,op_seq_hash,0.95,verified,struct match; sz_diff=0; src=prologue
InitBirdGeo,0x0019FFF8,0x00197240,func,__text__,op_seq_hash,0.95,verified,struct match; sz_diff=0; src=prologue
BirdAI,0x001A00E8,0x00100108,func,__text__,raw_sha1,1.00,verified,exact; src=prologue
_ACTSendMailToBirdAll,0x001A00F0,0x00197338,func,__text__,op_seq_hash,0.95,verified,struct match; sz_diff=0; src=prologue
GatherEffect_SetGoal,0x001A0160,0x001973A8,func,__text__,op_seq_hash,0.95,verified,struct match; sz_diff=0; src=prologue
GatherEffect_Proc,0x001A01A8,0x001973F0,func,__text__,op_seq_hash,0.95,verified,struct match; sz_diff=0; src=prologue
GatherEffect_Set,0x001A0490,0x001976D8,func,__text__,op_seq_hash,0.95,verified,struct match; sz_diff=0; src=prologue
GatherEffect_InqEnd,0x001A0560,0x001977A8,func,__text__,op_seq_hash,0.95,verified,struct match; sz_diff=0; src=prologue
effect_end_func,0x001A05D0,0x00197818,func,__text__,op_seq_hash,0.95,verified,struct match; sz_diff=0; src=prologue
bossCtrlBeforeFunc,0x001A0668,0x001978B0,func,__text__,op_seq_hash,0.95,verified,struct match; sz_diff=0; src=prologue
BossEnemyFunc,0x001A07F0,0x00197A38,func,__text__,op_seq_hash,0.95,verified,struct match; sz_diff=0; src=prologue
gene_enemy,0x001A08F8,0x00197B30,func,__text__,op_seq_hash,0.95,verified,struct match; sz_diff=0; src=prologue
BossCtrlGeo,0x001A0D90,0x00101720,func,__text__,fuzzy,0.81,candidate,fuzzy; sz_diff=28; src=extracted
itou_boss_gflag_init,0x001A0DB0,0x00197FE8,func,__text__,op_seq_hash,0.95,verified,struct match; sz_diff=0; src=prologue
BossCtrlDL,0x001A0DC8,0x00198000,func,__text__,op_seq_hash,0.95,verified,struct match; sz_diff=0; src=prologue
InqCapsuleGhostBossStage,0x001A0ED8,0x001019A8,func,__text__,fuzzy,1.00,candidate,fuzzy; sz_diff=0; src=extracted
actBossCtrlStart,0x001A0F08,0x00198140,func,__text__,op_seq_hash,0.95,verified,struct match; sz_diff=0; src=prologue
InitBossCtrlGeo,0x001A0FE0,0x00198218,func,__text__,op_seq_hash,0.95,verified,struct match; sz_diff=0; src=prologue
CapsuleGhostBossStart,0x001A10F0,0x00104E5C,func,__text__,fuzzy,1.00,candidate,fuzzy; sz_diff=0; src=extracted
InqCapsuleGhostBossEnd,0x001A1100,0x00198338,func,__text__,op_seq_hash,0.95,verified,struct match; sz_diff=0; src=prologue
gene_eff_end_func,0x001A11C0,0x001983F8,func,__text__,op_seq_hash,0.95,verified,struct match; sz_diff=0; src=prologue
itouGFlagInit,0x001A11E8,0x00100BA8,func,__text__,fuzzy,1.00,candidate,fuzzy; sz_diff=0; src=extracted
itouGflagLoad,0x001A11F0,0x00104E5C,func,__text__,fuzzy,1.00,candidate,fuzzy; sz_diff=0; src=extracted
itouGflagSave,0x001A11F8,0x00100108,func,__text__,raw_sha1,1.00,verified,exact; src=prologue
m33_to_quat,0x001A1200,0x00198438,func,__text__,raw_sha1,1.00,verified,exact; src=prologue
lw_pos_to_ico_pos,0x001A1440,0x001D0F68,func,__text__,fuzzy,0.93,candidate,fuzzy; sz_diff=4; src=extracted
apply_matrix_w1,0x001A1470,0x001019A8,func,__text__,fuzzy,1.00,candidate,fuzzy; sz_diff=0; src=extracted
ico_m33_to_quat,0x001A14A0,0x001538C0,func,__text__,op_seq_hash,0.95,verified,struct match; sz_diff=0; src=prologue
pbga_start,0x001A14D8,0x00198710,func,__text__,op_seq_hash,0.95,verified,struct match; sz_diff=0; src=prologue
set_vertex,0x001A1520,0x00198758,func,__text__,op_seq_hash,0.95,verified,struct match; sz_diff=0; src=prologue
DrawLightning2,0x001A1938,0x00198B70,func,__text__,op_seq_hash,0.95,verified,struct match; sz_diff=0; src=prologue
DrawLightningN,0x001A23E8,0x00199620,func,__text__,op_seq_hash,0.95,verified,struct match; sz_diff=0; src=prologue
apply_m34,0x001A2558,0x001009E0,func,__text__,fuzzy,1.00,candidate,fuzzy; sz_diff=0; src=extracted
DrawLightning,0x001A2580,0x001997B8,func,__text__,op_seq_hash,0.95,verified,struct match; sz_diff=0; src=prologue
lightning_test,0x001A2688,0x001998C0,func,__text__,op_seq_hash,0.95,verified,struct match; sz_diff=0; src=prologue
cmpr,0x001A2760,0x00104E5C,func,__text__,fuzzy,1.00,candidate,fuzzy; sz_diff=0; src=extracted
scale_m34,0x001A2770,0x001999A8,func,__text__,op_seq_hash,0.95,verified,struct match; sz_diff=0; src=prologue
queen_effect_end_func,0x001A27D0,0x00199A08,func,__text__,op_seq_hash,0.95,verified,struct match; sz_diff=0; src=prologue
queenBeforeFunc,0x001A2828,0x0011FC28,func,__text__,fuzzy,1.00,candidate,fuzzy; sz_diff=0; src=prologue
queen_gene_enemy,0x001A2A10,0x00199C30,func,__text__,op_seq_hash,0.95,verified,struct match; sz_diff=0; src=prologue
subQueenBrainMain,0x001A2D60,0x001779F0,func,__text__,fuzzy,1.00,candidate,fuzzy; sz_diff=0; src=prologue
queen_Debug_StickControl,0x001A34D8,0x00196F78,func,__text__,op_seq_hash,0.95,verified,struct match; sz_diff=0; src=prologue
InitQueenGeo,0x001A35D8,0x0019A7E8,func,__text__,op_seq_hash,0.95,verified,struct match; sz_diff=0; src=prologue
QueenGeo,0x001A36E0,0x0019A8F0,func,__text__,op_seq_hash,0.95,verified,struct match; sz_diff=0; src=prologue
QueenDL,0x001A3790,0x0019A9A0,func,__text__,op_seq_hash,0.95,verified,struct match; sz_diff=0; src=prologue
QueenBarrierGeo,0x001A3810,0x0019AA20,func,__text__,op_seq_hash,0.95,verified,struct match; sz_diff=0; src=prologue
QueenBarrierDL,0x001A3C40,0x00251CF8,func,__text__,fuzzy,0.95,candidate,fuzzy; sz_diff=0; src=extracted
QueenBallGeo,0x001A3C88,0x0010B5A8,func,__text__,fuzzy,1.00,candidate,fuzzy; sz_diff=0; src=prologue
QueenBallDL,0x001A4460,0x00103F00,func,__text__,fuzzy,1.00,candidate,fuzzy; sz_diff=0; src=prologue
actQueenStart,0x001A4620,0x0019B7F8,func,__text__,op_seq_hash,0.95,verified,struct match; sz_diff=0; src=prologue
QueenStartAttack,0x001A46B0,0x0019B888,func,__text__,op_seq_hash,0.95,verified,struct match; sz_diff=0; src=prologue
QueenInqDead,0x001A4710,0x0019B8E8,func,__text__,op_seq_hash,0.95,verified,struct match; sz_diff=0; src=prologue
QueenBoysWeaponPower,0x001A4738,0x0019B910,func,__text__,op_seq_hash,0.95,verified,struct match; sz_diff=0; src=prologue
QueenBarrierRadius,0x001A4760,0x00104E5C,func,__text__,fuzzy,1.00,candidate,fuzzy; sz_diff=0; src=extracted
QueenBarrierInqBreakable,0x001A4770,0x0019B948,func,__text__,op_seq_hash,0.95,verified,struct match; sz_diff=0; src=prologue
queenBarrierBeforeFunc,0x001A47C0,0x0019B998,func,__text__,op_seq_hash,0.95,verified,struct match; sz_diff=0; src=prologue
InqQueenBarrierExist,0x001A4888,0x0019BA60,func,__text__,op_seq_hash,0.95,verified,struct match; sz_diff=0; src=prologue
InitQueenBarrierGeo,0x001A48D0,0x0019BAA8,func,__text__,op_seq_hash,0.95,verified,struct match; sz_diff=0; src=prologue
QueenBallRadius,0x001A4968,0x00101AE8,func,__text__,fuzzy,1.00,candidate,fuzzy; sz_diff=0; src=extracted
GetQueenBallThickness,0x001A4988,0x00184138,func,__text__,op_seq_hash,0.95,verified,struct match; sz_diff=0; src=prologue
queenBallBeforeFunc,0x001A4998,0x0019BB60,func,__text__,op_seq_hash,0.95,verified,struct match; sz_diff=0; src=prologue
InitQueenBallGeo,0x001A4A90,0x0019BC58,func,__text__,op_seq_hash,0.95,verified,struct match; sz_diff=0; src=prologue
subQueenControl,0x001A4B18,0x0019BCE0,func,__text__,op_seq_hash,0.95,verified,struct match; sz_diff=0; src=prologue
MakeRefractTexture,0x001A4B68,0x0019BD30,func,__text__,op_seq_hash,0.95,verified,struct match; sz_diff=0; src=prologue
queen_barrier_set_damage,0x001A4E48,,func,__text__,unmatched,0.00,unmatched,no match; PAL size=624; src=extracted
makeRefractST,0x001A4E60,0x0019C028,func,__text__,op_seq_hash,0.95,verified,struct match; sz_diff=0; src=prologue
queen_barrier_disp_proc,0x001A50B8,0x00112D2C,func,__text__,fuzzy,1.00,candidate,fuzzy; sz_diff=0; src=prologue
queen_barrier_disp_init,0x001A53A0,0x0019C558,func,__text__,op_seq_hash,0.95,verified,struct match; sz_diff=0; src=prologue
queen_barrier_anim,0x001A55E0,0x001009A0,func,__text__,fuzzy,1.00,candidate,fuzzy; sz_diff=0; src=extracted
GetStageDifferenceMatrix,0x001A5618,0x0019C7D0,func,__text__,op_seq_hash,0.95,verified,struct match; sz_diff=0; src=prologue
StageOrientGet2,0x001A57E8,0x0019C9A0,func,__text__,op_seq_hash,0.95,verified,struct match; sz_diff=0; src=prologue
OtherStagePositionGet,0x001A5A00,0x0019CBB8,func,__text__,op_seq_hash,0.95,verified,struct match; sz_diff=0; src=prologue
StageOrientInit,0x001A5B98,0x0019CD50,func,__text__,op_seq_hash,0.95,verified,struct match; sz_diff=0; src=prologue
StageOrientGet,0x001A5C88,0x0019CE40,func,__text__,op_seq_hash,0.95,verified,struct match; sz_diff=0; src=prologue
switchThread,0x001A5DB8,,func,__text__,unmatched,0.00,unmatched,no match; PAL size=772; src=extracted
proceedAudio,0x001A5DC0,,func,__text__,unmatched,0.00,unmatched,no match; PAL size=764; src=extracted
readMpeg,0x001A5DD0,0x0019CF88,func,__text__,op_seq_hash,0.95,verified,struct match; sz_diff=0; src=prologue
initAll,0x001A60C0,0x0019D278,func,__text__,op_seq_hash,0.95,verified,struct match; sz_diff=0; src=prologue
termAll,0x001A63C8,0x0019D580,func,__text__,op_seq_hash,0.95,verified,struct match; sz_diff=0; src=prologue
movie_init,0x001A64C0,0x0019D678,func,__text__,op_seq_hash,0.95,verified,struct match; sz_diff=0; src=prologue
movie_end,0x001A6698,0x0019D850,func,__text__,op_seq_hash,0.95,verified,struct match; sz_diff=0; src=prologue
movie_proc,0x001A67A8,0x001685E0,func,__text__,fuzzy,0.95,candidate,fuzzy; sz_diff=0; src=extracted
readBufCreate,0x001A6810,0x0019D9E8,func,__text__,op_seq_hash,0.95,verified,struct match; sz_diff=0; src=prologue
readBufDelete,0x001A68C0,0x00100108,func,__text__,raw_sha1,1.00,verified,exact; src=prologue
readBufBeginPut,0x001A68C8,0x001D0F68,func,__text__,fuzzy,0.97,candidate,fuzzy; sz_diff=8; src=extracted
readBufEndPut,0x001A68F8,0x001BA668,func,__text__,fuzzy,0.93,candidate,fuzzy; sz_diff=4; src=extracted
readBufBeginGet,0x001A6938,0x001A6938,func,__text__,same_va,0.85,verified,same VA; USA size=40; src=extracted
readBufEndGet,0x001A6980,0x001684E8,func,__text__,fuzzy,0.95,candidate,fuzzy; sz_diff=0; src=extracted
strFileOpen,0x001A69A0,0x0019DB70,func,__text__,op_seq_hash,0.95,verified,struct match; sz_diff=0; src=prologue
strFileClose,0x001A69D8,0x0019DBA8,func,__text__,op_seq_hash,0.95,verified,struct match; sz_diff=0; src=prologue
strFileRead,0x001A69F8,0x0010F5B8,func,__text__,op_seq_hash,0.95,verified,struct match; sz_diff=0; src=prologue
videoDec_free_buf,0x001A6A18,0x0010184C,func,__text__,fuzzy,0.94,candidate,fuzzy; sz_diff=4; src=extracted
videoDecCreate,0x001A6A20,0x0019DBF0,func,__text__,op_seq_hash,0.95,verified,struct match; sz_diff=0; src=prologue
videoDecBeginPut,0x001A6B68,0x00135AD8,func,__text__,fuzzy,0.85,candidate,fuzzy; sz_diff=0; src=extracted
videoDecEndPut,0x001A6B70,0x00163B40,func,__text__,fuzzy,0.85,candidate,fuzzy; sz_diff=0; src=extracted
videoDecFlush,0x001A6B78,0x0019DD48,func,__text__,op_seq_hash,0.95,verified,struct match; sz_diff=0; src=prologue
videoCallback,0x001A6C40,0x0019DE10,func,__text__,op_seq_hash,0.95,verified,struct match; sz_diff=0; src=prologue
decBitStrm0,0x001A6D68,0x0019DF38,func,__text__,op_seq_hash,0.95,verified,struct match; sz_diff=0; src=prologue
videoDecFree,0x001A6F80,0x0019D9D8,func,__text__,op_seq_hash,0.95,verified,struct match; sz_diff=0; src=prologue
videoDecDelete,0x001A6F90,0x0019E160,func,__text__,op_seq_hash,0.95,verified,struct match; sz_diff=0; src=prologue
videoDecSetStream,0x001A6FD0,0x0019DBA8,func,__text__,op_seq_hash,0.95,verified,struct match; sz_diff=0; src=prologue
videoDecAbort,0x001A6FF0,0x0013F878,func,__text__,op_seq_hash,0.95,verified,struct match; sz_diff=0; src=extracted
videoDecGetState,0x001A7000,0x0019E1D0,func,__text__,raw_sha1,1.00,verified,exact; src=prologue
videoDecIsFlushed,0x001A7008,0x0019E1D8,func,__text__,op_seq_hash,0.95,verified,struct match; sz_diff=0; src=prologue
videoDecMain,0x001A7058,0x0019E228,func,__text__,op_seq_hash,0.95,verified,struct match; sz_diff=0; src=prologue
mpegError,0x001A70A8,0x0019E278,func,__text__,op_seq_hash,0.95,verified,struct match; sz_diff=0; src=prologue
mpegNodata,0x001A70D0,0x0019E2A0,func,__text__,op_seq_hash,0.95,verified,struct match; sz_diff=0; src=prologue
mpegStopDMA,0x001A7100,0x0019E2D0,func,__text__,op_seq_hash,0.95,verified,struct match; sz_diff=0; src=prologue
mpegRestartDMA,0x001A7120,0x0019E2D0,func,__text__,op_seq_hash,0.95,verified,struct match; sz_diff=0; src=prologue
mpegTS,0x001A7140,0x0019E310,func,__text__,op_seq_hash,0.95,verified,struct match; sz_diff=0; src=prologue
voBuf_free_buf,0x001A7180,0x0019E350,func,__text__,op_seq_hash,0.95,verified,struct match; sz_diff=0; src=prologue
voBufCreate,0x001A71B0,0x0019E380,func,__text__,op_seq_hash,0.95,verified,struct match; sz_diff=0; src=prologue
voBufDelete,0x001A7310,0x00260C80,func,__text__,fuzzy,0.97,candidate,fuzzy; sz_diff=8; src=extracted
voBufFree,0x001A7318,0x0019E4E8,func,__text__,op_seq_hash,0.95,verified,struct match; sz_diff=0; src=prologue
voBufReset,0x001A7328,0x001D0EF4,func,__text__,fuzzy,1.00,candidate,fuzzy; sz_diff=0; src=extracted
voBufIsFull,0x001A7338,0x001683A8,func,__text__,fuzzy,0.98,candidate,fuzzy; sz_diff=4; src=extracted
voBufIncCount,0x001A7350,0x0019E520,func,__text__,op_seq_hash,0.95,verified,struct match; sz_diff=0; src=prologue
voBufGetData,0x001A73C8,0x001D0F68,func,__text__,fuzzy,0.97,candidate,fuzzy; sz_diff=8; src=extracted
voBufGetTag,0x001A7400,0x00260BA0,func,__text__,fuzzy,0.90,candidate,fuzzy; sz_diff=0; src=extracted
voBufDecCount,0x001A7458,0x00260C80,func,__text__,fuzzy,0.90,candidate,fuzzy; sz_diff=0; src=extracted
initGeometryState,0x001A7478,0x0019E648,func,__text__,op_seq_hash,0.95,verified,struct match; sz_diff=0; src=prologue
initMatrixDObj,0x001A79B8,0x0019EB88,func,__text__,op_seq_hash,0.95,verified,struct match; sz_diff=0; src=prologue
allocObjectData,0x001A7B60,0x0019ED30,func,__text__,op_seq_hash,0.95,verified,struct match; sz_diff=0; src=prologue
initInitialInverseMatrix,0x001A7D40,0x0019EF10,func,__text__,op_seq_hash,0.95,verified,struct match; sz_diff=0; src=prologue
initPolygonState,0x001A7D88,0x0019EF58,func,__text__,op_seq_hash,0.95,verified,struct match; sz_diff=0; src=prologue
CSVSYSTEM_InitDObj,0x001A8140,0x0010BB98,func,__text__,fuzzy,1.00,candidate,fuzzy; sz_diff=0; src=prologue
FreeDObj,0x001A8318,0x00100108,func,__text__,raw_sha1,1.00,verified,exact; src=prologue
LinkParentOfDObj,0x001A8320,0x0019F4E8,func,__text__,op_seq_hash,0.95,verified,struct match; sz_diff=0; src=prologue
UnlinkParentOfDObj,0x001A8368,0x0019F530,func,__text__,op_seq_hash,0.95,verified,struct match; sz_diff=0; src=prologue
stop_free_resources,0x001A83A0,0x0019F568,func,__text__,op_seq_hash,0.95,verified,struct match; sz_diff=0; src=prologue
stage_initialize,0x001A84E0,0x0011FF30,func,__text__,op_seq_hash,0.95,verified,struct match; sz_diff=0; src=prologue
exit_stage,0x001A8590,0x0019F758,func,__text__,op_seq_hash,0.95,verified,struct match; sz_diff=0; src=prologue
start_stage_Load_thread,0x001A85E0,0x00113298,func,__text__,fuzzy,1.00,candidate,fuzzy; sz_diff=0; src=prologue
stgmgrNextStagePreLoad,0x001A8728,0x0013F9D0,func,__text__,fuzzy,0.51,candidate,fuzzy; sz_diff=24; src=extracted
stgmgrNextStagePreLoadEntry,0x001A8960,0x00101720,func,__text__,fuzzy,0.88,candidate,fuzzy; sz_diff=24; src=extracted
StageManager,0x001A8AA8,0x00101100,func,__text__,fuzzy,1.00,candidate,fuzzy; sz_diff=0; src=prologue
stgmgrForceSwitch,0x001A8D98,0x00106B80,func,__text__,fuzzy,1.00,candidate,fuzzy; sz_diff=0; src=prologue
stgmgrForceSwitchWithFade,0x001A8DC8,0x0026B018,func,__text__,fuzzy,1.00,candidate,fuzzy; sz_diff=0; src=extracted
stgmgrForceSwitchWithFadeColor,0x001A8DD8,0x0013C958,func,__text__,fuzzy,0.97,candidate,fuzzy; sz_diff=8; src=extracted
stgmgrNextStagePreLoadForceStageSet,0x001A8E40,0x00106750,func,__text__,fuzzy,1.00,candidate,fuzzy; sz_diff=0; src=extracted
stgmgrNextStagePreLoadDistBoyMode,0x001A8E58,0x001010EC,func,__text__,fuzzy,1.00,candidate,fuzzy; sz_diff=0; src=extracted
stgmgrNextStagePreLoadForceNoCancel,0x001A8E68,0x00102678,func,__text__,op_seq_hash,0.95,verified,struct match; sz_diff=0; src=prologue
CheckPoint,0x001A8E70,0x001A0040,func,__text__,op_seq_hash,0.95,verified,struct match; sz_diff=0; src=prologue
stgmgrNextStagePreLoadDiskNotReady,0x001A8EC0,0x00104E5C,func,__text__,fuzzy,1.00,candidate,fuzzy; sz_diff=0; src=extracted
backStageProcessOutStage,0x001A8ED0,0x001A00A0,func,__text__,op_seq_hash,0.95,verified,struct match; sz_diff=0; src=prologue
backStageProcessMain,0x001A9400,0x001A05D0,func,__text__,op_seq_hash,0.95,verified,struct match; sz_diff=0; src=prologue
routeSetPos,0x001A9628,0x001A07F8,func,__text__,op_seq_hash,0.95,verified,struct match; sz_diff=0; src=prologue
backStageProcessInStage,0x001A9868,0x001A0A38,func,__text__,op_seq_hash,0.95,verified,struct match; sz_diff=0; src=prologue
backStageSave,0x001A9CE8,0x001A0EB8,func,__text__,op_seq_hash,0.95,verified,struct match; sz_diff=0; src=prologue
backStageLoad,0x001A9D90,0x001A0F60,func,__text__,op_seq_hash,0.95,verified,struct match; sz_diff=0; src=prologue
backStageProcessInit,0x001A9E38,0x00100BA8,func,__text__,fuzzy,1.00,candidate,fuzzy; sz_diff=0; src=extracted
backStageDebugTimeZero,0x001A9E50,0x00102678,func,__text__,op_seq_hash,0.95,verified,struct match; sz_diff=0; src=prologue
backStageTsuresariReturn,0x001A9E58,0x00100108,func,__text__,raw_sha1,1.00,verified,exact; src=prologue
InitCharFileManager,0x001A9E60,0x001A1030,func,__text__,op_seq_hash,0.95,verified,struct match; sz_diff=0; src=prologue
ResetCharFileManager,0x001A9EE0,0x001A9EE0,func,__text__,same_va,0.85,verified,same VA; USA size=8; src=extracted
ReadModelFile,0x001A9F68,0x001A1138,func,__text__,op_seq_hash,0.95,verified,struct match; sz_diff=0; src=prologue
ReadVolumeModelFile,0x001AA138,0x001A1308,func,__text__,op_seq_hash,0.95,verified,struct match; sz_diff=0; src=prologue
ReadShadowModelFile,0x001AA308,0x001A14D8,func,__text__,op_seq_hash,0.95,verified,struct match; sz_diff=0; src=prologue
ReadTextureFile,0x001AA4E8,0x001AA4E8,func,__text__,same_va,0.85,verified,same VA; USA size=8; src=prologue
ReadSkeltonFile,0x001AA688,0x001A17C0,func,__text__,op_seq_hash,0.95,verified,struct match; sz_diff=0; src=prologue
ReadCollisionFile,0x001AA8E0,0x001A1A18,func,__text__,op_seq_hash,0.95,verified,struct match; sz_diff=0; src=prologue
ReadStageAnimationFile,0x001AAC50,0x001A1D88,func,__text__,op_seq_hash,0.95,verified,struct match; sz_diff=0; src=prologue
ReadMotionFile,0x001AAD58,0x001A1E90,func,__text__,op_seq_hash,0.95,verified,struct match; sz_diff=0; src=prologue
ReadParticleEffectFile,0x001AAFA0,0x001A20D8,func,__text__,op_seq_hash,0.95,verified,struct match; sz_diff=0; src=prologue
ReadSoundBdFile,0x001AB038,0x001A2170,func,__text__,op_seq_hash,0.95,verified,struct match; sz_diff=0; src=prologue
ReadSoundHdFile,0x001AB1E8,0x001A2320,func,__text__,op_seq_hash,0.95,verified,struct match; sz_diff=0; src=prologue
ReadShockFile,0x001AB3C8,0x001A2500,func,__text__,op_seq_hash,0.95,verified,struct match; sz_diff=0; src=prologue
ReadCamerasetFile,0x001AB4D8,0x001A2610,func,__text__,op_seq_hash,0.95,verified,struct match; sz_diff=0; src=prologue
ReadEndCheckFile,0x001AB5A8,0x001A26E0,func,__text__,op_seq_hash,0.95,verified,struct match; sz_diff=0; src=prologue
ReadStageSettingFile,0x001AB620,0x001A2758,func,__text__,op_seq_hash,0.95,verified,struct match; sz_diff=0; src=prologue
CSVSYSTEM_ReadCharFiles,0x001AB6C0,0x001A27F8,func,__text__,op_seq_hash,0.95,verified,struct match; sz_diff=0; src=prologue
ReadSoundSqFile,0x001AB978,0x001A2320,func,__text__,op_seq_hash,0.95,verified,struct match; sz_diff=0; src=prologue
ReadSoundAdpcmFile,0x001ABAE0,0x001A2C18,func,__text__,op_seq_hash,0.95,verified,struct match; sz_diff=0; src=prologue
GetPObjAddress,0x001ABC20,0x0015F228,func,__text__,op_seq_hash,0.95,verified,struct match; sz_diff=0; src=prologue
debug_Assert,0x001ABC40,0x001A2D78,func,__text__,op_seq_hash,0.95,verified,struct match; sz_diff=0; src=prologue
debug_openLog,0x001ABCD8,0x001A2E10,func,__text__,op_seq_hash,0.95,verified,struct match; sz_diff=0; src=prologue
debug_LogPrintf,0x001ABCF0,0x001A2E28,func,__text__,op_seq_hash,0.95,verified,struct match; sz_diff=0; src=prologue
debug_SaveDebugOptionFile,0x001ABD48,0x001A2E80,func,__text__,op_seq_hash,0.95,verified,struct match; sz_diff=0; src=prologue
debug_GetDebugOption,0x001ABE68,0x001A2FA0,func,__text__,op_seq_hash,0.95,verified,struct match; sz_diff=0; src=prologue
debug_SetDmaCallback,0x001AC088,0x001A31C0,func,__text__,op_seq_hash,0.95,verified,struct match; sz_diff=0; src=prologue
debug_VariableInit,0x001AC0D0,0x0012A318,func,__text__,fuzzy,1.00,candidate,fuzzy; sz_diff=0; src=prologue
debug_Init,0x001AC258,0x0011FF30,func,__text__,op_seq_hash,0.95,verified,struct match; sz_diff=0; src=prologue
debug_Load,0x001AC2B0,0x001A3398,func,__text__,op_seq_hash,0.95,verified,struct match; sz_diff=0; src=prologue
debug_MakeFont,0x001AC890,0x001033A0,func,__text__,fuzzy,1.00,candidate,fuzzy; sz_diff=0; src=prologue
debug_MakeBackImage,0x001ACBC8,0x001A3C38,func,__text__,op_seq_hash,0.95,verified,struct match; sz_diff=0; src=prologue
debug_PrintCharacter,0x001ACD68,0x001A3DD8,func,__text__,op_seq_hash,0.95,verified,struct match; sz_diff=0; src=prologue
debug_PrintFont,0x001AD058,0x001A40C8,func,__text__,op_seq_hash,0.95,verified,struct match; sz_diff=0; src=prologue
debug_FlushFontWindow,0x001AD1B0,0x0010184C,func,__text__,fuzzy,0.63,candidate,fuzzy; sz_diff=124; src=extracted
debug_FlushFont,0x001AD380,0x00101720,func,__text__,fuzzy,0.99,candidate,fuzzy; sz_diff=4; src=extracted
debug_brainBar,0x001AD630,0x001A46A0,func,__text__,op_seq_hash,0.95,verified,struct match; sz_diff=0; src=prologue
debug_MakeBarString,0x001AD9A0,0x001A4A10,func,__text__,op_seq_hash,0.95,verified,struct match; sz_diff=0; src=prologue
debug_DrawBar,0x001ADB60,,func,__text__,unmatched,0.00,unmatched,no match; PAL size=3576; src=extracted
debug_DispBar,0x001AE958,0x001BFB6C,func,__text__,fuzzy,0.84,candidate,fuzzy; sz_diff=4; src=extracted
debug_ResizeSnapShot,0x001AEB10,0x001A5AD0,func,__text__,op_seq_hash,0.95,verified,struct match; sz_diff=0; src=prologue
debug_WriteBMP,0x001AED70,0x00108A50,func,__text__,fuzzy,1.00,candidate,fuzzy; sz_diff=0; src=prologue
debug_SnapShot,0x001AEEF0,,func,__text__,unmatched,0.00,unmatched,no match; PAL size=964; src=extracted
debug_DispQW,0x001AF2B8,0x00118FD8,func,__text__,op_seq_hash,0.95,verified,struct match; sz_diff=0; src=prologue
debug_Printf,0x001AF4A0,0x001A6A30,func,__text__,op_seq_hash,0.95,verified,struct match; sz_diff=0; src=prologue
debug_Printf2,0x001AF510,0x001A6A30,func,__text__,op_seq_hash,0.95,verified,struct match; sz_diff=0; src=prologue
debug_PrintFontWindow,0x001AF580,0x001A6B10,func,__text__,op_seq_hash,0.95,verified,struct match; sz_diff=0; src=prologue
debug_PrintfDummy,0x001AF850,0x001A6DE0,func,__text__,raw_sha1,1.00,verified,exact; src=prologue
debug_PrintFontWindowDummy,0x001AF870,0x001A6E00,func,__text__,raw_sha1,1.00,verified,exact; src=prologue
debug_StdPrintfDummy,0x001AF898,0x001A6E28,func,__text__,raw_sha1,1.00,verified,exact; src=prologue
debug_PrintFontf,0x001AF8C0,0x001A6E50,func,__text__,op_seq_hash,0.95,verified,struct match; sz_diff=0; src=prologue
debug_PrintMatrix,0x001AFA78,0x001A7008,func,__text__,op_seq_hash,0.95,verified,struct match; sz_diff=0; src=prologue
debug_DispVu1FReg,0x001AFB28,0x001A70B8,func,__text__,op_seq_hash,0.95,verified,struct match; sz_diff=0; src=prologue
debug_Mode,0x001AFCE0,,func,__text__,unmatched,0.00,unmatched,no match; PAL size=1096; src=extracted
debug_SelectCsvWindowVal,0x001B0128,0x001A76B8,func,__text__,op_seq_hash,0.95,verified,struct match; sz_diff=0; src=prologue
getLineBuffer,0x001B0290,0x001B0290,func,__text__,same_va,0.85,verified,same VA; USA size=108; src=extracted
getBuffer,0x001B02A8,0x001A7838,func,__text__,op_seq_hash,0.95,verified,struct match; sz_diff=0; src=prologue
debug_SelectCsvWindow,0x001B02B8,0x001A7848,func,__text__,op_seq_hash,0.95,verified,struct match; sz_diff=0; src=prologue
debug_SelectStageMain,0x001B0540,0x001A7AD0,func,__text__,op_seq_hash,0.95,verified,struct match; sz_diff=0; src=prologue
debug_SelectStage,0x001B0620,0x001A7BB0,func,__text__,op_seq_hash,0.95,verified,struct match; sz_diff=0; src=prologue
debug_mcRetErrCheck,0x001B0860,0x001A7DF0,func,__text__,op_seq_hash,0.95,verified,struct match; sz_diff=0; src=prologue
debug_selectFile,0x001B0990,0x001A7F20,func,__text__,op_seq_hash,0.95,verified,struct match; sz_diff=0; src=prologue
debug_mcSaveMainBlock,0x001B0B40,0x001A80D0,func,__text__,op_seq_hash,0.95,verified,struct match; sz_diff=0; src=prologue
debug_mcLoadMainBlock,0x001B0D20,0x001A82B0,func,__text__,op_seq_hash,0.95,verified,struct match; sz_diff=0; src=prologue
debug_mcDeleteFile,0x001B0F68,0x001A84F8,func,__text__,op_seq_hash,0.95,verified,struct match; sz_diff=0; src=prologue
debug_MemoryCard,0x001B10E0,0x001A8670,func,__text__,op_seq_hash,0.95,verified,struct match; sz_diff=0; src=prologue
debug_SETest,0x001B1360,0x001A88F0,func,__text__,op_seq_hash,0.95,verified,struct match; sz_diff=0; src=prologue
debug_SESlotDisp,0x001B1600,0x001A8B90,func,__text__,op_seq_hash,0.95,verified,struct match; sz_diff=0; src=prologue
debugCdvdLoadInfoSegDispFunc,0x001B17B0,0x001A8D40,func,__text__,op_seq_hash,0.95,verified,struct match; sz_diff=0; src=prologue
debug_SelectActGobj,0x001B18A0,0x001A8E30,func,__text__,op_seq_hash,0.95,verified,struct match; sz_diff=0; src=prologue
debug_DispBox,0x001B19E0,0x001A8F70,func,__text__,op_seq_hash,0.95,verified,struct match; sz_diff=0; src=prologue
debug_DispBall,0x001B1DE0,0x001A9370,func,__text__,op_seq_hash,0.95,verified,struct match; sz_diff=0; src=prologue
debug_CollisionTest,0x001B2140,0x001A96D0,func,__text__,op_seq_hash,0.95,verified,struct match; sz_diff=0; src=prologue
debug_Menu,0x001B2598,0x001A9B28,func,__text__,op_seq_hash,0.95,verified,struct match; sz_diff=0; src=prologue
debug_Menu_off,0x001B27F8,0x00102678,func,__text__,op_seq_hash,0.95,verified,struct match; sz_diff=0; src=prologue
debug_BeginTimer,0x001B2800,0x00101B14,func,__text__,fuzzy,1.00,candidate,fuzzy; sz_diff=0; src=extracted
debug_GetTimerSec,0x001B2828,0x001A9DB8,func,__text__,op_seq_hash,0.95,verified,struct match; sz_diff=0; src=prologue
debug_GetTimerCount,0x001B28F8,0x001009E0,func,__text__,fuzzy,1.00,candidate,fuzzy; sz_diff=0; src=extracted
debug_ClearFontWindow,0x001B2958,0x00102644,func,__text__,fuzzy,1.00,candidate,fuzzy; sz_diff=0; src=extracted
debug_ResizeFontWindowHeight,0x001B2990,0x00102678,func,__text__,op_seq_hash,0.95,verified,struct match; sz_diff=0; src=prologue
debug_SetBar,0x001B2998,0x00133608,func,__text__,fuzzy,0.95,candidate,fuzzy; sz_diff=12; src=extracted
debug_SetBar2,0x001B2A50,0x00133608,func,__text__,fuzzy,0.95,candidate,fuzzy; sz_diff=12; src=extracted
debug_ResetBar,0x001B2B08,0x001009E0,func,__text__,fuzzy,1.00,candidate,fuzzy; sz_diff=0; src=extracted
debug_DispVu1IReg,0x001B2B30,0x001AA0C0,func,__text__,op_seq_hash,0.95,verified,struct match; sz_diff=0; src=prologue
debug_DispVu1SReg,0x001B2BD8,0x001AA0C0,func,__text__,op_seq_hash,0.95,verified,struct match; sz_diff=0; src=prologue
debug_DispMatrix,0x001B2C80,0x001AA210,func,__text__,op_seq_hash,0.95,verified,struct match; sz_diff=0; src=prologue
debug_SetBarDummy,0x001B2CC8,0x00100108,func,__text__,raw_sha1,1.00,verified,exact; src=prologue
debug_SelectCsvWindowWithLine,0x001B2CD0,0x001A7848,func,__text__,op_seq_hash,0.95,verified,struct match; sz_diff=0; src=prologue
debug_TryToGetStartStage,0x001B2F58,0x001147C4,func,__text__,raw_sha1,1.00,verified,exact; src=prologue
debugSceOpen,0x001B2F60,0x001AA4F0,func,__text__,op_seq_hash,0.95,verified,struct match; sz_diff=0; src=prologue
debugSceClose,0x001B2FC0,0x001AA550,func,__text__,op_seq_hash,0.95,verified,struct match; sz_diff=0; src=prologue
debugSceCloseFdNew,0x001B2FF0,0x001AA580,func,__text__,op_seq_hash,0.95,verified,struct match; sz_diff=0; src=prologue
debug_CloseLog,0x001B3028,0x00100108,func,__text__,raw_sha1,1.00,verified,exact; src=prologue
debugCdvdLoadInfoSegInit,0x001B3030,0x001AA5C0,func,__text__,op_seq_hash,0.95,verified,struct match; sz_diff=0; src=prologue
debugCdvdLoadInfoSegAdd,0x001B3078,0x001AA608,func,__text__,op_seq_hash,0.95,verified,struct match; sz_diff=0; src=prologue
debugCdvdLoadInfoSegCls,0x001B30A8,0x001AA638,func,__text__,op_seq_hash,0.95,verified,struct match; sz_diff=0; src=prologue
gsResetFunc,0x001B30D0,0x001AA660,func,__text__,op_seq_hash,0.95,verified,struct match; sz_diff=0; src=prologue
ChangeGirlControlMode,0x001B30F8,0x001010EC,func,__text__,fuzzy,1.00,candidate,fuzzy; sz_diff=0; src=prologue
debug_CallbackGsFinish,0x001B3110,0x001AA688,func,__text__,raw_sha1,1.00,verified,exact; src=prologue
debug_SaveStartStageFile,0x001B3128,0x001AA6A0,func,__text__,op_seq_hash,0.95,verified,struct match; sz_diff=0; src=prologue
_debug_SelectCsvWindow,0x001B31D8,0x001AA750,func,__text__,op_seq_hash,0.95,verified,struct match; sz_diff=0; src=prologue
debug_SelectCsvWindowWithLineColor,0x001B3480,0x001AA9F8,func,__text__,op_seq_hash,0.95,verified,struct match; sz_diff=0; src=prologue
debug_mcFormat,0x001B3728,0x001AACA0,func,__text__,op_seq_hash,0.95,verified,struct match; sz_diff=0; src=prologue
debug_mcUnformat,0x001B3810,0x001AACA0,func,__text__,op_seq_hash,0.95,verified,struct match; sz_diff=0; src=prologue
debug_saveNumFunc,0x001B38F8,0x00101B14,func,__text__,fuzzy,1.00,candidate,fuzzy; sz_diff=0; src=extracted
debug_mcTest,0x001B3928,0x0019DBA8,func,__text__,op_seq_hash,0.95,verified,struct match; sz_diff=0; src=prologue
debug_STAFFROLLTest,0x001B3948,0x001AAEC0,func,__text__,op_seq_hash,0.95,verified,struct match; sz_diff=0; src=prologue
debug_SETest_color,0x001B3970,0x00106660,func,__text__,fuzzy,1.00,candidate,fuzzy; sz_diff=0; src=extracted
debug_reverbTest,0x001B39B0,0x001AAF28,func,__text__,op_seq_hash,0.95,verified,struct match; sz_diff=0; src=prologue
debug_AdpcmTest,0x001B3A50,0x001AAFC8,func,__text__,op_seq_hash,0.95,verified,struct match; sz_diff=0; src=prologue
debugCdvdLoadInfoSegDisp,0x001B3AE0,0x001AB058,func,__text__,op_seq_hash,0.95,verified,struct match; sz_diff=0; src=prologue
debug_GameOver,0x001B3BD8,0x0019DBA8,func,__text__,op_seq_hash,0.95,verified,struct match; sz_diff=0; src=prologue
debug_EndingDemo,0x001B3BF8,0x0019DBA8,func,__text__,op_seq_hash,0.95,verified,struct match; sz_diff=0; src=prologue
debug_BackStageTest,0x001B3C18,0x001AB190,func,__text__,op_seq_hash,0.95,verified,struct match; sz_diff=0; src=prologue
debug_tsuresariTimeZero,0x001B3C40,0x0019DBA8,func,__text__,op_seq_hash,0.95,verified,struct match; sz_diff=0; src=prologue
debug_hintStart,0x001B3C60,0x001019E0,func,__text__,fuzzy,1.00,candidate,fuzzy; sz_diff=0; src=prologue
debug_SelectPad2ControlGobj,0x001B3CC0,0x001AB1D8,func,__text__,op_seq_hash,0.95,verified,struct match; sz_diff=0; src=prologue
debug_FreeCamera,0x001B3DE0,0x001AB2F8,func,__text__,op_seq_hash,0.95,verified,struct match; sz_diff=0; src=prologue
CloseVif1DirectPacket,0x001B3E20,0x001AB338,func,__text__,op_seq_hash,0.95,verified,struct match; sz_diff=0; src=prologue
SendVif1DirectPacket,0x001B3E60,0x001AB378,func,__text__,op_seq_hash,0.95,verified,struct match; sz_diff=0; src=prologue
RestoreNormalDrawEnvironment,0x001B3EB8,0x001AB3D0,func,__text__,op_seq_hash,0.95,verified,struct match; sz_diff=0; src=prologue
SetTextureWithFrameBuffer,0x001B3F28,0x001AB440,func,__text__,op_seq_hash,0.95,verified,struct match; sz_diff=0; src=prologue
SetTexDrawEnvironment,0x001B3FE8,0x001AB500,func,__text__,op_seq_hash,0.95,verified,struct match; sz_diff=0; src=prologue
SetDrawnTextureEnvironment,0x001B4090,0x001AB5A8,func,__text__,op_seq_hash,0.95,verified,struct match; sz_diff=0; src=prologue
SetDrawEnvironment,0x001B4158,0x001AB670,func,__text__,op_seq_hash,0.95,verified,struct match; sz_diff=0; src=prologue
drawSprite,0x001B4218,0x001AB730,func,__text__,op_seq_hash,0.95,verified,struct match; sz_diff=0; src=prologue
PutFont,0x001B45B0,0x001ABAC8,func,__text__,op_seq_hash,0.95,verified,struct match; sz_diff=0; src=prologue
resetPath,0x001B49A0,0x001ABEB8,func,__text__,op_seq_hash,0.95,verified,struct match; sz_diff=0; src=prologue
resetGs,0x001B4A40,0x0011FF30,func,__text__,op_seq_hash,0.95,verified,struct match; sz_diff=0; src=prologue
putString,0x001B4A68,0x001ABF80,func,__text__,op_seq_hash,0.95,verified,struct match; sz_diff=0; src=prologue
drawWin,0x001B4C20,0x001AC138,func,__text__,op_seq_hash,0.95,verified,struct match; sz_diff=0; src=prologue
saveBack,0x001B4DE8,0x001AC300,func,__text__,op_seq_hash,0.95,verified,struct match; sz_diff=0; src=prologue
baseFunc,0x001B4E30,0x001AC348,func,__text__,op_seq_hash,0.95,verified,struct match; sz_diff=0; src=prologue
syncGs,0x001B4F20,0x001AC438,func,__text__,op_seq_hash,0.95,verified,struct match; sz_diff=0; src=prologue
initLineTraceTable,0x001B4FA0,0x001AC4B8,func,__text__,op_seq_hash,0.95,verified,struct match; sz_diff=0; src=prologue
traceLine,0x001B5170,0x001AC688,func,__text__,op_seq_hash,0.95,verified,struct match; sz_diff=0; src=prologue
dispSource,0x001B5510,0x001ACA28,func,__text__,op_seq_hash,0.95,verified,struct match; sz_diff=0; src=prologue
display,0x001B57B8,0x001ACCD0,func,__text__,op_seq_hash,0.95,verified,struct match; sz_diff=0; src=prologue
debugEEExceptionMain,0x001B5BD0,0x001AD0E8,func,__text__,op_seq_hash,0.95,verified,struct match; sz_diff=0; src=prologue
debugIOPExceptionMain,0x001B6020,0x001AD538,func,__text__,op_seq_hash,0.95,verified,struct match; sz_diff=0; src=prologue
debug_SetExceptionMessage,0x001B6150,0x001AD668,func,__text__,op_seq_hash,0.95,verified,struct match; sz_diff=0; src=prologue
debugExceptionInit,0x001B61B0,0x001BC130,func,__text__,fuzzy,0.98,candidate,fuzzy; sz_diff=4; src=extracted
debugIOPExceptionInit,0x001B6228,0x00100108,func,__text__,raw_sha1,1.00,verified,exact; src=prologue
debug_assertMessage,0x001B6230,0x00133608,func,__text__,fuzzy,0.87,candidate,fuzzy; sz_diff=8; src=extracted
debug_assert,0x001B6250,0x001BC130,func,__text__,fuzzy,0.85,candidate,fuzzy; sz_diff=12; src=extracted
OpenVif1DirectPacket,0x001B6270,0x001AD788,func,__text__,op_seq_hash,0.95,verified,struct match; sz_diff=0; src=prologue
SetPrimColor,0x001B62D8,0x001AD7F0,func,__text__,op_seq_hash,0.95,verified,struct match; sz_diff=0; src=prologue
SetPrimColorTex,0x001B63D0,0x001AD8E8,func,__text__,op_seq_hash,0.95,verified,struct match; sz_diff=0; src=prologue
debug_TargetGObj,0x001B64F0,0x001ADA08,func,__text__,op_seq_hash,0.95,verified,struct match; sz_diff=0; src=prologue
init_debug_menu,0x001B6658,0x00106750,func,__text__,fuzzy,1.00,candidate,fuzzy; sz_diff=0; src=extracted
debug_TargetGObj_Func,0x001B6670,0x001ADB88,func,__text__,op_seq_hash,0.95,verified,struct match; sz_diff=0; src=prologue
gamesysObjInfoInit,0x001B66A8,0x001ADBC0,func,__text__,op_seq_hash,0.95,verified,struct match; sz_diff=0; src=prologue
gamesysObjInfoSave,0x001B6700,0x001ADC18,func,__text__,op_seq_hash,0.95,verified,struct match; sz_diff=0; src=prologue
gamesysObjInfoLoad,0x001B6798,0x001ADCB0,func,__text__,op_seq_hash,0.95,verified,struct match; sz_diff=0; src=prologue
gamesysObjInfoEmptyAreaSearch,0x001B67E8,0x001ADD00,func,__text__,op_seq_hash,0.95,verified,struct match; sz_diff=0; src=prologue
gamesysObjInfoBaseSet,0x001B69C0,0x001ADED8,func,__text__,op_seq_hash,0.95,verified,struct match; sz_diff=0; src=prologue
gamesysBackStageProcess,0x001B6C70,,func,__text__,unmatched,0.00,unmatched,no match; PAL size=724; src=extracted
gamesysMemoryHandlerWrite,0x001B6CA0,0x001AE1B8,func,__text__,op_seq_hash,0.95,verified,struct match; sz_diff=0; src=prologue
gamesysGeneratorInfoSave,0x001B6CF8,0x001AE210,func,__text__,op_seq_hash,0.95,verified,struct match; sz_diff=0; src=prologue
gamesysGeneratorInfoLoad,0x001B6D40,0x001AE258,func,__text__,op_seq_hash,0.95,verified,struct match; sz_diff=0; src=prologue
gamesysHintInfoSave,0x001B6DA8,0x001AE210,func,__text__,op_seq_hash,0.95,verified,struct match; sz_diff=0; src=prologue
gamesysHintInfoLoad,0x001B6DF0,0x001AE258,func,__text__,op_seq_hash,0.95,verified,struct match; sz_diff=0; src=prologue
gamesysCharacterInfoSave,0x001B6E58,0x001AE210,func,__text__,op_seq_hash,0.95,verified,struct match; sz_diff=0; src=prologue
gamesysCharacterInfoLoad,0x001B6EA0,0x001AE308,func,__text__,op_seq_hash,0.95,verified,struct match; sz_diff=0; src=prologue
gamesysNObjInfoInit,0x001B6F08,0x001079DC,func,__text__,fuzzy,1.00,candidate,fuzzy; sz_diff=0; src=extracted
gamesysObjInfoStageInitFlagCls,0x001B6F48,0x001AE3B0,func,__text__,op_seq_hash,0.95,verified,struct match; sz_diff=0; src=prologue
gamesysObjInfoStageInitPosSaveUnlock,0x001B6F80,0x001AE3B0,func,__text__,op_seq_hash,0.95,verified,struct match; sz_diff=0; src=prologue
gamesysObjInfoPosSetStage,0x001B6FB8,0x001AE420,func,__text__,op_seq_hash,0.95,verified,struct match; sz_diff=0; src=prologue
gamesysObjInfoUniqDataSet,0x001B6FF8,0x001AE460,func,__text__,op_seq_hash,0.95,verified,struct match; sz_diff=0; src=prologue
gamesysObjInfoPosNewStageSet,0x001B7060,0x001AE4C8,func,__text__,op_seq_hash,0.95,verified,struct match; sz_diff=0; src=prologue
gamesysObjInfoGet,0x001B7188,0x0013FC00,func,__text__,fuzzy,0.98,candidate,fuzzy; sz_diff=4; src=extracted
gamesysObjInfoCls,0x001B7290,0x001B7290,func,__text__,same_va,0.85,verified,same VA; USA size=8; src=extracted
gamesysGirlStageGet,0x001B73A0,0x00101AE8,func,__text__,fuzzy,1.00,candidate,fuzzy; sz_diff=0; src=extracted
gamesysGetGirlStageIDAndPosition,0x001B73C8,0x001AE830,func,__text__,op_seq_hash,0.95,verified,struct match; sz_diff=0; src=prologue
gamesysStageExitTimeSet,0x001B7418,0x001AE880,func,__text__,op_seq_hash,0.95,verified,struct match; sz_diff=0; src=prologue
gamesysMemoryHandlerRead,0x001B7438,0x001AE8A0,func,__text__,op_seq_hash,0.95,verified,struct match; sz_diff=0; src=prologue
gamesysMemorySave,0x001B7488,0x001AE8F0,func,__text__,raw_sha1,1.00,verified,exact; src=prologue
gamesysMemoryLoad,0x001B74E0,0x001AE948,func,__text__,op_seq_hash,0.95,verified,struct match; sz_diff=0; src=prologue
gamesysVersionLoad,0x001B7540,0x001AE9A8,func,__text__,op_seq_hash,0.95,verified,struct match; sz_diff=0; src=prologue
gamesysVersionSave,0x001B7588,0x001AE9F0,func,__text__,op_seq_hash,0.95,verified,struct match; sz_diff=0; src=prologue
ParentSimpleObjGeo,0x001B75E8,0x00100BA8,func,__text__,fuzzy,1.00,candidate,fuzzy; sz_diff=0; src=extracted
ParentSimpleObjDL,0x001B75F0,0x00104E5C,func,__text__,fuzzy,1.00,candidate,fuzzy; sz_diff=0; src=extracted
InitParentSimpleObjGeo,0x001B75F8,0x00100C78,func,__text__,raw_sha1,1.00,verified,exact; src=prologue
disp_memory_partition_bar,0x001B7600,,func,__text__,unmatched,0.00,unmatched,no match; PAL size=1508; src=extracted
disp_memory_partition,0x001B7BE8,0x001AF050,func,__text__,op_seq_hash,0.95,verified,struct match; sz_diff=0; src=prologue
ExecIcoMisc,0x001B7D28,0x001AF190,func,__text__,op_seq_hash,0.95,verified,struct match; sz_diff=0; src=prologue
InitIcoMisc,0x001B8040,0x00106570,func,__text__,fuzzy,1.00,candidate,fuzzy; sz_diff=0; src=prologue
DispIcoMisc,0x001B8568,0x001AF9C8,func,__text__,op_seq_hash,0.95,verified,struct match; sz_diff=0; src=prologue
ExitIcoMisc,0x001B8730,0x00100108,func,__text__,raw_sha1,1.00,verified,exact; src=prologue
kanbanReqAdd,0x001B8738,0x001AFB98,func,__text__,op_seq_hash,0.95,verified,struct match; sz_diff=0; src=prologue
kanban_init_textures_of_specified_property,0x001B8868,0x0010F2E4,func,__text__,fuzzy,1.00,candidate,fuzzy; sz_diff=0; src=prologue
kanbanInit,0x001B8A10,0x001AFE50,func,__text__,op_seq_hash,0.95,verified,struct match; sz_diff=0; src=prologue
kanban_display_texture,0x001B8B10,0x0021A6B8,func,__text__,fuzzy,1.00,candidate,fuzzy; sz_diff=0; src=prologue
fade_exec,0x001B8DE0,0x00101720,func,__text__,fuzzy,0.91,candidate,fuzzy; sz_diff=28; src=extracted
display_layout,0x001B8F28,0x0011B1F0,func,__text__,fuzzy,1.00,candidate,fuzzy; sz_diff=0; src=prologue
kanbanReqDel,0x001B90D8,0x001009A0,func,__text__,fuzzy,1.00,candidate,fuzzy; sz_diff=0; src=extracted
kanbanReqDelFade,0x001B9110,0x00260C80,func,__text__,fuzzy,0.95,candidate,fuzzy; sz_diff=0; src=extracted
kanbanReqAllDel,0x001B9130,0x001B0538,func,__text__,op_seq_hash,0.95,verified,struct match; sz_diff=0; src=prologue
kanbanReqAllDelFade,0x001B9168,0x001D0F68,func,__text__,fuzzy,0.93,candidate,fuzzy; sz_diff=4; src=extracted
kanbanExec,0x001B91A0,0x001B05A8,func,__text__,op_seq_hash,0.95,verified,struct match; sz_diff=0; src=prologue
kanbanBootMcCheck,0x001B92D0,0x0018AA48,func,__text__,fuzzy,1.00,candidate,fuzzy; sz_diff=4; src=prologue
kanbanBootMain,0x001B9920,0x001A76B8,func,__text__,fuzzy,0.79,candidate,fuzzy; sz_diff=4; src=extracted
kanbanBootInit,0x001B9A78,0x00101AE8,func,__text__,fuzzy,1.00,candidate,fuzzy; sz_diff=0; src=extracted
kanbanBootStart,0x001B9A98,0x0013F878,func,__text__,op_seq_hash,0.95,verified,struct match; sz_diff=0; src=prologue
POSITIVE_SE,0x001B9AA8,0x001B0A68,func,__text__,op_seq_hash,0.95,verified,struct match; sz_diff=0; src=prologue
NEGATIVE_SE,0x001B9AC0,0x00101720,func,__text__,fuzzy,0.82,candidate,fuzzy; sz_diff=8; src=extracted
CUR_SE,0x001B9AD8,0x00164070,func,__text__,fuzzy,0.80,candidate,fuzzy; sz_diff=0; src=extracted
la_TESTFUNCTION,0x001B9AF0,0x0013FC00,func,__text__,fuzzy,0.85,candidate,fuzzy; sz_diff=0; src=extracted
_la_mcard_error_check,0x001B9B00,0x001B0AC0,func,__text__,op_seq_hash,0.95,verified,struct match; sz_diff=0; src=prologue
_la_memory_card_check,0x001B9BF8,0x001283B8,func,__text__,fuzzy,1.00,candidate,fuzzy; sz_diff=0; src=prologue
_la_set_current_port_2,0x001B9F88,0x001B0F18,func,__text__,op_seq_hash,0.95,verified,struct match; sz_diff=0; src=prologue
_la_set_current_port_lock_2,0x001BA2E0,0x001B1270,func,__text__,op_seq_hash,0.95,verified,struct match; sz_diff=0; src=prologue
_la_set_current_port_new,0x001BA4A8,0x001B1438,func,__text__,op_seq_hash,0.95,verified,struct match; sz_diff=0; src=prologue
la_vibe_select,0x001BA660,0x0011FF30,func,__text__,op_seq_hash,0.95,verified,struct match; sz_diff=0; src=prologue
la_title_continue_or_new,0x001BA870,0x001112E0,func,__text__,fuzzy,1.00,candidate,fuzzy; sz_diff=0; src=prologue
la_title_new_game_only,0x001BAA60,0x0010F2E4,func,__text__,fuzzy,1.00,candidate,fuzzy; sz_diff=0; src=prologue
la_mc_file_select,0x001BAC08,0x00171BC8,func,__text__,fuzzy,1.00,candidate,fuzzy; sz_diff=0; src=prologue
_la_mask_preview_info,0x001BAE88,0x00103120,func,__text__,fuzzy,1.00,candidate,fuzzy; sz_diff=0; src=prologue
_la_set_preview_info,0x001BAF48,0x001BAF48,func,__text__,same_va,0.85,verified,same VA; USA size=128; src=prologue
la_load_game_memory_card_check,0x001BB238,0x0011B1F0,func,__text__,fuzzy,1.00,candidate,fuzzy; sz_diff=0; src=prologue
la_mc_load_file_select,0x001BB3A8,0x001085BC,func,__text__,fuzzy,1.00,candidate,fuzzy; sz_diff=0; src=prologue
la_load_confirm_no_memory_card,0x001BB668,0x00101AE8,func,__text__,fuzzy,1.00,candidate,fuzzy; sz_diff=0; src=prologue
la_load_confirm_no_data,0x001BB7B0,0x00101AE8,func,__text__,fuzzy,1.00,candidate,fuzzy; sz_diff=0; src=prologue
la_load_start_check,0x001BB8D0,0x0024BDE4,func,__text__,fuzzy,0.80,candidate,fuzzy; sz_diff=0; src=extracted
la_load_processing,0x001BB9E0,0x001B2A30,func,__text__,op_seq_hash,0.95,verified,struct match; sz_diff=0; src=prologue
la_mc_confirm_save_file,0x001BBE18,0x0015A044,func,__text__,fuzzy,1.00,candidate,fuzzy; sz_diff=0; src=prologue
la_save_game_memory_card_check,0x001BC030,0x00136828,func,__text__,fuzzy,1.00,candidate,fuzzy; sz_diff=0; src=prologue
progressive_bar,0x001BC210,0x001B3338,func,__text__,op_seq_hash,0.95,verified,struct match; sz_diff=0; src=prologue
la_mc_save_file_select,0x001BC408,0x001B3530,func,__text__,op_seq_hash,0.95,verified,struct match; sz_diff=0; src=prologue
la_save_start_check,0x001BC6E8,0x0010184C,func,__text__,fuzzy,0.89,candidate,fuzzy; sz_diff=44; src=extracted
la_save_confirm_overwrite,0x001BC868,0x001B3990,func,__text__,op_seq_hash,0.95,verified,struct match; sz_diff=0; src=prologue
la_format_confirm,0x001BCA10,0x001B3B38,func,__text__,op_seq_hash,0.95,verified,struct match; sz_diff=0; src=prologue
la_system_save_processing,0x001BCBA8,0x0010BB98,func,__text__,fuzzy,1.00,candidate,fuzzy; sz_diff=0; src=prologue
la_save_processing,0x001BCED0,0x0010BB98,func,__text__,fuzzy,1.00,candidate,fuzzy; sz_diff=0; src=prologue
la_end_confirm,0x001BD288,0x001B4208,func,__text__,op_seq_hash,0.95,verified,struct match; sz_diff=0; src=prologue
la_delete_processing,0x001BD408,0x001B4388,func,__text__,op_seq_hash,0.95,verified,struct match; sz_diff=0; src=prologue
la_game_loop,0x001BD500,0x001B4480,func,__text__,op_seq_hash,0.95,verified,struct match; sz_diff=0; src=prologue
la_game_over_continue,0x001BD660,0x0011F248,func,__text__,fuzzy,1.00,candidate,fuzzy; sz_diff=0; src=prologue
la_key_config,0x001BD860,0x00103C48,func,__text__,fuzzy,1.00,candidate,fuzzy; sz_diff=0; src=prologue
la_game_option,0x001BDCB8,0x00103AD0,func,__text__,fuzzy,1.00,candidate,fuzzy; sz_diff=0; src=prologue
la_adjust_screen,0x001BE058,0x001019E0,func,__text__,fuzzy,1.00,candidate,fuzzy; sz_diff=0; src=prologue
la_boot_memory_card_check,0x001BE190,0x001B4E78,func,__text__,op_seq_hash,0.95,verified,struct match; sz_diff=0; src=prologue
la_boot_no_memory_card,0x001BE1D8,0x001B4EC0,func,__text__,op_seq_hash,0.95,verified,struct match; sz_diff=0; src=prologue
la_boot_no_free_area,0x001BE208,0x001B4EC0,func,__text__,op_seq_hash,0.95,verified,struct match; sz_diff=0; src=prologue
la_boot_confirm_memory_card,0x001BE238,0x001D0F68,func,__text__,fuzzy,0.98,candidate,fuzzy; sz_diff=4; src=extracted
la_scei_logo,0x001BE270,0x001B4F58,func,__text__,op_seq_hash,0.95,verified,struct match; sz_diff=0; src=prologue
la_title_demo,0x001BE2D8,0x001147C4,func,__text__,raw_sha1,1.00,verified,exact; src=prologue
la_mc_preview_info,0x001BE2E0,0x001B5118,func,__text__,op_seq_hash,0.95,verified,struct match; sz_diff=0; src=prologue
la_mc_current_slot,0x001BE320,0x001B5158,func,__text__,op_seq_hash,0.95,verified,struct match; sz_diff=0; src=prologue
la_mc_load_current_slot_select,0x001BE358,0x0011FF30,func,__text__,op_seq_hash,0.95,verified,struct match; sz_diff=0; src=prologue
la_mc_save_current_slot_select,0x001BE3E8,0x0026B018,func,__text__,fuzzy,0.80,candidate,fuzzy; sz_diff=0; src=extracted
la_general_mc_confirm,0x001BE478,0x001B5220,func,__text__,op_seq_hash,0.95,verified,struct match; sz_diff=0; src=prologue
la_save_confirm_no_memory_card,0x001BE4B0,0x001D0824,func,__text__,fuzzy,0.80,candidate,fuzzy; sz_diff=0; src=extracted
la_save_confirm_no_free_area,0x001BE5A0,0x001B5348,func,__text__,op_seq_hash,0.95,verified,struct match; sz_diff=0; src=prologue
la_format_processing,0x001BE6A0,0x001B5448,func,__text__,op_seq_hash,0.95,verified,struct match; sz_diff=0; src=prologue
la_save_confirm_complete,0x001BE780,0x0010CDC0,func,__text__,fuzzy,1.00,candidate,fuzzy; sz_diff=0; src=prologue
la_save_confirm_fail,0x001BE870,0x001147C4,func,__text__,raw_sha1,1.00,verified,exact; src=prologue
la_format_confirm_fail,0x001BE878,0x001147C4,func,__text__,raw_sha1,1.00,verified,exact; src=prologue
la_delete_start_check,0x001BE880,0x00133608,func,__text__,fuzzy,0.88,candidate,fuzzy; sz_diff=4; src=extracted
la_delete_confirm,0x001BE930,0x001B56D0,func,__text__,op_seq_hash,0.95,verified,struct match; sz_diff=0; src=prologue
la_delete_confirm_complete,0x001BE988,0x001B5728,func,__text__,op_seq_hash,0.95,verified,struct match; sz_diff=0; src=prologue
la_delete_confirm_fail,0x001BE9C8,0x001147C4,func,__text__,raw_sha1,1.00,verified,exact; src=prologue
la_game_loading,0x001BE9D0,0x00100BA8,func,__text__,fuzzy,1.00,candidate,fuzzy; sz_diff=0; src=extracted
la_playtime_count,0x001BE9E8,0x001009E0,func,__text__,fuzzy,1.00,candidate,fuzzy; sz_diff=0; src=extracted
la_game_demo,0x001BEA10,0x001B57B0,func,__text__,op_seq_hash,0.95,verified,struct match; sz_diff=0; src=prologue
la_game_demo_pause,0x001BEAD0,0x001B5870,func,__text__,op_seq_hash,0.95,verified,struct match; sz_diff=0; src=prologue
la_game_pause,0x001BEB18,0x00102644,func,__text__,fuzzy,1.00,candidate,fuzzy; sz_diff=0; src=prologue
la_switching_stage,0x001BEBC8,0x001B5958,func,__text__,op_seq_hash,0.95,verified,struct match; sz_diff=0; src=prologue
la_save_confirm_yesno,0x001BEC08,0x001B5220,func,__text__,op_seq_hash,0.95,verified,struct match; sz_diff=0; src=prologue
PSH_POSITIVE_OR_NEGATIVE,0x001BEC40,0x00102644,func,__text__,fuzzy,1.00,candidate,fuzzy; sz_diff=0; src=extracted
keyconfig_reset,0x001BEC80,0x001B5A10,func,__text__,op_seq_hash,0.95,verified,struct match; sz_diff=0; src=prologue
la_mc_saved_file_select,0x001BEDA0,0x00109BB8,func,__text__,fuzzy,1.00,candidate,fuzzy; sz_diff=0; src=prologue
display_texture_fade_cancel_chk,0x001BEEA8,0x001B5C38,func,__text__,op_seq_hash,0.95,verified,struct match; sz_diff=0; src=prologue
lt_analog2Pad,0x001BF130,0x001D0824,func,__text__,fuzzy,1.00,candidate,fuzzy; sz_diff=0; src=extracted
default_item_select,0x001BF220,0x001ABAC8,func,__text__,fuzzy,1.00,candidate,fuzzy; sz_diff=0; src=prologue
texture_fading,0x001BF610,0x001048C8,func,__text__,fuzzy,1.00,candidate,fuzzy; sz_diff=0; src=prologue
lt_display_texture,0x001BF960,0x00103D50,func,__text__,fuzzy,1.00,candidate,fuzzy; sz_diff=0; src=prologue
display_primary_texture_layout,0x001C03E0,0x0019CF88,func,__text__,fuzzy,0.99,candidate,fuzzy; sz_diff=4; src=prologue
exec_layout_texture,0x001C06C8,0x0019CF88,func,__text__,fuzzy,0.84,candidate,fuzzy; sz_diff=4; src=extracted
lt_init_textures_of_specified_property,0x001C09A8,0x001AFCC8,func,__text__,op_seq_hash,0.95,verified,struct match; sz_diff=0; src=prologue
init_layout_texture,0x001C0B38,0x001B6E58,func,__text__,op_seq_hash,0.95,verified,struct match; sz_diff=0; src=prologue
lt_switch_layout,0x001C0CB8,0x00102688,func,__text__,fuzzy,1.00,candidate,fuzzy; sz_diff=0; src=prologue
lt_current_property_item,0x001C0D28,0x00109BAC,func,__text__,op_seq_hash,0.95,verified,struct match; sz_diff=0; src=prologue
lt_link_layout,0x001C0D30,0x001009E0,func,__text__,fuzzy,1.00,candidate,fuzzy; sz_diff=0; src=extracted
lt_prev_layout,0x001C0DE8,0x001B7100,func,__text__,raw_sha1,1.00,verified,exact; src=prologue
lt_next_layout,0x001C0E88,0x001B7100,func,__text__,raw_sha1,1.00,verified,exact; src=prologue
lt_mask_property,0x001C0F20,0x00102644,func,__text__,fuzzy,1.00,candidate,fuzzy; sz_diff=0; src=extracted
lt_default_mask_property,0x001C0F58,0x00101B68,func,__text__,fuzzy,1.00,candidate,fuzzy; sz_diff=0; src=prologue
lt_fade_status,0x001C0F90,0x00109BAC,func,__text__,op_seq_hash,0.95,verified,struct match; sz_diff=0; src=prologue
lt_set_item_select_func,0x001C0F98,0x00102678,func,__text__,op_seq_hash,0.95,verified,struct match; sz_diff=0; src=prologue
lt_set_fade_mode,0x001C0FA0,0x00102678,func,__text__,op_seq_hash,0.95,verified,struct match; sz_diff=0; src=prologue
GetRealModelId,0x001C0FA8,0x001B7298,func,__text__,op_seq_hash,0.95,verified,struct match; sz_diff=0; src=prologue
InitStageLight,0x001C1118,0x00116888,func,__text__,fuzzy,1.00,candidate,fuzzy; sz_diff=4; src=prologue
initSceneGObj,0x001C1490,0x001B76F8,func,__text__,op_seq_hash,0.95,verified,struct match; sz_diff=0; src=prologue
initParentLink,0x001C1920,0x0010184C,func,__text__,fuzzy,0.89,candidate,fuzzy; sz_diff=4; src=extracted
initWayData,0x001C1A70,,func,__text__,unmatched,0.00,unmatched,no match; PAL size=756; src=extracted
InitSceneObjects,0x001C1A78,0x00131C90,func,__text__,fuzzy,1.00,candidate,fuzzy; sz_diff=0; src=prologue
HotInitSceneObjects,0x001C1CC0,0x001B7F20,func,__text__,op_seq_hash,0.95,verified,struct match; sz_diff=0; src=prologue
ChangeStageStartInfo,0x001C1D68,0x001064B0,func,__text__,fuzzy,1.00,candidate,fuzzy; sz_diff=0; src=extracted
CreateLayoutedGObj,0x001C1D88,0x001B7FE8,func,__text__,op_seq_hash,0.95,verified,struct match; sz_diff=0; src=prologue
MoveNextStage_Set,0x001C1E50,0x001029E4,func,__text__,fuzzy,1.00,candidate,fuzzy; sz_diff=0; src=extracted
test_nextstage_firstwalk_set,0x001C1EB0,0x00104E5C,func,__text__,fuzzy,1.00,candidate,fuzzy; sz_diff=0; src=extracted
GetStageStartInfo,0x001C1EC0,0x00104478,func,__text__,fuzzy,1.00,candidate,fuzzy; sz_diff=0; src=extracted
MoveNextStage_Clear,0x001C1F48,0x001B81A8,func,__text__,op_seq_hash,0.95,verified,struct match; sz_diff=0; src=prologue
staffRollStart,0x001C1F58,0x001C1F58,func,__text__,same_va,0.85,verified,same VA; USA size=224; src=extracted
staffRollScroll,0x001C2000,0x00142890,func,__text__,fuzzy,0.88,candidate,fuzzy; sz_diff=8; src=extracted
staffRollNameOut,0x001C2178,0x001B8388,func,__text__,op_seq_hash,0.95,verified,struct match; sz_diff=0; src=prologue
staffRollMain,0x001C22B8,0x001B84C8,func,__text__,op_seq_hash,0.95,verified,struct match; sz_diff=0; src=prologue
staffRollWide,0x001C24B0,0x00100A08,func,__text__,fuzzy,1.00,candidate,fuzzy; sz_diff=0; src=extracted
InitAP1,0x001C2510,0x001B8720,func,__text__,op_seq_hash,0.95,verified,struct match; sz_diff=0; src=prologue
yAxisRotFitting,0x001C2AD0,0x001B8CE0,func,__text__,op_seq_hash,0.95,verified,struct match; sz_diff=0; src=prologue
zAxisRotFitting,0x001C2BB8,0x001B8CE0,func,__text__,op_seq_hash,0.95,verified,struct match; sz_diff=0; src=prologue
fitToCol,0x001C2CA0,0x001B8EB0,func,__text__,op_seq_hash,0.95,verified,struct match; sz_diff=0; src=prologue
walkMot,0x001C32A0,0x001B94B0,func,__text__,op_seq_hash,0.95,verified,struct match; sz_diff=0; src=prologue
rolling,0x001C3428,0x001B9638,func,__text__,op_seq_hash,0.95,verified,struct match; sz_diff=0; src=prologue
calcSubMission,0x001C3780,0x001B99B0,func,__text__,op_seq_hash,0.95,verified,struct match; sz_diff=0; src=prologue
updateMatrix,0x001C3E68,0x001BA090,func,__text__,op_seq_hash,0.95,verified,struct match; sz_diff=0; src=prologue
resetPositionInfo,0x001C40B8,0x001BA2E0,func,__text__,op_seq_hash,0.95,verified,struct match; sz_diff=0; src=prologue
AP1Geo,0x001C4108,0x001BA330,func,__text__,op_seq_hash,0.95,verified,struct match; sz_diff=0; src=prologue
AP1DL,0x001C4308,0x001BA530,func,__text__,op_seq_hash,0.95,verified,struct match; sz_diff=0; src=prologue
GetAP1SpecType,0x001C4398,0x00104E5C,func,__text__,fuzzy,1.00,candidate,fuzzy; sz_diff=0; src=extracted
SetAP1VisualState,0x001C43A8,0x00104E5C,func,__text__,fuzzy,1.00,candidate,fuzzy; sz_diff=0; src=extracted
AP1Turn,0x001C43B8,0x001BA5E0,func,__text__,op_seq_hash,0.95,verified,struct match; sz_diff=0; src=prologue
AP1MotReqForce,0x001C4440,0x001BA668,func,__text__,op_seq_hash,0.95,verified,struct match; sz_diff=0; src=prologue
AP1MotReq,0x001C4488,0x001BA6B0,func,__text__,op_seq_hash,0.95,verified,struct match; sz_diff=0; src=prologue
AP1JumpReq,0x001C44C8,0x001BA6F0,func,__text__,op_seq_hash,0.95,verified,struct match; sz_diff=0; src=prologue
MakeAP1GObj,0x001C4548,0x001085BC,func,__text__,fuzzy,1.00,candidate,fuzzy; sz_diff=0; src=prologue
GetAP1Mode,0x001C4598,0x00101B14,func,__text__,fuzzy,1.00,candidate,fuzzy; sz_diff=0; src=extracted
standMot,0x001C45C0,0x001BA7E8,func,__text__,op_seq_hash,0.95,verified,struct match; sz_diff=0; src=prologue
rollingMot,0x001C4610,0x001BA838,func,__text__,op_seq_hash,0.95,verified,struct match; sz_diff=0; src=prologue
attackMotInit,0x001C4658,0x001BA880,func,__text__,op_seq_hash,0.95,verified,struct match; sz_diff=0; src=prologue
attackMot,0x001C4700,0x001BA928,func,__text__,op_seq_hash,0.95,verified,struct match; sz_diff=0; src=prologue
standAI,0x001C4788,0x001BA9B0,func,__text__,op_seq_hash,0.95,verified,struct match; sz_diff=0; src=prologue
walkAI,0x001C4940,0x001BAB68,func,__text__,op_seq_hash,0.95,verified,struct match; sz_diff=0; src=prologue
hehehe,0x001C4CD0,0x001D0824,func,__text__,fuzzy,0.98,candidate,fuzzy; sz_diff=4; src=extracted
SleepAP1,0x001C4CF0,0x00163B40,func,__text__,fuzzy,1.00,candidate,fuzzy; sz_diff=0; src=extracted
WakeUpAP1,0x001C4D38,0x001BAF48,func,__text__,op_seq_hash,0.95,verified,struct match; sz_diff=0; src=prologue
subAP1BrainMain,0x001C4DC0,0x0011B0C4,func,__text__,fuzzy,1.00,candidate,fuzzy; sz_diff=0; src=prologue
hitProc,0x001C5250,,func,__text__,unmatched,0.00,unmatched,no match; PAL size=800; src=extracted
SetAP1DeadStatus,0x001C5258,,func,__text__,unmatched,0.00,unmatched,no match; PAL size=792; src=extracted
AP1BeforeFunc,0x001C52A0,0x0021A6B8,func,__text__,fuzzy,1.00,candidate,fuzzy; sz_diff=0; src=prologue
actAP1Start,0x001C5570,0x001BB6B0,func,__text__,op_seq_hash,0.95,verified,struct match; sz_diff=0; src=prologue
IsActCharDead,0x001C56A0,0x00101AE8,func,__text__,fuzzy,1.00,candidate,fuzzy; sz_diff=0; src=extracted
SetAP1HostGObj,0x001C56C0,0x001010EC,func,__text__,fuzzy,1.00,candidate,fuzzy; sz_diff=0; src=extracted
SetAP1PriorLevel,0x001C56D0,0x001010EC,func,__text__,fuzzy,1.00,candidate,fuzzy; sz_diff=0; src=extracted
GetAP1AIMode,0x001C56E0,0x001C56E0,func,__text__,same_va,0.85,verified,same VA; USA size=60; src=extracted
jumpAI,0x001C5720,0x001BB860,func,__text__,op_seq_hash,0.95,verified,struct match; sz_diff=0; src=prologue
attackAI,0x001C5748,0x001BB860,func,__text__,op_seq_hash,0.95,verified,struct match; sz_diff=0; src=prologue
subAP1Control,0x001C5770,0x00154CB8,func,__text__,raw_sha1,1.00,verified,exact; src=prologue
SetActressLight,0x001C5780,0x001BB8C0,func,__text__,op_seq_hash,0.95,verified,struct match; sz_diff=0; src=prologue
AttackCheckBoundaryBeforeFunc,0x001C5848,0x0012A318,func,__text__,fuzzy,1.00,candidate,fuzzy; sz_diff=0; src=prologue
InitAttackCheckBoundaryManagerGeo,0x001C59D0,0x001BBB20,func,__text__,op_seq_hash,0.95,verified,struct match; sz_diff=0; src=prologue
AttackCheckBoundaryManagerGeo,0x001C5C88,0x0019F568,func,__text__,fuzzy,1.00,candidate,fuzzy; sz_diff=0; src=extracted
AttackCheckBoundaryManagerDL,0x001C5CF8,0x00100108,func,__text__,raw_sha1,1.00,verified,exact; src=prologue
InitAttackCheckBoundaryGeo,0x001C5D00,0x001BBE50,func,__text__,op_seq_hash,0.95,verified,struct match; sz_diff=0; src=prologue
AttackCheckBoundaryGeo,0x001C5D50,0x00101B14,func,__text__,fuzzy,1.00,candidate,fuzzy; sz_diff=0; src=extracted
AttackCheckBoundaryDL,0x001C5D78,0x001BBEC8,func,__text__,op_seq_hash,0.95,verified,struct match; sz_diff=0; src=prologue
actAttackCheckBoundaryStart,0x001C5E28,0x001BBF78,func,__text__,op_seq_hash,0.95,verified,struct match; sz_diff=0; src=prologue
GetAttackCheckBoundaryRadius,0x001C5E80,0x00104E5C,func,__text__,fuzzy,1.00,candidate,fuzzy; sz_diff=0; src=extracted
CreateAttackCheckBoundary,0x001C5E90,0x001BBFE0,func,__text__,op_seq_hash,0.95,verified,struct match; sz_diff=0; src=prologue
GetAttackCheckBoundaryManagerStatus,0x001C5F38,0x00104E5C,func,__text__,fuzzy,1.00,candidate,fuzzy; sz_diff=0; src=extracted
SetAttackCheckBoundaryAttribute,0x001C5F48,0x00104E5C,func,__text__,fuzzy,1.00,candidate,fuzzy; sz_diff=0; src=extracted
switchOnSE,0x001C5F58,,func,__text__,unmatched,0.00,unmatched,no match; PAL size=908; src=extracted
switchReleaseSE,0x001C5F60,,func,__text__,unmatched,0.00,unmatched,no match; PAL size=900; src=extracted
GetFloorLeverGlobalHoldPoint,0x001C5F68,0x001BC0B8,func,__text__,op_seq_hash,0.95,verified,struct match; sz_diff=0; src=prologue
FloorLeverTriStateGeo,0x001C5FE0,0x001BC130,func,__text__,op_seq_hash,0.95,verified,struct match; sz_diff=0; src=prologue
FloorLeverGeo,0x001C6058,0x001BC1A8,func,__text__,op_seq_hash,0.95,verified,struct match; sz_diff=0; src=prologue
FloorLeverDL,0x001C62E8,0x001BC438,func,__text__,op_seq_hash,0.95,verified,struct match; sz_diff=0; src=prologue
GetWallLeverGlobalHoldPoint,0x001C6368,0x001BC0B8,func,__text__,op_seq_hash,0.95,verified,struct match; sz_diff=0; src=prologue
WallLeverGeo,0x001C63E0,0x001BC530,func,__text__,op_seq_hash,0.95,verified,struct match; sz_diff=0; src=prologue
WallLeverDL,0x001C66A0,0x001BC438,func,__text__,op_seq_hash,0.95,verified,struct match; sz_diff=0; src=prologue
CheckReadyAllSwitches,0x001C6720,0x001BC870,func,__text__,op_seq_hash,0.95,verified,struct match; sz_diff=0; src=prologue
landingSE,0x001C6850,0x001C6850,func,__text__,same_va,0.85,verified,same VA; USA size=320; src=extracted
fallDownStartSE,0x001C6858,0x0010184C,func,__text__,fuzzy,0.90,candidate,fuzzy; sz_diff=16; src=extracted
pushStartSE,0x001C6860,0x0010184C,func,__text__,fuzzy,0.87,candidate,fuzzy; sz_diff=24; src=extracted
pullStartSE,0x001C6868,0x0010184C,func,__text__,fuzzy,0.85,candidate,fuzzy; sz_diff=32; src=extracted
wallHitSE,0x001C6870,0x0010184C,func,__text__,fuzzy,0.82,candidate,fuzzy; sz_diff=40; src=extracted
initFallDown,0x001C6878,0x001BC9C8,func,__text__,op_seq_hash,0.95,verified,struct match; sz_diff=0; src=prologue
checkFieldContact,0x001C69A0,0x0014EB28,func,__text__,fuzzy,1.00,candidate,fuzzy; sz_diff=0; src=prologue
execNormalMove,0x001C6AF0,0x001BCC18,func,__text__,op_seq_hash,0.95,verified,struct match; sz_diff=0; src=prologue
execAutoMove,0x001C7010,0x001BD138,func,__text__,op_seq_hash,0.95,verified,struct match; sz_diff=0; src=prologue
AlignBox,0x001C7150,0x001BD278,func,__text__,op_seq_hash,0.95,verified,struct match; sz_diff=0; src=prologue
initWheels,0x001C72E0,0x001BD408,func,__text__,op_seq_hash,0.95,verified,struct match; sz_diff=0; src=prologue
dispWheels,0x001C7540,0x001BD668,func,__text__,op_seq_hash,0.95,verified,struct match; sz_diff=0; src=prologue
getNearestPosition,0x001C7648,0x001BD770,func,__text__,op_seq_hash,0.95,verified,struct match; sz_diff=0; src=prologue
onPathInitialize,0x001C7948,0x001BDA70,func,__text__,op_seq_hash,0.95,verified,struct match; sz_diff=0; src=prologue
onPath,0x001C7B30,0x00131C90,func,__text__,fuzzy,1.00,candidate,fuzzy; sz_diff=0; src=prologue
playAnimationCore,0x001C8090,0x0010EE90,func,__text__,fuzzy,1.00,candidate,fuzzy; sz_diff=0; src=prologue
MoveFloatingBox,0x001C81C8,0x001BE250,func,__text__,op_seq_hash,0.95,verified,struct match; sz_diff=0; src=prologue
avoidCharGObj,0x001C84D0,0x001BE558,func,__text__,raw_sha1,1.00,verified,exact; src=prologue
execFloating,0x001C8620,0x001BE6A8,func,__text__,op_seq_hash,0.95,verified,struct match; sz_diff=0; src=prologue
initFloating,0x001C8BE0,0x001031E0,func,__text__,fuzzy,1.00,candidate,fuzzy; sz_diff=0; src=prologue
_checkItemBreak,0x001C8CA8,0x001BED00,func,__text__,op_seq_hash,0.95,verified,struct match; sz_diff=0; src=prologue
initLanding,0x001C8E08,0x001BEE60,func,__text__,op_seq_hash,0.95,verified,struct match; sz_diff=0; src=prologue
execFallDown,0x001C8F00,0x001BEF58,func,__text__,op_seq_hash,0.95,verified,struct match; sz_diff=0; src=prologue
inertiaMove,0x001C90F0,0x001BF148,func,__text__,op_seq_hash,0.95,verified,struct match; sz_diff=0; src=prologue
action,0x001C9270,0x001026F0,func,__text__,fuzzy,1.00,candidate,fuzzy; sz_diff=0; src=prologue
GetBoxHoldPoint,0x001C9448,0x001BF460,func,__text__,op_seq_hash,0.95,verified,struct match; sz_diff=0; src=prologue
_checkItemCollision,0x001C9688,0x001BF6A0,func,__text__,op_seq_hash,0.95,verified,struct match; sz_diff=0; src=prologue
moveBoxAutoMatic,0x001C97E0,0x00152A70,func,__text__,op_seq_hash,0.95,verified,struct match; sz_diff=0; src=prologue
MoveBoxWithHoldPoint,0x001C99A8,0x00112D2C,func,__text__,fuzzy,1.00,candidate,fuzzy; sz_diff=0; src=prologue
ReInitBoxGeo,0x001CA088,0x001BFFE8,func,__text__,op_seq_hash,0.95,verified,struct match; sz_diff=0; src=prologue
InitBoxGeo,0x001CA160,0x00129C90,func,__text__,fuzzy,1.00,candidate,fuzzy; sz_diff=0; src=prologue
BoxGeo,0x001CA5C8,0x001C0538,func,__text__,op_seq_hash,0.95,verified,struct match; sz_diff=0; src=prologue
GetBoxMode,0x001CA638,0x00104E5C,func,__text__,fuzzy,1.00,candidate,fuzzy; sz_diff=0; src=extracted
CanHoldBox,0x001CA648,0x00106750,func,__text__,fuzzy,1.00,candidate,fuzzy; sz_diff=0; src=extracted
BoxDL,0x001CA660,0x001C05D0,func,__text__,op_seq_hash,0.95,verified,struct match; sz_diff=0; src=prologue
GetBoxGlobalHoldPoint,0x001CA6D8,0x0017DC90,func,__text__,op_seq_hash,0.95,verified,struct match; sz_diff=0; src=prologue
IsThisBoxTruck,0x001CA720,0x00104E5C,func,__text__,fuzzy,1.00,candidate,fuzzy; sz_diff=0; src=extracted
ExecBoxMoveStartReaction,0x001CA730,0x001C06A0,func,__text__,op_seq_hash,0.95,verified,struct match; sz_diff=0; src=prologue
ExecBoxMoveEndReaction,0x001CA798,0x001C0708,func,__text__,op_seq_hash,0.95,verified,struct match; sz_diff=0; src=prologue
BoxGeoRestore,0x001CA820,0x001C0790,func,__text__,op_seq_hash,0.95,verified,struct match; sz_diff=0; src=prologue
BoxExtGeoRestore,0x001CA8C8,0x0010A10C,func,__text__,raw_sha1,1.00,verified,exact; src=prologue
BoxMemoryFunc,0x001CA8D0,0x0010A10C,func,__text__,raw_sha1,1.00,verified,exact; src=prologue
InitSwitchGeo,0x001CA8D8,0x00100C78,func,__text__,raw_sha1,1.00,verified,exact; src=prologue
SwitchGeo,0x001CA8E0,0x00100108,func,__text__,raw_sha1,1.00,verified,exact; src=prologue
SwitchDL,0x001CA8E8,0x00100108,func,__text__,raw_sha1,1.00,verified,exact; src=prologue
SetSwitchTriggerFunc,0x001CA8F0,0x00104E5C,func,__text__,fuzzy,1.00,candidate,fuzzy; sz_diff=0; src=extracted
SetSwitchState,0x001CA900,0x001C0870,func,__text__,op_seq_hash,0.95,verified,struct match; sz_diff=0; src=prologue
SetFloorLeverWithNodePoint,0x001CA948,0x001C08B8,func,__text__,op_seq_hash,0.95,verified,struct match; sz_diff=0; src=prologue
CanFloorLeverPull,0x001CAA40,0x00106750,func,__text__,fuzzy,1.00,candidate,fuzzy; sz_diff=0; src=extracted
InitFloorLeverGeo,0x001CAA58,0x001C09C8,func,__text__,op_seq_hash,0.95,verified,struct match; sz_diff=0; src=prologue
GetFloorLeverAngle,0x001CAB68,0x00104E5C,func,__text__,fuzzy,1.00,candidate,fuzzy; sz_diff=0; src=extracted
SetWallLeverWithNodePoint,0x001CAB78,0x001C0AE8,func,__text__,op_seq_hash,0.95,verified,struct match; sz_diff=0; src=prologue
CanWallLeverPull,0x001CAC70,0x00106750,func,__text__,fuzzy,1.00,candidate,fuzzy; sz_diff=0; src=extracted
IsWallLeverStatus,0x001CAC88,0x001085BC,func,__text__,fuzzy,1.00,candidate,fuzzy; sz_diff=0; src=extracted
InitWallLeverGeo,0x001CACD0,0x001C09C8,func,__text__,op_seq_hash,0.95,verified,struct match; sz_diff=0; src=prologue
GetWallLeverAngle,0x001CADE0,0x00104E5C,func,__text__,fuzzy,1.00,candidate,fuzzy; sz_diff=0; src=extracted
initParentize,0x001CADF0,0x001C0D60,func,__text__,op_seq_hash,0.95,verified,struct match; sz_diff=0; src=prologue
getAlign,0x001CAE70,0x001C0DE0,func,__text__,raw_sha1,1.00,verified,exact; src=prologue
GetDistanceOfGObj,0x001CAED8,0x001C0E48,func,__text__,op_seq_hash,0.95,verified,struct match; sz_diff=0; src=prologue
moveXPlus,0x001CAF40,0x001C0EB0,func,__text__,raw_sha1,1.00,verified,exact; src=prologue
moveXMinus,0x001CB000,0x001C0EB0,func,__text__,raw_sha1,1.00,verified,exact; src=prologue
moveZPlus,0x001CB0C8,0x001C1038,func,__text__,raw_sha1,1.00,verified,exact; src=prologue
moveZMinus,0x001CB188,0x001C1038,func,__text__,raw_sha1,1.00,verified,exact; src=prologue
BoxRideFunc,0x001CB250,0x001C11C0,func,__text__,op_seq_hash,0.95,verified,struct match; sz_diff=0; src=prologue
boy_dispClothes,0x001CB2E0,0x001C1250,func,__text__,op_seq_hash,0.95,verified,struct match; sz_diff=0; src=prologue
boy_execClothes,0x001CB380,0x00101C80,func,__text__,fuzzy,1.00,candidate,fuzzy; sz_diff=0; src=prologue
InitLightLineGeo,0x001CB510,0x001C1380,func,__text__,op_seq_hash,0.95,verified,struct match; sz_diff=0; src=prologue
LightLineDL,0x001CB838,0x001C16A8,func,__text__,op_seq_hash,0.95,verified,struct match; sz_diff=0; src=prologue
InitBoyGeo,0x001CBC28,0x0011D9A0,func,__text__,fuzzy,1.00,candidate,fuzzy; sz_diff=0; src=prologue
synchronizeMotionOutputOriginForGirl,0x001CBF90,0x001C1C48,func,__text__,op_seq_hash,0.95,verified,struct match; sz_diff=0; src=prologue
actionOfWater,0x001CC120,0x0010BB98,func,__text__,fuzzy,1.00,candidate,fuzzy; sz_diff=0; src=prologue
BoyGeo,0x001CC290,0x001C1DD8,func,__text__,op_seq_hash,0.95,verified,struct match; sz_diff=0; src=prologue
dispSubParts,0x001CC368,0x00103120,func,__text__,fuzzy,1.00,candidate,fuzzy; sz_diff=0; src=prologue
boy_dispCrown,0x001CC428,0x001C1EA8,func,__text__,op_seq_hash,0.95,verified,struct match; sz_diff=0; src=prologue
BoyDL,0x001CC4D8,0x00113298,func,__text__,fuzzy,1.00,candidate,fuzzy; sz_diff=0; src=prologue
SelectBoyCrown,0x001CC620,0x00104E5C,func,__text__,fuzzy,1.00,candidate,fuzzy; sz_diff=0; src=extracted
LightLineGeo,0x001CC630,0x001C20A8,func,__text__,op_seq_hash,0.95,verified,struct match; sz_diff=0; src=prologue
SetBoyStonizedVisual,0x001CC6F8,0x001C2170,func,__text__,op_seq_hash,0.95,verified,struct match; sz_diff=0; src=prologue
CageRideFunc,0x001CC740,0x001C21B8,func,__text__,op_seq_hash,0.95,verified,struct match; sz_diff=0; src=prologue
SetCageFixGeometry,0x001CC878,0x001C22F0,func,__text__,op_seq_hash,0.95,verified,struct match; sz_diff=0; src=prologue
InitCageGeo,0x001CC8C0,0x001C2338,func,__text__,op_seq_hash,0.95,verified,struct match; sz_diff=0; src=prologue
HotInitCageGeo,0x001CCCE8,0x001C2760,func,__text__,op_seq_hash,0.95,verified,struct match; sz_diff=0; src=prologue
CageGeo,0x001CCE58,0x001C28D0,func,__text__,op_seq_hash,0.95,verified,struct match; sz_diff=0; src=prologue
CageDL,0x001CD380,0x001C2DF8,func,__text__,op_seq_hash,0.95,verified,struct match; sz_diff=0; src=prologue
GetCageChainPoint,0x001CD3B0,0x001C2E28,func,__text__,op_seq_hash,0.95,verified,struct match; sz_diff=0; src=prologue
SetCageVelocityFriction,0x001CD440,0x00104E5C,func,__text__,fuzzy,1.00,candidate,fuzzy; sz_diff=0; src=extracted
StabilizeAllLayoutedCage,0x001CD450,0x0017DE98,func,__text__,op_seq_hash,0.95,verified,struct match; sz_diff=0; src=prologue
SetCageChainHangableFlag,0x001CD498,0x00104E5C,func,__text__,fuzzy,1.00,candidate,fuzzy; sz_diff=0; src=extracted
CageFixGeo,0x001CD4A8,0x001C2F20,func,__text__,op_seq_hash,0.95,verified,struct match; sz_diff=0; src=prologue
CageFixDL,0x001CD528,0x001C2FA0,func,__text__,op_seq_hash,0.95,verified,struct match; sz_diff=0; src=prologue
InitCageFixGeo,0x001CD570,0x00100C78,func,__text__,raw_sha1,1.00,verified,exact; src=prologue
InitCandleGeo,0x001CD578,0x001C2FF0,func,__text__,op_seq_hash,0.95,verified,struct match; sz_diff=0; src=prologue
CandleGeo,0x001CD6B8,0x00125614,func,__text__,fuzzy,1.00,candidate,fuzzy; sz_diff=0; src=prologue
CandleDL,0x001CD7F8,0x001C2FA0,func,__text__,op_seq_hash,0.95,verified,struct match; sz_diff=0; src=prologue
DeleteLayoutedCandleParticleEffect,0x001CD840,0x001C3270,func,__text__,op_seq_hash,0.95,verified,struct match; sz_diff=0; src=prologue
_deleteLayoutedCandleParticleEffect,0x001CD908,0x001C3338,func,__text__,op_seq_hash,0.95,verified,struct match; sz_diff=0; src=prologue
ChandelierGeo,0x001CD9A8,0x001C33D8,func,__text__,op_seq_hash,0.95,verified,struct match; sz_diff=0; src=prologue
ChandelierDL,0x001CDA40,0x001C2FA0,func,__text__,op_seq_hash,0.95,verified,struct match; sz_diff=0; src=prologue
InitChandelierGeo,0x001CDA88,0x00100C78,func,__text__,raw_sha1,1.00,verified,exact; src=prologue
actClipCollisionCore,0x001CDA90,0x001C34C0,func,__text__,op_seq_hash,0.95,verified,struct match; sz_diff=0; src=prologue
CreateClipCollisionManagerGObj,0x001CDCB0,0x001C36E0,func,__text__,op_seq_hash,0.95,verified,struct match; sz_diff=0; src=prologue
RequestClipCollision,0x001CDCF0,0x001C3720,func,__text__,op_seq_hash,0.95,verified,struct match; sz_diff=0; src=prologue
clipColMan_thStart,0x001CDD30,0x001C3760,func,__text__,op_seq_hash,0.95,verified,struct match; sz_diff=0; src=prologue
TestDispChainAnimation,0x001CDD48,0x001C3778,func,__text__,op_seq_hash,0.95,verified,struct match; sz_diff=0; src=prologue
GetChainExWeightGlobalPos,0x001CDF40,0x001C3970,func,__text__,op_seq_hash,0.95,verified,struct match; sz_diff=0; src=prologue
GetChainAnimation,0x001CE8C0,0x00104360,func,__text__,fuzzy,1.00,candidate,fuzzy; sz_diff=0; src=prologue
SetChainExtendedWeight,0x001CEDC8,0x001C48F8,func,__text__,op_seq_hash,0.95,verified,struct match; sz_diff=0; src=prologue
GetClothAnimation,0x001CEEF8,0x001C4A28,func,__text__,raw_sha1,1.00,verified,exact; src=prologue
GetClothAnimationFix4Points,0x001CFC88,0x0014EB28,func,__text__,fuzzy,1.00,candidate,fuzzy; sz_diff=0; src=prologue
clipCylinderCollision,0x001D00D8,0x001C55F0,func,__text__,op_seq_hash,0.95,verified,struct match; sz_diff=0; src=prologue
InitChains,0x001D03A8,0x001C58C0,func,__text__,op_seq_hash,0.95,verified,struct match; sz_diff=0; src=prologue
InitClothes,0x001D0688,0x001C5BA0,func,__text__,op_seq_hash,0.95,verified,struct match; sz_diff=0; src=prologue
InitClothesNoShade,0x001D0AB8,0x001C5BA0,func,__text__,op_seq_hash,0.95,verified,struct match; sz_diff=0; src=prologue
DispClothMesh,0x001D0EE8,0x001C5FD0,func,__text__,op_seq_hash,0.95,verified,struct match; sz_diff=0; src=prologue
DispMeshWire,0x001D0FA8,0x001C6090,func,__text__,op_seq_hash,0.95,verified,struct match; sz_diff=0; src=prologue
DispCloth4D,0x001D11E8,0x001C62D0,func,__text__,op_seq_hash,0.95,verified,struct match; sz_diff=0; src=prologue
DispCloth4DWithAdd,0x001D12E0,0x001C62D0,func,__text__,op_seq_hash,0.95,verified,struct match; sz_diff=0; src=prologue
getCloth4D_preProcess,0x001D13D8,0x00122CDC,func,__text__,fuzzy,1.00,candidate,fuzzy; sz_diff=0; src=prologue
getCloth4D,0x001D1EE8,0x00107CA0,func,__text__,fuzzy,1.00,candidate,fuzzy; sz_diff=0; src=prologue
getCloth4D_postProcess,0x001D30D8,0x001C7FB0,func,__text__,op_seq_hash,0.95,verified,struct match; sz_diff=0; src=prologue
_getCloth4D,0x001D3340,0x00136828,func,__text__,fuzzy,1.00,candidate,fuzzy; sz_diff=0; src=prologue
GetCloth4D,0x001D35A8,0x00102340,func,__text__,fuzzy,1.00,candidate,fuzzy; sz_diff=0; src=prologue
GetCloth4DWithDetail,0x001D35C8,0x001D35C8,func,__text__,same_va,0.85,verified,same VA; USA size=28; src=extracted
GetCloth4DWithTight,0x001D35E0,,func,__text__,unmatched,0.00,unmatched,no match; PAL size=1268; src=extracted
InitCloth4D,0x001D35F0,0x001C8478,func,__text__,op_seq_hash,0.95,verified,struct match; sz_diff=0; src=prologue
GetChainNodeGlobalQuaternion,0x001D3AD8,0x001C8958,func,__text__,op_seq_hash,0.95,verified,struct match; sz_diff=0; src=prologue
MoveChainExtendedWeight,0x001D3B80,0x001C8A00,func,__text__,raw_sha1,1.00,verified,exact; src=prologue
InitChainVelocity,0x001D3B98,0x001C8A18,func,__text__,op_seq_hash,0.95,verified,struct match; sz_diff=0; src=prologue
DeleteChainExtendedWeight,0x001D3CA0,0x001C8B20,func,__text__,raw_sha1,1.00,verified,exact; src=prologue
GetChainNodeID,0x001D3CC8,0x00100BA8,func,__text__,fuzzy,1.00,candidate,fuzzy; sz_diff=0; src=extracted
ResetClothAnimation,0x001D3CE0,0x001C8B60,func,__text__,op_seq_hash,0.95,verified,struct match; sz_diff=0; src=prologue
GetChainExWeightGlobalQuaternion,0x001D3DC0,0x001C8C40,func,__text__,op_seq_hash,0.95,verified,struct match; sz_diff=0; src=prologue
GetChainCollision,0x001D3E88,0x00133608,func,__text__,fuzzy,0.95,candidate,fuzzy; sz_diff=12; src=extracted
FSqrtInv,0x001D3F68,0x001C8DE8,func,__text__,raw_sha1,1.00,verified,exact; src=prologue
getXZLength,0x001D3F88,0x00101B14,func,__text__,fuzzy,1.00,candidate,fuzzy; sz_diff=0; src=extracted
getXZInvLength,0x001D3FB0,0x00101B14,func,__text__,fuzzy,1.00,candidate,fuzzy; sz_diff=0; src=extracted
getXZLengthSquare,0x001D3FD8,0x00101AE8,func,__text__,fuzzy,1.00,candidate,fuzzy; sz_diff=0; src=extracted
subAndGetInvLength,0x001D3FF8,0x00102644,func,__text__,fuzzy,1.00,candidate,fuzzy; sz_diff=0; src=extracted
scaleAndAddVectorXYZ,0x001D4030,0x00101B14,func,__text__,fuzzy,1.00,candidate,fuzzy; sz_diff=0; src=extracted
scaleVectorXZ,0x001D4058,0x00101AE8,func,__text__,fuzzy,1.00,candidate,fuzzy; sz_diff=0; src=extracted
tensionMoveNoReduce,0x001D4078,0x001C8EF8,func,__text__,raw_sha1,1.00,verified,exact; src=prologue
tensionMove,0x001D40D0,0x001C8F50,func,__text__,raw_sha1,1.00,verified,exact; src=prologue
getCrossPoint,0x001D4138,0x001C8FB8,func,__text__,op_seq_hash,0.95,verified,struct match; sz_diff=0; src=prologue
checkOverThePlane,0x001D41F8,0x00106660,func,__text__,fuzzy,1.00,candidate,fuzzy; sz_diff=0; src=extracted
checkFrontAcross,0x001D4238,0x00103AD0,func,__text__,fuzzy,1.00,candidate,fuzzy; sz_diff=0; src=extracted
LockZAnimation,0x001D42A8,0x00104478,func,__text__,fuzzy,1.00,candidate,fuzzy; sz_diff=0; src=extracted
getCloth4D_PlaneClip,0x001D4330,0x001C91B0,func,__text__,raw_sha1,1.00,verified,exact; src=prologue
InitClothTestGeo,0x001D4458,0x001C92D8,func,__text__,op_seq_hash,0.95,verified,struct match; sz_diff=0; src=prologue
ClothTestGeo,0x001D44A8,0x00100108,func,__text__,raw_sha1,1.00,verified,exact; src=prologue
ClothTestDL,0x001D44B0,0x00100108,func,__text__,raw_sha1,1.00,verified,exact; src=prologue
draw,0x001D44B8,0x001C9338,func,__text__,op_seq_hash,0.95,verified,struct match; sz_diff=0; src=prologue
drawHT,0x001D47C0,0x001C9640,func,__text__,op_seq_hash,0.95,verified,struct match; sz_diff=0; src=prologue
renderViewCoordZSphere,0x001D4CB0,0x001C9B30,func,__text__,op_seq_hash,0.95,verified,struct match; sz_diff=0; src=prologue
sonic,0x001D4F68,,func,__text__,unmatched,0.00,unmatched,no match; PAL size=4132; src=extracted
darkVolume,0x001D5F90,,func,__text__,unmatched,0.00,unmatched,no match; PAL size=2836; src=extracted
SetDarkVolumeEffect,0x001D6AA8,,func,__text__,unmatched,0.00,unmatched,no match; PAL size=632; src=extracted
DispGameOverEffect,0x001D6AC0,0x001CB928,func,__text__,op_seq_hash,0.95,verified,struct match; sz_diff=0; src=prologue
GetGameOverEffectCenterPosition,0x001D6D20,0x0013F9D0,func,__text__,fuzzy,0.59,candidate,fuzzy; sz_diff=32; src=extracted
InitGameOverEffect,0x001D6D30,0x001CBB98,func,__text__,op_seq_hash,0.95,verified,struct match; sz_diff=0; src=prologue
SetupDarkVolume,0x001D6F00,0x001009A0,func,__text__,fuzzy,1.00,candidate,fuzzy; sz_diff=0; src=prologue
DarkVolumeGeo,0x001D6F18,0x00251CF8,func,__text__,fuzzy,0.95,candidate,fuzzy; sz_diff=0; src=extracted
InitDarkVolumeGeo,0x001D6F60,0x001683A8,func,__text__,fuzzy,0.98,candidate,fuzzy; sz_diff=4; src=extracted
DarkVolumeDL,0x001D6F78,0x00100108,func,__text__,raw_sha1,1.00,verified,exact; src=prologue
ExecGameOverEffect,0x001D6F80,0x00100108,func,__text__,raw_sha1,1.00,verified,exact; src=prologue
StartGameOverEffect,0x001D6F88,0x001CBD88,func,__text__,op_seq_hash,0.95,verified,struct match; sz_diff=0; src=prologue
StartQueenAttackEffect,0x001D7020,0x001CBE20,func,__text__,op_seq_hash,0.95,verified,struct match; sz_diff=0; src=prologue
ResetGameOverEffect,0x001D7078,0x001010EC,func,__text__,fuzzy,1.00,candidate,fuzzy; sz_diff=0; src=extracted
_dispParam,0x001D7088,0x001CBE88,func,__text__,op_seq_hash,0.95,verified,struct match; sz_diff=0; src=prologue
editParam,0x001D7248,0x001CC048,func,__text__,op_seq_hash,0.95,verified,struct match; sz_diff=0; src=prologue
dispXZYZCircle,0x001D7670,0x001CC470,func,__text__,op_seq_hash,0.95,verified,struct match; sz_diff=0; src=prologue
dispCircle2,0x001D7A38,0x001CC838,func,__text__,op_seq_hash,0.95,verified,struct match; sz_diff=0; src=prologue
setQ,0x001D7C70,0x001CCA70,func,__text__,op_seq_hash,0.95,verified,struct match; sz_diff=0; src=prologue
dispEffectToolField,0x001D7CC0,0x001CCAC0,func,__text__,op_seq_hash,0.95,verified,struct match; sz_diff=0; src=prologue
EditTarget,0x001D7F98,0x001CCD98,func,__text__,op_seq_hash,0.95,verified,struct match; sz_diff=0; src=prologue
saveEffectData,0x001D81D0,0x001CCFD0,func,__text__,op_seq_hash,0.95,verified,struct match; sz_diff=0; src=prologue
moveEffectToolGeometry,0x001D82B8,0x001CD0B8,func,__text__,op_seq_hash,0.95,verified,struct match; sz_diff=0; src=prologue
execEffectTool,0x001D84B0,0x001CD2B0,func,__text__,op_seq_hash,0.95,verified,struct match; sz_diff=0; src=prologue
exitEffectTool,0x001D8690,0x001CD490,func,__text__,op_seq_hash,0.95,verified,struct match; sz_diff=0; src=prologue
EffectTool,0x001D86D8,0x001CD4D8,func,__text__,op_seq_hash,0.95,verified,struct match; sz_diff=0; src=prologue
setEnemyParticleObject,0x001D87C0,0x0011D800,func,__text__,fuzzy,1.00,candidate,fuzzy; sz_diff=0; src=prologue
setEnemyObject,0x001D8BB8,0x001CD9B0,func,__text__,op_seq_hash,0.95,verified,struct match; sz_diff=0; src=prologue
dispEnemyObject,0x001D8D30,0x001CDB28,func,__text__,op_seq_hash,0.95,verified,struct match; sz_diff=0; src=prologue
EnemyCheckHit,0x001D9038,0x001CDE30,func,__text__,op_seq_hash,0.95,verified,struct match; sz_diff=0; src=prologue
CheckEnemyHit,0x001D9230,0x001CE028,func,__text__,op_seq_hash,0.95,verified,struct match; sz_diff=0; src=prologue
InitEnemyGeo,0x001D9428,0x00128AFC,func,__text__,fuzzy,1.00,candidate,fuzzy; sz_diff=0; src=prologue
EnemyGeo,0x001D9600,0x00102E08,func,__text__,fuzzy,1.00,candidate,fuzzy; sz_diff=0; src=prologue
DisplayEnemy,0x001D9850,0x001CE5F8,func,__text__,op_seq_hash,0.95,verified,struct match; sz_diff=0; src=prologue
EnemyDL,0x001D98E8,0x001CE690,func,__text__,op_seq_hash,0.95,verified,struct match; sz_diff=0; src=prologue
DemoMotionGeo,0x001D9948,0x001048C8,func,__text__,fuzzy,1.00,candidate,fuzzy; sz_diff=0; src=extracted
SetEnemyDissolve,0x001D9970,0x001085BC,func,__text__,fuzzy,1.00,candidate,fuzzy; sz_diff=0; src=extracted
SetEnemyFlyXZAccel,0x001D99B8,0x00104E5C,func,__text__,fuzzy,1.00,candidate,fuzzy; sz_diff=0; src=extracted
SetEnemyFlyXZAccelAll,0x001D99C8,0x00102340,func,__text__,fuzzy,1.00,candidate,fuzzy; sz_diff=0; src=prologue
GetEnemyFlyXZAccel,0x001D9A18,0x00104E5C,func,__text__,fuzzy,1.00,candidate,fuzzy; sz_diff=0; src=extracted
EnemyAI,0x001D9A28,0x00100108,func,__text__,raw_sha1,1.00,verified,exact; src=prologue
SetEnemyFootPrintSwitch,0x001D9A30,0x00104E5C,func,__text__,fuzzy,1.00,candidate,fuzzy; sz_diff=0; src=extracted
EnemySetfAppearAll,0x001D9A40,0x00104698,func,__text__,fuzzy,1.00,candidate,fuzzy; sz_diff=0; src=extracted
EnemySetfDisappearAll,0x001D9A90,0x00104698,func,__text__,fuzzy,1.00,candidate,fuzzy; sz_diff=0; src=extracted
EnemySetfDisappear,0x001D9AE0,0x001CE818,func,__text__,op_seq_hash,0.95,verified,struct match; sz_diff=0; src=prologue
enemySetParticleDie,0x001D9BB8,0x001CE8F0,func,__text__,op_seq_hash,0.95,verified,struct match; sz_diff=0; src=prologue
ReviveEnemyParticle,0x001D9C40,0x00101AE8,func,__text__,fuzzy,1.00,candidate,fuzzy; sz_diff=0; src=extracted
isExistEnemyParticle,0x001D9C60,0x001064B0,func,__text__,fuzzy,1.00,candidate,fuzzy; sz_diff=0; src=extracted
EnemyGetNSafeParts,0x001D9C80,0x001BA668,func,__text__,fuzzy,0.98,candidate,fuzzy; sz_diff=4; src=extracted
EnemyDeleteParticle,0x001D9CC8,0x001CEA00,func,__text__,op_seq_hash,0.95,verified,struct match; sz_diff=0; src=prologue
SetEnemyHitGeometryAction,0x001D9DD0,0x00104E5C,func,__text__,fuzzy,1.00,candidate,fuzzy; sz_diff=0; src=extracted
InitDemoMotionGeo,0x001D9DE0,0x001CEB18,func,__text__,op_seq_hash,0.95,verified,struct match; sz_diff=0; src=prologue
HotInitDemoMotionGeo,0x001D9E30,0x001CEB68,func,__text__,op_seq_hash,0.95,verified,struct match; sz_diff=0; src=prologue
GetEnemyHitNodeFlag,0x001D9E78,0x00104E5C,func,__text__,fuzzy,1.00,candidate,fuzzy; sz_diff=0; src=extracted
RandomizeEnemy,0x001D9E88,0x001CEBC0,func,__text__,op_seq_hash,0.95,verified,struct match; sz_diff=0; src=prologue
SetEnemyWingRatio,0x001D9EB8,0x00104E5C,func,__text__,fuzzy,1.00,candidate,fuzzy; sz_diff=0; src=extracted
CanThisEnemyFly,0x001D9EC8,0x001019A8,func,__text__,fuzzy,1.00,candidate,fuzzy; sz_diff=0; src=extracted
GetEnemyBattleType,0x001D9EF8,0x001019A8,func,__text__,fuzzy,1.00,candidate,fuzzy; sz_diff=0; src=extracted
GetEnemyDefLife,0x001D9F28,0x001009E0,func,__text__,fuzzy,1.00,candidate,fuzzy; sz_diff=0; src=extracted
GetEnemyDefDodgeRange,0x001D9F50,0x001009E0,func,__text__,fuzzy,1.00,candidate,fuzzy; sz_diff=0; src=extracted
GetEnemyDefParaIndex,0x001D9F78,0x00102644,func,__text__,fuzzy,1.00,candidate,fuzzy; sz_diff=0; src=extracted
ResetEnemyPositionInfo,0x001D9FB0,0x001CEC88,func,__text__,op_seq_hash,0.95,verified,struct match; sz_diff=0; src=prologue
setEnemyStonizedVisual,0x001DA050,0x001CED28,func,__text__,op_seq_hash,0.95,verified,struct match; sz_diff=0; src=prologue
UpdatePointBlur,0x001DA0A8,0x001CED80,func,__text__,op_seq_hash,0.95,verified,struct match; sz_diff=0; src=prologue
InitEnemyEye,0x001DA2B8,0x001CEF90,func,__text__,op_seq_hash,0.95,verified,struct match; sz_diff=0; src=prologue
InitEnemyFootPrint,0x001DA5B0,0x001CF288,func,__text__,op_seq_hash,0.95,verified,struct match; sz_diff=0; src=prologue
ExecEnemyFootPrints,0x001DA870,0x001CF548,func,__text__,op_seq_hash,0.95,verified,struct match; sz_diff=0; src=prologue
EntryEnemyFootPrint,0x001DA9E8,0x001CF6C0,func,__text__,op_seq_hash,0.95,verified,struct match; sz_diff=0; src=prologue
DispEnemyFootPrints,0x001DAA98,0x001CF770,func,__text__,op_seq_hash,0.95,verified,struct match; sz_diff=0; src=prologue
InitPointBlur,0x001DAAB8,0x001CF790,func,__text__,op_seq_hash,0.95,verified,struct match; sz_diff=0; src=prologue
DispPointBlur,0x001DABF8,0x001CF8D0,func,__text__,op_seq_hash,0.95,verified,struct match; sz_diff=0; src=prologue
UpdateEnemyEye,0x001DAC58,0x001CF930,func,__text__,op_seq_hash,0.95,verified,struct match; sz_diff=0; src=prologue
DispEnemyEye,0x001DACC0,0x001CF998,func,__text__,op_seq_hash,0.95,verified,struct match; sz_diff=0; src=prologue
ResetEnemyEye,0x001DAD48,0x00106750,func,__text__,fuzzy,1.00,candidate,fuzzy; sz_diff=0; src=extracted
moveDataElements,0x001DAD60,0x001CFA38,func,__text__,raw_sha1,1.00,verified,exact; src=prologue
SetFlag4PointFixID,0x001DAE80,0x00104360,func,__text__,fuzzy,1.00,candidate,fuzzy; sz_diff=0; src=prologue
InitFlagGeo,0x001DB0D0,0x00101030,func,__text__,fuzzy,1.00,candidate,fuzzy; sz_diff=0; src=prologue
FlagGeo,0x001DB8C0,0x00104240,func,__text__,fuzzy,1.00,candidate,fuzzy; sz_diff=0; src=prologue
FlagDL,0x001DB9E0,0x001199A0,func,__text__,fuzzy,1.00,candidate,fuzzy; sz_diff=0; src=prologue
DispFlyInfo,0x001DBBE0,0x00101B14,func,__text__,fuzzy,1.00,candidate,fuzzy; sz_diff=0; src=extracted
InitFlyInfo,0x001DBC08,0x00106750,func,__text__,fuzzy,1.00,candidate,fuzzy; sz_diff=0; src=extracted
InitFlyManager,0x001DBC20,0x00102678,func,__text__,op_seq_hash,0.95,verified,struct match; sz_diff=0; src=prologue
GetFlyLimitHeight,0x001DBC28,0x00109BB8,func,__text__,fuzzy,1.00,candidate,fuzzy; sz_diff=0; src=prologue
GetFlyLimitClearance,0x001DBD20,0x00103120,func,__text__,fuzzy,1.00,candidate,fuzzy; sz_diff=0; src=prologue
playSE,0x001DBDE8,0x001019E0,func,__text__,fuzzy,1.00,candidate,fuzzy; sz_diff=0; src=prologue
playSERandomID,0x001DBF18,0x00100A08,func,__text__,fuzzy,1.00,candidate,fuzzy; sz_diff=0; src=prologue
playSEConditionID,0x001DC0E8,0x001DC0E8,func,__text__,same_va,0.85,verified,same VA; USA size=704; src=extracted
playEff,0x001DC208,0x001D0918,func,__text__,op_seq_hash,0.95,verified,struct match; sz_diff=0; src=prologue
execEff,0x001DC478,0x001315A8,func,__text__,fuzzy,0.98,candidate,fuzzy; sz_diff=8; src=prologue
execVibCondition,0x001DC648,0x00104478,func,__text__,fuzzy,1.00,candidate,fuzzy; sz_diff=0; src=prologue
ExecFrameDependSequence,0x001DC6D8,0x00109488,func,__text__,fuzzy,1.00,candidate,fuzzy; sz_diff=0; src=prologue
executeSEPackageByGObj,0x001DC980,0x001D0FA8,func,__text__,op_seq_hash,0.95,verified,struct match; sz_diff=0; src=prologue
executeSEPackageWithNoGObj,0x001DCB38,0x001D1158,func,__text__,op_seq_hash,0.95,verified,struct match; sz_diff=0; src=prologue
ExecuteSEPackageWithGroupVariation,0x001DCC68,0x00100F18,func,__text__,fuzzy,1.00,candidate,fuzzy; sz_diff=0; src=prologue
ExecuteSEPackage,0x001DCC88,0x00103B48,func,__text__,fuzzy,1.00,candidate,fuzzy; sz_diff=0; src=extracted
ExecuteSEPackageWithVolumeRate,0x001DCC90,0x00103018,func,__text__,fuzzy,1.00,candidate,fuzzy; sz_diff=0; src=extracted
StopSEPackageWithGroupVariation,0x001DCCA0,0x0010CEA4,func,__text__,fuzzy,1.00,candidate,fuzzy; sz_diff=0; src=extracted
StopSEPackage,0x001DCCB8,0x00104748,func,__text__,fuzzy,1.00,candidate,fuzzy; sz_diff=0; src=extracted
InitFrameDependSequence,0x001DCCC0,0x0011D590,func,__text__,fuzzy,1.00,candidate,fuzzy; sz_diff=0; src=extracted
ExecuteDirectSEWithGroupVariation,0x001DCD80,0x0010882C,func,__text__,fuzzy,1.00,candidate,fuzzy; sz_diff=0; src=prologue
ExecuteDirectSE,0x001DCE58,0x0010882C,func,__text__,fuzzy,1.00,candidate,fuzzy; sz_diff=0; src=prologue
StopFDSVibration,0x001DCF30,0x001011B0,func,__text__,fuzzy,1.00,candidate,fuzzy; sz_diff=0; src=prologue
execSE,0x001DCF90,0x001D13A8,func,__text__,op_seq_hash,0.95,verified,struct match; sz_diff=0; src=prologue
checkWaterDepth,0x001DCFF8,0x00100BA8,func,__text__,fuzzy,1.00,candidate,fuzzy; sz_diff=0; src=extracted
checkModelDataID,0x001DD010,0x001DD010,func,__text__,same_va,0.85,verified,same VA; USA size=472; src=extracted
checkWeaponType,0x001DD028,0x001079DC,func,__text__,fuzzy,1.00,candidate,fuzzy; sz_diff=0; src=prologue
execVib,0x001DD070,0x001029E4,func,__text__,fuzzy,1.00,candidate,fuzzy; sz_diff=0; src=prologue
execWeaponLightOff,0x001DD0D8,0x001D1468,func,__text__,op_seq_hash,0.95,verified,struct match; sz_diff=0; src=prologue
girl_execClothes,0x001DD128,0x0013D1B0,func,__text__,fuzzy,1.00,candidate,fuzzy; sz_diff=0; src=prologue
girl_dispCrown,0x001DD340,0x00103C48,func,__text__,fuzzy,1.00,candidate,fuzzy; sz_diff=0; src=prologue
girl_dispClothes,0x001DD440,0x0010B0D8,func,__text__,fuzzy,1.00,candidate,fuzzy; sz_diff=0; src=prologue
InitGirlGeo,0x001DD588,0x0012B850,func,__text__,fuzzy,1.00,candidate,fuzzy; sz_diff=0; src=prologue
GirlGeo,0x001DD7A0,0x001D17F8,func,__text__,op_seq_hash,0.95,verified,struct match; sz_diff=0; src=prologue
GirlAI,0x001DD968,0x00102340,func,__text__,fuzzy,1.00,candidate,fuzzy; sz_diff=0; src=prologue
debugWireStringGirl,0x001DDB70,0x001D19C0,func,__text__,op_seq_hash,0.95,verified,struct match; sz_diff=0; src=prologue
GirlDL,0x001DDC48,0x001029E4,func,__text__,fuzzy,1.00,candidate,fuzzy; sz_diff=0; src=prologue
SetGirlClothDispSwitch,0x001DDC80,0x00101B68,func,__text__,fuzzy,1.00,candidate,fuzzy; sz_diff=0; src=extracted
SetGirlHairDispSwitch,0x001DDCD8,0x00104E5C,func,__text__,fuzzy,1.00,candidate,fuzzy; sz_diff=0; src=extracted
setGirlClothSetting,0x001DDCE8,0x00100A08,func,__text__,fuzzy,1.00,candidate,fuzzy; sz_diff=0; src=prologue
GirlForceFieldDL,0x001DDD50,0x001D1B30,func,__text__,op_seq_hash,0.95,verified,struct match; sz_diff=0; src=prologue
InitGirlForceFieldGeo,0x001DDE98,0x001D1C78,func,__text__,op_seq_hash,0.95,verified,struct match; sz_diff=0; src=prologue
GirlForceFieldGeo,0x001DDF18,0x00100108,func,__text__,raw_sha1,1.00,verified,exact; src=prologue
connectToTarget,0x001DE038,0x001033A0,func,__text__,fuzzy,1.00,candidate,fuzzy; sz_diff=0; src=prologue
_handManager,0x001DE368,0x001D20B8,func,__text__,op_seq_hash,0.95,verified,struct match; sz_diff=0; src=prologue
HandManager,0x001DE690,0x001D23E0,func,__text__,op_seq_hash,0.95,verified,struct match; sz_diff=0; src=prologue
bombSparkStartSE,0x001DE7E8,0x0010184C,func,__text__,fuzzy,0.79,candidate,fuzzy; sz_diff=60; src=extracted
bombSparkSE,0x001DE7F0,0x0010184C,func,__text__,fuzzy,0.75,candidate,fuzzy; sz_diff=68; src=extracted
bombExplodeSE,0x001DE7F8,0x0010184C,func,__text__,fuzzy,0.71,candidate,fuzzy; sz_diff=76; src=extracted
HoldItem,0x001DE800,0x001D2550,func,__text__,op_seq_hash,0.95,verified,struct match; sz_diff=0; src=prologue
avoidInsideOfWall,0x001DE900,0x001D2650,func,__text__,op_seq_hash,0.95,verified,struct match; sz_diff=0; src=prologue
ReleaseItem,0x001DE978,0x001D26C8,func,__text__,op_seq_hash,0.95,verified,struct match; sz_diff=0; src=prologue
ThrowItem,0x001DE9E8,0x00100F18,func,__text__,fuzzy,1.00,candidate,fuzzy; sz_diff=0; src=prologue
InitItemGeo,0x001DEAA0,0x00103F00,func,__text__,fuzzy,1.00,candidate,fuzzy; sz_diff=0; src=prologue
carriedItemGeo,0x001DECA0,0x0011CBF8,func,__text__,fuzzy,1.00,candidate,fuzzy; sz_diff=0; src=prologue
uncarriedItemGeo,0x001DF078,0x00103B48,func,__text__,fuzzy,1.00,candidate,fuzzy; sz_diff=0; src=prologue
execBombGeo,0x001DFC48,0x001D37C8,func,__text__,op_seq_hash,0.95,verified,struct match; sz_diff=0; src=prologue
ItemGeo,0x001DFE88,0x001D3A30,func,__text__,op_seq_hash,0.95,verified,struct match; sz_diff=0; src=prologue
ItemDL,0x001DFF80,0x00104240,func,__text__,fuzzy,1.00,candidate,fuzzy; sz_diff=0; src=prologue
BreakItemFromOutside,0x001E00A0,0x001088FC,func,__text__,fuzzy,1.00,candidate,fuzzy; sz_diff=0; src=prologue
CheckCarryableItem,0x001E01F8,0x001019A8,func,__text__,fuzzy,1.00,candidate,fuzzy; sz_diff=0; src=extracted
GetItemKind,0x001E0228,0x00104E5C,func,__text__,fuzzy,1.00,candidate,fuzzy; sz_diff=0; src=extracted
GetCharHeldItem,0x001E0238,0x001064B0,func,__text__,fuzzy,1.00,candidate,fuzzy; sz_diff=0; src=extracted
IsItemHoldable,0x001E0268,0x00106750,func,__text__,fuzzy,1.00,candidate,fuzzy; sz_diff=0; src=extracted
IsBombExplode,0x001E0280,0x00100BA8,func,__text__,fuzzy,1.00,candidate,fuzzy; sz_diff=0; src=extracted
GetBombTorchGObj,0x001E0298,0x001064B0,func,__text__,fuzzy,1.00,candidate,fuzzy; sz_diff=0; src=extracted
ReviveAllCarryableItems,0x001E02C0,0x001D3DD8,func,__text__,op_seq_hash,0.95,verified,struct match; sz_diff=0; src=prologue
ReviveCarryableItemsWithBoundary,0x001E0368,0x001D3E80,func,__text__,op_seq_hash,0.95,verified,struct match; sz_diff=0; src=prologue
ReviveAllCarryableItemsWithRandomVelocity,0x001E0460,0x001D3F78,func,__text__,op_seq_hash,0.95,verified,struct match; sz_diff=0; src=prologue
CheckItemDead,0x001E0588,0x00102644,func,__text__,fuzzy,1.00,candidate,fuzzy; sz_diff=0; src=extracted
StopItemExplodeAnimationAll,0x001E05C0,0x001D40D8,func,__text__,op_seq_hash,0.95,verified,struct match; sz_diff=0; src=prologue
BreakItemWithAttackHit,0x001E0658,0x001077F8,func,__text__,fuzzy,1.00,candidate,fuzzy; sz_diff=0; src=prologue
ReviveAllCarryableItemsWithNonSleepFrame,0x001E0788,0x001D4170,func,__text__,op_seq_hash,0.95,verified,struct match; sz_diff=0; src=prologue
Draw2DLine,0x001E0840,0x001D4228,func,__text__,op_seq_hash,0.95,verified,struct match; sz_diff=0; src=prologue
Draw2DLineSeg_Start,0x001E0960,,func,__text__,unmatched,0.00,unmatched,no match; PAL size=1656; src=extracted
Draw2DLineSeg_Loop,0x001E0970,0x001D4358,func,__text__,op_seq_hash,0.95,verified,struct match; sz_diff=0; src=prologue
Draw2DLineG,0x001E0A10,0x001D43F8,func,__text__,op_seq_hash,0.95,verified,struct match; sz_diff=0; src=prologue
_getLine,0x001E0BC8,0x001D45B0,func,__text__,op_seq_hash,0.95,verified,struct match; sz_diff=0; src=prologue
DrawLine,0x001E0FD8,0x001D49C0,func,__text__,op_seq_hash,0.95,verified,struct match; sz_diff=0; src=prologue
DrawLineG,0x001E1070,0x001D4A58,func,__text__,op_seq_hash,0.95,verified,struct match; sz_diff=0; src=prologue
SetLodLevel,0x001E1158,0x00132AD4,func,__text__,fuzzy,0.98,candidate,fuzzy; sz_diff=4; src=prologue
pursueNodeList,0x001E1218,0x001D4BD0,func,__text__,op_seq_hash,0.95,verified,struct match; sz_diff=0; src=prologue
InitMotionFile,0x001E1310,0x001D4CC8,func,__text__,op_seq_hash,0.95,verified,struct match; sz_diff=0; src=prologue
InitMotionMemorySize,0x001E13E0,0x001010EC,func,__text__,fuzzy,1.00,candidate,fuzzy; sz_diff=0; src=extracted
AddMotionMemorySize,0x001E13F0,0x00100BA8,func,__text__,fuzzy,1.00,candidate,fuzzy; sz_diff=0; src=extracted
GetMotionMemorySize,0x001E1418,0x00104E5C,func,__text__,fuzzy,1.00,candidate,fuzzy; sz_diff=0; src=extracted
ResetDynamicMotionManager,0x001E1430,0x001D4DE8,func,__text__,op_seq_hash,0.95,verified,struct match; sz_diff=0; src=prologue
ResetStatic2MotionManager,0x001E1478,0x001D4E30,func,__text__,op_seq_hash,0.95,verified,struct match; sz_diff=0; src=prologue
CheckMotionIncludeFacialData,0x001E14B8,0x00100BA8,func,__text__,fuzzy,1.00,candidate,fuzzy; sz_diff=0; src=extracted
dispSquare2,0x001E14D0,0x001D4E88,func,__text__,op_seq_hash,0.95,verified,struct match; sz_diff=0; src=prologue
limitHPAngleAndSetB,0x001E1588,0x001DD904,func,__text__,fuzzy,0.67,candidate,fuzzy; sz_diff=60; src=extracted
avoidReverseInterpOnCurrentMatrix,0x001E1D10,0x001D56C8,func,__text__,op_seq_hash,0.95,verified,struct match; sz_diff=0; src=prologue
avoidReverseInterpOnCurrentMatrixWithLimit,0x001E1E60,0x001D5818,func,__text__,op_seq_hash,0.95,verified,struct match; sz_diff=0; src=prologue
_getFinalMatrix,0x001E2010,0x00195A40,func,__text__,fuzzy,1.00,candidate,fuzzy; sz_diff=0; src=prologue
EditRotEmphasys,0x001E4C60,0x001D83D8,func,__text__,op_seq_hash,0.95,verified,struct match; sz_diff=0; src=prologue
getFinalMatrix,0x001E4E18,0x001D8590,func,__text__,op_seq_hash,0.95,verified,struct match; sz_diff=0; src=prologue
getFinalMatrixWithNaturalGeometry,0x001E4FE0,0x001D8758,func,__text__,op_seq_hash,0.95,verified,struct match; sz_diff=0; src=prologue
_calcNaturalGeometry,0x001E5140,0x001D88B8,func,__text__,op_seq_hash,0.95,verified,struct match; sz_diff=0; src=prologue
findActPoint,0x001E51F0,0x001D8968,func,__text__,op_seq_hash,0.95,verified,struct match; sz_diff=0; src=prologue
checkActPointWithHeight,0x001E5338,0x00101B68,func,__text__,fuzzy,1.00,candidate,fuzzy; sz_diff=0; src=extracted
clearCollisionStatus,0x001E5430,0x0013FD78,func,__text__,fuzzy,0.98,candidate,fuzzy; sz_diff=4; src=extracted
checkUpperWallState,0x001E54C8,0x001D8C40,func,__text__,op_seq_hash,0.95,verified,struct match; sz_diff=0; src=prologue
checkWallSideState,0x001E5578,0x001D8CF0,func,__text__,op_seq_hash,0.95,verified,struct match; sz_diff=0; src=prologue
checkWallState,0x001E56C8,0x001D8E40,func,__text__,op_seq_hash,0.95,verified,struct match; sz_diff=0; src=prologue
checkCliffState,0x001E5B68,0x00104478,func,__text__,fuzzy,1.00,candidate,fuzzy; sz_diff=0; src=prologue
_checkCliffAndWall,0x001E6148,0x0011D590,func,__text__,fuzzy,1.00,candidate,fuzzy; sz_diff=0; src=prologue
checkCliffAndWallStateOfLastPlane,0x001E6478,0x001D9BB8,func,__text__,op_seq_hash,0.95,verified,struct match; sz_diff=0; src=prologue
checkCliffAndWallStateAtJump,0x001E6518,0x001D9C58,func,__text__,op_seq_hash,0.95,verified,struct match; sz_diff=0; src=prologue
dispActNode,0x001E6570,0x001D9CB0,func,__text__,op_seq_hash,0.95,verified,struct match; sz_diff=0; src=prologue
dispLastNode,0x001E66D0,0x001D9E10,func,__text__,op_seq_hash,0.95,verified,struct match; sz_diff=0; src=prologue
_wallHitReaction,0x001E6750,0x001D9E90,func,__text__,op_seq_hash,0.95,verified,struct match; sz_diff=0; src=prologue
_wallCollisionPreProcess,0x001E6C20,0x001DA360,func,__text__,op_seq_hash,0.95,verified,struct match; sz_diff=0; src=prologue
getFieldCollision,0x001E6D78,0x00104748,func,__text__,fuzzy,1.00,candidate,fuzzy; sz_diff=0; src=prologue
setIKAndAdjustRootHeight,0x001E6EA8,0x001DA610,func,__text__,op_seq_hash,0.95,verified,struct match; sz_diff=0; src=prologue
landingFieldAction,0x001E7688,0x001DADF0,func,__text__,op_seq_hash,0.95,verified,struct match; sz_diff=0; src=prologue
floorFitting,0x001E77C8,0x001DAF30,func,__text__,op_seq_hash,0.95,verified,struct match; sz_diff=0; src=prologue
rootUpdateXZ,0x001E7898,0x001DB000,func,__text__,op_seq_hash,0.95,verified,struct match; sz_diff=0; src=prologue
rootUpdateXZ_MotPos,0x001E8998,0x001123C0,func,__text__,fuzzy,1.00,candidate,fuzzy; sz_diff=0; src=prologue
adjustSideWall,0x001E8EC8,0x001DC558,func,__text__,op_seq_hash,0.95,verified,struct match; sz_diff=0; src=prologue
checkSideWall,0x001E9090,0x001DC720,func,__text__,op_seq_hash,0.95,verified,struct match; sz_diff=0; src=prologue
forceFallDown,0x001E9248,,func,__text__,unmatched,0.00,unmatched,no match; PAL size=496; src=extracted
forceReset,0x001E9278,,func,__text__,unmatched,0.00,unmatched,no match; PAL size=448; src=extracted
checkWallUpperWall,0x001E92A8,0x001DC938,func,__text__,op_seq_hash,0.95,verified,struct match; sz_diff=0; src=prologue
calcWallFittingGeometry,0x001E9308,0x001DC998,func,__text__,op_seq_hash,0.95,verified,struct match; sz_diff=0; src=prologue
rootUpdateHang,0x001E9438,0x001DCAC8,func,__text__,op_seq_hash,0.95,verified,struct match; sz_diff=0; src=prologue
rootUpdateSwim,0x001E9B60,0x001DD1F0,func,__text__,op_seq_hash,0.95,verified,struct match; sz_diff=0; src=prologue
avoidSideAdjustWall,0x001E9FD8,0x001DD668,func,__text__,op_seq_hash,0.95,verified,struct match; sz_diff=0; src=prologue
rootUpdateStepSolution,0x001EA118,0x001DD7A8,func,__text__,op_seq_hash,0.95,verified,struct match; sz_diff=0; src=prologue
rootUpdateTrueMotion,0x001EAC30,0x001DE250,func,__text__,op_seq_hash,0.95,verified,struct match; sz_diff=0; src=prologue
rootUpdateDirectPlayForStream,0x001EAD18,0x001D0824,func,__text__,fuzzy,0.63,candidate,fuzzy; sz_diff=4; src=extracted
rootUpdateDirectPlay,0x001EAE08,0x001DE428,func,__text__,op_seq_hash,0.95,verified,struct match; sz_diff=0; src=prologue
rootUpdateNodeFix,0x001EB098,0x001DE6B8,func,__text__,op_seq_hash,0.95,verified,struct match; sz_diff=0; src=prologue
rootUpdateY,0x001EB2B0,0x001DE8D0,func,__text__,op_seq_hash,0.95,verified,struct match; sz_diff=0; src=prologue
rootUpdateY_Rope,0x001EB6F0,,func,__text__,unmatched,0.00,unmatched,no match; PAL size=604; src=extracted
rootUpdateFly,0x001EB950,0x001DEF20,func,__text__,op_seq_hash,0.95,verified,struct match; sz_diff=0; src=prologue
rootUpdateEnemyFly,0x001EBB68,0x001DF150,func,__text__,op_seq_hash,0.95,verified,struct match; sz_diff=0; src=prologue
_getGeometryOfMotion,0x001EBD70,0x001DF368,func,__text__,op_seq_hash,0.95,verified,struct match; sz_diff=0; src=prologue
execPositionReserver,0x001EC2C8,0x001DF8C0,func,__text__,op_seq_hash,0.95,verified,struct match; sz_diff=0; src=prologue
GetGeometryOfMotion,0x001EC5D0,0x001DFBC8,func,__text__,op_seq_hash,0.95,verified,struct match; sz_diff=0; src=prologue
GetMatrixOfMotion,0x001ECB00,0x001E00F8,func,__text__,op_seq_hash,0.95,verified,struct match; sz_diff=0; src=prologue
motMan_dispSkeltonHierarchy,0x001ECE40,0x001074A8,func,__text__,op_seq_hash,0.95,verified,struct match; sz_diff=0; src=prologue
motMan_getInitialMatrix,0x001ED110,0x001E0708,func,__text__,op_seq_hash,0.95,verified,struct match; sz_diff=0; src=prologue
dispSkelton,0x001ED210,0x001E0808,func,__text__,op_seq_hash,0.95,verified,struct match; sz_diff=0; src=prologue
SkelTest,0x001ED268,0x001E0860,func,__text__,op_seq_hash,0.95,verified,struct match; sz_diff=0; src=prologue
SkelTestGeo,0x001ED2C0,0x001E08B8,func,__text__,op_seq_hash,0.95,verified,struct match; sz_diff=0; src=prologue
SetHitCollisionDisplay,0x001ED380,0x001D0EF4,func,__text__,fuzzy,0.98,candidate,fuzzy; sz_diff=4; src=extracted
ResetMotionProgramInterpInfo,0x001ED390,0x001E0988,func,__text__,op_seq_hash,0.95,verified,struct match; sz_diff=0; src=prologue
SetDirectMotionProgramInterpInfo,0x001ED400,0x001E09F8,func,__text__,op_seq_hash,0.95,verified,struct match; sz_diff=0; src=prologue
getFinalMatrixCore,0x001ED480,0x001E0A78,func,__text__,op_seq_hash,0.95,verified,struct match; sz_diff=0; src=prologue
pursueNaturalGeometry,0x001ED560,0x001E0B58,func,__text__,op_seq_hash,0.95,verified,struct match; sz_diff=0; src=prologue
GetWallVector,0x001ED610,0x001E0C08,func,__text__,op_seq_hash,0.95,verified,struct match; sz_diff=0; src=prologue
upperFieldCheck,0x001ED640,0x001E0C38,func,__text__,op_seq_hash,0.95,verified,struct match; sz_diff=0; src=prologue
getGeometryOfMotion,0x001ED6A0,0x001E0C98,func,__text__,op_seq_hash,0.95,verified,struct match; sz_diff=0; src=prologue
orientDebug,0x001ED758,0x001E0D50,func,__text__,op_seq_hash,0.95,verified,struct match; sz_diff=0; src=prologue
GetNbMotionFrames,0x001ED9F0,0x0013FC00,func,__text__,fuzzy,0.85,candidate,fuzzy; sz_diff=0; src=extracted
GetMotionPlaySpeedRatio,0x001EDAF8,0x001E10F0,func,__text__,op_seq_hash,0.95,verified,struct match; sz_diff=0; src=prologue
execFrameTrigger,0x001EDBD8,0x00101100,func,__text__,fuzzy,1.00,candidate,fuzzy; sz_diff=0; src=extracted
UpdateFrameCounter,0x001EDCA8,0x00106570,func,__text__,fuzzy,1.00,candidate,fuzzy; sz_diff=0; src=prologue
sendStateMail,0x001EE140,0x001E1728,func,__text__,op_seq_hash,0.95,verified,struct match; sz_diff=0; src=prologue
shiftMotionData,0x001EE4B8,0x00176DE0,func,__text__,fuzzy,0.94,candidate,fuzzy; sz_diff=64; src=extracted
shiftMotionOrientEndFunc,0x001EE900,0x001E1ED8,func,__text__,op_seq_hash,0.95,verified,struct match; sz_diff=0; src=prologue
shiftMotionOrientBeginFunc,0x001EEA00,0x001E1FD8,func,__text__,op_seq_hash,0.95,verified,struct match; sz_diff=0; src=prologue
ForTest_ForceShiftMotion,0x001EEDA8,0x001013E0,func,__text__,fuzzy,0.88,candidate,fuzzy; sz_diff=20; src=extracted
normalMotionShift,0x001EEDB8,0x001E2380,func,__text__,op_seq_hash,0.95,verified,struct match; sz_diff=0; src=prologue
parallelMotionShift,0x001EF0D8,0x001E26A0,func,__text__,op_seq_hash,0.95,verified,struct match; sz_diff=0; src=prologue
SetMotionRequest,0x001EF420,0x001E29E8,func,__text__,op_seq_hash,0.95,verified,struct match; sz_diff=0; src=prologue
getNodeBlendedFloatingMotion,0x001EF7A0,0x001E2D68,func,__text__,op_seq_hash,0.95,verified,struct match; sz_diff=0; src=prologue
getMotionGeometry,0x001EFA68,0x0012E158,func,__text__,fuzzy,1.00,candidate,fuzzy; sz_diff=0; src=prologue
getShapeGeometry,0x001F0450,0x001E39E8,func,__text__,op_seq_hash,0.95,verified,struct match; sz_diff=0; src=prologue
getStreamMotionGeometry,0x001F0770,0x001077F8,func,__text__,fuzzy,1.00,candidate,fuzzy; sz_diff=0; src=prologue
getStreamBlendMotionGeometry,0x001F08A0,0x00110580,func,__text__,fuzzy,1.00,candidate,fuzzy; sz_diff=0; src=prologue
getStreamBlendShapeGeometry,0x001F0AB0,0x00100C90,func,__text__,fuzzy,1.00,candidate,fuzzy; sz_diff=0; src=prologue
getStreamShapeGeometry,0x001F0C28,0x001E3E20,func,__text__,op_seq_hash,0.95,verified,struct match; sz_diff=0; src=prologue
getStreamMotion,0x001F0D48,0x001048C8,func,__text__,fuzzy,1.00,candidate,fuzzy; sz_diff=0; src=prologue
ExecMotionOrient,0x001F0E50,0x001E3FC8,func,__text__,op_seq_hash,0.95,verified,struct match; sz_diff=0; src=prologue
SetNodeRotationLimitDataTable,0x001F1008,0x001E4180,func,__text__,op_seq_hash,0.95,verified,struct match; sz_diff=0; src=prologue
GetMotionOrient,0x001F1348,0x00100FB0,func,__text__,fuzzy,1.00,candidate,fuzzy; sz_diff=0; src=extracted
getMotionOrient,0x001F13D0,0x00102418,func,__text__,fuzzy,1.00,candidate,fuzzy; sz_diff=0; src=extracted
CopyBlendMotionDataSource,0x001F1468,0x001E45E0,func,__text__,op_seq_hash,0.95,verified,struct match; sz_diff=0; src=prologue
SetParallelMotionTableWithNoRequest,0x001F1588,0x00101B14,func,__text__,fuzzy,1.00,candidate,fuzzy; sz_diff=0; src=extracted
SetParallelMotionTable,0x001F15B0,0x001E4728,func,__text__,op_seq_hash,0.95,verified,struct match; sz_diff=0; src=prologue
InitMotionOrient,0x001F1620,0x001E4798,func,__text__,op_seq_hash,0.95,verified,struct match; sz_diff=0; src=prologue
GetCurrentMotionDirectionAdjustFlag,0x001F16C0,0x001009E0,func,__text__,fuzzy,1.00,candidate,fuzzy; sz_diff=0; src=extracted
ExecuteSlipProc,0x001F16E8,0x001E4868,func,__text__,op_seq_hash,0.95,verified,struct match; sz_diff=0; src=prologue
ExecutePauseSlipProc,0x001F17B8,0x001D0F68,func,__text__,fuzzy,1.00,candidate,fuzzy; sz_diff=0; src=extracted
setRootUpdateMode,0x001F17F0,0x00176DE0,func,__text__,fuzzy,0.62,candidate,fuzzy; sz_diff=88; src=extracted
setMotionSpeed,0x001F1800,0x00176DE0,func,__text__,fuzzy,0.60,candidate,fuzzy; sz_diff=104; src=extracted
dispMotFrameProgress,0x001F1C10,0x001E4D90,func,__text__,op_seq_hash,0.95,verified,struct match; sz_diff=0; src=prologue
objMenuProc,0x001F1DC8,0x00136828,func,__text__,fuzzy,1.00,candidate,fuzzy; sz_diff=0; src=prologue
motKindMenuProc,0x001F1FA8,,func,__text__,unmatched,0.00,unmatched,no match; PAL size=1044; src=extracted
motOriMenuProc,0x001F23C0,,func,__text__,unmatched,0.00,unmatched,no match; PAL size=872; src=extracted
modeMessage,0x001F2728,0x001E5848,func,__text__,op_seq_hash,0.95,verified,struct match; sz_diff=0; src=prologue
lookAtTest,0x001F29D8,0x001E5AF8,func,__text__,op_seq_hash,0.95,verified,struct match; sz_diff=0; src=prologue
MotionViewer,0x001F2E58,0x001E5F78,func,__text__,op_seq_hash,0.95,verified,struct match; sz_diff=0; src=prologue
MoveColTestGeo,0x001F3668,0x001E6788,func,__text__,op_seq_hash,0.95,verified,struct match; sz_diff=0; src=prologue
MoveColTestDL,0x001F3840,0x001BC130,func,__text__,fuzzy,0.83,candidate,fuzzy; sz_diff=4; src=extracted
InitMoveColTestGeo,0x001F3848,0x001E6968,func,__text__,op_seq_hash,0.95,verified,struct match; sz_diff=0; src=prologue
InitMultiBgaManager,0x001F38B8,0x001E69D8,func,__text__,op_seq_hash,0.95,verified,struct match; sz_diff=0; src=prologue
EntryMultiBgaManager,0x001F3978,0x00100A08,func,__text__,fuzzy,1.00,candidate,fuzzy; sz_diff=0; src=prologue
EntryMultiBgaManagerSensitive,0x001F39E0,0x001685E0,func,__text__,fuzzy,0.92,candidate,fuzzy; sz_diff=8; src=extracted
DispMultiBgaManager,0x001F3A50,0x001E6B70,func,__text__,op_seq_hash,0.95,verified,struct match; sz_diff=0; src=prologue
EntryMultiBgaManagerNoKind,0x001F3B10,0x00102688,func,__text__,fuzzy,1.00,candidate,fuzzy; sz_diff=0; src=prologue
DispMultiBgaManagerWithKind,0x001F3B80,0x001E6CA0,func,__text__,op_seq_hash,0.95,verified,struct match; sz_diff=0; src=prologue
setParticleEffectGeometry,0x001F3C48,0x001E6D68,func,__text__,op_seq_hash,0.95,verified,struct match; sz_diff=0; src=prologue
_setParticleEffect,0x001F3C80,0x00105E00,func,__text__,fuzzy,1.00,candidate,fuzzy; sz_diff=0; src=prologue
setParticleEffect,0x001F4040,0x0010EE90,func,__text__,fuzzy,1.00,candidate,fuzzy; sz_diff=0; src=prologue
execParticleEffect,0x001F42F8,0x00102564,func,__text__,fuzzy,1.00,candidate,fuzzy; sz_diff=0; src=prologue
dispParticleEffect,0x001F4988,0x001E80D8,func,__text__,op_seq_hash,0.95,verified,struct match; sz_diff=0; src=prologue
SetParticleEffectByPartition,0x001F4CA8,0x001E83F8,func,__text__,op_seq_hash,0.95,verified,struct match; sz_diff=0; src=prologue
SetParticleEffectGeometry,0x001F4E48,0x00106660,func,__text__,fuzzy,1.00,candidate,fuzzy; sz_diff=0; src=extracted
SetParticleEffectUpperLimit,0x001F4E88,0x001079DC,func,__text__,fuzzy,1.00,candidate,fuzzy; sz_diff=0; src=extracted
ExecParticleEffect,0x001F4EC8,0x00101F70,func,__text__,fuzzy,1.00,candidate,fuzzy; sz_diff=0; src=prologue
ResetParticleEffectPackages,0x001F5080,0x001E8810,func,__text__,op_seq_hash,0.95,verified,struct match; sz_diff=0; src=prologue
SetParticleEffectPackage,0x001F51A0,0x001E8930,func,__text__,op_seq_hash,0.95,verified,struct match; sz_diff=0; src=prologue
InitParticleEffects,0x001F5268,0x00105E00,func,__text__,fuzzy,1.00,candidate,fuzzy; sz_diff=0; src=prologue
ExecParticleEffects,0x001F52D8,0x00101B68,func,__text__,fuzzy,1.00,candidate,fuzzy; sz_diff=0; src=prologue
DispParticleEffects,0x001F5310,0x001E8A60,func,__text__,op_seq_hash,0.95,verified,struct match; sz_diff=0; src=prologue
DeleteParticleEffect,0x001F5368,0x001E8AB8,func,__text__,op_seq_hash,0.95,verified,struct match; sz_diff=0; src=prologue
SetParticleEffectPauseFlag,0x001F53F8,0x0015F228,func,__text__,op_seq_hash,0.95,verified,struct match; sz_diff=0; src=prologue
SetParticleEffect,0x001F5418,0x0011E708,func,__text__,op_seq_hash,0.95,verified,struct match; sz_diff=0; src=prologue
SetParticleEffectActiveSensing,0x001F5438,0x001E8B68,func,__text__,op_seq_hash,0.95,verified,struct match; sz_diff=0; src=prologue
GetParticleEffectPackage,0x001F54A8,0x00100BA8,func,__text__,fuzzy,1.00,candidate,fuzzy; sz_diff=0; src=extracted
DeleteParticleEffectsByPackage,0x001F54C0,0x001E8BF0,func,__text__,op_seq_hash,0.95,verified,struct match; sz_diff=0; src=prologue
DeleteParticleEffectsByID,0x001F5558,0x00133608,func,__text__,fuzzy,0.88,candidate,fuzzy; sz_diff=4; src=extracted
GetParticleEffectData,0x001F5600,0x00101AE8,func,__text__,fuzzy,1.00,candidate,fuzzy; sz_diff=0; src=extracted
DisableParticleEffectGeometryControl,0x001F5620,0x0015F228,func,__text__,op_seq_hash,0.95,verified,struct match; sz_diff=0; src=prologue
GetParticleIDWithName,0x001F5640,0x001E8D70,func,__text__,op_seq_hash,0.95,verified,struct match; sz_diff=0; src=prologue
GetParticleLoopFlag,0x001F56B0,0x00104E5C,func,__text__,fuzzy,1.00,candidate,fuzzy; sz_diff=0; src=extracted
ParticleEffects_SetAllGoal,0x001F56E0,0x001E8E10,func,__text__,op_seq_hash,0.95,verified,struct match; sz_diff=0; src=prologue
SetParticleEffectClipEnableFlag,0x001F5750,0x001009E0,func,__text__,fuzzy,1.00,candidate,fuzzy; sz_diff=0; src=extracted
SetParticleEffectDrainLevel,0x001F5778,0x001009E0,func,__text__,fuzzy,1.00,candidate,fuzzy; sz_diff=0; src=extracted
ParticleLayoutGeo,0x001F57A0,0x00106660,func,__text__,fuzzy,1.00,candidate,fuzzy; sz_diff=0; src=extracted
InitParticleLayoutGeo,0x001F57E0,0x001E8EB8,func,__text__,op_seq_hash,0.95,verified,struct match; sz_diff=0; src=prologue
ParticleLayoutDL,0x001F5850,0x00100108,func,__text__,raw_sha1,1.00,verified,exact; src=prologue
DeleteParticleLayout,0x001F5858,0x00106660,func,__text__,fuzzy,1.00,candidate,fuzzy; sz_diff=0; src=prologue
InitPuddleGeo,0x001F58A0,0x00113B68,func,__text__,fuzzy,1.00,candidate,fuzzy; sz_diff=0; src=prologue
baseSetup,0x001F59E0,0x001141A0,func,__text__,fuzzy,1.00,candidate,fuzzy; sz_diff=0; src=prologue
drawAreaSetup,0x001F5B00,0x0010B5A8,func,__text__,fuzzy,1.00,candidate,fuzzy; sz_diff=0; src=prologue
drawAreaRestore,0x001F5CC8,0x00104240,func,__text__,fuzzy,1.00,candidate,fuzzy; sz_diff=0; src=prologue
leveldown,0x001F5DE0,0x001033A0,func,__text__,fuzzy,1.00,candidate,fuzzy; sz_diff=0; src=prologue
copy,0x001F5EF8,0x001260F0,func,__text__,fuzzy,1.00,candidate,fuzzy; sz_diff=0; src=prologue
drawRipple,0x001F6068,0x001048C8,func,__text__,fuzzy,1.00,candidate,fuzzy; sz_diff=0; src=prologue
drawRipples,0x001F63A0,0x0010CDC0,func,__text__,fuzzy,1.00,candidate,fuzzy; sz_diff=0; src=prologue
PuddleDL,0x001F64C0,0x0010CEA4,func,__text__,fuzzy,1.00,candidate,fuzzy; sz_diff=0; src=prologue
PuddleGeo,0x001F6550,0x00102418,func,__text__,fuzzy,1.00,candidate,fuzzy; sz_diff=0; src=extracted
EntryRippleToPuddle,0x001F65E8,0x001011B0,func,__text__,fuzzy,1.00,candidate,fuzzy; sz_diff=0; src=prologue
puddleRideFunc,0x001F6648,0x001026F0,func,__text__,fuzzy,1.00,candidate,fuzzy; sz_diff=0; src=prologue
InitRopeGeo,0x001F66E8,0x001E8F38,func,__text__,op_seq_hash,0.95,verified,struct match; sz_diff=0; src=prologue
SetRopeFixPoint,0x001F6B80,0x0010184C,func,__text__,fuzzy,0.63,candidate,fuzzy; sz_diff=96; src=extracted
HoldRope,0x001F6B98,0x001E93E8,func,__text__,op_seq_hash,0.95,verified,struct match; sz_diff=0; src=prologue
ropeGeo,0x001F6D38,0x001E9588,func,__text__,op_seq_hash,0.95,verified,struct match; sz_diff=0; src=prologue
RopeDL,0x001F6DE0,0x001E9630,func,__text__,op_seq_hash,0.95,verified,struct match; sz_diff=0; src=prologue
CheckRopeUpperWallClimbable,0x001F6FA8,0x00104E5C,func,__text__,fuzzy,1.00,candidate,fuzzy; sz_diff=0; src=extracted
ReleaseRope,0x001F6FB8,0x00100108,func,__text__,raw_sha1,1.00,verified,exact; src=prologue
RopeGeo,0x001F6FC0,0x001E9810,func,__text__,op_seq_hash,0.95,verified,struct match; sz_diff=0; src=prologue
RopeFixGeo,0x001F7038,0x001E9888,func,__text__,op_seq_hash,0.95,verified,struct match; sz_diff=0; src=prologue
RopeFixDL,0x001F7078,0x001C2FA0,func,__text__,op_seq_hash,0.95,verified,struct match; sz_diff=0; src=prologue
InitRopeFixGeo,0x001F70C0,0x00100C78,func,__text__,raw_sha1,1.00,verified,exact; src=prologue
moveStartSE,0x001F70C8,0x0013C9D8,func,__text__,fuzzy,1.00,candidate,fuzzy; sz_diff=0; src=extracted
moveEndSE,0x001F70D0,0x001E9920,func,__text__,op_seq_hash,0.95,verified,struct match; sz_diff=0; src=prologue
RotObjectGeo,0x001F7100,0x001019A8,func,__text__,fuzzy,1.00,candidate,fuzzy; sz_diff=0; src=extracted
GetRotObjectHoldPoint,0x001F7130,0x001E9980,func,__text__,op_seq_hash,0.95,verified,struct match; sz_diff=0; src=prologue
MoveRotObjectWithHoldPoint,0x001F7228,0x001E9A78,func,__text__,op_seq_hash,0.95,verified,struct match; sz_diff=0; src=prologue
ExecRotObjectMoveStartReaction,0x001F75A8,0x001D0F68,func,__text__,fuzzy,1.00,candidate,fuzzy; sz_diff=0; src=extracted
ExecRotObjectMoveEndReaction,0x001F75B0,0x001D0F68,func,__text__,fuzzy,0.97,candidate,fuzzy; sz_diff=8; src=extracted
SetRotObjectArmRadius,0x001F75B8,0x00106750,func,__text__,fuzzy,1.00,candidate,fuzzy; sz_diff=0; src=prologue
GetRotObjectGlobalHoldGeometry,0x001F75E0,0x001E9DF8,func,__text__,op_seq_hash,0.95,verified,struct match; sz_diff=0; src=prologue
InitRotObjectGeo,0x001F76F0,0x00143AD0,func,__text__,fuzzy,1.00,candidate,fuzzy; sz_diff=0; src=prologue
GetRotObjectGameSysObjInfoExtData,0x001F7838,0x00106750,func,__text__,fuzzy,1.00,candidate,fuzzy; sz_diff=0; src=extracted
RotObjectDL,0x001F7850,0x001EA030,func,__text__,op_seq_hash,0.95,verified,struct match; sz_diff=0; src=prologue
GetRotObjectRotCount,0x001F7928,0x001064B0,func,__text__,fuzzy,1.00,candidate,fuzzy; sz_diff=0; src=extracted
GetRotObjectZPlusDirection,0x001F7948,0x001EA128,func,__text__,op_seq_hash,0.95,verified,struct match; sz_diff=0; src=prologue
RestoreRotObjectGeo,0x001F7A40,0x0010A10C,func,__text__,raw_sha1,1.00,verified,exact; src=prologue
RestoreRotObjectExtGeo,0x001F7A48,0x001064B0,func,__text__,fuzzy,1.00,candidate,fuzzy; sz_diff=0; src=extracted
MemoryRotObject,0x001F7A68,0x001064B0,func,__text__,fuzzy,1.00,candidate,fuzzy; sz_diff=0; src=extracted
SetRotObjectLockFlag,0x001F7A88,0x00104E5C,func,__text__,fuzzy,1.00,candidate,fuzzy; sz_diff=0; src=extracted
InitSpiderLayoutGeo,0x001F7A98,0x001EA278,func,__text__,op_seq_hash,0.95,verified,struct match; sz_diff=0; src=prologue
WakeUpLayoutedSpiders,0x001F7C00,0x001EA3E0,func,__text__,op_seq_hash,0.95,verified,struct match; sz_diff=0; src=prologue
CallSpidersToReviveEnemy,0x001F7CA0,0x001EA480,func,__text__,op_seq_hash,0.95,verified,struct match; sz_diff=0; src=prologue
SpiderLayoutGeo,0x001F7E08,0x001EA5E8,func,__text__,op_seq_hash,0.95,verified,struct match; sz_diff=0; src=prologue
DispAllMemberOfSpider,0x001F81E8,0x001EA9C8,func,__text__,op_seq_hash,0.95,verified,struct match; sz_diff=0; src=prologue
SetSpiderGroupReviveStatus,0x001F8508,0x001EACE8,func,__text__,op_seq_hash,0.95,verified,struct match; sz_diff=0; src=prologue
DeadAllSpiders,0x001F8548,0x001EAD28,func,__text__,op_seq_hash,0.95,verified,struct match; sz_diff=0; src=prologue
GetAliveSpiders,0x001F85C0,0x001EADA0,func,__text__,op_seq_hash,0.95,verified,struct match; sz_diff=0; src=prologue
DeleteSpiderFromLayoutGroup,0x001F8690,0x001064B0,func,__text__,fuzzy,1.00,candidate,fuzzy; sz_diff=0; src=extracted
GetNearestOfLayoutSpiders,0x001F86B0,0x001EAE90,func,__text__,op_seq_hash,0.95,verified,struct match; sz_diff=0; src=prologue
CheckSpidersInsideOfReviveRange,0x001F87E0,0x001EAFC0,func,__text__,op_seq_hash,0.95,verified,struct match; sz_diff=0; src=prologue
RestoreSpiderLayoutGeo,0x001F88D8,0x0010A10C,func,__text__,raw_sha1,1.00,verified,exact; src=prologue
RestoreSpiderLayoutExtGeo,0x001F88E0,0x001EB0C0,func,__text__,op_seq_hash,0.95,verified,struct match; sz_diff=0; src=prologue
MemorySpiderLayout,0x001F8998,0x001EB178,func,__text__,op_seq_hash,0.95,verified,struct match; sz_diff=0; src=prologue
WakeUpSpidersFromGenerator,0x001F8A58,0x001EB238,func,__text__,op_seq_hash,0.95,verified,struct match; sz_diff=0; src=prologue
DeleteAllSpidersOfLayoutGroup,0x001F8B30,0x001EB310,func,__text__,op_seq_hash,0.95,verified,struct match; sz_diff=0; src=prologue
SleepSpiderGroup,0x001F8BC8,0x001EB3A8,func,__text__,op_seq_hash,0.95,verified,struct match; sz_diff=0; src=prologue
WakeupSpiderGroup,0x001F8C38,0x001EB3A8,func,__text__,op_seq_hash,0.95,verified,struct match; sz_diff=0; src=prologue
EntrySpiderGroupManager,0x001F8CA8,0x001EB488,func,__text__,op_seq_hash,0.95,verified,struct match; sz_diff=0; src=prologue
tryToRevive,0x001F8DE8,0x001EB5C8,func,__text__,op_seq_hash,0.95,verified,struct match; sz_diff=0; src=prologue
ExecSpiderGroupManager,0x001F8FE0,0x0013F9D0,func,__text__,fuzzy,0.63,candidate,fuzzy; sz_diff=12; src=extracted
InitSpiderGroupManager,0x001F9210,0x00260C80,func,__text__,fuzzy,0.98,candidate,fuzzy; sz_diff=4; src=extracted
EntryRevivedSpiderGroupManager,0x001F9238,0x00101B14,func,__text__,fuzzy,1.00,candidate,fuzzy; sz_diff=0; src=extracted
DispAllSpiderGroups,0x001F9260,0x001EBA40,func,__text__,op_seq_hash,0.95,verified,struct match; sz_diff=0; src=prologue
EntryToSpiderGroupManagerForReviveMaster,0x001F9308,0x001009E0,func,__text__,fuzzy,1.00,candidate,fuzzy; sz_diff=0; src=extracted
getReviveEnemyGObj,0x001F9330,0x001EBB10,func,__text__,op_seq_hash,0.95,verified,struct match; sz_diff=0; src=prologue
DispStageMultiBgaManager,0x001F9390,0x00104748,func,__text__,fuzzy,1.00,candidate,fuzzy; sz_diff=0; src=prologue
InitStageMultiBgaManager,0x001F9460,0x001026F0,func,__text__,fuzzy,1.00,candidate,fuzzy; sz_diff=0; src=prologue
EntryStageMultiBgaManager,0x001F9500,0x00100C90,func,__text__,fuzzy,1.00,candidate,fuzzy; sz_diff=0; src=prologue
EntryStageMultiBgaManagerSensitive,0x001F95D8,0x0010CEA4,func,__text__,fuzzy,1.00,candidate,fuzzy; sz_diff=0; src=prologue
EntryStageMultiBgaManagerWithStay,0x001F96C0,0x00100D68,func,__text__,fuzzy,1.00,candidate,fuzzy; sz_diff=0; src=prologue
EntryStageMultiBgaManagerSensitiveWithStay,0x001F97A0,0x001034B8,func,__text__,fuzzy,1.00,candidate,fuzzy; sz_diff=0; src=prologue
blur,0x001F9890,0x001EBE48,func,__text__,op_seq_hash,0.95,verified,struct match; sz_diff=0; src=prologue
auraInspireBefore,0x001F9A60,0x0010184C,func,__text__,fuzzy,0.79,candidate,fuzzy; sz_diff=4; src=extracted
auraInspireAfter,0x001FA6E8,0x00101F70,func,__text__,fuzzy,1.00,candidate,fuzzy; sz_diff=0; src=prologue
makeFullScreenFlareBefore,0x001FB258,0x0010184C,func,__text__,fuzzy,0.66,candidate,fuzzy; sz_diff=76; src=extracted
makeFullScreenFlareAfter,0x001FBC48,0x001FBC48,func,__text__,same_va,0.85,verified,same VA; USA size=824; src=prologue
pasteFullScreenFlare,0x001FBDF0,0x0010184C,func,__text__,fuzzy,0.94,candidate,fuzzy; sz_diff=20; src=extracted
depthField,0x001FC3C0,0x001EE860,func,__text__,op_seq_hash,0.95,verified,struct match; sz_diff=0; src=prologue
GetSunWorldPos,0x001FCA50,0x00106750,func,__text__,fuzzy,1.00,candidate,fuzzy; sz_diff=0; src=prologue
MotionBlur,0x001FCA60,,func,__text__,unmatched,0.00,unmatched,no match; PAL size=512; src=extracted
calcSun,0x001FCC60,0x001EF118,func,__text__,op_seq_hash,0.95,verified,struct match; sz_diff=0; src=prologue
colorSetting,0x001FCD20,0x001BFB6C,func,__text__,fuzzy,0.78,candidate,fuzzy; sz_diff=8; src=extracted
dispPostInfo,0x001FCEE0,0x001EF398,func,__text__,op_seq_hash,0.95,verified,struct match; sz_diff=0; src=prologue
dispFeedInfo,0x001FD050,0x001EF508,func,__text__,op_seq_hash,0.95,verified,struct match; sz_diff=0; src=prologue
FullScreenEffectBefore,0x001FD148,0x00110948,func,__text__,fuzzy,1.00,candidate,fuzzy; sz_diff=0; src=prologue
FullScreenEffectAfter,0x001FD2F0,0x001EF770,func,__text__,op_seq_hash,0.95,verified,struct match; sz_diff=0; src=prologue
InitStaticBlur,0x001FD480,0x001EF8E8,func,__text__,op_seq_hash,0.95,verified,struct match; sz_diff=0; src=prologue
StaticBlur,0x001FD518,0x00100108,func,__text__,raw_sha1,1.00,verified,exact; src=prologue
StaticBlurDL,0x001FD520,0x00100108,func,__text__,raw_sha1,1.00,verified,exact; src=prologue
SetMotionBlur,0x001FD528,0x00102678,func,__text__,op_seq_hash,0.95,verified,struct match; sz_diff=0; src=prologue
SetStaticBlur,0x001FD530,0x001FD530,func,__text__,same_va,0.85,verified,same VA; USA size=24; src=extracted
SetDepthFadeParam,0x001FD540,0x001EF9A8,func,__text__,op_seq_hash,0.95,verified,struct match; sz_diff=0; src=prologue
SetAuraInspireParam,0x001FD568,0x0010A4E4,func,__text__,op_seq_hash,0.95,verified,struct match; sz_diff=0; src=prologue
InitializeStaticBlur,0x001FD570,0x00102678,func,__text__,op_seq_hash,0.95,verified,struct match; sz_diff=0; src=prologue
_initStaticBlur,0x001FD578,0x001EF9E0,func,__text__,op_seq_hash,0.95,verified,struct match; sz_diff=0; src=prologue
SetAuraEffect,0x001FD5F0,0x00100108,func,__text__,raw_sha1,1.00,verified,exact; src=prologue
InitStormPackage,0x001FD5F8,0x001EFA60,func,__text__,op_seq_hash,0.95,verified,struct match; sz_diff=0; src=prologue
ClipStormByVolume,0x001FD8B0,0x001EFD18,func,__text__,raw_sha1,1.00,verified,exact; src=prologue
ClipStormByCamera,0x001FDA78,0x001EFEE0,func,__text__,op_seq_hash,0.95,verified,struct match; sz_diff=0; src=prologue
UpdateStormPackage,0x001FDC30,0x001F0098,func,__text__,op_seq_hash,0.95,verified,struct match; sz_diff=0; src=prologue
DispStormPackage,0x001FDDF8,0x001F0260,func,__text__,op_seq_hash,0.95,verified,struct match; sz_diff=0; src=prologue
StormTestGeo,0x001FE0D8,0x0024C130,func,__text__,fuzzy,0.88,candidate,fuzzy; sz_diff=4; src=extracted
StormTestDL,0x001FE0E8,0x00133608,func,__text__,fuzzy,0.97,candidate,fuzzy; sz_diff=8; src=extracted
InitStormTestGeo,0x001FE100,0x001F0568,func,__text__,op_seq_hash,0.95,verified,struct match; sz_diff=0; src=prologue
_infoUpdate,0x001FE1A0,0x001FAAD8,func,__text__,fuzzy,1.00,candidate,fuzzy; sz_diff=0; src=prologue
PlayStreamMotion,0x001FE680,0x00260C80,func,__text__,fuzzy,1.00,candidate,fuzzy; sz_diff=0; src=extracted
ClearStreamMotionEntry,0x001FE6A0,0x001F0878,func,__text__,op_seq_hash,0.95,verified,struct match; sz_diff=0; src=prologue
_deleteStreamMotionManager,0x001FE700,0x001F08D8,func,__text__,op_seq_hash,0.95,verified,struct match; sz_diff=0; src=prologue
DisableStreamMotionManagerAutomaticDelete,0x001FE860,0x001BA330,func,__text__,fuzzy,0.84,candidate,fuzzy; sz_diff=4; src=extracted
getStreamMotionData,0x001FE870,0x0013C5B8,func,__text__,fuzzy,0.84,candidate,fuzzy; sz_diff=4; src=extracted
getStreamMotionBlendData,0x001FE920,0x0010882C,func,__text__,fuzzy,1.00,candidate,fuzzy; sz_diff=0; src=prologue
GetStreamMotionDataNext,0x001FE9F8,,func,__text__,unmatched,0.00,unmatched,no match; PAL size=680; src=extracted
_transRingBuf,0x001FEA18,0x001F0B20,func,__text__,op_seq_hash,0.95,verified,struct match; sz_diff=0; src=prologue
ExecStreamMotionManager,0x001FEAC0,0x001F0BC8,func,__text__,op_seq_hash,0.95,verified,struct match; sz_diff=0; src=prologue
MallocStreamMotionBuffer,0x001FECA0,0x001F0DA8,func,__text__,op_seq_hash,0.95,verified,struct match; sz_diff=0; src=prologue
StandbyStreamMotion,0x001FED38,0x001F0E40,func,__text__,op_seq_hash,0.95,verified,struct match; sz_diff=0; src=prologue
StopStreamMotion,0x001FEE88,0x00102678,func,__text__,op_seq_hash,0.95,verified,struct match; sz_diff=0; src=prologue
DeleteStreamMotionManager,0x001FEE90,0x001F0F98,func,__text__,op_seq_hash,0.95,verified,struct match; sz_diff=0; src=prologue
EntryStreamMotion,0x001FEF50,0x00104698,func,__text__,fuzzy,1.00,candidate,fuzzy; sz_diff=0; src=extracted
GetDataSizeOfStreamMotion,0x001FEFA0,0x001B7100,func,__text__,op_seq_hash,0.95,verified,struct match; sz_diff=0; src=prologue
GetStreamMotionData,0x001FEFF0,0x0026B018,func,__text__,fuzzy,0.90,candidate,fuzzy; sz_diff=0; src=extracted
InitStreamMotionManager,0x001FF080,0x00104E5C,func,__text__,fuzzy,1.00,candidate,fuzzy; sz_diff=0; src=extracted
CheckReadyStreamMotion,0x001FF090,0x001079DC,func,__text__,fuzzy,1.00,candidate,fuzzy; sz_diff=0; src=extracted
SetStreamMotionFinishCallBackFunc,0x001FF0D0,0x0015F228,func,__text__,op_seq_hash,0.95,verified,struct match; sz_diff=0; src=prologue
FreeStreamMotionBuffer,0x001FF0F0,0x001F1168,func,__text__,op_seq_hash,0.95,verified,struct match; sz_diff=0; src=prologue
ClearAllStreamMotionEntry,0x001FF128,0x001F11A0,func,__text__,op_seq_hash,0.95,verified,struct match; sz_diff=0; src=prologue
_closeHander,0x001FF1C8,0x0019DBA8,func,__text__,op_seq_hash,0.95,verified,struct match; sz_diff=0; src=prologue
_handler,0x001FF1E8,0x00163B40,func,__text__,fuzzy,0.93,candidate,fuzzy; sz_diff=4; src=extracted
SugiLeafGeo2,0x001FF2B8,0x001F1330,func,__text__,op_seq_hash,0.95,verified,struct match; sz_diff=0; src=prologue
SugiLeafDL2,0x001FF490,0x001F1508,func,__text__,op_seq_hash,0.95,verified,struct match; sz_diff=0; src=prologue
InitSugiLeafGeo,0x001FF628,0x001F16A0,func,__text__,op_seq_hash,0.95,verified,struct match; sz_diff=0; src=prologue
SugiLeafGeo,0x001FF680,0x001F16F8,func,__text__,op_seq_hash,0.95,verified,struct match; sz_diff=0; src=prologue
InitSugiLeafGeo2,0x001FF738,0x001F17B0,func,__text__,op_seq_hash,0.95,verified,struct match; sz_diff=0; src=prologue
torchOffSE,0x001FF7C0,0x001F1838,func,__text__,op_seq_hash,0.95,verified,struct match; sz_diff=0; src=prologue
LightTorchOn,0x001FF7F0,0x001F1868,func,__text__,op_seq_hash,0.95,verified,struct match; sz_diff=0; src=prologue
LightTorchOff,0x001FF978,0x001F19F0,func,__text__,op_seq_hash,0.95,verified,struct match; sz_diff=0; src=prologue
torchDrainControl,0x001FFA60,0x00101ED0,func,__text__,fuzzy,1.00,candidate,fuzzy; sz_diff=0; src=prologue
moveTorch,0x001FFB08,0x001F1AD8,func,__text__,op_seq_hash,0.95,verified,struct match; sz_diff=0; src=prologue
setPauseFlag,0x001FFBC8,0x00101ED0,func,__text__,fuzzy,1.00,candidate,fuzzy; sz_diff=0; src=prologue
CheckTorchChainReactionReverse,0x001FFC70,0x001F1B98,func,__text__,op_seq_hash,0.95,verified,struct match; sz_diff=0; src=prologue
procChainReaction,0x001FFDC8,0x00104748,func,__text__,fuzzy,1.00,candidate,fuzzy; sz_diff=0; src=prologue
TorchGeo,0x001FFF70,0x0014EB28,func,__text__,fuzzy,1.00,candidate,fuzzy; sz_diff=0; src=prologue
InitTorchGeo,0x00200120,0x00103C48,func,__text__,fuzzy,1.00,candidate,fuzzy; sz_diff=0; src=prologue
TorchDL,0x00200228,0x00100108,func,__text__,raw_sha1,1.00,verified,exact; src=prologue
IsTorchLightOn,0x00200230,0x00104E5C,func,__text__,fuzzy,1.00,candidate,fuzzy; sz_diff=0; src=extracted
CheckTorchChainReaction,0x00200240,0x00143AD0,func,__text__,fuzzy,1.00,candidate,fuzzy; sz_diff=0; src=prologue
SetTorchLife,0x00200330,0x00100BA8,func,__text__,fuzzy,1.00,candidate,fuzzy; sz_diff=0; src=extracted
SetTorchChainReactionFlag,0x00200348,0x00104E5C,func,__text__,fuzzy,1.00,candidate,fuzzy; sz_diff=0; src=extracted
UpdateRealTimeGeometryValue,0x00200358,0x001F2250,func,__text__,op_seq_hash,0.95,verified,struct match; sz_diff=0; src=prologue
AllocWaterDot,0x002003A8,0x0015A044,func,__text__,fuzzy,1.00,candidate,fuzzy; sz_diff=0; src=prologue
setWaterDot,0x00200590,0x0010882C,func,__text__,fuzzy,1.00,candidate,fuzzy; sz_diff=0; src=prologue
ExecWaterDot,0x00200660,0x00100008,func,__text__,fuzzy,1.00,candidate,fuzzy; sz_diff=0; src=prologue
DispWaterDot,0x00200810,0x00102688,func,__text__,fuzzy,1.00,candidate,fuzzy; sz_diff=0; src=prologue
InitializeWaterDot,0x002009A0,0x00118F58,func,__text__,op_seq_hash,0.95,verified,struct match; sz_diff=0; src=prologue
EntryWaterDot,0x002009E0,0x0010CDC0,func,__text__,fuzzy,1.00,candidate,fuzzy; sz_diff=0; src=prologue
CreateWaySystemManagerGObj,0x00200AD0,0x001C36E0,func,__text__,op_seq_hash,0.95,verified,struct match; sz_diff=0; src=prologue
RequestGetWayBegin,0x00200B10,0x001C3720,func,__text__,op_seq_hash,0.95,verified,struct match; sz_diff=0; src=prologue
actWaySystemCore,0x00200B50,0x001F2320,func,__text__,op_seq_hash,0.95,verified,struct match; sz_diff=0; src=prologue
waySysMan_thStart,0x00200BA0,0x001F2370,func,__text__,op_seq_hash,0.95,verified,struct match; sz_diff=0; src=prologue
torchOnOfWeaponSE,0x00200BB8,,func,__text__,unmatched,0.00,unmatched,no match; PAL size=1392; src=extracted
torchOffOfWeaponSE,0x00200BC0,0x001F2390,func,__text__,op_seq_hash,0.95,verified,struct match; sz_diff=0; src=prologue
weaponHitReactionSE,0x00200BF0,,func,__text__,unmatched,0.00,unmatched,no match; PAL size=1336; src=extracted
weaponFumbleSE,0x00200BF8,,func,__text__,unmatched,0.00,unmatched,no match; PAL size=1328; src=extracted
weaponStickSE,0x00200C00,,func,__text__,unmatched,0.00,unmatched,no match; PAL size=1320; src=extracted
ReleaseWeaponWithFumbleTargetPos,0x00200C08,0x001F23D8,func,__text__,op_seq_hash,0.95,verified,struct match; sz_diff=0; src=prologue
ReleaseWeaponWithFumbleSequential,0x00200D30,0x001F2500,func,__text__,op_seq_hash,0.95,verified,struct match; sz_diff=0; src=prologue
calcDynamicPathGeometry,0x00201128,0x001F28F8,func,__text__,op_seq_hash,0.95,verified,struct match; sz_diff=0; src=prologue
calcDynamicGeometry,0x00201338,0x00201338,func,__text__,same_va,0.85,verified,same VA; USA size=48; src=prologue
getGeometry,0x002019B8,0x001F3188,func,__text__,op_seq_hash,0.95,verified,struct match; sz_diff=0; src=prologue
WeaponCurPos,0x00201B40,0x001F3308,func,__text__,op_seq_hash,0.95,verified,struct match; sz_diff=0; src=prologue
WeaponHitEffect,0x00201BA0,0x0010184C,func,__text__,fuzzy,0.58,candidate,fuzzy; sz_diff=8; src=extracted
ExecWeaponHitReaction,0x00201BC0,0x0010184C,func,__text__,fuzzy,0.52,candidate,fuzzy; sz_diff=24; src=extracted
checkHit,0x00201BC8,0x001F3390,func,__text__,op_seq_hash,0.95,verified,struct match; sz_diff=0; src=prologue
initializeQueenzSword,0x00201D00,0x001F34C8,func,__text__,op_seq_hash,0.95,verified,struct match; sz_diff=0; src=prologue
InitWeaponGeo,0x00201F28,0x002015E4,func,__text__,fuzzy,1.00,candidate,fuzzy; sz_diff=0; src=prologue
dispLaserSword,0x002022C8,0x00106660,func,__text__,fuzzy,1.00,candidate,fuzzy; sz_diff=0; src=prologue
dispInsectNet,0x002023F0,0x001F3A28,func,__text__,op_seq_hash,0.95,verified,struct match; sz_diff=0; src=prologue
dispBlur,0x00202598,0x0010882C,func,__text__,fuzzy,1.00,candidate,fuzzy; sz_diff=0; src=prologue
calcBlur,0x00202720,0x0011D800,func,__text__,fuzzy,1.00,candidate,fuzzy; sz_diff=0; src=prologue
WeaponGeo,0x00202AE8,0x00103C48,func,__text__,fuzzy,1.00,candidate,fuzzy; sz_diff=0; src=prologue
WeaponDL,0x00202E98,0x00104818,func,__text__,fuzzy,1.00,candidate,fuzzy; sz_diff=0; src=prologue
PickupWeapon,0x00202F48,0x001F3F58,func,__text__,op_seq_hash,0.95,verified,struct match; sz_diff=0; src=prologue
CheckSwapableWeapon,0x00202FA0,0x00104748,func,__text__,fuzzy,1.00,candidate,fuzzy; sz_diff=0; src=prologue
ReleaseWeapon,0x002030A8,0x001D0F68,func,__text__,fuzzy,0.98,candidate,fuzzy; sz_diff=4; src=extracted
CheckWeaponKind,0x002030D8,0x00104E5C,func,__text__,fuzzy,1.00,candidate,fuzzy; sz_diff=0; src=extracted
LightTorchOnOfWeapon,0x002030E8,0x001F40D8,func,__text__,op_seq_hash,0.95,verified,struct match; sz_diff=0; src=prologue
LightTorchOnOfWeaponWithNoSE,0x00203160,0x001F40D8,func,__text__,op_seq_hash,0.95,verified,struct match; sz_diff=0; src=prologue
LightTorchOffOfWeapon,0x002031D8,0x001F41C8,func,__text__,op_seq_hash,0.95,verified,struct match; sz_diff=0; src=prologue
GetTorchGObjOfWeapon,0x00203238,0x001064B0,func,__text__,fuzzy,1.00,candidate,fuzzy; sz_diff=0; src=extracted
ReleaseWeaponWithFumble,0x00203260,0x001F4250,func,__text__,op_seq_hash,0.95,verified,struct match; sz_diff=0; src=prologue
InitWeaponFumbleSequence,0x002032E0,0x00106750,func,__text__,fuzzy,1.00,candidate,fuzzy; sz_diff=0; src=extracted
GetWeaponWeight,0x002032F8,0x001D0F68,func,__text__,fuzzy,0.98,candidate,fuzzy; sz_diff=4; src=extracted
SetWeaponTorchChainReactionFlagAll,0x00203328,0x001F4318,func,__text__,op_seq_hash,0.95,verified,struct match; sz_diff=0; src=prologue
InitDemoQueensSword,0x002033E0,0x0010CEA4,func,__text__,fuzzy,1.00,candidate,fuzzy; sz_diff=0; src=prologue
ExecDemoQueensSword,0x002034C8,0x00100BA8,func,__text__,fuzzy,1.00,candidate,fuzzy; sz_diff=0; src=extracted
SetWeaponOffsetMode,0x002034E0,0x00104E5C,func,__text__,fuzzy,1.00,candidate,fuzzy; sz_diff=0; src=extracted
InitWindField,0x002034F0,0x001F44E0,func,__text__,op_seq_hash,0.95,verified,struct match; sz_diff=0; src=prologue
drawSenpuukiHaneUnit,0x00203678,0x001F4668,func,__text__,op_seq_hash,0.95,verified,struct match; sz_diff=0; src=prologue
drawSenpuuki,0x00203810,0x001F4800,func,__text__,op_seq_hash,0.95,verified,struct match; sz_diff=0; src=prologue
ExecWindField,0x00203960,0x001F4950,func,__text__,op_seq_hash,0.95,verified,struct match; sz_diff=0; src=prologue
GetWindVector,0x00203BF0,0x001F4BE0,func,__text__,op_seq_hash,0.95,verified,struct match; sz_diff=0; src=prologue
dummyGetWindVector,0x00203C10,0x00106750,func,__text__,fuzzy,1.00,candidate,fuzzy; sz_diff=0; src=extracted
getParallelWindVector,0x00203C28,0x001F4C18,func,__text__,op_seq_hash,0.95,verified,struct match; sz_diff=0; src=prologue
getRadiateWindVector,0x00203D38,0x0011FC28,func,__text__,fuzzy,1.00,candidate,fuzzy; sz_diff=0; src=extracted
StopWindField,0x00203DE8,0x00104E5C,func,__text__,fuzzy,1.00,candidate,fuzzy; sz_diff=0; src=extracted
drawLines,0x00203DF8,0x001F4DE8,func,__text__,raw_sha1,1.00,verified,exact; src=prologue
drawSenpuukiHane,0x00203E78,0x0013C958,func,__text__,fuzzy,0.95,candidate,fuzzy; sz_diff=12; src=extracted
drawSenpuukiUnit,0x00203EF8,0x0013C958,func,__text__,fuzzy,0.95,candidate,fuzzy; sz_diff=12; src=extracted
drawSenpuukiBase,0x00203F78,0x0013C958,func,__text__,fuzzy,0.95,candidate,fuzzy; sz_diff=12; src=extracted
ExecWindManager,0x00203FF8,0x001A76B8,func,__text__,fuzzy,0.88,candidate,fuzzy; sz_diff=8; src=extracted
ReinitWindManager,0x00204078,0x001F5068,func,__text__,op_seq_hash,0.95,verified,struct match; sz_diff=0; src=prologue
SetWindManager,0x00204150,0x001F5140,func,__text__,raw_sha1,1.00,verified,exact; src=prologue
InitWindManager,0x002041D0,0x001F51C0,func,__text__,op_seq_hash,0.95,verified,struct match; sz_diff=0; src=prologue
GetRegularizedWindSpeed,0x002042A8,0x00140048,func,__text__,fuzzy,1.00,candidate,fuzzy; sz_diff=0; src=extracted
InitWindMillGeo,0x00204388,0x0010EFBC,func,__text__,fuzzy,1.00,candidate,fuzzy; sz_diff=0; src=prologue
WindMillGeo,0x002044F0,0x00100108,func,__text__,raw_sha1,1.00,verified,exact; src=prologue
WindMillDL,0x002044F8,0x00100108,func,__text__,raw_sha1,1.00,verified,exact; src=prologue
DispWireLetter,0x00204500,0x001F5378,func,__text__,op_seq_hash,0.95,verified,struct match; sz_diff=0; src=prologue
DispWireString,0x00204658,0x001F54D0,func,__text__,op_seq_hash,0.95,verified,struct match; sz_diff=0; src=prologue
DefaultColorWireString,0x00204760,0x001F55D8,func,__text__,op_seq_hash,0.95,verified,struct match; sz_diff=0; src=prologue
ChangeColorWireString,0x00204790,0x001F5608,func,__text__,op_seq_hash,0.95,verified,struct match; sz_diff=0; src=prologue
Draw2DBox,0x002047A8,0x001F5620,func,__text__,op_seq_hash,0.95,verified,struct match; sz_diff=0; src=prologue
outerProcess,0x00204888,0x001F5700,func,__text__,op_seq_hash,0.95,verified,struct match; sz_diff=0; src=prologue
simulate,0x002049B0,0x001F5828,func,__text__,op_seq_hash,0.95,verified,struct match; sz_diff=0; src=prologue
getAnimation,0x00204CE0,0x001F5B58,func,__text__,op_seq_hash,0.95,verified,struct match; sz_diff=0; src=prologue
disp,0x00204EE8,0x001F5D60,func,__text__,op_seq_hash,0.95,verified,struct match; sz_diff=0; src=prologue
GetWormRoute,0x00205260,0x001F60D8,func,__text__,op_seq_hash,0.95,verified,struct match; sz_diff=0; src=prologue
InitWormGeo,0x00205470,0x001F62E8,func,__text__,op_seq_hash,0.95,verified,struct match; sz_diff=0; src=prologue
GetWormCaptureVector,0x00205828,0x001F66A0,func,__text__,op_seq_hash,0.95,verified,struct match; sz_diff=0; src=prologue
WormGeo,0x00205878,0x001F66F0,func,__text__,op_seq_hash,0.95,verified,struct match; sz_diff=0; src=prologue
WormDL,0x00205B38,0x00140048,func,__text__,fuzzy,0.95,candidate,fuzzy; sz_diff=0; src=extracted
SetDirectWormTargetPos,0x00205B40,0x001F69B8,func,__text__,op_seq_hash,0.95,verified,struct match; sz_diff=0; src=prologue
SetWormReduceRatio,0x00205C18,0x00104E5C,func,__text__,fuzzy,1.00,candidate,fuzzy; sz_diff=0; src=extracted
TraceWormRoute,0x00205C28,0x001F6AA0,func,__text__,op_seq_hash,0.95,verified,struct match; sz_diff=0; src=prologue
dma_init,0x00205DA8,0x001F6C20,func,__text__,op_seq_hash,0.95,verified,struct match; sz_diff=0; src=prologue
matrix_init,0x00205E10,0x001F6C88,func,__text__,op_seq_hash,0.95,verified,struct match; sz_diff=0; src=prologue
malloc_MemCpy,0x00205E20,0x00104E5C,func,__text__,fuzzy,1.00,candidate,fuzzy; sz_diff=0; src=extracted
malloc_SetPartition,0x00205E28,0x00102678,func,__text__,op_seq_hash,0.95,verified,struct match; sz_diff=0; src=prologue
malloc_GetPartition,0x00205E30,0x00109BAC,func,__text__,op_seq_hash,0.95,verified,struct match; sz_diff=0; src=prologue
mallocseki,0x00205E38,0x001F6CB0,func,__text__,op_seq_hash,0.95,verified,struct match; sz_diff=0; src=prologue
freeseki,0x00205F18,0x001F6D90,func,__text__,op_seq_hash,0.95,verified,struct match; sz_diff=0; src=prologue
resetmallocseki,0x00205F38,0x00100108,func,__text__,raw_sha1,1.00,verified,exact; src=prologue
mallocsekistage,0x00205F40,0x001F6DB8,func,__text__,op_seq_hash,0.95,verified,struct match; sz_diff=0; src=prologue
reallocseki,0x00205F88,0x001F6E00,func,__text__,op_seq_hash,0.95,verified,struct match; sz_diff=0; src=prologue
bga_InitData,0x00205FB0,0x001F6E28,func,__text__,op_seq_hash,0.95,verified,struct match; sz_diff=0; src=prologue
bga_initLightEnvelope,0x00206358,0x001F71D0,func,__text__,op_seq_hash,0.95,verified,struct match; sz_diff=0; src=prologue
bga_ApplyDObject,0x00206670,0x001074A8,func,__text__,fuzzy,1.00,candidate,fuzzy; sz_diff=0; src=prologue
bga_GetMotion,0x00206940,0x00108C98,func,__text__,fuzzy,1.00,candidate,fuzzy; sz_diff=0; src=prologue
bga_GetMotionParticle,0x00207038,0x00100008,func,__text__,fuzzy,1.00,candidate,fuzzy; sz_diff=0; src=prologue
bga_GetMotionLightning,0x002076F8,0x00108C98,func,__text__,fuzzy,1.00,candidate,fuzzy; sz_diff=0; src=prologue
bga_GetExtMotion,0x00207DD0,0x00101B68,func,__text__,fuzzy,1.00,candidate,fuzzy; sz_diff=0; src=prologue
bga_GetGizmoMotion,0x00208058,0x00208058,func,__text__,same_va,0.85,verified,same VA; USA size=60; src=prologue
bga_calcEnvelope,0x00208378,0x0010B0D8,func,__text__,fuzzy,1.00,candidate,fuzzy; sz_diff=0; src=prologue
_RotTransCurrentMatrixYXZ,0x002087B8,0x001F88C0,func,__text__,op_seq_hash,0.95,verified,struct match; sz_diff=0; src=prologue
bga_CalcObject,0x00208A88,0x00184488,func,__text__,fuzzy,1.00,candidate,fuzzy; sz_diff=0; src=prologue
bga_resetObjectCounter,0x00209368,0x00106660,func,__text__,fuzzy,1.00,candidate,fuzzy; sz_diff=0; src=prologue
bga_SetFrame,0x002095A8,0x00103C48,func,__text__,fuzzy,1.00,candidate,fuzzy; sz_diff=0; src=prologue
bga_CalcAnimation,0x00209738,0x0018C774,func,__text__,fuzzy,1.00,candidate,fuzzy; sz_diff=0; src=prologue
bga_CalcSdfCamera,0x00209A40,0x00102564,func,__text__,fuzzy,1.00,candidate,fuzzy; sz_diff=0; src=prologue
bga_addLightning,0x00209E50,0x001F9DD8,func,__text__,op_seq_hash,0.95,verified,struct match; sz_diff=0; src=prologue
bga_DispLightning,0x0020A0A8,0x001FA030,func,__text__,op_seq_hash,0.95,verified,struct match; sz_diff=0; src=prologue
bga_ResetCamera,0x0020A608,0x00102678,func,__text__,op_seq_hash,0.95,verified,struct match; sz_diff=0; src=prologue
bga_GetCameraMatrix,0x0020A610,0x001FA598,func,__text__,op_seq_hash,0.95,verified,struct match; sz_diff=0; src=prologue
bga_InitSdfCamera,0x0020A658,0x001FA5E0,func,__text__,op_seq_hash,0.95,verified,struct match; sz_diff=0; src=prologue
bga_SetCamFrame,0x0020A6D0,0x00100F18,func,__text__,fuzzy,1.00,candidate,fuzzy; sz_diff=0; src=prologue
bga_CheckAnimationFinish,0x0020A768,0x00101B68,func,__text__,fuzzy,1.00,candidate,fuzzy; sz_diff=0; src=prologue
bga_CheckAnimationFrame,0x0020A7C0,0x001019A8,func,__text__,fuzzy,1.00,candidate,fuzzy; sz_diff=0; src=prologue
bga_CheckAnimationFrameIn,0x0020A828,0x001009A0,func,__text__,fuzzy,1.00,candidate,fuzzy; sz_diff=0; src=extracted
bga_CheckSdfCameraFinish,0x0020A8C8,0x001009E0,func,__text__,fuzzy,1.00,candidate,fuzzy; sz_diff=0; src=prologue
bga_CheckSdfCameraFrame,0x0020A920,0x00104698,func,__text__,fuzzy,1.00,candidate,fuzzy; sz_diff=0; src=prologue
bga_CheckSdfCameraFrameIn,0x0020A978,0x001019A8,func,__text__,fuzzy,1.00,candidate,fuzzy; sz_diff=0; src=prologue
bga_SetCameraForceOff,0x0020AA10,0x0013F878,func,__text__,op_seq_hash,0.95,verified,struct match; sz_diff=0; src=prologue
bga_InitBGA,0x0020AA20,0x001010EC,func,__text__,fuzzy,1.00,candidate,fuzzy; sz_diff=0; src=extracted
bga_SetUniqAnimationFlag,0x0020AA30,0x00102678,func,__text__,op_seq_hash,0.95,verified,struct match; sz_diff=0; src=prologue
bga_ResetAnimation,0x0020AA38,0x001AE8F0,func,__text__,fuzzy,1.00,candidate,fuzzy; sz_diff=0; src=extracted
bga_GetZoom,0x0020AA88,0x0010A00C,func,__text__,op_seq_hash,0.95,verified,struct match; sz_diff=0; src=prologue
font_CheckAlign,0x0020AA90,0x001FAAB0,func,__text__,raw_sha1,1.00,verified,exact; src=prologue
font_Print,0x0020AE78,0x001050E0,func,__text__,fuzzy,1.00,candidate,fuzzy; sz_diff=0; src=prologue
font_GetWidth,0x0020B408,0x001FB478,func,__text__,raw_sha1,1.00,verified,exact; src=prologue
font_GetHeight,0x0020B410,0x001009E0,func,__text__,fuzzy,1.00,candidate,fuzzy; sz_diff=0; src=extracted
font_Init,0x0020B438,0x00101AE8,func,__text__,fuzzy,1.00,candidate,fuzzy; sz_diff=0; src=extracted
dl_Init,0x0020B458,0x001FB4C8,func,__text__,op_seq_hash,0.95,verified,struct match; sz_diff=0; src=prologue
dl_Clear,0x0020B570,,func,__text__,unmatched,0.00,unmatched,no match; PAL size=532; src=extracted
dl_Swap,0x0020B5E8,0x001FB658,func,__text__,op_seq_hash,0.95,verified,struct match; sz_diff=0; src=prologue
dl_PushPriority,0x0020B6F8,0x0026B018,func,__text__,fuzzy,0.95,candidate,fuzzy; sz_diff=0; src=extracted
dl_PopPriority,0x0020B788,0x001BC130,func,__text__,fuzzy,0.94,candidate,fuzzy; sz_diff=16; src=extracted
dl_Debug,0x0020B810,0x00163B40,func,__text__,fuzzy,1.00,candidate,fuzzy; sz_diff=0; src=extracted
dl_CloseDma,0x0020B848,0x0013FD78,func,__text__,fuzzy,0.98,candidate,fuzzy; sz_diff=4; src=extracted
dl_Out,0x0020B988,0x001FB9F8,func,__text__,op_seq_hash,0.95,verified,struct match; sz_diff=0; src=prologue
dl_SetDLPriority,0x0020BA10,0x00104E5C,func,__text__,fuzzy,1.00,candidate,fuzzy; sz_diff=0; src=extracted
dl_OpenDma,0x0020BA38,0x0013FD78,func,__text__,fuzzy,0.98,candidate,fuzzy; sz_diff=4; src=extracted
dl_GetPri,0x0020BAD0,0x00109BAC,func,__text__,op_seq_hash,0.95,verified,struct match; sz_diff=0; src=prologue
dpk_SwapBuffer,0x0020BAD8,0x001FBB48,func,__text__,op_seq_hash,0.95,verified,struct match; sz_diff=0; src=prologue
dpk_Init,0x0020BB70,0x00102644,func,__text__,fuzzy,1.00,candidate,fuzzy; sz_diff=0; src=extracted
dpk_CheckBufferSize,0x0020BBA8,0x001FBC18,func,__text__,op_seq_hash,0.95,verified,struct match; sz_diff=0; src=prologue
enemy_Initialize,0x0020BBD8,0x001FBC48,func,__text__,op_seq_hash,0.95,verified,struct match; sz_diff=0; src=prologue
enemy_GetPositionTable,0x0020BF18,0x001064B0,func,__text__,fuzzy,1.00,candidate,fuzzy; sz_diff=0; src=extracted
cut_gobj_camera_dl_link,0x0020BF58,0x00102870,func,__text__,fuzzy,1.00,candidate,fuzzy; sz_diff=0; src=extracted
isysGObjRemoveCameraDL,0x0020BFD0,0x00101720,func,__text__,fuzzy,0.94,candidate,fuzzy; sz_diff=4; src=extracted
add_gobj_to_tailCameraDL,0x0020BFD8,0x001FC048,func,__text__,op_seq_hash,0.95,verified,struct match; sz_diff=0; src=prologue
isysGObjMoveCameraDL,0x0020C0F8,0x001FC168,func,__text__,op_seq_hash,0.95,verified,struct match; sz_diff=0; src=prologue
isysGObjLinkCameraDL,0x0020C130,0x001FC1A0,func,__text__,op_seq_hash,0.95,verified,struct match; sz_diff=0; src=prologue
isysGObjLinkCameraDLAfterGObj,0x0020C1B0,0x001011B0,func,__text__,fuzzy,1.00,candidate,fuzzy; sz_diff=0; src=extracted
isysGObjLinkCameraDLBeforeGObj,0x0020C208,0x001011B0,func,__text__,fuzzy,1.00,candidate,fuzzy; sz_diff=0; src=extracted
isysGObjCameraDlInit,0x0020C260,0x001010EC,func,__text__,fuzzy,1.00,candidate,fuzzy; sz_diff=0; src=extracted
isysGObjMoveCameraDLHead,0x0020C270,0x001FC2E0,func,__text__,op_seq_hash,0.95,verified,struct match; sz_diff=0; src=prologue
isysGObjLinkCameraDLHead,0x0020C340,0x00101B68,func,__text__,fuzzy,1.00,candidate,fuzzy; sz_diff=0; src=extracted
isysObjMoveCameraDLAfterGObj,0x0020C3F0,0x001FC460,func,__text__,op_seq_hash,0.95,verified,struct match; sz_diff=0; src=prologue
isysObjMoveCameraDLBeforeGObj,0x0020C450,0x001FC4C0,func,__text__,op_seq_hash,0.95,verified,struct match; sz_diff=0; src=prologue
getDitchDistTbl,0x0020C4B0,0x00131ED8,func,__text__,fuzzy,1.00,candidate,fuzzy; sz_diff=0; src=prologue
GetDitchPosition,0x0020C808,0x00103120,func,__text__,fuzzy,1.00,candidate,fuzzy; sz_diff=0; src=prologue
DebugActOrientFlag,0x0020C8D0,0x00184488,func,__text__,fuzzy,1.00,candidate,fuzzy; sz_diff=0; src=prologue
ACTGetEnvironment,0x0020CB78,0x00111AE8,func,__text__,fuzzy,1.00,candidate,fuzzy; sz_diff=0; src=prologue
ACTSetEnvAllmighty,0x00211198,0x0011B0C4,func,__text__,fuzzy,1.00,candidate,fuzzy; sz_diff=0; src=prologue
GetSofaPosition,0x002112C0,0x00200970,func,__text__,op_seq_hash,0.95,verified,struct match; sz_diff=0; src=prologue
GetCollisCenterPositionSimple,0x00211340,0x002009F0,func,__text__,op_seq_hash,0.95,verified,struct match; sz_diff=0; src=prologue
CheckWallAttributeEdegWall,0x002113E8,0x00200A98,func,__text__,op_seq_hash,0.95,verified,struct match; sz_diff=0; src=prologue
DetourCheck,0x00211428,0x00200AD8,func,__text__,op_seq_hash,0.95,verified,struct match; sz_diff=0; src=prologue
checkPositionIllegal,0x002116D0,0x002116D0,func,__text__,same_va,0.85,verified,same VA; USA size=168; src=prologue
ACTWayMove_BeginDetail,0x00211840,0x002159F8,func,__text__,fuzzy,1.00,candidate,fuzzy; sz_diff=0; src=prologue
ACTWayMove_NextDetail,0x00211C60,0x00104748,func,__text__,fuzzy,1.00,candidate,fuzzy; sz_diff=0; src=prologue
ACTWayExec_Position,0x00212620,0x00141660,func,__text__,fuzzy,1.00,candidate,fuzzy; sz_diff=0; src=prologue
ACTWay_IsMustWalkFromWay,0x002128A8,0x00201D50,func,__text__,op_seq_hash,0.95,verified,struct match; sz_diff=0; src=prologue
ACTWay_SetBeginPositionIllegal,0x00212920,0x00100BA8,func,__text__,fuzzy,1.00,candidate,fuzzy; sz_diff=0; src=extracted
WayMove_CheckCollis,0x00212938,0x00102688,func,__text__,fuzzy,1.00,candidate,fuzzy; sz_diff=0; src=prologue
actChangeActBrain,0x002129A8,0x00201DE0,func,__text__,op_seq_hash,0.95,verified,struct match; sz_diff=0; src=prologue
actChangeActMain,0x00212A38,0x00201E70,func,__text__,op_seq_hash,0.95,verified,struct match; sz_diff=0; src=prologue
actCreateMotionThread,0x00212B00,0x00201F38,func,__text__,op_seq_hash,0.95,verified,struct match; sz_diff=0; src=prologue
actCreateSubThread,0x00212B88,0x00108C98,func,__text__,fuzzy,1.00,candidate,fuzzy; sz_diff=0; src=prologue
after_func_exec,0x00212C90,0x00201FC0,func,__text__,op_seq_hash,0.95,verified,struct match; sz_diff=0; src=prologue
actInitialize_ext_charcter,0x00212E18,0x00202148,func,__text__,op_seq_hash,0.95,verified,struct match; sz_diff=0; src=prologue
actInitialize_only_charcter,0x00212ED8,0x00100008,func,__text__,fuzzy,1.00,candidate,fuzzy; sz_diff=0; src=prologue
actInitialize,0x00212FD8,0x001915F4,func,__text__,fuzzy,1.00,candidate,fuzzy; sz_diff=0; src=prologue
act_check_intr_list,0x002133C0,0x002025E0,func,__text__,op_seq_hash,0.95,verified,struct match; sz_diff=0; src=prologue
act_check_mail,0x002135A8,0x002027C8,func,__text__,op_seq_hash,0.95,verified,struct match; sz_diff=0; src=prologue
BeforeFunc,0x00213830,0x001D5F54,func,__text__,fuzzy,1.00,candidate,fuzzy; sz_diff=0; src=prologue
ACTDebugMove,0x00213F08,0x00203130,func,__text__,op_seq_hash,0.95,verified,struct match; sz_diff=0; src=prologue
actInitialize_geo,0x002146E8,0x00100108,func,__text__,raw_sha1,1.00,verified,exact; src=prologue
ACTReserveTarget,0x002146F0,0x00203A10,func,__text__,op_seq_hash,0.95,verified,struct match; sz_diff=0; src=prologue
_ACTRun,0x00214738,0x00203A58,func,__text__,op_seq_hash,0.95,verified,struct match; sz_diff=0; src=prologue
_ACTWait,0x00214780,0x00133608,func,__text__,fuzzy,0.95,candidate,fuzzy; sz_diff=12; src=extracted
actCreateSubThreadGOppArg,0x00214820,0x001D0F68,func,__text__,fuzzy,1.00,candidate,fuzzy; sz_diff=0; src=extracted
actSetInterrupt,0x00214858,0x0013C5AC,func,__text__,raw_sha1,1.00,verified,exact; src=prologue
ConvertStickToAbsCoord,0x00214860,0x0013B7E0,func,__text__,op_seq_hash,0.95,verified,struct match; sz_diff=0; src=prologue
ActSetStartBrainStatus,0x002148D8,0x002148D8,func,__text__,same_va,0.85,verified,same VA; USA size=240; src=extracted
actWaitCondition,0x002148F0,0x00203CD0,func,__text__,op_seq_hash,0.95,verified,struct match; sz_diff=0; src=prologue
BeforeFunc2,0x002149B0,0x00203D90,func,__text__,op_seq_hash,0.95,verified,struct match; sz_diff=0; src=prologue
actDummy,0x00214B08,0x00203EE8,func,__text__,op_seq_hash,0.95,verified,struct match; sz_diff=0; src=prologue
setMailTarget,0x00214B38,0x001019A8,func,__text__,fuzzy,1.00,candidate,fuzzy; sz_diff=0; src=extracted
seMail,0x00214B68,0x00142890,func,__text__,fuzzy,0.73,candidate,fuzzy; sz_diff=8; src=extracted
seMailTargetDistCheck,0x00214CE0,0x002040C0,func,__text__,op_seq_hash,0.95,verified,struct match; sz_diff=0; src=prologue
add_wp_pos,0x00214D80,0x00204160,func,__text__,op_seq_hash,0.95,verified,struct match; sz_diff=0; src=prologue
WayLengthOfPos_Pos,0x00214E20,0x00204200,func,__text__,op_seq_hash,0.95,verified,struct match; sz_diff=0; src=prologue
WayPointWithRangeFromPos,0x00215030,0x00204410,func,__text__,op_seq_hash,0.95,verified,struct match; sz_diff=0; src=prologue
WayPointWithRangeFromPos2,0x00215400,0x002047E0,func,__text__,op_seq_hash,0.95,verified,struct match; sz_diff=0; src=prologue
NearestEnemyFromGirl,0x00215990,0x00204D70,func,__text__,op_seq_hash,0.95,verified,struct match; sz_diff=0; src=prologue
NumOfWpPos,0x00215AB0,0x00109BAC,func,__text__,op_seq_hash,0.95,verified,struct match; sz_diff=0; src=prologue
CopyWpPos,0x00215AB8,0x00204E98,func,__text__,op_seq_hash,0.95,verified,struct match; sz_diff=0; src=prologue
WayLengthOfGObj_Pos,0x00215B78,0x00204F58,func,__text__,op_seq_hash,0.95,verified,struct match; sz_diff=0; src=prologue
WayLengthOfGObj_GObj,0x00215BC8,0x00204FA8,func,__text__,op_seq_hash,0.95,verified,struct match; sz_diff=0; src=prologue
WayPointWithRangeFromGObj,0x00215C20,0x00205000,func,__text__,op_seq_hash,0.95,verified,struct match; sz_diff=0; src=prologue
wayKidnap_wpsort_compfnc,0x00215C68,0x00102644,func,__text__,fuzzy,1.00,candidate,fuzzy; sz_diff=0; src=extracted
CreateTempWayGroup,0x00215CA0,0x00205080,func,__text__,op_seq_hash,0.95,verified,struct match; sz_diff=0; src=prologue
CreateBridge,0x00215F18,0x0013FE18,func,__text__,fuzzy,0.95,candidate,fuzzy; sz_diff=0; src=extracted
InitWayPointSystem,0x00215FA8,0x0013D0D0,func,__text__,fuzzy,0.98,candidate,fuzzy; sz_diff=4; src=extracted
CreateWayGroup,0x00216020,0x00205400,func,__text__,op_seq_hash,0.95,verified,struct match; sz_diff=0; src=prologue
DeleteWayGroup,0x002160B8,0x00205498,func,__text__,op_seq_hash,0.95,verified,struct match; sz_diff=0; src=prologue
CloseWayGroup,0x00216138,0x00205518,func,__text__,op_seq_hash,0.95,verified,struct match; sz_diff=0; src=prologue
CreateWayPoint,0x00216168,0x00205548,func,__text__,op_seq_hash,0.95,verified,struct match; sz_diff=0; src=prologue
AddWayPoint,0x002161E0,0x001685E0,func,__text__,fuzzy,0.85,candidate,fuzzy; sz_diff=0; src=extracted
AddWayPointTop,0x00216248,0x001BA668,func,__text__,fuzzy,0.98,candidate,fuzzy; sz_diff=4; src=extracted
InsertWayPointAfter,0x00216290,0x00205670,func,__text__,op_seq_hash,0.95,verified,struct match; sz_diff=0; src=prologue
DeleteWayPoint,0x002162C8,0x002056A8,func,__text__,op_seq_hash,0.95,verified,struct match; sz_diff=0; src=prologue
WayGroup_begin,0x002163A8,0x00102644,func,__text__,fuzzy,1.00,candidate,fuzzy; sz_diff=0; src=extracted
WayGroup_next,0x002163E8,0x002057C8,func,__text__,op_seq_hash,0.95,verified,struct match; sz_diff=0; src=prologue
WayBridge_begin,0x00216428,0x00205808,func,__text__,op_seq_hash,0.95,verified,struct match; sz_diff=0; src=prologue
WayBridge_next,0x00216480,0x00205860,func,__text__,op_seq_hash,0.95,verified,struct match; sz_diff=0; src=prologue
WayBridgeAll_begin,0x002164D8,0x002058B8,func,__text__,op_seq_hash,0.95,verified,struct match; sz_diff=0; src=prologue
WayBridgeAll_next,0x00216520,0x00205900,func,__text__,op_seq_hash,0.95,verified,struct match; sz_diff=0; src=prologue
WayBridgeVar_begin,0x00216568,0x00205808,func,__text__,op_seq_hash,0.95,verified,struct match; sz_diff=0; src=prologue
WayBridgeVar_next,0x002165C0,0x00205860,func,__text__,op_seq_hash,0.95,verified,struct match; sz_diff=0; src=prologue
WayPoint_begin,0x00216618,0x002059F8,func,__text__,op_seq_hash,0.95,verified,struct match; sz_diff=0; src=prologue
WayPoint_next,0x00216658,0x002057C8,func,__text__,op_seq_hash,0.95,verified,struct match; sz_diff=0; src=prologue
WayPointList_begin,0x00216698,0x0015F228,func,__text__,op_seq_hash,0.95,verified,struct match; sz_diff=0; src=prologue
WayPointList_next,0x002166B8,0x002166B8,func,__text__,same_va,0.85,verified,same VA; USA size=8; src=extracted
waypoint_bidirectional_list,0x002166F8,0x00205AD8,func,__text__,op_seq_hash,0.95,verified,struct match; sz_diff=0; src=prologue
SetWayGroupActive,0x00216750,0x0015F228,func,__text__,op_seq_hash,0.95,verified,struct match; sz_diff=0; src=prologue
CheckWayGroupActive,0x00216770,0x00205B50,func,__text__,op_seq_hash,0.95,verified,struct match; sz_diff=0; src=prologue
group_create,0x00216790,0x0010184C,func,__text__,fuzzy,0.98,candidate,fuzzy; sz_diff=8; src=extracted
wayTool_group_select,0x002168F0,0x00205CD0,func,__text__,op_seq_hash,0.95,verified,struct match; sz_diff=0; src=prologue
point_delete,0x00216C08,0x0013FC00,func,__text__,fuzzy,0.78,candidate,fuzzy; sz_diff=4; src=extracted
point_insert,0x00216D08,0x00164070,func,__text__,fuzzy,0.70,candidate,fuzzy; sz_diff=0; src=extracted
quick_load_wpfile,0x00216E28,0x00206208,func,__text__,op_seq_hash,0.95,verified,struct match; sz_diff=0; src=prologue
ExtractWayData,0x00216F48,0x00206328,func,__text__,raw_sha1,1.00,verified,exact; src=prologue
wp_print_out,0x00217188,0x00206568,func,__text__,op_seq_hash,0.95,verified,struct match; sz_diff=0; src=prologue
draw_way_group,0x00217498,0x00206878,func,__text__,op_seq_hash,0.95,verified,struct match; sz_diff=0; src=prologue
way_toolDL,0x002176B0,0x00206A90,func,__text__,op_seq_hash,0.95,verified,struct match; sz_diff=0; src=prologue
debug_WayTool,0x00217938,0x00206D18,func,__text__,op_seq_hash,0.95,verified,struct match; sz_diff=0; src=prologue
play_way,0x00217B58,0x00140048,func,__text__,fuzzy,0.85,candidate,fuzzy; sz_diff=0; src=extracted
point_nige,0x00217C38,0x0013FD78,func,__text__,fuzzy,0.90,candidate,fuzzy; sz_diff=0; src=extracted
quick_save_wpfile,0x00217CD0,0x002070B0,func,__text__,op_seq_hash,0.95,verified,struct match; sz_diff=0; src=prologue
cursor_control,0x00217D88,0x00207168,func,__text__,op_seq_hash,0.95,verified,struct match; sz_diff=0; src=prologue
actDejaChk,0x00217E08,0x002071E8,func,__text__,op_seq_hash,0.95,verified,struct match; sz_diff=0; src=prologue
actDejaDemo,0x00217F68,,func,__text__,unmatched,0.00,unmatched,no match; PAL size=1052; src=extracted
actDejaAfter,0x00218388,0x00207768,func,__text__,op_seq_hash,0.95,verified,struct match; sz_diff=0; src=prologue
actDejaAfterChk,0x002184D8,0x00107B28,func,__text__,fuzzy,1.00,candidate,fuzzy; sz_diff=0; src=prologue
actDeja,0x00218600,0x002079D8,func,__text__,op_seq_hash,0.95,verified,struct match; sz_diff=0; src=prologue
actEnemySleep,0x002186B0,0x00207A88,func,__text__,op_seq_hash,0.95,verified,struct match; sz_diff=0; src=prologue
actE3WarningChk,0x002186D8,0x00207AB0,func,__text__,op_seq_hash,0.95,verified,struct match; sz_diff=0; src=prologue
actE3Title,0x00218870,0x00207C48,func,__text__,op_seq_hash,0.95,verified,struct match; sz_diff=0; src=prologue
actE3TitleChk,0x00218A28,0x00207DF0,func,__text__,op_seq_hash,0.95,verified,struct match; sz_diff=0; src=prologue
actE3TitleFrameChk,0x00218B20,0x001033A0,func,__text__,fuzzy,1.00,candidate,fuzzy; sz_diff=0; src=prologue
actE3Inst1Chk,0x00218E50,0x00218E50,func,__text__,same_va,0.85,verified,same VA; USA size=8; src=prologue
actE3Capsule,0x00219058,0x00208228,func,__text__,op_seq_hash,0.95,verified,struct match; sz_diff=0; src=prologue
actE3CapsuleDemoCancel,0x002191E0,0x002083B0,func,__text__,op_seq_hash,0.95,verified,struct match; sz_diff=0; src=prologue
actE3CapsuleDemo,0x00219388,0x00208550,func,__text__,op_seq_hash,0.95,verified,struct match; sz_diff=0; src=prologue
actE3St13cInit,0x00219590,0x00208740,func,__text__,op_seq_hash,0.95,verified,struct match; sz_diff=0; src=prologue
actE3CageFall,0x002195D0,0x00208780,func,__text__,op_seq_hash,0.95,verified,struct match; sz_diff=0; src=prologue
actE3CageFallChk,0x002196D0,0x001260F0,func,__text__,fuzzy,1.00,candidate,fuzzy; sz_diff=0; src=prologue
actE3CageFallDemo,0x00219840,0x00219840,func,__text__,same_va,0.85,verified,same VA; USA size=336; src=prologue
actE3CageFallEffect,0x00219BE0,,func,__text__,unmatched,0.00,unmatched,no match; PAL size=960; src=extracted
actE3St09aSekizo,0x00219FA0,0x00100D68,func,__text__,fuzzy,1.00,candidate,fuzzy; sz_diff=0; src=prologue
actE3St09aSekizoChk,0x0021A0A0,0x00209190,func,__text__,op_seq_hash,0.95,verified,struct match; sz_diff=0; src=prologue
actE3GateChk,0x0021A350,0x00209440,func,__text__,op_seq_hash,0.95,verified,struct match; sz_diff=0; src=prologue
actE3GateDemo,0x0021A4C8,0x002095B8,func,__text__,op_seq_hash,0.95,verified,struct match; sz_diff=0; src=prologue
actE3GateJimaku,0x0021A820,0x001803A8,func,__text__,op_seq_hash,0.95,verified,struct match; sz_diff=0; src=prologue
actE3St01bInit,0x0021A9C8,0x00209AB0,func,__text__,op_seq_hash,0.95,verified,struct match; sz_diff=0; src=prologue
actE3St09aBrgDown,0x0021A9D8,0x00104240,func,__text__,fuzzy,1.00,candidate,fuzzy; sz_diff=0; src=prologue
actE3Warning,0x0021AAF8,0x001009E0,func,__text__,fuzzy,1.00,candidate,fuzzy; sz_diff=0; src=prologue
actE3Inst1,0x0021AB78,0x00209B78,func,__text__,op_seq_hash,0.95,verified,struct match; sz_diff=0; src=prologue
actE3Door,0x0021AC30,0x00209C30,func,__text__,op_seq_hash,0.95,verified,struct match; sz_diff=0; src=prologue
actE3CageFallReady,0x0021ACC8,0x00209CC8,func,__text__,op_seq_hash,0.95,verified,struct match; sz_diff=0; src=prologue
actE3St13cIntro,0x0021AD40,0x00209CC8,func,__text__,op_seq_hash,0.95,verified,struct match; sz_diff=0; src=prologue
actE3St13cGene1,0x0021ADB8,0x00209DD0,func,__text__,op_seq_hash,0.95,verified,struct match; sz_diff=0; src=prologue
actE3St13cGene2,0x0021AE70,0x00209E88,func,__text__,op_seq_hash,0.95,verified,struct match; sz_diff=0; src=prologue
actE3Floor,0x0021AF10,0x00203EE8,func,__text__,op_seq_hash,0.95,verified,struct match; sz_diff=0; src=prologue
actE3St01bEne,0x0021AF40,0x00209CC8,func,__text__,op_seq_hash,0.95,verified,struct match; sz_diff=0; src=prologue
actE3St01bGene1,0x0021AFB8,0x00209DD0,func,__text__,op_seq_hash,0.95,verified,struct match; sz_diff=0; src=prologue
actE3St01bGene2,0x0021B070,0x0020A0A0,func,__text__,op_seq_hash,0.95,verified,struct match; sz_diff=0; src=prologue
actE3St01bGene3,0x0021B120,0x0020A0A0,func,__text__,op_seq_hash,0.95,verified,struct match; sz_diff=0; src=prologue
actE3St09aBrg,0x0021B1D0,0x00209C30,func,__text__,op_seq_hash,0.95,verified,struct match; sz_diff=0; src=prologue
actE3Gate,0x0021B268,0x0020A200,func,__text__,op_seq_hash,0.95,verified,struct match; sz_diff=0; src=prologue
actE3CapsuleChk,0x0021B338,0x0020A2D0,func,__text__,op_seq_hash,0.95,verified,struct match; sz_diff=0; src=prologue
actE3CapsuleDemoEnd,0x0021B3C8,0x0020A360,func,__text__,op_seq_hash,0.95,verified,struct match; sz_diff=0; src=prologue
actE3DoorMain,0x0021B498,0x0020A430,func,__text__,op_seq_hash,0.95,verified,struct match; sz_diff=0; src=prologue
actE3DoorSwitch,0x0021B4D0,0x0020A468,func,__text__,op_seq_hash,0.95,verified,struct match; sz_diff=0; src=prologue
actE3DoorUp,0x0021B528,0x0020A4C0,func,__text__,op_seq_hash,0.95,verified,struct match; sz_diff=0; src=prologue
actE3St13cIntroChk,0x0021B5E0,0x0020A578,func,__text__,op_seq_hash,0.95,verified,struct match; sz_diff=0; src=prologue
actE3CageFallReadyChk,0x0021B660,0x0020A5F8,func,__text__,op_seq_hash,0.95,verified,struct match; sz_diff=0; src=prologue
actE3St01bEneChk,0x0021B6D0,0x0020A668,func,__text__,op_seq_hash,0.95,verified,struct match; sz_diff=0; src=prologue
actE3St09aGirlWay,0x0021B788,0x0026B018,func,__text__,fuzzy,0.80,candidate,fuzzy; sz_diff=0; src=extracted
actE3St09aBrgMain,0x0021B818,0x00212AC8,func,__text__,op_seq_hash,0.95,verified,struct match; sz_diff=0; src=prologue
actE3St09aBrgSwitch,0x0021B848,0x0020A468,func,__text__,op_seq_hash,0.95,verified,struct match; sz_diff=0; src=prologue
actEndDemo01,0x0021B8A0,0x00108E60,func,__text__,fuzzy,1.00,candidate,fuzzy; sz_diff=0; src=prologue
actConte14_1,0x0021B9D0,0x0020A8C0,func,__text__,op_seq_hash,0.95,verified,struct match; sz_diff=0; src=prologue
actEndDemo02,0x0021BC80,0x0020AB70,func,__text__,op_seq_hash,0.95,verified,struct match; sz_diff=0; src=prologue
actConte14_2,0x0021BDC0,0x0020A8C0,func,__text__,op_seq_hash,0.95,verified,struct match; sz_diff=0; src=prologue
actEndDemo06,0x0021C000,0x001260F0,func,__text__,fuzzy,1.00,candidate,fuzzy; sz_diff=0; src=prologue
actConte14_6,0x0021C170,0x0020B028,func,__text__,op_seq_hash,0.95,verified,struct match; sz_diff=0; src=prologue
actEndDemo07,0x0021C280,0x0020B138,func,__text__,op_seq_hash,0.95,verified,struct match; sz_diff=0; src=prologue
actConte14_7,0x0021C370,0x0020B228,func,__text__,op_seq_hash,0.95,verified,struct match; sz_diff=0; src=prologue
actEndDemo10,0x0021C540,0x001034B8,func,__text__,fuzzy,1.00,candidate,fuzzy; sz_diff=0; src=prologue
actConte14_10,0x0021C630,0x002089B0,func,__text__,fuzzy,1.00,candidate,fuzzy; sz_diff=0; src=prologue
actConte14_13,0x0021C940,0x0020A8C0,func,__text__,op_seq_hash,0.95,verified,struct match; sz_diff=0; src=prologue
actStaff1,0x0021CA40,0x00106570,func,__text__,fuzzy,1.00,candidate,fuzzy; sz_diff=0; src=prologue
actStaff1Demo,0x0021CB28,0x0023DB80,func,__text__,fuzzy,1.00,candidate,fuzzy; sz_diff=0; src=prologue
actStaff2Demo,0x0021CE58,0x0020BBF0,func,__text__,op_seq_hash,0.95,verified,struct match; sz_diff=0; src=prologue
actStaff3Demo,0x0021D1F0,0x002089B0,func,__text__,fuzzy,1.00,candidate,fuzzy; sz_diff=0; src=prologue
actEndDemo14,0x0021D500,0x00108E60,func,__text__,fuzzy,1.00,candidate,fuzzy; sz_diff=0; src=prologue
actConte14_14,0x0021D630,0x0020C3A0,func,__text__,op_seq_hash,0.95,verified,struct match; sz_diff=0; src=prologue
actSt27aEnd,0x0021D858,0x0010CEA4,func,__text__,fuzzy,1.00,candidate,fuzzy; sz_diff=0; src=prologue
actSt27aEndChk,0x0021D940,0x00113B68,func,__text__,fuzzy,1.00,candidate,fuzzy; sz_diff=0; src=prologue
actSt27aEndDemo,0x0021DAD8,0x001116A8,func,__text__,fuzzy,1.00,candidate,fuzzy; sz_diff=0; src=prologue
actEndLogoChk,0x0021DE18,0x001048C8,func,__text__,fuzzy,1.00,candidate,fuzzy; sz_diff=0; src=prologue
actEndDemo03,0x0021DFD0,0x00100C90,func,__text__,fuzzy,1.00,candidate,fuzzy; sz_diff=0; src=prologue
actEndDemo04,0x0021E0A8,0x0020C868,func,__text__,op_seq_hash,0.95,verified,struct match; sz_diff=0; src=prologue
actEndDemo05,0x0021E150,0x0020C9B8,func,__text__,op_seq_hash,0.95,verified,struct match; sz_diff=0; src=prologue
actEndDemo11,0x0021E1C8,0x0020CA30,func,__text__,op_seq_hash,0.95,verified,struct match; sz_diff=0; src=prologue
actEndDemo12,0x0021E250,0x0020CAB8,func,__text__,op_seq_hash,0.95,verified,struct match; sz_diff=0; src=prologue
actEndDemo13,0x0021E2D8,0x0020CB40,func,__text__,op_seq_hash,0.95,verified,struct match; sz_diff=0; src=prologue
actStaff2,0x0021E378,0x00106B80,func,__text__,fuzzy,1.00,candidate,fuzzy; sz_diff=0; src=prologue
actStaff3,0x0021E438,0x001029E4,func,__text__,fuzzy,1.00,candidate,fuzzy; sz_diff=0; src=prologue
actEndLogo,0x0021E4F0,0x001806B8,func,__text__,op_seq_hash,0.95,verified,struct match; sz_diff=0; src=prologue
actEndDemo01Chk,0x0021E558,0x0020CEE0,func,__text__,op_seq_hash,0.95,verified,struct match; sz_diff=0; src=prologue
actEndDemo02Chk,0x0021E5F8,0x0020CF80,func,__text__,op_seq_hash,0.95,verified,struct match; sz_diff=0; src=prologue
actEndDemo03Chk,0x0021E680,0x0020CF80,func,__text__,op_seq_hash,0.95,verified,struct match; sz_diff=0; src=prologue
actConte14_3,0x0021E708,0x0020D090,func,__text__,op_seq_hash,0.95,verified,struct match; sz_diff=0; src=prologue
actEndDemo04Chk,0x0021E780,0x0020CF80,func,__text__,op_seq_hash,0.95,verified,struct match; sz_diff=0; src=prologue
actConte14_4,0x0021E808,0x0020D190,func,__text__,op_seq_hash,0.95,verified,struct match; sz_diff=0; src=prologue
actEndDemo05Chk,0x0021E880,0x0020D208,func,__text__,op_seq_hash,0.95,verified,struct match; sz_diff=0; src=prologue
actConte14_5,0x0021E8B0,0x0020D238,func,__text__,op_seq_hash,0.95,verified,struct match; sz_diff=0; src=prologue
actEndDemo06Chk,0x0021E930,0x0020D2F0,func,__text__,op_seq_hash,0.95,verified,struct match; sz_diff=0; src=prologue
actEndDemo07Chk,0x0021E9B8,0x00106660,func,__text__,fuzzy,1.00,candidate,fuzzy; sz_diff=0; src=prologue
actEndDemo10Chk,0x0021EA00,0x001029E4,func,__text__,fuzzy,1.00,candidate,fuzzy; sz_diff=0; src=prologue
actConte14_10_Jimaku,0x0021EAA8,0x0020D418,func,__text__,op_seq_hash,0.95,verified,struct match; sz_diff=0; src=prologue
actEndDemo11Chk,0x0021EC38,0x0020D208,func,__text__,op_seq_hash,0.95,verified,struct match; sz_diff=0; src=prologue
actConte14_11,0x0021EC68,0x0020D5D8,func,__text__,op_seq_hash,0.95,verified,struct match; sz_diff=0; src=prologue
actEndDemo12Chk,0x0021ECF0,0x0020D208,func,__text__,op_seq_hash,0.95,verified,struct match; sz_diff=0; src=prologue
actConte14_12,0x0021ED20,0x0020D690,func,__text__,op_seq_hash,0.95,verified,struct match; sz_diff=0; src=prologue
actEndDemo13Chk,0x0021EDA8,0x0020D208,func,__text__,op_seq_hash,0.95,verified,struct match; sz_diff=0; src=prologue
actStaff1Chk,0x0021EDD8,0x0020D748,func,__text__,op_seq_hash,0.95,verified,struct match; sz_diff=0; src=prologue
actStaff2Chk,0x0021EE00,0x0020D770,func,__text__,op_seq_hash,0.95,verified,struct match; sz_diff=0; src=prologue
actStaff3Chk,0x0021EE38,0x0020D370,func,__text__,op_seq_hash,0.95,verified,struct match; sz_diff=0; src=prologue
actStaff3RollChk,0x0021EED8,0x00102688,func,__text__,fuzzy,1.00,candidate,fuzzy; sz_diff=0; src=prologue
actEndDemo14Chk,0x0021EF48,0x0020D208,func,__text__,op_seq_hash,0.95,verified,struct match; sz_diff=0; src=prologue
actEndingSave,0x0021EF78,0x0010CEA4,func,__text__,fuzzy,1.00,candidate,fuzzy; sz_diff=0; src=prologue
actTitleCamera2,0x0021F060,0x0020D940,func,__text__,op_seq_hash,0.95,verified,struct match; sz_diff=0; src=prologue
actOpDemo01,0x0021F1E8,0x00152A70,func,__text__,op_seq_hash,0.95,verified,struct match; sz_diff=0; src=prologue
actTitleShortCut,0x0021F708,0x00108C98,func,__text__,fuzzy,1.00,candidate,fuzzy; sz_diff=0; src=prologue
actTitleReadTimeDemo0,0x0021F860,0x0020E108,func,__text__,op_seq_hash,0.95,verified,struct match; sz_diff=0; src=prologue
actOpDemo01_2,0x00220048,0x0020E8C8,func,__text__,op_seq_hash,0.95,verified,struct match; sz_diff=0; src=prologue
actOpDemo01_2Chk,0x00220188,0x0020EA00,func,__text__,op_seq_hash,0.95,verified,struct match; sz_diff=0; src=prologue
actOpDemo02,0x002204B8,0x0020ED30,func,__text__,op_seq_hash,0.95,verified,struct match; sz_diff=0; src=prologue
actSt24aConte01_2,0x002205C8,,func,__text__,unmatched,0.00,unmatched,no match; PAL size=944; src=extracted
actOpDemo03Chk,0x00220978,0x0020F1E0,func,__text__,op_seq_hash,0.95,verified,struct match; sz_diff=0; src=prologue
actSt13aConte01_3,0x00220AD8,,func,__text__,unmatched,0.00,unmatched,no match; PAL size=836; src=extracted
actOpDemo03,0x00220E20,0x0020F688,func,__text__,op_seq_hash,0.95,verified,struct match; sz_diff=0; src=prologue
actSubMpegReturnPreload,0x00220EB8,0x001BC130,func,__text__,fuzzy,0.93,candidate,fuzzy; sz_diff=4; src=extracted
actSt26aConte01_1_newgame,0x00220F38,0x0020F7A0,func,__text__,op_seq_hash,0.95,verified,struct match; sz_diff=0; src=prologue
actOpDemo02Chk,0x00220FC8,0x0010CEA4,func,__text__,fuzzy,1.00,candidate,fuzzy; sz_diff=0; src=prologue
actSt24aConte01_2_Jimaku,0x002210B0,0x0020F910,func,__text__,op_seq_hash,0.95,verified,struct match; sz_diff=0; src=prologue
actSt00aInit,0x00221238,0x0010882C,func,__text__,fuzzy,1.00,candidate,fuzzy; sz_diff=0; src=prologue
actSt00aEnd,0x00221308,0x0020FB00,func,__text__,op_seq_hash,0.95,verified,struct match; sz_diff=0; src=prologue
actSt00aEneChk,0x00221340,0x00221340,func,__text__,same_va,0.85,verified,same VA; USA size=296; src=prologue
actSt00aStairChk,0x00221488,0x00142E78,func,__text__,fuzzy,1.00,candidate,fuzzy; sz_diff=0; src=prologue
actSt00aDoor2,0x00221748,0x0020FE60,func,__text__,op_seq_hash,0.95,verified,struct match; sz_diff=0; src=prologue
actSt00aDoor2UpChk,0x00221850,0x0020FF68,func,__text__,op_seq_hash,0.95,verified,struct match; sz_diff=0; src=prologue
actSt00aDoor2DownChk,0x002219E8,0x00210100,func,__text__,op_seq_hash,0.95,verified,struct match; sz_diff=0; src=prologue
actSt00aDoor1,0x00221B80,0x0020FE60,func,__text__,op_seq_hash,0.95,verified,struct match; sz_diff=0; src=prologue
actSt00aDoor1UpChk,0x00221C88,0x002103A0,func,__text__,op_seq_hash,0.95,verified,struct match; sz_diff=0; src=prologue
actSt00aDoor1DownChk,0x00221E18,0x00210530,func,__text__,op_seq_hash,0.95,verified,struct match; sz_diff=0; src=prologue
actSt00aEne,0x00221FA8,0x00209CC8,func,__text__,op_seq_hash,0.95,verified,struct match; sz_diff=0; src=prologue
actSt00aEnemy1,0x00222020,0x00210738,func,__text__,op_seq_hash,0.95,verified,struct match; sz_diff=0; src=prologue
actSt00aEnemy2,0x002220C8,0x002107E0,func,__text__,op_seq_hash,0.95,verified,struct match; sz_diff=0; src=prologue
actSt00aStair,0x00222158,0x00210870,func,__text__,op_seq_hash,0.95,verified,struct match; sz_diff=0; src=prologue
actSt00aAtr2,0x002221F0,0x00209CC8,func,__text__,op_seq_hash,0.95,verified,struct match; sz_diff=0; src=prologue
actSt00aAtr2Chk,0x00222268,0x00210980,func,__text__,op_seq_hash,0.95,verified,struct match; sz_diff=0; src=prologue
actSt00aStairChkSub,0x002222C0,0x00101100,func,__text__,fuzzy,1.00,candidate,fuzzy; sz_diff=0; src=prologue
actSt00aDoor2Event,0x00222370,0x00154CB8,func,__text__,raw_sha1,1.00,verified,exact; src=prologue
actSt00aDoor2UpEffect,0x00222380,0x002109E8,func,__text__,op_seq_hash,0.95,verified,struct match; sz_diff=0; src=prologue
actSt00aDoor2DownEffect,0x00222460,0x002109E8,func,__text__,op_seq_hash,0.95,verified,struct match; sz_diff=0; src=prologue
actSt00aDoor1Event,0x00222540,0x00154CB8,func,__text__,raw_sha1,1.00,verified,exact; src=prologue
actSt00aDoor1UpEffect,0x00222550,0x002109E8,func,__text__,op_seq_hash,0.95,verified,struct match; sz_diff=0; src=prologue
actSt00aDoor1DownEffect,0x00222630,0x002109E8,func,__text__,op_seq_hash,0.95,verified,struct match; sz_diff=0; src=prologue
actSt01bInit,0x00222710,0x0010BB98,func,__text__,fuzzy,1.00,candidate,fuzzy; sz_diff=0; src=prologue
actSt01bEneChk,0x00222790,0x00210DF0,func,__text__,op_seq_hash,0.95,verified,struct match; sz_diff=0; src=prologue
actSt01bFloorChkSub,0x002228C0,0x001085BC,func,__text__,fuzzy,1.00,candidate,fuzzy; sz_diff=0; src=prologue
actSt01bFloorChk,0x00222A18,0x00113B68,func,__text__,fuzzy,1.00,candidate,fuzzy; sz_diff=0; src=prologue
actSt01bSekizo,0x00222C88,0x002110F0,func,__text__,op_seq_hash,0.95,verified,struct match; sz_diff=0; src=prologue
actSt01bEne,0x00222CF8,0x00209CC8,func,__text__,op_seq_hash,0.95,verified,struct match; sz_diff=0; src=prologue
actSt01bEnemy1,0x00222D70,0x00209DD0,func,__text__,op_seq_hash,0.95,verified,struct match; sz_diff=0; src=prologue
actSt01bEnemy2,0x00222E28,0x00211290,func,__text__,op_seq_hash,0.95,verified,struct match; sz_diff=0; src=prologue
actSt01bEnemy3,0x00222ED0,0x00211338,func,__text__,op_seq_hash,0.95,verified,struct match; sz_diff=0; src=prologue
actSt01bEnemy4,0x00222F60,0x002113C8,func,__text__,op_seq_hash,0.95,verified,struct match; sz_diff=0; src=prologue
actSt01bEnemy5,0x00222FD0,0x002113C8,func,__text__,op_seq_hash,0.95,verified,struct match; sz_diff=0; src=prologue
actSt01bEnemy6,0x00223040,0x002113C8,func,__text__,op_seq_hash,0.95,verified,struct match; sz_diff=0; src=prologue
actSt01bFloor,0x002230B0,0x00209CC8,func,__text__,op_seq_hash,0.95,verified,struct match; sz_diff=0; src=prologue
actSt01bWay,0x00223128,0x001806B8,func,__text__,op_seq_hash,0.95,verified,struct match; sz_diff=0; src=prologue
actSt01bEnd,0x00223190,0x00100108,func,__text__,raw_sha1,1.00,verified,exact; src=prologue
actSt01bSekizoEvent,0x00223198,0x00154CB8,func,__text__,raw_sha1,1.00,verified,exact; src=prologue
actSt01bFloorEvent,0x002231A8,0x00154CB8,func,__text__,raw_sha1,1.00,verified,exact; src=prologue
actSt01bWayOnChk,0x002231B8,0x00211620,func,__text__,op_seq_hash,0.95,verified,struct match; sz_diff=0; src=prologue
actSt01bWayOffChk,0x00223268,0x002116D0,func,__text__,op_seq_hash,0.95,verified,struct match; sz_diff=0; src=prologue
actSt02aInit,0x00223318,0x00211780,func,__text__,op_seq_hash,0.95,verified,struct match; sz_diff=0; src=prologue
actSt02aDoor,0x00223368,0x0020FE60,func,__text__,op_seq_hash,0.95,verified,struct match; sz_diff=0; src=prologue
actSt02aDoorUpChk,0x00223470,0x002118D8,func,__text__,op_seq_hash,0.95,verified,struct match; sz_diff=0; src=prologue
actSt02aDoorDownChk,0x002235F8,0x00211A60,func,__text__,op_seq_hash,0.95,verified,struct match; sz_diff=0; src=prologue
actSt02aFenceOpen,0x00223780,0x0010CEA4,func,__text__,fuzzy,1.00,candidate,fuzzy; sz_diff=0; src=prologue
actSt02WaterFallBoySplashCheck,0x00223930,0x00211BE8,func,__text__,op_seq_hash,0.95,verified,struct match; sz_diff=0; src=prologue
actSt02aWaterFallReflactionEffect,0x00223A60,0x00211D18,func,__text__,op_seq_hash,0.95,verified,struct match; sz_diff=0; src=prologue
actSt02aWaterFallChk,0x00223C10,0x0011F248,func,__text__,fuzzy,1.00,candidate,fuzzy; sz_diff=0; src=prologue
actSt02aGondolaUp,0x00223D60,0x00212008,func,__text__,op_seq_hash,0.95,verified,struct match; sz_diff=0; src=prologue
actSt02aGondolaDown,0x00223EC8,0x0010B7F8,func,__text__,fuzzy,1.00,candidate,fuzzy; sz_diff=0; src=prologue
actSt02aBox,0x00224028,0x00212260,func,__text__,op_seq_hash,0.95,verified,struct match; sz_diff=0; src=prologue
actSt02aGondola,0x00224110,0x00212348,func,__text__,op_seq_hash,0.95,verified,struct match; sz_diff=0; src=prologue
actSt02aFence,0x002241C0,0x00209CC8,func,__text__,op_seq_hash,0.95,verified,struct match; sz_diff=0; src=prologue
actSt02aWaterFall,0x00224238,0x00212470,func,__text__,op_seq_hash,0.95,verified,struct match; sz_diff=0; src=prologue
actSt02aBoxEvent2,0x002242D8,0x00212510,func,__text__,op_seq_hash,0.95,verified,struct match; sz_diff=0; src=prologue
actSt02aEne,0x00224328,0x00209CC8,func,__text__,op_seq_hash,0.95,verified,struct match; sz_diff=0; src=prologue
actSt02aEnemy1,0x002243A0,0x002107E0,func,__text__,op_seq_hash,0.95,verified,struct match; sz_diff=0; src=prologue
actSt02aEnemy2,0x00224430,0x00101100,func,__text__,fuzzy,1.00,candidate,fuzzy; sz_diff=0; src=prologue
actSt02aSekizo,0x002244E0,0x002126F8,func,__text__,op_seq_hash,0.95,verified,struct match; sz_diff=0; src=prologue
actSt02aWay,0x00224548,0x00212760,func,__text__,op_seq_hash,0.95,verified,struct match; sz_diff=0; src=prologue
actSt02aTakiWay,0x002245F0,0x00212808,func,__text__,op_seq_hash,0.95,verified,struct match; sz_diff=0; src=prologue
actSt02aSecretItem,0x00224668,0x00209CC8,func,__text__,op_seq_hash,0.95,verified,struct match; sz_diff=0; src=prologue
actSt02aDoorEvent,0x002246E0,0x00154CB8,func,__text__,raw_sha1,1.00,verified,exact; src=prologue
actSt02aDoorUpEffect,0x002246F0,0x002109E8,func,__text__,op_seq_hash,0.95,verified,struct match; sz_diff=0; src=prologue
actSt02aDoorDownEffect,0x002247D0,0x002109E8,func,__text__,op_seq_hash,0.95,verified,struct match; sz_diff=0; src=prologue
actSt02aFenceMain,0x002248B0,0x00212AC8,func,__text__,op_seq_hash,0.95,verified,struct match; sz_diff=0; src=prologue
actSt02aFenceSwitch,0x002248E0,0x00212AF8,func,__text__,op_seq_hash,0.95,verified,struct match; sz_diff=0; src=prologue
actSt02aFenceOpenSub,0x00224948,0x00104478,func,__text__,fuzzy,1.00,candidate,fuzzy; sz_diff=0; src=prologue
actSt02aGondolaMain,0x002249D8,0x00212AC8,func,__text__,op_seq_hash,0.95,verified,struct match; sz_diff=0; src=prologue
actSt02aGondolaSwitch,0x00224A08,0x00212C58,func,__text__,op_seq_hash,0.95,verified,struct match; sz_diff=0; src=prologue
actSt02aEneChk,0x00224AB0,0x00212D00,func,__text__,op_seq_hash,0.95,verified,struct match; sz_diff=0; src=prologue
actSt02aSekizoEvent,0x00224B18,0x00154CB8,func,__text__,raw_sha1,1.00,verified,exact; src=prologue
actSt02aWayOnChk,0x00224B28,0x00212D78,func,__text__,op_seq_hash,0.95,verified,struct match; sz_diff=0; src=prologue
actSt02aWayOffChk,0x00224C00,0x00212E50,func,__text__,op_seq_hash,0.95,verified,struct match; sz_diff=0; src=prologue
actSt02aTakiWayOnChk,0x00224CE0,0x00212F30,func,__text__,op_seq_hash,0.95,verified,struct match; sz_diff=0; src=prologue
actSt02aTakiWayOffChk,0x00224D98,0x00212FE8,func,__text__,op_seq_hash,0.95,verified,struct match; sz_diff=0; src=prologue
actSt02aSecretItemChk,0x00224E58,0x002130A8,func,__text__,op_seq_hash,0.95,verified,struct match; sz_diff=0; src=prologue
actSt03tSwitchL,0x00224EA8,0x002130F8,func,__text__,op_seq_hash,0.95,verified,struct match; sz_diff=0; src=prologue
actSt03tSwitchLChk,0x00224F90,0x00104748,func,__text__,fuzzy,1.00,candidate,fuzzy; sz_diff=0; src=prologue
actSt03tSwitchLUpChk,0x002251F0,0x002251F0,func,__text__,same_va,0.85,verified,same VA; USA size=272; src=prologue
actSt03tSwitchR,0x00225388,0x002130F8,func,__text__,op_seq_hash,0.95,verified,struct match; sz_diff=0; src=prologue
actSt03tSwitchRChk,0x00225470,0x00104748,func,__text__,fuzzy,1.00,candidate,fuzzy; sz_diff=0; src=prologue
actSt03tSwitchRUpChk,0x00225668,0x00213888,func,__text__,op_seq_hash,0.95,verified,struct match; sz_diff=0; src=prologue
actSt03tGene,0x00225800,0x00103120,func,__text__,fuzzy,1.00,candidate,fuzzy; sz_diff=0; src=prologue
actSt03tBoxA,0x002258C8,0x00213A20,func,__text__,op_seq_hash,0.95,verified,struct match; sz_diff=0; src=prologue
actSt03tBoxB,0x00225978,0x00213AD0,func,__text__,op_seq_hash,0.95,verified,struct match; sz_diff=0; src=prologue
actSt03tInit,0x00225A30,0x00213B88,func,__text__,op_seq_hash,0.95,verified,struct match; sz_diff=0; src=prologue
actSt03tGirlUp,0x00225A90,0x0021E830,func,__text__,op_seq_hash,0.95,verified,struct match; sz_diff=0; src=prologue
actSt03tGirlCam,0x00225B18,0x001806B8,func,__text__,op_seq_hash,0.95,verified,struct match; sz_diff=0; src=prologue
actSt03tSekizo,0x00225B80,0x00213C50,func,__text__,op_seq_hash,0.95,verified,struct match; sz_diff=0; src=prologue
actSt03tWay,0x00225BE8,0x00212760,func,__text__,op_seq_hash,0.95,verified,struct match; sz_diff=0; src=prologue
actSt03tEne,0x00225C90,0x00209CC8,func,__text__,op_seq_hash,0.95,verified,struct match; sz_diff=0; src=prologue
actSt03tGirlPos,0x00225D08,0x00225D08,func,__text__,same_va,0.85,verified,same VA; USA size=144; src=prologue
actSt03tHint1Sleep,0x00225D88,0x001806B8,func,__text__,op_seq_hash,0.95,verified,struct match; sz_diff=0; src=prologue
actSt03tGirlCamEvent,0x00225DF0,0x00154CB8,func,__text__,raw_sha1,1.00,verified,exact; src=prologue
actSt03tGirlCamStartChk,0x00225E00,0x00213E90,func,__text__,op_seq_hash,0.95,verified,struct match; sz_diff=0; src=prologue
actSt03tGirlCamEndChk,0x00225ED0,0x00106390,func,__text__,fuzzy,1.00,candidate,fuzzy; sz_diff=0; src=prologue
actSt03tSekizoEvent,0x00225F98,0x00154CB8,func,__text__,raw_sha1,1.00,verified,exact; src=prologue
actSt03tEneChk,0x00225FA8,0x00214040,func,__text__,op_seq_hash,0.95,verified,struct match; sz_diff=0; src=prologue
actSt03tWayOnChk,0x00226078,0x00214110,func,__text__,op_seq_hash,0.95,verified,struct match; sz_diff=0; src=prologue
actSt03tWayOffChk,0x00226130,0x002141C8,func,__text__,op_seq_hash,0.95,verified,struct match; sz_diff=0; src=prologue
actSt03tGirlPosChk,0x002261E8,0x00107DD8,func,__text__,fuzzy,1.00,candidate,fuzzy; sz_diff=0; src=prologue
actSt03tGirlUpChk,0x00226240,0x001029E4,func,__text__,fuzzy,1.00,candidate,fuzzy; sz_diff=0; src=prologue
actSt03tHint1OnChk,0x002262A8,0x00152A70,func,__text__,op_seq_hash,0.95,verified,struct match; sz_diff=0; src=prologue
actSt03tHint1OffChk,0x00226340,0x00100F18,func,__text__,fuzzy,1.00,candidate,fuzzy; sz_diff=0; src=prologue
actSt04aGate,0x002263D8,0x00103C48,func,__text__,fuzzy,1.00,candidate,fuzzy; sz_diff=0; src=prologue
actSt04aGateChk,0x002264E0,0x00100D68,func,__text__,fuzzy,1.00,candidate,fuzzy; sz_diff=0; src=prologue
actSt04aConte06,0x00226B88,0x00130454,func,__text__,fuzzy,1.00,candidate,fuzzy; sz_diff=0; src=prologue
actSt04aConte06Jimaku,0x002271E8,0x00215108,func,__text__,op_seq_hash,0.95,verified,struct match; sz_diff=0; src=prologue
actSt04aGateOpen,0x002274D0,0x00103018,func,__text__,fuzzy,1.00,candidate,fuzzy; sz_diff=0; src=prologue
actSt04aGateOpenChk,0x002275C8,0x00109978,func,__text__,fuzzy,1.00,candidate,fuzzy; sz_diff=0; src=prologue
actConte09,0x00227B20,0x0012E940,func,__text__,fuzzy,1.00,candidate,fuzzy; sz_diff=0; src=prologue
actConte09Jimaku,0x00227FB0,0x00215E38,func,__text__,op_seq_hash,0.95,verified,struct match; sz_diff=0; src=prologue
actSt04aGateOpen2Chk,0x00228158,0x00209440,func,__text__,op_seq_hash,0.95,verified,struct match; sz_diff=0; src=prologue
actConte09_2,0x002282B0,0x0012F8C8,func,__text__,fuzzy,1.00,candidate,fuzzy; sz_diff=4; src=prologue
actSt04aGateOpen3,0x00228730,0x00100008,func,__text__,fuzzy,1.00,candidate,fuzzy; sz_diff=0; src=prologue
actSt04aGateOpen3Chk,0x00228830,0x00111AE8,func,__text__,fuzzy,1.00,candidate,fuzzy; sz_diff=0; src=prologue
actConte09_3,0x00228940,0x00106778,func,__text__,fuzzy,1.00,candidate,fuzzy; sz_diff=0; src=prologue
actSt04aGateLChk,0x002292D8,0x00104818,func,__text__,fuzzy,1.00,candidate,fuzzy; sz_diff=0; src=prologue
actSt04aGateRChk,0x002294B8,0x00104240,func,__text__,fuzzy,1.00,candidate,fuzzy; sz_diff=0; src=prologue
actSt04aTorch1,0x00229710,0x001B0BB8,func,__text__,fuzzy,1.00,candidate,fuzzy; sz_diff=0; src=prologue
actSt04aTorch1Chk,0x00229A30,0x00217658,func,__text__,op_seq_hash,0.95,verified,struct match; sz_diff=0; src=prologue
actSt04aTorchAllFlagfChk,0x00229C50,0x00113068,func,__text__,fuzzy,1.00,candidate,fuzzy; sz_diff=0; src=prologue
actSt04aTorchHintChk,0x00229F38,0x0014F974,func,__text__,fuzzy,1.00,candidate,fuzzy; sz_diff=0; src=prologue
actSt04aGateL,0x0022A240,0x002179F8,func,__text__,op_seq_hash,0.95,verified,struct match; sz_diff=0; src=prologue
actSt04aGateR,0x0022A2E8,0x00217AA0,func,__text__,op_seq_hash,0.95,verified,struct match; sz_diff=0; src=prologue
actSt04aTorchXL,0x0022A390,0x00217B48,func,__text__,op_seq_hash,0.95,verified,struct match; sz_diff=0; src=prologue
actSt04aDeadCam,0x0022A3D0,0x00107F14,func,__text__,fuzzy,1.00,candidate,fuzzy; sz_diff=0; src=prologue
actSt04aGateOpen2,0x0022A4B0,0x00217B88,func,__text__,op_seq_hash,0.95,verified,struct match; sz_diff=0; src=prologue
actSt04aGateOpen2Ready,0x0022A538,0x001806B8,func,__text__,op_seq_hash,0.95,verified,struct match; sz_diff=0; src=prologue
actSt04aGirlSit,0x0022A5A0,0x001806B8,func,__text__,op_seq_hash,0.95,verified,struct match; sz_diff=0; src=prologue
actSt04aTorchHint,0x0022A608,0x00209CC8,func,__text__,op_seq_hash,0.95,verified,struct match; sz_diff=0; src=prologue
actSt04aModel,0x0022A680,0x0022A680,func,__text__,same_va,0.85,verified,same VA; USA size=148; src=prologue
actSt04aEnvSe,0x0022A6F8,0x00217DA8,func,__text__,op_seq_hash,0.95,verified,struct match; sz_diff=0; src=prologue
actSt04aEnvSeWakare1,0x0022A820,0x00217DA8,func,__text__,op_seq_hash,0.95,verified,struct match; sz_diff=0; src=prologue
finishCallBackFunc,0x0022A948,0x00217FF8,func,__text__,op_seq_hash,0.95,verified,struct match; sz_diff=0; src=prologue
actSt04aGateOpen2ReadyChk,0x0022AA18,0x002180C8,func,__text__,op_seq_hash,0.95,verified,struct match; sz_diff=0; src=prologue
actSt04aEnvSeWakare2,0x0022AAD8,0x00218188,func,__text__,op_seq_hash,0.95,verified,struct match; sz_diff=0; src=prologue
actConte09_3Jimaku,0x0022AC00,0x002182B0,func,__text__,op_seq_hash,0.95,verified,struct match; sz_diff=0; src=prologue
actConte09_3_demoCancel,0x0022AD88,0x0015E2A8,func,__text__,op_seq_hash,0.95,verified,struct match; sz_diff=0; src=prologue
actSt04aGateLSub,0x0022ADA8,0x001029E4,func,__text__,fuzzy,1.00,candidate,fuzzy; sz_diff=0; src=prologue
actSt04aGateRSub,0x0022AE10,0x001029E4,func,__text__,fuzzy,1.00,candidate,fuzzy; sz_diff=0; src=prologue
actSt04aGirlSitChk,0x0022AE78,0x00106570,func,__text__,fuzzy,1.00,candidate,fuzzy; sz_diff=0; src=prologue
actSt04aModelOnChk,0x0022AF58,0x00101030,func,__text__,fuzzy,1.00,candidate,fuzzy; sz_diff=0; src=prologue
actSt04aModelOffChk,0x0022AFF0,0x00100F18,func,__text__,fuzzy,1.00,candidate,fuzzy; sz_diff=0; src=prologue
actSt04bEnd,0x0022B088,0x00218518,func,__text__,op_seq_hash,0.95,verified,struct match; sz_diff=0; src=prologue
actSt04bSekizoChk,0x0022B0D0,0x00218560,func,__text__,op_seq_hash,0.95,verified,struct match; sz_diff=0; src=prologue
actSt04bEne1Chk,0x0022B408,0x0022B408,func,__text__,same_va,0.85,verified,same VA; USA size=112; src=prologue
actSt04bCrest01XL,0x0022B500,0x00218950,func,__text__,op_seq_hash,0.95,verified,struct match; sz_diff=0; src=prologue
actSt04bDoorXL,0x0022B590,0x00217B48,func,__text__,op_seq_hash,0.95,verified,struct match; sz_diff=0; src=prologue
actSt04bMonyoDoorXL,0x0022B5D0,0x00218A20,func,__text__,op_seq_hash,0.95,verified,struct match; sz_diff=0; src=prologue
actSt04bSekizo,0x0022B630,0x00218A80,func,__text__,op_seq_hash,0.95,verified,struct match; sz_diff=0; src=prologue
actSt04bEne1,0x0022B6F0,0x00209CC8,func,__text__,op_seq_hash,0.95,verified,struct match; sz_diff=0; src=prologue
actSt04bEnemy1,0x0022B768,0x00218BB8,func,__text__,op_seq_hash,0.95,verified,struct match; sz_diff=0; src=prologue
actSt04bEnemy2,0x0022B808,0x00218BB8,func,__text__,op_seq_hash,0.95,verified,struct match; sz_diff=0; src=prologue
actSt04bBallXL,0x0022B8A8,0x00218CF8,func,__text__,op_seq_hash,0.95,verified,struct match; sz_diff=0; src=prologue
actSt04bSolarXL,0x0022B910,0x00218D60,func,__text__,op_seq_hash,0.95,verified,struct match; sz_diff=0; src=prologue
actSt04bSekizoEvent,0x0022B970,0x00154CB8,func,__text__,raw_sha1,1.00,verified,exact; src=prologue
actSt04bGirlWay,0x0022B980,0x00102870,func,__text__,fuzzy,1.00,candidate,fuzzy; sz_diff=0; src=prologue
actSt04cEnd,0x0022BA00,0x0020FB00,func,__text__,op_seq_hash,0.95,verified,struct match; sz_diff=0; src=prologue
actSt04cDoorDownChk,0x0022BA38,0x00218E90,func,__text__,op_seq_hash,0.95,verified,struct match; sz_diff=0; src=prologue
actSt04cIntroChk,0x0022BB40,0x00131ED8,func,__text__,fuzzy,1.00,candidate,fuzzy; sz_diff=0; src=prologue
actSt04lDoorChk,0x0022BCA0,0x0022BCA0,func,__text__,same_va,0.85,verified,same VA; USA size=8; src=prologue
actSt04cSolarXL,0x0022BED8,0x00219100,func,__text__,op_seq_hash,0.95,verified,struct match; sz_diff=0; src=prologue
actSt04lDoor,0x0022BF28,0x00104818,func,__text__,fuzzy,1.00,candidate,fuzzy; sz_diff=0; src=prologue
actSt04cIntro,0x0022BFD8,0x00209CC8,func,__text__,op_seq_hash,0.95,verified,struct match; sz_diff=0; src=prologue
actSt04cDoorDown,0x0022C050,0x00219270,func,__text__,op_seq_hash,0.95,verified,struct match; sz_diff=0; src=prologue
actSt04cEne,0x0022C0C0,0x00209CC8,func,__text__,op_seq_hash,0.95,verified,struct match; sz_diff=0; src=prologue
actSt04cEnemy1,0x0022C138,0x002107E0,func,__text__,op_seq_hash,0.95,verified,struct match; sz_diff=0; src=prologue
actSt04cEnemy2,0x0022C1C8,0x002107E0,func,__text__,op_seq_hash,0.95,verified,struct match; sz_diff=0; src=prologue
actSt04cWaterXL,0x0022C258,0x00219478,func,__text__,op_seq_hash,0.95,verified,struct match; sz_diff=0; src=prologue
actSt04cDoorDownEvent,0x0022C2A8,0x00154CB8,func,__text__,raw_sha1,1.00,verified,exact; src=prologue
actSt04cDoorDownEffect,0x0022C2B8,0x002194D8,func,__text__,op_seq_hash,0.95,verified,struct match; sz_diff=0; src=prologue
actSt04cEneChk,0x0022C3D0,0x002195F0,func,__text__,op_seq_hash,0.95,verified,struct match; sz_diff=0; src=prologue
actSt04cIntroChkSub,0x0022C440,0x00104698,func,__text__,fuzzy,1.00,candidate,fuzzy; sz_diff=0; src=prologue
actSt04lDoorEvent,0x0022C498,0x00154CB8,func,__text__,raw_sha1,1.00,verified,exact; src=prologue
actSt04dDoor1,0x0022C4A8,0x00219738,func,__text__,op_seq_hash,0.95,verified,struct match; sz_diff=0; src=prologue
actSt04dDoor1UpChk,0x0022C5B0,0x00219840,func,__text__,op_seq_hash,0.95,verified,struct match; sz_diff=0; src=prologue
actSt04dDoor1DownChk,0x0022C708,0x00219998,func,__text__,op_seq_hash,0.95,verified,struct match; sz_diff=0; src=prologue
actSt04dDoor2,0x0022C860,0x00219738,func,__text__,op_seq_hash,0.95,verified,struct match; sz_diff=0; src=prologue
actSt04dDoor2UpChk,0x0022C968,0x00219840,func,__text__,op_seq_hash,0.95,verified,struct match; sz_diff=0; src=prologue
actSt04dDoor2DownChk,0x0022CAC0,0x00219998,func,__text__,op_seq_hash,0.95,verified,struct match; sz_diff=0; src=prologue
actSt04dDoor1Event,0x0022CC18,0x00154CB8,func,__text__,raw_sha1,1.00,verified,exact; src=prologue
actSt04dDoor1UpEffect,0x0022CC28,0x002109E8,func,__text__,op_seq_hash,0.95,verified,struct match; sz_diff=0; src=prologue
actSt04dDoor1DownEffect,0x0022CD08,0x002109E8,func,__text__,op_seq_hash,0.95,verified,struct match; sz_diff=0; src=prologue
actSt04dDoor2Event,0x0022CDE8,0x00154CB8,func,__text__,raw_sha1,1.00,verified,exact; src=prologue
actSt04dDoor2UpEffect,0x0022CDF8,0x002109E8,func,__text__,op_seq_hash,0.95,verified,struct match; sz_diff=0; src=prologue
actSt04dDoor2DownEffect,0x0022CED8,0x002109E8,func,__text__,op_seq_hash,0.95,verified,struct match; sz_diff=0; src=prologue
actSt04eWaterStop,0x0022CFB8,0x001009A0,func,__text__,fuzzy,1.00,candidate,fuzzy; sz_diff=0; src=prologue
actSt04eHint1,0x0022D128,0x0021E830,func,__text__,op_seq_hash,0.95,verified,struct match; sz_diff=0; src=prologue
actSt04eHint1WakeUp,0x0022D1B0,0x00102870,func,__text__,fuzzy,1.00,candidate,fuzzy; sz_diff=0; src=prologue
actSt04eFuchi1,0x0022D230,0x00209C30,func,__text__,op_seq_hash,0.95,verified,struct match; sz_diff=0; src=prologue
actSt04eFuchi2,0x0022D2C8,0x00209C30,func,__text__,op_seq_hash,0.95,verified,struct match; sz_diff=0; src=prologue
actSt04eFuchi3,0x0022D360,0x00209C30,func,__text__,op_seq_hash,0.95,verified,struct match; sz_diff=0; src=prologue
actSt04eSe,0x0022D3F8,0x001806B8,func,__text__,op_seq_hash,0.95,verified,struct match; sz_diff=0; src=prologue
actSt04eWater,0x0022D460,0x0021A248,func,__text__,op_seq_hash,0.95,verified,struct match; sz_diff=0; src=prologue
actSt04eWaterMain,0x0022D520,0x00212AC8,func,__text__,op_seq_hash,0.95,verified,struct match; sz_diff=0; src=prologue
actSt04eWaterSwitch,0x0022D550,0x0020A468,func,__text__,op_seq_hash,0.95,verified,struct match; sz_diff=0; src=prologue
actSt04eWaterFlagOn,0x0022D5A8,0x00133608,func,__text__,fuzzy,0.82,candidate,fuzzy; sz_diff=8; src=extracted
actSt04eWaterStopSub,0x0022D660,0x00100FB0,func,__text__,fuzzy,1.00,candidate,fuzzy; sz_diff=0; src=prologue
actSt04eHint1Chk,0x0022D6E0,0x00103AD0,func,__text__,fuzzy,1.00,candidate,fuzzy; sz_diff=0; src=prologue
actSt04eFuchi1Chk,0x0022D758,0x00102870,func,__text__,fuzzy,1.00,candidate,fuzzy; sz_diff=0; src=prologue
actSt04eFuchi2Chk,0x0022D830,0x00102870,func,__text__,fuzzy,1.00,candidate,fuzzy; sz_diff=0; src=prologue
actst04eFuchi3Chk,0x0022D908,0x00102870,func,__text__,fuzzy,1.00,candidate,fuzzy; sz_diff=0; src=prologue
actSt04eSeChk,0x0022D9E0,0x00111AE8,func,__text__,fuzzy,1.00,candidate,fuzzy; sz_diff=0; src=prologue
actSt04eHint1WakeUpChk,0x0022DAE8,0x00102340,func,__text__,fuzzy,1.00,candidate,fuzzy; sz_diff=0; src=prologue
actSt04cInit,0x0022DB38,0x0021A4D0,func,__text__,op_seq_hash,0.95,verified,struct match; sz_diff=0; src=prologue
actSt04dInit,0x0022DD20,0x001CCAC0,func,__text__,fuzzy,1.00,candidate,fuzzy; sz_diff=0; src=prologue
actSt04eInit,0x0022DFF0,0x0021A980,func,__text__,op_seq_hash,0.95,verified,struct match; sz_diff=0; src=prologue
actSt04lBallTurnCommonSub,0x0022E088,0x001034B8,func,__text__,fuzzy,1.00,candidate,fuzzy; sz_diff=0; src=prologue
actSt04lBallTurnCommon,0x0022E178,0x001009E0,func,__text__,fuzzy,1.00,candidate,fuzzy; sz_diff=0; src=prologue
turnBall,0x0022E320,0x00107DD8,func,__text__,fuzzy,1.00,candidate,fuzzy; sz_diff=0; src=prologue
actSt04lCrest02,0x0022E370,0x0021AD40,func,__text__,op_seq_hash,0.95,verified,struct match; sz_diff=0; src=prologue
actSt04lCrestSub,0x0022E450,0x00108C98,func,__text__,fuzzy,1.00,candidate,fuzzy; sz_diff=0; src=prologue
actSt04lCrestMain,0x0022E558,0x00109580,func,__text__,fuzzy,1.00,candidate,fuzzy; sz_diff=0; src=prologue
actSt04lCrest2Sub,0x0022E778,0x001141A0,func,__text__,fuzzy,1.00,candidate,fuzzy; sz_diff=0; src=prologue
actSt04lCrest2Main,0x0022E898,0x001C74CC,func,__text__,fuzzy,1.00,candidate,fuzzy; sz_diff=0; src=prologue
actSt04lCrest3Sub,0x0022EAE8,0x0010CEA4,func,__text__,fuzzy,1.00,candidate,fuzzy; sz_diff=0; src=prologue
actSt04lCrest3Main,0x0022EBD0,0x00102A40,func,__text__,fuzzy,1.00,candidate,fuzzy; sz_diff=0; src=prologue
actSt04eSolarBeamChk,0x0022EDA0,0x00102564,func,__text__,fuzzy,1.00,candidate,fuzzy; sz_diff=0; src=prologue
actSt04lStairSub,0x0022EF58,0x001029E4,func,__text__,fuzzy,1.00,candidate,fuzzy; sz_diff=0; src=prologue
actSt04lStairChk,0x0022F198,0x001123C0,func,__text__,fuzzy,1.00,candidate,fuzzy; sz_diff=0; src=prologue
actSt04lRope1Chk,0x0022F478,0x0021B750,func,__text__,op_seq_hash,0.95,verified,struct match; sz_diff=0; src=prologue
actSt04lRope2Chk,0x0022F5B8,0x0021B750,func,__text__,op_seq_hash,0.95,verified,struct match; sz_diff=0; src=prologue
actSt04lRope3Chk,0x0022F6F8,0x0021B750,func,__text__,op_seq_hash,0.95,verified,struct match; sz_diff=0; src=prologue
actSt04lRope4Chk,0x0022F838,0x0021B750,func,__text__,op_seq_hash,0.95,verified,struct match; sz_diff=0; src=prologue
actSt04lSekizoChk,0x0022F978,0x0021BEB0,func,__text__,op_seq_hash,0.95,verified,struct match; sz_diff=0; src=prologue
actSt04lGondolaChk,0x0022FC60,0x00216A30,func,__text__,fuzzy,1.00,candidate,fuzzy; sz_diff=0; src=prologue
actSt04lMonyou01Chk,0x0022FFD0,0x00109488,func,__text__,fuzzy,1.00,candidate,fuzzy; sz_diff=0; src=prologue
actSt04lMonyou02Chk,0x00230130,0x0021C4C8,func,__text__,op_seq_hash,0.95,verified,struct match; sz_diff=0; src=prologue
actSt04lMonyou03Chk,0x00230288,0x0021C4C8,func,__text__,op_seq_hash,0.95,verified,struct match; sz_diff=0; src=prologue
actSt04lMonyou04Chk,0x002303E0,0x0021C4C8,func,__text__,op_seq_hash,0.95,verified,struct match; sz_diff=0; src=prologue
actSt04lMonyou05Chk,0x00230538,0x0021C4C8,func,__text__,op_seq_hash,0.95,verified,struct match; sz_diff=0; src=prologue
actSt04lMonyou06Chk,0x00230690,0x0021C4C8,func,__text__,op_seq_hash,0.95,verified,struct match; sz_diff=0; src=prologue
actSt04lMonyou07Chk,0x002307E8,0x0021C4C8,func,__text__,op_seq_hash,0.95,verified,struct match; sz_diff=0; src=prologue
actSt04lOriSub,0x00230940,0x00108C98,func,__text__,fuzzy,1.00,candidate,fuzzy; sz_diff=0; src=prologue
actSt04lOriChk,0x00230A48,0x001009A0,func,__text__,fuzzy,1.00,candidate,fuzzy; sz_diff=0; src=prologue
actSt04lOriRopeCutRChk,0x00230C60,0x00113C9C,func,__text__,fuzzy,1.00,candidate,fuzzy; sz_diff=0; src=prologue
actSt04lOriRopeCutLChk,0x00230E20,0x00113C9C,func,__text__,fuzzy,1.00,candidate,fuzzy; sz_diff=0; src=prologue
actSt04lOri2,0x00230FE0,0x0010CEA4,func,__text__,fuzzy,1.00,candidate,fuzzy; sz_diff=0; src=prologue
actSt04lOri2Sub,0x002310C8,0x00103018,func,__text__,fuzzy,1.00,candidate,fuzzy; sz_diff=0; src=prologue
actSt04lOri2Chk,0x002311C0,0x002311C0,func,__text__,same_va,0.85,verified,same VA; USA size=8; src=prologue
actSt04lCrest01,0x00231380,0x0021D560,func,__text__,op_seq_hash,0.95,verified,struct match; sz_diff=0; src=prologue
actSt04lCrest03,0x00231420,0x00209C30,func,__text__,op_seq_hash,0.95,verified,struct match; sz_diff=0; src=prologue
actSt04lC1Ball,0x002314B8,0x0021D698,func,__text__,op_seq_hash,0.95,verified,struct match; sz_diff=0; src=prologue
actSt04lC2Ball,0x00231570,0x0021D698,func,__text__,op_seq_hash,0.95,verified,struct match; sz_diff=0; src=prologue
actSt04lC3Ball,0x00231628,0x0021D698,func,__text__,op_seq_hash,0.95,verified,struct match; sz_diff=0; src=prologue
actSt04lStair,0x002316E0,0x0021D8C0,func,__text__,op_seq_hash,0.95,verified,struct match; sz_diff=0; src=prologue
actSt04lBrg1,0x00231780,0x00209CC8,func,__text__,op_seq_hash,0.95,verified,struct match; sz_diff=0; src=prologue
actSt04lBrg2,0x002317F8,0x00102870,func,__text__,fuzzy,1.00,candidate,fuzzy; sz_diff=0; src=prologue
actSt04lBrg1Way,0x00231878,0x00209CC8,func,__text__,op_seq_hash,0.95,verified,struct match; sz_diff=0; src=prologue
actSt04lBrg2Way,0x002318F0,0x00209CC8,func,__text__,op_seq_hash,0.95,verified,struct match; sz_diff=0; src=prologue
actSt04lRope1,0x00231968,0x00219150,func,__text__,op_seq_hash,0.95,verified,struct match; sz_diff=0; src=prologue
actSt04lRope2,0x00231A10,0x00219150,func,__text__,op_seq_hash,0.95,verified,struct match; sz_diff=0; src=prologue
actSt04lRope3,0x00231AB8,0x00219150,func,__text__,op_seq_hash,0.95,verified,struct match; sz_diff=0; src=prologue
actSt04lRope4,0x00231B60,0x00219150,func,__text__,op_seq_hash,0.95,verified,struct match; sz_diff=0; src=prologue
actSt04lSekizo,0x00231C08,0x00209C30,func,__text__,op_seq_hash,0.95,verified,struct match; sz_diff=0; src=prologue
actSt04lTuri,0x00231CA0,0x0021DE78,func,__text__,op_seq_hash,0.95,verified,struct match; sz_diff=0; src=prologue
actSt04lOri,0x00231D40,0x0021DF18,func,__text__,op_seq_hash,0.95,verified,struct match; sz_diff=0; src=prologue
actSt04lOriRopeCutR,0x00231DE8,0x00209CC8,func,__text__,op_seq_hash,0.95,verified,struct match; sz_diff=0; src=prologue
actSt04lOriRopeCutL,0x00231E60,0x00209CC8,func,__text__,op_seq_hash,0.95,verified,struct match; sz_diff=0; src=prologue
actSt04lSword,0x00231ED8,0x00209CC8,func,__text__,op_seq_hash,0.95,verified,struct match; sz_diff=0; src=prologue
actSt04lGondola,0x00231F50,0x0021E128,func,__text__,op_seq_hash,0.95,verified,struct match; sz_diff=0; src=prologue
actSt04lMonyou01,0x00232018,0x00102418,func,__text__,fuzzy,1.00,candidate,fuzzy; sz_diff=0; src=prologue
actSt04lMonyou02,0x002320B8,0x00209C30,func,__text__,op_seq_hash,0.95,verified,struct match; sz_diff=0; src=prologue
actSt04lMonyou03,0x00232150,0x00209C30,func,__text__,op_seq_hash,0.95,verified,struct match; sz_diff=0; src=prologue
actSt04lMonyou04,0x002321E8,0x00209C30,func,__text__,op_seq_hash,0.95,verified,struct match; sz_diff=0; src=prologue
actSt04lMonyou05,0x00232280,0x00209C30,func,__text__,op_seq_hash,0.95,verified,struct match; sz_diff=0; src=prologue
actSt04lMonyou06,0x00232318,0x00209C30,func,__text__,op_seq_hash,0.95,verified,struct match; sz_diff=0; src=prologue
actSt04lMonyou07,0x002323B0,0x00209C30,func,__text__,op_seq_hash,0.95,verified,struct match; sz_diff=0; src=prologue
actSt04lCrest01XL,0x00232448,0x00218A20,func,__text__,op_seq_hash,0.95,verified,struct match; sz_diff=0; src=prologue
actSt04lCrest02XL,0x002324A8,0x00218A20,func,__text__,op_seq_hash,0.95,verified,struct match; sz_diff=0; src=prologue
actSt04lCrest03XL,0x00232508,0x00218A20,func,__text__,op_seq_hash,0.95,verified,struct match; sz_diff=0; src=prologue
actSt04lC2BallXL,0x00232568,0x0021E738,func,__text__,op_seq_hash,0.95,verified,struct match; sz_diff=0; src=prologue
actSt04lC3BallXL,0x002325E8,0x0021E7B8,func,__text__,op_seq_hash,0.95,verified,struct match; sz_diff=0; src=prologue
actSt04lTorch1_1,0x00232660,0x00100F18,func,__text__,fuzzy,1.00,candidate,fuzzy; sz_diff=0; src=prologue
actSt04lTorch1_2,0x002326F8,0x00100F18,func,__text__,fuzzy,1.00,candidate,fuzzy; sz_diff=0; src=prologue
actSt04lTorch2_1,0x00232790,0x00104590,func,__text__,fuzzy,1.00,candidate,fuzzy; sz_diff=0; src=prologue
actSt04lTorch2_2,0x00232838,0x00104590,func,__text__,fuzzy,1.00,candidate,fuzzy; sz_diff=0; src=prologue
actSt04lTorch3_1,0x002328E0,0x00100F18,func,__text__,fuzzy,1.00,candidate,fuzzy; sz_diff=0; src=prologue
actSt04lTorch3_2,0x00232978,0x00100F18,func,__text__,fuzzy,1.00,candidate,fuzzy; sz_diff=0; src=prologue
actSt04lTorch2_1XL,0x00232A10,0x00104590,func,__text__,fuzzy,1.00,candidate,fuzzy; sz_diff=0; src=prologue
actSt04lTorch2_2XL,0x00232AB8,0x00104590,func,__text__,fuzzy,1.00,candidate,fuzzy; sz_diff=0; src=prologue
actSt04lTorch3_1XL,0x00232B60,0x0021ECB0,func,__text__,op_seq_hash,0.95,verified,struct match; sz_diff=0; src=prologue
actSt04lTorch3_2XL,0x00232BA8,0x0021ECB0,func,__text__,op_seq_hash,0.95,verified,struct match; sz_diff=0; src=prologue
actSt04cDoorInit,0x00232BF0,0x0021ED40,func,__text__,op_seq_hash,0.95,verified,struct match; sz_diff=0; src=prologue
actSt04dEnemy1,0x00232C78,0x0021EE70,func,__text__,op_seq_hash,0.95,verified,struct match; sz_diff=0; src=prologue
actSt04dEnemy2,0x00232D00,0x0021EE70,func,__text__,op_seq_hash,0.95,verified,struct match; sz_diff=0; src=prologue
actSt04dEnemy3,0x00232D88,0x0021EEF8,func,__text__,op_seq_hash,0.95,verified,struct match; sz_diff=0; src=prologue
actSt04eSolarBeam,0x00232DF0,0x0021EF60,func,__text__,op_seq_hash,0.95,verified,struct match; sz_diff=0; src=prologue
actSt04lC1BallMain,0x00232EC0,0x00212AC8,func,__text__,op_seq_hash,0.95,verified,struct match; sz_diff=0; src=prologue
actSt04lC1BallSwitch,0x00232EF0,0x0020A468,func,__text__,op_seq_hash,0.95,verified,struct match; sz_diff=0; src=prologue
actSt04lC1BallTurn,0x00232F48,0x0010BB98,func,__text__,fuzzy,1.00,candidate,fuzzy; sz_diff=0; src=prologue
actSt04lC2BallMain,0x00232FD0,0x00212AC8,func,__text__,op_seq_hash,0.95,verified,struct match; sz_diff=0; src=prologue
actSt04lC2BallSwitch,0x00233000,0x0020A468,func,__text__,op_seq_hash,0.95,verified,struct match; sz_diff=0; src=prologue
actSt04lC2BallTurn,0x00233058,0x0010BB98,func,__text__,fuzzy,1.00,candidate,fuzzy; sz_diff=0; src=prologue
actSt04lC3BallMain,0x002330E0,0x00212AC8,func,__text__,op_seq_hash,0.95,verified,struct match; sz_diff=0; src=prologue
actSt04lC3BallSwitch,0x00233110,0x0020A468,func,__text__,op_seq_hash,0.95,verified,struct match; sz_diff=0; src=prologue
actSt04lC3BallTurn,0x00233168,0x0010BB98,func,__text__,fuzzy,1.00,candidate,fuzzy; sz_diff=0; src=prologue
actSt04eSolarBeamChkSub,0x002331F0,0x001029E4,func,__text__,fuzzy,1.00,candidate,fuzzy; sz_diff=0; src=prologue
actSt04lRope1Event,0x00233258,0x00154CB8,func,__text__,raw_sha1,1.00,verified,exact; src=prologue
actSt04lRope2Event,0x00233268,0x00154CB8,func,__text__,raw_sha1,1.00,verified,exact; src=prologue
actSt04lBrg1Event,0x00233278,0x00154CB8,func,__text__,raw_sha1,1.00,verified,exact; src=prologue
actSt04lBrg1Chk,0x00233288,0x0011FC28,func,__text__,fuzzy,1.00,candidate,fuzzy; sz_diff=0; src=prologue
actSt04lRope3Event,0x00233340,0x00154CB8,func,__text__,raw_sha1,1.00,verified,exact; src=prologue
actSt04lRope4Event,0x00233350,0x00154CB8,func,__text__,raw_sha1,1.00,verified,exact; src=prologue
actSt04lBrg2Event,0x00233360,0x00154CB8,func,__text__,raw_sha1,1.00,verified,exact; src=prologue
actSt04lBrg2Chk,0x00233370,0x00109488,func,__text__,fuzzy,1.00,candidate,fuzzy; sz_diff=0; src=prologue
actSt04lBrg1WayChk,0x00233430,0x0021F308,func,__text__,op_seq_hash,0.95,verified,struct match; sz_diff=0; src=prologue
actSt04lBrg2WayChk,0x00233478,0x0021F350,func,__text__,op_seq_hash,0.95,verified,struct match; sz_diff=0; src=prologue
actSt04lTuriEvent,0x002334D0,0x00154CB8,func,__text__,raw_sha1,1.00,verified,exact; src=prologue
actSt04lTuriChk,0x002334E0,0x0021F3B8,func,__text__,op_seq_hash,0.95,verified,struct match; sz_diff=0; src=prologue
actSt04lGondolaCharaChk,0x00233598,0x00104590,func,__text__,fuzzy,1.00,candidate,fuzzy; sz_diff=0; src=prologue
actSt04lMonyou01Event,0x00233640,0x00154CB8,func,__text__,raw_sha1,1.00,verified,exact; src=prologue
actSt04lMonyou02Event,0x00233650,0x00154CB8,func,__text__,raw_sha1,1.00,verified,exact; src=prologue
actSt04lMonyou03Event,0x00233660,0x00154CB8,func,__text__,raw_sha1,1.00,verified,exact; src=prologue
actSt04lMonyou04Event,0x00233670,0x00154CB8,func,__text__,raw_sha1,1.00,verified,exact; src=prologue
actSt04lMonyou05Event,0x00233680,0x00154CB8,func,__text__,raw_sha1,1.00,verified,exact; src=prologue
actSt04lMonyou06Event,0x00233690,0x00154CB8,func,__text__,raw_sha1,1.00,verified,exact; src=prologue
actSt04lMonyou07Event,0x002336A0,0x00154CB8,func,__text__,raw_sha1,1.00,verified,exact; src=prologue
actSt04lOriEvent,0x002336B0,0x00154CB8,func,__text__,raw_sha1,1.00,verified,exact; src=prologue
actSt04lOri2Event,0x002336C0,0x00154CB8,func,__text__,raw_sha1,1.00,verified,exact; src=prologue
actSt04lSwordChk,0x002336D0,0x0021F588,func,__text__,op_seq_hash,0.95,verified,struct match; sz_diff=0; src=prologue
actSt04lTorch1_1Chk,0x002336F8,0x00104698,func,__text__,fuzzy,1.00,candidate,fuzzy; sz_diff=0; src=prologue
actSt04lTorch1_2Chk,0x00233750,0x00104698,func,__text__,fuzzy,1.00,candidate,fuzzy; sz_diff=0; src=prologue
actSt04lTorch2_1Chk,0x002337A8,0x00104698,func,__text__,fuzzy,1.00,candidate,fuzzy; sz_diff=0; src=prologue
actSt04lTorch2_2Chk,0x00233800,0x00104698,func,__text__,fuzzy,1.00,candidate,fuzzy; sz_diff=0; src=prologue
actSt04lTorch3_1Chk,0x00233858,0x00104698,func,__text__,fuzzy,1.00,candidate,fuzzy; sz_diff=0; src=prologue
actSt04lTorch3_2Chk,0x002338B0,0x00104698,func,__text__,fuzzy,1.00,candidate,fuzzy; sz_diff=0; src=prologue
actSt04lTorch2_1XLChk,0x00233908,0x00104698,func,__text__,fuzzy,1.00,candidate,fuzzy; sz_diff=0; src=prologue
actSt04lTorch2_2XLChk,0x00233960,0x00104698,func,__text__,fuzzy,1.00,candidate,fuzzy; sz_diff=0; src=prologue
actSt05eEnd,0x002339B8,0x0020FB00,func,__text__,op_seq_hash,0.95,verified,struct match; sz_diff=0; src=prologue
actSt05cInit,0x002339F0,0x0021F828,func,__text__,op_seq_hash,0.95,verified,struct match; sz_diff=0; src=prologue
actSt05dInit,0x00233BF8,0x001CCAC0,func,__text__,fuzzy,1.00,candidate,fuzzy; sz_diff=0; src=prologue
actSt05eInit,0x00233EC8,0x0021A980,func,__text__,op_seq_hash,0.95,verified,struct match; sz_diff=0; src=prologue
actSt04rCrest02,0x00233F60,0x002200E0,func,__text__,op_seq_hash,0.95,verified,struct match; sz_diff=0; src=prologue
openGateSub,0x00234048,0x00103018,func,__text__,fuzzy,1.00,candidate,fuzzy; sz_diff=0; src=prologue
openGate,0x00234140,0x00105E00,func,__text__,fuzzy,1.00,candidate,fuzzy; sz_diff=0; src=prologue
actSt04rCrest2Main,0x002342C8,0x002342C8,func,__text__,same_va,0.85,verified,same VA; USA size=48; src=prologue
actSt04rCrest3Main,0x002343E8,0x001034B8,func,__text__,fuzzy,1.00,candidate,fuzzy; sz_diff=0; src=prologue
actSt04rSolarBeam,0x002344D8,0x001033A0,func,__text__,fuzzy,1.00,candidate,fuzzy; sz_diff=0; src=prologue
actSt04rSolarBeamChk,0x00234650,0x00234650,func,__text__,same_va,0.85,verified,same VA; USA size=8; src=prologue
actSt04rStairSub,0x00234830,0x00234830,func,__text__,same_va,0.85,verified,same VA; USA size=68; src=prologue
actSt04rStairChk,0x00234A70,0x001123C0,func,__text__,fuzzy,1.00,candidate,fuzzy; sz_diff=0; src=prologue
actSt04rSekizoChk,0x00234D58,0x0021BEB0,func,__text__,op_seq_hash,0.95,verified,struct match; sz_diff=0; src=prologue
actSt04rRope1Chk,0x00235040,0x0021B750,func,__text__,op_seq_hash,0.95,verified,struct match; sz_diff=0; src=prologue
actSt04rRope2Chk,0x00235180,0x0021B750,func,__text__,op_seq_hash,0.95,verified,struct match; sz_diff=0; src=prologue
actSt04rBrgCommon,0x002352C0,0x00113298,func,__text__,fuzzy,1.00,candidate,fuzzy; sz_diff=0; src=prologue
actSt04rRope3Chk,0x00235408,0x0021B750,func,__text__,op_seq_hash,0.95,verified,struct match; sz_diff=0; src=prologue
actSt04rRope4Chk,0x00235548,0x0021B750,func,__text__,op_seq_hash,0.95,verified,struct match; sz_diff=0; src=prologue
actSt04rMonyou01Chk,0x00235688,0x001031E0,func,__text__,fuzzy,1.00,candidate,fuzzy; sz_diff=0; src=prologue
actSt04rMonyou02Chk,0x002357F8,0x001031E0,func,__text__,fuzzy,1.00,candidate,fuzzy; sz_diff=0; src=prologue
actSt04rMonyou03Chk,0x00235968,0x001031E0,func,__text__,fuzzy,1.00,candidate,fuzzy; sz_diff=0; src=prologue
actSt04rMonyou04Chk,0x00235AD8,0x001031E0,func,__text__,fuzzy,1.00,candidate,fuzzy; sz_diff=0; src=prologue
actSt04rMonyou05Chk,0x00235C48,0x001031E0,func,__text__,fuzzy,1.00,candidate,fuzzy; sz_diff=0; src=prologue
actSt04rMonyou06Chk,0x00235DB8,0x001031E0,func,__text__,fuzzy,1.00,candidate,fuzzy; sz_diff=0; src=prologue
actSt04rMonyou07Chk,0x00235F28,0x001031E0,func,__text__,fuzzy,1.00,candidate,fuzzy; sz_diff=0; src=prologue
actSt04rBarricadeChk,0x00236098,0x00101030,func,__text__,fuzzy,1.00,candidate,fuzzy; sz_diff=0; src=prologue
actSt04rGondolaChk,0x00236248,0x00116888,func,__text__,fuzzy,1.00,candidate,fuzzy; sz_diff=4; src=prologue
actSt04rSolarStageChange,0x00236600,0x00209CC8,func,__text__,op_seq_hash,0.95,verified,struct match; sz_diff=0; src=prologue
actSt04rCrest01,0x00236678,0x0021D560,func,__text__,op_seq_hash,0.95,verified,struct match; sz_diff=0; src=prologue
actSt04rCrest03,0x00236718,0x0021D560,func,__text__,op_seq_hash,0.95,verified,struct match; sz_diff=0; src=prologue
actSt04rC1Ball,0x002367B8,0x0021D698,func,__text__,op_seq_hash,0.95,verified,struct match; sz_diff=0; src=prologue
actSt04rC2Ball,0x00236870,0x0021D698,func,__text__,op_seq_hash,0.95,verified,struct match; sz_diff=0; src=prologue
actSt04rC3Ball,0x00236928,0x0021D698,func,__text__,op_seq_hash,0.95,verified,struct match; sz_diff=0; src=prologue
actSt04rStair,0x002369E0,0x0021D8C0,func,__text__,op_seq_hash,0.95,verified,struct match; sz_diff=0; src=prologue
actSt04rBrg1,0x00236A80,0x00209CC8,func,__text__,op_seq_hash,0.95,verified,struct match; sz_diff=0; src=prologue
actSt04rBrg2,0x00236AF8,0x00209CC8,func,__text__,op_seq_hash,0.95,verified,struct match; sz_diff=0; src=prologue
actSt04rBrg1Way,0x00236B70,0x00209CC8,func,__text__,op_seq_hash,0.95,verified,struct match; sz_diff=0; src=prologue
actSt04rBrg2Way,0x00236BE8,0x00209CC8,func,__text__,op_seq_hash,0.95,verified,struct match; sz_diff=0; src=prologue
actSt04rRope1,0x00236C60,0x00219150,func,__text__,op_seq_hash,0.95,verified,struct match; sz_diff=0; src=prologue
actSt04rRope2,0x00236D08,0x00219150,func,__text__,op_seq_hash,0.95,verified,struct match; sz_diff=0; src=prologue
actSt04rRope3,0x00236DB0,0x00219150,func,__text__,op_seq_hash,0.95,verified,struct match; sz_diff=0; src=prologue
actSt04rRope4,0x00236E58,0x00219150,func,__text__,op_seq_hash,0.95,verified,struct match; sz_diff=0; src=prologue
actSt04rSekizo,0x00236F00,0x00209C30,func,__text__,op_seq_hash,0.95,verified,struct match; sz_diff=0; src=prologue
actSt04rBarricade,0x00236F98,0x00209C30,func,__text__,op_seq_hash,0.95,verified,struct match; sz_diff=0; src=prologue
actSt04rGondola,0x00237030,0x0021E128,func,__text__,op_seq_hash,0.95,verified,struct match; sz_diff=0; src=prologue
actSt04rCrest01XL,0x002370F8,0x00218A20,func,__text__,op_seq_hash,0.95,verified,struct match; sz_diff=0; src=prologue
actSt04rCrest02XL,0x00237158,0x00218A20,func,__text__,op_seq_hash,0.95,verified,struct match; sz_diff=0; src=prologue
actSt04rCrest03XL,0x002371B8,0x00218A20,func,__text__,op_seq_hash,0.95,verified,struct match; sz_diff=0; src=prologue
actSt04rC2BallXL,0x00237218,0x0021E7B8,func,__text__,op_seq_hash,0.95,verified,struct match; sz_diff=0; src=prologue
actSt04rC3BallXL,0x00237290,0x0021E7B8,func,__text__,op_seq_hash,0.95,verified,struct match; sz_diff=0; src=prologue
actSt04rTorch1_1,0x00237308,0x00100F18,func,__text__,fuzzy,1.00,candidate,fuzzy; sz_diff=0; src=prologue
actSt04rTorch1_2,0x002373A0,0x00100F18,func,__text__,fuzzy,1.00,candidate,fuzzy; sz_diff=0; src=prologue
actSt04rTorch2_1,0x00237438,0x0021E940,func,__text__,op_seq_hash,0.95,verified,struct match; sz_diff=0; src=prologue
actSt04rTorch2_2,0x002374D0,0x0021E940,func,__text__,op_seq_hash,0.95,verified,struct match; sz_diff=0; src=prologue
actSt04rTorch3_1,0x00237568,0x0021E830,func,__text__,op_seq_hash,0.95,verified,struct match; sz_diff=0; src=prologue
actSt04rTorch3_2,0x002375F0,0x0021E830,func,__text__,op_seq_hash,0.95,verified,struct match; sz_diff=0; src=prologue
actSt04rTorch2_1XL,0x00237678,0x00104590,func,__text__,fuzzy,1.00,candidate,fuzzy; sz_diff=0; src=prologue
actSt04rTorch2_2XL,0x00237720,0x00104590,func,__text__,fuzzy,1.00,candidate,fuzzy; sz_diff=0; src=prologue
actSt04rTorch3_1XL,0x002377C8,0x0021ECB0,func,__text__,op_seq_hash,0.95,verified,struct match; sz_diff=0; src=prologue
actSt04rTorch3_2XL,0x00237810,0x0021ECB0,func,__text__,op_seq_hash,0.95,verified,struct match; sz_diff=0; src=prologue
actSt04rMonyou01,0x00237858,0x00209C30,func,__text__,op_seq_hash,0.95,verified,struct match; sz_diff=0; src=prologue
actSt04rMonyou02,0x002378F0,0x00209C30,func,__text__,op_seq_hash,0.95,verified,struct match; sz_diff=0; src=prologue
actSt04rMonyou03,0x00237988,0x00209C30,func,__text__,op_seq_hash,0.95,verified,struct match; sz_diff=0; src=prologue
actSt04rMonyou04,0x00237A20,0x00209C30,func,__text__,op_seq_hash,0.95,verified,struct match; sz_diff=0; src=prologue
actSt04rMonyou05,0x00237AB8,0x00209C30,func,__text__,op_seq_hash,0.95,verified,struct match; sz_diff=0; src=prologue
actSt04rMonyou06,0x00237B50,0x00209C30,func,__text__,op_seq_hash,0.95,verified,struct match; sz_diff=0; src=prologue
actSt04rMonyou07,0x00237BE8,0x00209C30,func,__text__,op_seq_hash,0.95,verified,struct match; sz_diff=0; src=prologue
actSt05cDoorInit,0x00237C80,0x0021ED40,func,__text__,op_seq_hash,0.95,verified,struct match; sz_diff=0; src=prologue
actSt04rC1BallMain,0x00237D08,0x00212AC8,func,__text__,op_seq_hash,0.95,verified,struct match; sz_diff=0; src=prologue
actSt04rC1BallSwitch,0x00237D38,0x0020A468,func,__text__,op_seq_hash,0.95,verified,struct match; sz_diff=0; src=prologue
actSt04rC1BallTurn,0x00237D90,0x001009E0,func,__text__,fuzzy,1.00,candidate,fuzzy; sz_diff=0; src=prologue
actSt04rC2BallMain,0x00237DC0,0x00212AC8,func,__text__,op_seq_hash,0.95,verified,struct match; sz_diff=0; src=prologue
actSt04rC2BallSwitch,0x00237DF0,0x0020A468,func,__text__,op_seq_hash,0.95,verified,struct match; sz_diff=0; src=prologue
actSt04rC2BallTurn,0x00237E48,0x001009E0,func,__text__,fuzzy,1.00,candidate,fuzzy; sz_diff=0; src=prologue
actSt04rC3BallMain,0x00237E78,0x00212AC8,func,__text__,op_seq_hash,0.95,verified,struct match; sz_diff=0; src=prologue
actSt04rC3BallSwitch,0x00237EA8,0x0020A468,func,__text__,op_seq_hash,0.95,verified,struct match; sz_diff=0; src=prologue
actSt04rC3BallTurn,0x00237F00,0x001009E0,func,__text__,fuzzy,1.00,candidate,fuzzy; sz_diff=0; src=prologue
actSt04rCrestMain,0x00237F30,0x00101ED0,func,__text__,fuzzy,1.00,candidate,fuzzy; sz_diff=0; src=prologue
actSt04rSolarStageChangeChk,0x00237FD8,0x0010BB98,func,__text__,fuzzy,1.00,candidate,fuzzy; sz_diff=0; src=prologue
actSt04rStairEvent,0x00238060,0x00154CB8,func,__text__,raw_sha1,1.00,verified,exact; src=prologue
actSt04rRope1Event,0x00238070,0x00154CB8,func,__text__,raw_sha1,1.00,verified,exact; src=prologue
actSt04rRope2Event,0x00238080,0x00154CB8,func,__text__,raw_sha1,1.00,verified,exact; src=prologue
actSt04rBrg1Event,0x00238090,0x00154CB8,func,__text__,raw_sha1,1.00,verified,exact; src=prologue
actSt04rBrg1Chk,0x002380A0,0x00104590,func,__text__,fuzzy,1.00,candidate,fuzzy; sz_diff=0; src=prologue
actSt04rBrg1Sub,0x00238148,0x00100C90,func,__text__,fuzzy,1.00,candidate,fuzzy; sz_diff=0; src=prologue
actSt04rRope3Event,0x00238220,0x00154CB8,func,__text__,raw_sha1,1.00,verified,exact; src=prologue
actSt04rRope4Event,0x00238230,0x00154CB8,func,__text__,raw_sha1,1.00,verified,exact; src=prologue
actSt04rBrg2Event,0x00238240,0x00154CB8,func,__text__,raw_sha1,1.00,verified,exact; src=prologue
actSt04rBrg2Chk,0x00238250,0x00104590,func,__text__,fuzzy,1.00,candidate,fuzzy; sz_diff=0; src=prologue
actSt04rBrg1WayChk,0x002382F8,0x0021F308,func,__text__,op_seq_hash,0.95,verified,struct match; sz_diff=0; src=prologue
actSt04rBrg2WayChk,0x00238340,0x0021F350,func,__text__,op_seq_hash,0.95,verified,struct match; sz_diff=0; src=prologue
actSt04rMonyou01Event,0x00238398,0x00154CB8,func,__text__,raw_sha1,1.00,verified,exact; src=prologue
actSt04rMonyou02Event,0x002383A8,0x00154CB8,func,__text__,raw_sha1,1.00,verified,exact; src=prologue
actSt04rMonyou03Event,0x002383B8,0x00154CB8,func,__text__,raw_sha1,1.00,verified,exact; src=prologue
actSt04rMonyou04Event,0x002383C8,0x00154CB8,func,__text__,raw_sha1,1.00,verified,exact; src=prologue
actSt04rMonyou05Event,0x002383D8,0x00154CB8,func,__text__,raw_sha1,1.00,verified,exact; src=prologue
actSt04rMonyou06Event,0x002383E8,0x00154CB8,func,__text__,raw_sha1,1.00,verified,exact; src=prologue
actSt04rMonyou07Event,0x002383F8,0x00154CB8,func,__text__,raw_sha1,1.00,verified,exact; src=prologue
actSt04rBarricadeEvent,0x00238408,0x00154CB8,func,__text__,raw_sha1,1.00,verified,exact; src=prologue
actSt04rGondolaCharaChk,0x00238418,0x00104590,func,__text__,fuzzy,1.00,candidate,fuzzy; sz_diff=0; src=prologue
actSt04rTorch1_1Chk,0x002384C0,0x00104698,func,__text__,fuzzy,1.00,candidate,fuzzy; sz_diff=0; src=prologue
actSt04rTorch1_2Chk,0x00238518,0x00104698,func,__text__,fuzzy,1.00,candidate,fuzzy; sz_diff=0; src=prologue
actSt04rTorch2_1Chk,0x00238570,0x0021F5B0,func,__text__,op_seq_hash,0.95,verified,struct match; sz_diff=0; src=prologue
actSt04rTorch2_2Chk,0x002385B8,0x0021F5B0,func,__text__,op_seq_hash,0.95,verified,struct match; sz_diff=0; src=prologue
actSt04rTorch3_1Chk,0x00238600,0x0021F5B0,func,__text__,op_seq_hash,0.95,verified,struct match; sz_diff=0; src=prologue
actSt04rTorch3_2Chk,0x00238648,0x0021F5B0,func,__text__,op_seq_hash,0.95,verified,struct match; sz_diff=0; src=prologue
actSt04rTorch2_1XLChk,0x00238690,0x00104698,func,__text__,fuzzy,1.00,candidate,fuzzy; sz_diff=0; src=prologue
actSt04rTorch2_2XLChk,0x002386E8,0x00104698,func,__text__,fuzzy,1.00,candidate,fuzzy; sz_diff=0; src=prologue
actSt05bCrest01XL,0x00238740,0x00224300,func,__text__,op_seq_hash,0.95,verified,struct match; sz_diff=0; src=prologue
actSt05bSekizoChk,0x00238840,0x00224400,func,__text__,op_seq_hash,0.95,verified,struct match; sz_diff=0; src=prologue
actSt05bDoorXL,0x00238B78,0x00224708,func,__text__,op_seq_hash,0.95,verified,struct match; sz_diff=0; src=prologue
actSt05bMonyoDoorXL,0x00238BE8,0x00218A20,func,__text__,op_seq_hash,0.95,verified,struct match; sz_diff=0; src=prologue
actSt05bSekizo,0x00238C48,0x00218A80,func,__text__,op_seq_hash,0.95,verified,struct match; sz_diff=0; src=prologue
actSt05bBallXL,0x00238D08,0x00218CF8,func,__text__,op_seq_hash,0.95,verified,struct match; sz_diff=0; src=prologue
actSt05bSolarXL,0x00238D70,0x00218D60,func,__text__,op_seq_hash,0.95,verified,struct match; sz_diff=0; src=prologue
actSt05bSekizoEvent,0x00238DD0,0x00154CB8,func,__text__,raw_sha1,1.00,verified,exact; src=prologue
actSt05bGirlWay,0x00238DE0,0x00102870,func,__text__,fuzzy,1.00,candidate,fuzzy; sz_diff=0; src=prologue
actSt04rDoorDownChk,0x00238E60,0x002249F8,func,__text__,op_seq_hash,0.95,verified,struct match; sz_diff=0; src=prologue
actSt04rDoorChk,0x00238F78,0x00101030,func,__text__,fuzzy,1.00,candidate,fuzzy; sz_diff=0; src=prologue
actSt04rDoor2Chk,0x002391A0,0x00101030,func,__text__,fuzzy,1.00,candidate,fuzzy; sz_diff=0; src=prologue
actSt05cSolarXL,0x002393C8,0x00219100,func,__text__,op_seq_hash,0.95,verified,struct match; sz_diff=0; src=prologue
actSt05cWaterXL,0x00239418,0x00219478,func,__text__,op_seq_hash,0.95,verified,struct match; sz_diff=0; src=prologue
actSt04rDoor,0x00239468,0x00219150,func,__text__,op_seq_hash,0.95,verified,struct match; sz_diff=0; src=prologue
actSt04rDoor2,0x00239510,0x00219150,func,__text__,op_seq_hash,0.95,verified,struct match; sz_diff=0; src=prologue
actSt05cDoorDown,0x002395B8,0x00219270,func,__text__,op_seq_hash,0.95,verified,struct match; sz_diff=0; src=prologue
actSt05cEne,0x00239628,0x00209CC8,func,__text__,op_seq_hash,0.95,verified,struct match; sz_diff=0; src=prologue
actSt05cEnemy1,0x002396A0,0x002250B8,func,__text__,op_seq_hash,0.95,verified,struct match; sz_diff=0; src=prologue
actSt05cEnemy2,0x00239738,0x002107E0,func,__text__,op_seq_hash,0.95,verified,struct match; sz_diff=0; src=prologue
actSt05cCrestHint,0x002397C8,0x00102870,func,__text__,fuzzy,1.00,candidate,fuzzy; sz_diff=0; src=prologue
actSt05cDoorDownEvent,0x00239848,0x00154CB8,func,__text__,raw_sha1,1.00,verified,exact; src=prologue
actSt05cDoorDownEffect,0x00239858,0x002194D8,func,__text__,op_seq_hash,0.95,verified,struct match; sz_diff=0; src=prologue
actSt05cEneChk,0x00239970,0x00225308,func,__text__,op_seq_hash,0.95,verified,struct match; sz_diff=0; src=prologue
actSt04rDoorSub,0x002399E0,0x00100A08,func,__text__,fuzzy,1.00,candidate,fuzzy; sz_diff=0; src=prologue
actSt04rDoor2Sub,0x00239A48,0x00100A08,func,__text__,fuzzy,1.00,candidate,fuzzy; sz_diff=0; src=prologue
actSt05cCrestHintChk,0x00239AB0,0x00100FB0,func,__text__,fuzzy,1.00,candidate,fuzzy; sz_diff=0; src=prologue
actSt05dDoor2,0x00239B30,0x00219738,func,__text__,op_seq_hash,0.95,verified,struct match; sz_diff=0; src=prologue
actSt05dDoor2UpChk,0x00239C38,0x00225480,func,__text__,op_seq_hash,0.95,verified,struct match; sz_diff=0; src=prologue
actSt05dDoor2DownChk,0x00239D98,0x002255E0,func,__text__,op_seq_hash,0.95,verified,struct match; sz_diff=0; src=prologue
actSt05dEne,0x00239EF8,0x00100D68,func,__text__,fuzzy,1.00,candidate,fuzzy; sz_diff=0; src=prologue
actSt05dEnemy1,0x00239FD8,0x0010882C,func,__text__,fuzzy,1.00,candidate,fuzzy; sz_diff=0; src=prologue
actSt05dEnemy2,0x0023A0B0,0x002107E0,func,__text__,op_seq_hash,0.95,verified,struct match; sz_diff=0; src=prologue
actSt05dCrestHint,0x0023A140,0x00102870,func,__text__,fuzzy,1.00,candidate,fuzzy; sz_diff=0; src=prologue
actSt05dDoor2Event,0x0023A1C0,0x00154CB8,func,__text__,raw_sha1,1.00,verified,exact; src=prologue
actSt05dDoor2UpEffect,0x0023A1D0,0x002109E8,func,__text__,op_seq_hash,0.95,verified,struct match; sz_diff=0; src=prologue
actSt05dDoor2DownEffect,0x0023A2B0,0x002109E8,func,__text__,op_seq_hash,0.95,verified,struct match; sz_diff=0; src=prologue
actSt05dEneChk,0x0023A390,0x00225308,func,__text__,op_seq_hash,0.95,verified,struct match; sz_diff=0; src=prologue
actSt05dCrestHintChk,0x0023A400,0x00100FB0,func,__text__,fuzzy,1.00,candidate,fuzzy; sz_diff=0; src=prologue
actSt05eWaterStop,0x0023A480,0x001009A0,func,__text__,fuzzy,1.00,candidate,fuzzy; sz_diff=0; src=prologue
actSt05eSolarChk,0x0023A5F0,0x00110948,func,__text__,fuzzy,1.00,candidate,fuzzy; sz_diff=0; src=prologue
actSt05eWater,0x0023A7E8,0x00225C60,func,__text__,op_seq_hash,0.95,verified,struct match; sz_diff=0; src=prologue
actSt05eSolar,0x0023A890,0x00109488,func,__text__,fuzzy,1.00,candidate,fuzzy; sz_diff=0; src=prologue
actSt05eWaterMain,0x0023A950,0x00212AC8,func,__text__,op_seq_hash,0.95,verified,struct match; sz_diff=0; src=prologue
actSt05eWaterSwitch,0x0023A980,0x0020A468,func,__text__,op_seq_hash,0.95,verified,struct match; sz_diff=0; src=prologue
actSt05eWaterFlagOn,0x0023A9D8,0x0023A9D8,func,__text__,same_va,0.85,verified,same VA; USA size=8; src=extracted
actSt05eWaterStopSub,0x0023AA90,0x0023AA90,func,__text__,same_va,0.85,verified,same VA; USA size=8; src=prologue
actSt06aInit,0x0023AB10,0x0010BB98,func,__text__,fuzzy,1.00,candidate,fuzzy; sz_diff=0; src=prologue
actSt06aSuimon,0x0023AB90,0x0023AB90,func,__text__,same_va,0.85,verified,same VA; USA size=68; src=prologue
actSt06aSuimonChk,0x0023AC98,0x00123D18,func,__text__,fuzzy,1.00,candidate,fuzzy; sz_diff=0; src=prologue
actSt06aDoor,0x0023AF28,0x0020FE60,func,__text__,op_seq_hash,0.95,verified,struct match; sz_diff=0; src=prologue
actSt06aDoorUpChk,0x0023B030,0x00226300,func,__text__,op_seq_hash,0.95,verified,struct match; sz_diff=0; src=prologue
actSt06aDoorDownChk,0x0023B1A8,0x00226478,func,__text__,op_seq_hash,0.95,verified,struct match; sz_diff=0; src=prologue
actSt06aShutterOpen,0x0023B320,0x001019A8,func,__text__,fuzzy,1.00,candidate,fuzzy; sz_diff=0; src=prologue
actSt06aBoxChk,0x0023B4C8,0x001088FC,func,__text__,fuzzy,1.00,candidate,fuzzy; sz_diff=0; src=prologue
actSt06aStatueChk,0x0023B670,0x00129AE4,func,__text__,fuzzy,1.00,candidate,fuzzy; sz_diff=0; src=prologue
actSt06aHeadChk,0x0023B820,0x00110E00,func,__text__,fuzzy,1.00,candidate,fuzzy; sz_diff=0; src=prologue
actSt06aJumpMove,0x0023BB28,0x001064B0,func,__text__,fuzzy,1.00,candidate,fuzzy; sz_diff=0; src=prologue
actSt06aPistonFlagOnChk,0x0023BC98,0x0010EE90,func,__text__,fuzzy,1.00,candidate,fuzzy; sz_diff=0; src=prologue
actSt06aShutter,0x0023BDD0,0x0011FC28,func,__text__,fuzzy,1.00,candidate,fuzzy; sz_diff=0; src=prologue
actSt06aExit,0x0023BE88,0x001806B8,func,__text__,op_seq_hash,0.95,verified,struct match; sz_diff=0; src=prologue
actSt06aExitGirl,0x0023BEF0,0x001806B8,func,__text__,op_seq_hash,0.95,verified,struct match; sz_diff=0; src=prologue
actSt06aBox,0x0023BF58,0x00226C70,func,__text__,op_seq_hash,0.95,verified,struct match; sz_diff=0; src=prologue
actSt06aBox2,0x0023BFF0,0x00226D08,func,__text__,op_seq_hash,0.95,verified,struct match; sz_diff=0; src=prologue
actSt06aBox3,0x0023C078,0x00226D08,func,__text__,op_seq_hash,0.95,verified,struct match; sz_diff=0; src=prologue
actSt06aBoxEvent2,0x0023C100,0x00212760,func,__text__,op_seq_hash,0.95,verified,struct match; sz_diff=0; src=prologue
actSt06aWay,0x0023C1A8,0x001806B8,func,__text__,op_seq_hash,0.95,verified,struct match; sz_diff=0; src=prologue
actSt06aWallWay,0x0023C210,0x00226F28,func,__text__,op_seq_hash,0.95,verified,struct match; sz_diff=0; src=prologue
actSt06aWallWay2,0x0023C2D0,0x00226F28,func,__text__,op_seq_hash,0.95,verified,struct match; sz_diff=0; src=prologue
actSt06aStatue,0x0023C390,0x002270A8,func,__text__,op_seq_hash,0.95,verified,struct match; sz_diff=0; src=prologue
actSt06aHead,0x0023C448,0x00109488,func,__text__,fuzzy,1.00,candidate,fuzzy; sz_diff=0; src=prologue
actSt06aTree,0x0023C508,0x00210870,func,__text__,op_seq_hash,0.95,verified,struct match; sz_diff=0; src=prologue
actSt06aBallDelete,0x0023C5A0,0x001806B8,func,__text__,op_seq_hash,0.95,verified,struct match; sz_diff=0; src=prologue
actSt06aKyomi,0x0023C608,0x001806B8,func,__text__,op_seq_hash,0.95,verified,struct match; sz_diff=0; src=prologue
actSt06aJump,0x0023C670,0x00103120,func,__text__,fuzzy,1.00,candidate,fuzzy; sz_diff=0; src=prologue
actSt06aPiston,0x0023C738,0x001806B8,func,__text__,op_seq_hash,0.95,verified,struct match; sz_diff=0; src=prologue
actSt06aPistonFlag,0x0023C7A0,0x001806B8,func,__text__,op_seq_hash,0.95,verified,struct match; sz_diff=0; src=prologue
actSt06aSound,0x0023C808,0x00209CC8,func,__text__,op_seq_hash,0.95,verified,struct match; sz_diff=0; src=prologue
actSt06aSound2,0x0023C880,0x00209CC8,func,__text__,op_seq_hash,0.95,verified,struct match; sz_diff=0; src=prologue
actSt06aSuimonEvent,0x0023C8F8,0x00154CB8,func,__text__,raw_sha1,1.00,verified,exact; src=prologue
actSt06aSuimonEffect,0x0023C908,0x0023C908,func,__text__,same_va,0.85,verified,same VA; USA size=116; src=prologue
actSt06aSuimonFlagOn,0x0023CA10,0x00133608,func,__text__,fuzzy,0.82,candidate,fuzzy; sz_diff=8; src=extracted
actSt06aSuimonSub,0x0023CAC8,0x001048C8,func,__text__,fuzzy,1.00,candidate,fuzzy; sz_diff=0; src=prologue
actSt06aDoorEvent,0x0023CB40,0x00154CB8,func,__text__,raw_sha1,1.00,verified,exact; src=prologue
actSt06aDoorUpEffect,0x0023CB50,0x002109E8,func,__text__,op_seq_hash,0.95,verified,struct match; sz_diff=0; src=prologue
actSt06aDoorDownEffect,0x0023CC30,0x002109E8,func,__text__,op_seq_hash,0.95,verified,struct match; sz_diff=0; src=prologue
actSt06aShutterMain,0x0023CD10,0x0020A430,func,__text__,op_seq_hash,0.95,verified,struct match; sz_diff=0; src=prologue
actSt06aShutterSwitch,0x0023CD48,0x0020A468,func,__text__,op_seq_hash,0.95,verified,struct match; sz_diff=0; src=prologue
actSt06aShutterOpenSub,0x0023CDA0,0x00100F18,func,__text__,fuzzy,1.00,candidate,fuzzy; sz_diff=0; src=prologue
actSt06aExitChk,0x0023CE38,0x0023CE38,func,__text__,same_va,0.85,verified,same VA; USA size=44; src=prologue
actSt06aExitGirlChk,0x0023CEB0,0x00209440,func,__text__,op_seq_hash,0.95,verified,struct match; sz_diff=0; src=prologue
actSt06aBoxSub,0x0023CFA8,0x0011FC28,func,__text__,fuzzy,1.00,candidate,fuzzy; sz_diff=0; src=prologue
actSt06aBox2Chk,0x0023D060,0x00227868,func,__text__,op_seq_hash,0.95,verified,struct match; sz_diff=0; src=prologue
actSt06aBox3Chk,0x0023D0D8,0x002278E0,func,__text__,op_seq_hash,0.95,verified,struct match; sz_diff=0; src=prologue
actSt06aBallDeleteChk,0x0023D138,0x00227940,func,__text__,op_seq_hash,0.95,verified,struct match; sz_diff=0; src=prologue
actSt06aBoxEvent2InChk,0x0023D1A8,0x002279B0,func,__text__,op_seq_hash,0.95,verified,struct match; sz_diff=0; src=prologue
actSt06aBoxEvent2OutChk,0x0023D240,0x00227A48,func,__text__,op_seq_hash,0.95,verified,struct match; sz_diff=0; src=prologue
actSt06aWayOnChk,0x0023D2D8,0x00104818,func,__text__,fuzzy,1.00,candidate,fuzzy; sz_diff=0; src=prologue
actSt06aWayOffChk,0x0023D388,0x00101100,func,__text__,fuzzy,1.00,candidate,fuzzy; sz_diff=0; src=prologue
actSt06aWallWayOnChk,0x0023D438,0x00227C70,func,__text__,op_seq_hash,0.95,verified,struct match; sz_diff=0; src=prologue
actSt06aWallWayOffChk,0x0023D4E0,0x00227D18,func,__text__,op_seq_hash,0.95,verified,struct match; sz_diff=0; src=prologue
actSt06aWallWay2OnChk,0x0023D588,0x00227C70,func,__text__,op_seq_hash,0.95,verified,struct match; sz_diff=0; src=prologue
actSt06aWallWay2OffChk,0x0023D630,0x00227D18,func,__text__,op_seq_hash,0.95,verified,struct match; sz_diff=0; src=prologue
actSt06aTreeChk,0x0023D6D8,0x00227F10,func,__text__,op_seq_hash,0.95,verified,struct match; sz_diff=0; src=prologue
actSt06aKyomiOnChk,0x0023D7A0,0x00227FD8,func,__text__,op_seq_hash,0.95,verified,struct match; sz_diff=0; src=prologue
actSt06aKyomiOffChk,0x0023D880,0x002280B8,func,__text__,op_seq_hash,0.95,verified,struct match; sz_diff=0; src=prologue
actSt06aJumpMain,0x0023D960,0x0020A430,func,__text__,op_seq_hash,0.95,verified,struct match; sz_diff=0; src=prologue
actSt06aJumpSwitch,0x0023D998,0x0020A468,func,__text__,op_seq_hash,0.95,verified,struct match; sz_diff=0; src=prologue
actSt06aJumpSub,0x0023D9F0,0x0011D590,func,__text__,fuzzy,1.00,candidate,fuzzy; sz_diff=0; src=prologue
actSt06aPistonRideOnChk,0x0023DAB8,0x00106390,func,__text__,fuzzy,1.00,candidate,fuzzy; sz_diff=0; src=prologue
actSt06aPistonRideOffChk,0x0023DB48,0x00104818,func,__text__,fuzzy,1.00,candidate,fuzzy; sz_diff=0; src=prologue
actSt06aPistonFlagOffChk,0x0023DBF8,0x00100D68,func,__text__,fuzzy,1.00,candidate,fuzzy; sz_diff=0; src=prologue
actSt06aSoundChk,0x0023DCD8,0x001019E0,func,__text__,fuzzy,1.00,candidate,fuzzy; sz_diff=0; src=prologue
actSt06aSound2Chk,0x0023DD38,0x00100F18,func,__text__,fuzzy,1.00,candidate,fuzzy; sz_diff=0; src=prologue
actSt07aInit,0x0023DDD0,0x00111AE8,func,__text__,fuzzy,1.00,candidate,fuzzy; sz_diff=0; src=prologue
actSt07aEnd,0x0023DED8,0x00228260,func,__text__,op_seq_hash,0.95,verified,struct match; sz_diff=0; src=prologue
actSt07aChanChk,0x0023DF50,0x0012F1FC,func,__text__,fuzzy,1.00,candidate,fuzzy; sz_diff=0; src=prologue
actSt07aChanEffect,0x0023E2E0,0x001009E0,func,__text__,fuzzy,1.00,candidate,fuzzy; sz_diff=0; src=prologue
actSt07aTsuroChk,0x0023E498,0x00228988,func,__text__,op_seq_hash,0.95,verified,struct match; sz_diff=0; src=prologue
actSt07aTsuroEffect,0x0023E7A8,,func,__text__,unmatched,0.00,unmatched,no match; PAL size=952; src=extracted
actSt07aSekizoChk,0x0023EB60,0x001141A0,func,__text__,fuzzy,1.00,candidate,fuzzy; sz_diff=0; src=prologue
actSt07aEne,0x0023EE78,0x00229348,func,__text__,op_seq_hash,0.95,verified,struct match; sz_diff=0; src=prologue
actSt07aEneChk,0x0023EF60,0x00229430,func,__text__,op_seq_hash,0.95,verified,struct match; sz_diff=0; src=prologue
actSt07aGene1,0x0023F0B8,0x00236588,func,__text__,op_seq_hash,0.95,verified,struct match; sz_diff=0; src=prologue
actSt07aChan,0x0023F190,0x00229588,func,__text__,op_seq_hash,0.95,verified,struct match; sz_diff=0; src=prologue
actSt07aChanReady,0x0023F248,0x00209CC8,func,__text__,op_seq_hash,0.95,verified,struct match; sz_diff=0; src=prologue
actSt07aChanChain,0x0023F2C0,0x0022D2B8,func,__text__,op_seq_hash,0.95,verified,struct match; sz_diff=0; src=prologue
actSt07aTsuro,0x0023F348,0x0021E830,func,__text__,op_seq_hash,0.95,verified,struct match; sz_diff=0; src=prologue
actSt07aIntro,0x0023F3D0,0x00209CC8,func,__text__,op_seq_hash,0.95,verified,struct match; sz_diff=0; src=prologue
actSt07aSekizo,0x0023F448,0x00209C30,func,__text__,op_seq_hash,0.95,verified,struct match; sz_diff=0; src=prologue
actSt07aGene2,0x0023F4E0,0x00229890,func,__text__,op_seq_hash,0.95,verified,struct match; sz_diff=0; src=prologue
actSt07aGene3,0x0023F5B0,0x00229890,func,__text__,op_seq_hash,0.95,verified,struct match; sz_diff=0; src=prologue
actSt07aEne2,0x0023F680,0x00209CC8,func,__text__,op_seq_hash,0.95,verified,struct match; sz_diff=0; src=prologue
actSt07aGene2_1,0x0023F6F8,0x002297D8,func,__text__,op_seq_hash,0.95,verified,struct match; sz_diff=0; src=prologue
actSt07aGene2_2,0x0023F7B0,0x00229890,func,__text__,op_seq_hash,0.95,verified,struct match; sz_diff=0; src=prologue
actSt07aGene2_3,0x0023F880,0x002113C8,func,__text__,op_seq_hash,0.95,verified,struct match; sz_diff=0; src=prologue
actSt07aChanReadyChk,0x0023F8F0,0x00105E00,func,__text__,fuzzy,1.00,candidate,fuzzy; sz_diff=0; src=prologue
actSt07aChanChainChk,0x0023F960,0x0023F960,func,__text__,same_va,0.85,verified,same VA; USA size=440; src=prologue
actSt07ChanEvent,0x0023FA60,0x00154CB8,func,__text__,raw_sha1,1.00,verified,exact; src=prologue
actSt07aChanFall,0x0023FA70,0x00100F18,func,__text__,fuzzy,1.00,candidate,fuzzy; sz_diff=0; src=prologue
actSt07aChanMot,0x0023FB08,0x00229D30,func,__text__,op_seq_hash,0.95,verified,struct match; sz_diff=0; src=prologue
actSt07aChanWay1,0x0023FB60,0x00229D88,func,__text__,op_seq_hash,0.95,verified,struct match; sz_diff=0; src=prologue
actSt07aChanWay2,0x0023FBB8,0x00229D88,func,__text__,op_seq_hash,0.95,verified,struct match; sz_diff=0; src=prologue
actSt07TsuroEvent,0x0023FC10,0x00154CB8,func,__text__,raw_sha1,1.00,verified,exact; src=prologue
actSt07aTsuroConte,0x0023FC20,0x00229E48,func,__text__,op_seq_hash,0.95,verified,struct match; sz_diff=0; src=prologue
actSt07aGirlWay,0x0023FCA0,0x00229D88,func,__text__,op_seq_hash,0.95,verified,struct match; sz_diff=0; src=prologue
actSt07aCamera2,0x0023FCF8,0x00154CB8,func,__text__,raw_sha1,1.00,verified,exact; src=prologue
actSt07aIntroChk,0x0023FD08,0x00229F30,func,__text__,op_seq_hash,0.95,verified,struct match; sz_diff=0; src=prologue
actSt07aSekizoEvent,0x0023FDB8,0x00154CB8,func,__text__,raw_sha1,1.00,verified,exact; src=prologue
actSt07aEne2Chk,0x0023FDC8,0x00229FF0,func,__text__,op_seq_hash,0.95,verified,struct match; sz_diff=0; src=prologue
actSt08aEnd,0x0023FE40,0x0020FB00,func,__text__,op_seq_hash,0.95,verified,struct match; sz_diff=0; src=prologue
actSt08aEne1Chk,0x0023FE78,0x001141A0,func,__text__,fuzzy,1.00,candidate,fuzzy; sz_diff=0; src=prologue
actSt08aEne2Chk,0x0023FF98,0x00146014,func,__text__,fuzzy,1.00,candidate,fuzzy; sz_diff=0; src=prologue
actSt08aDoorUp,0x00240100,0x001009E0,func,__text__,fuzzy,1.00,candidate,fuzzy; sz_diff=0; src=prologue
actSt08aHasiUpSub,0x00240260,0x00108C98,func,__text__,fuzzy,1.00,candidate,fuzzy; sz_diff=0; src=prologue
actSt08aHasiUp,0x00240368,0x00102644,func,__text__,fuzzy,1.00,candidate,fuzzy; sz_diff=0; src=prologue
actSt08aTorchOnChk,0x002404F0,0x0010EE90,func,__text__,fuzzy,1.00,candidate,fuzzy; sz_diff=0; src=prologue
actSt08aTorchOffChk,0x00240628,0x0010EE90,func,__text__,fuzzy,1.00,candidate,fuzzy; sz_diff=0; src=prologue
actSt08aDoor,0x00240760,0x0022A398,func,__text__,op_seq_hash,0.95,verified,struct match; sz_diff=0; src=prologue
actSt08aEne1,0x00240808,0x00219738,func,__text__,op_seq_hash,0.95,verified,struct match; sz_diff=0; src=prologue
actSt08aEne2,0x002408D0,0x00209CC8,func,__text__,op_seq_hash,0.95,verified,struct match; sz_diff=0; src=prologue
actSt08aEnemy1,0x00240948,0x00210738,func,__text__,op_seq_hash,0.95,verified,struct match; sz_diff=0; src=prologue
actSt08aEnemy2,0x002409F0,0x00210738,func,__text__,op_seq_hash,0.95,verified,struct match; sz_diff=0; src=prologue
actSt08aEnemy3,0x00240A98,0x00218BB8,func,__text__,op_seq_hash,0.95,verified,struct match; sz_diff=0; src=prologue
actSt08aEnemy4,0x00240B38,0x00218BB8,func,__text__,op_seq_hash,0.95,verified,struct match; sz_diff=0; src=prologue
actSt08aIntro,0x00240BD8,0x00209CC8,func,__text__,op_seq_hash,0.95,verified,struct match; sz_diff=0; src=prologue
actSt08aHint1,0x00240C50,0x0021E830,func,__text__,op_seq_hash,0.95,verified,struct match; sz_diff=0; src=prologue
actSt08aGirlPos,0x00240CD8,0x00102870,func,__text__,fuzzy,1.00,candidate,fuzzy; sz_diff=0; src=prologue
actSt08aHasi,0x00240D58,0x00101100,func,__text__,fuzzy,1.00,candidate,fuzzy; sz_diff=0; src=prologue
actSt08aTorch,0x00240E08,0x001806B8,func,__text__,op_seq_hash,0.95,verified,struct match; sz_diff=0; src=prologue
actSt08aInit,0x00240E70,0x0022A838,func,__text__,op_seq_hash,0.95,verified,struct match; sz_diff=0; src=prologue
actSt08aDoorMain,0x00240EE8,0x0020A430,func,__text__,op_seq_hash,0.95,verified,struct match; sz_diff=0; src=prologue
actSt08aDoorSwitch,0x00240F20,0x0020A468,func,__text__,op_seq_hash,0.95,verified,struct match; sz_diff=0; src=prologue
actSt08aDoorUpSub,0x00240F78,0x00101100,func,__text__,fuzzy,1.00,candidate,fuzzy; sz_diff=0; src=prologue
actSt08aIntroChk,0x00241028,0x0022A940,func,__text__,op_seq_hash,0.95,verified,struct match; sz_diff=0; src=prologue
actSt08aGirlPosChk,0x002410D0,0x001029E4,func,__text__,fuzzy,1.00,candidate,fuzzy; sz_diff=0; src=prologue
actSt08aHint1Chk,0x00241138,0x00107DD8,func,__text__,fuzzy,1.00,candidate,fuzzy; sz_diff=0; src=prologue
actSt08aHasiMain,0x00241190,0x0020A430,func,__text__,op_seq_hash,0.95,verified,struct match; sz_diff=0; src=prologue
actSt08aHasiSwitch,0x002411C8,0x0020A468,func,__text__,op_seq_hash,0.95,verified,struct match; sz_diff=0; src=prologue
actSt08bKurenSwitch,0x00241220,0x00100C90,func,__text__,fuzzy,1.00,candidate,fuzzy; sz_diff=0; src=prologue
actSt08bKurenLeft,0x002415F0,0x0022AD90,func,__text__,op_seq_hash,0.95,verified,struct match; sz_diff=0; src=prologue
actSt08bKurenRight,0x00241708,0x0022AEA8,func,__text__,op_seq_hash,0.95,verified,struct match; sz_diff=0; src=prologue
actSt08bDoor,0x00241808,0x0020FE60,func,__text__,op_seq_hash,0.95,verified,struct match; sz_diff=0; src=prologue
actSt08bDoorUpChk,0x00241910,0x00226300,func,__text__,op_seq_hash,0.95,verified,struct match; sz_diff=0; src=prologue
actSt08bDoorDownChk,0x00241A88,0x00226478,func,__text__,op_seq_hash,0.95,verified,struct match; sz_diff=0; src=prologue
actSt08bKuren,0x00241C00,0x001806B8,func,__text__,op_seq_hash,0.95,verified,struct match; sz_diff=0; src=prologue
actSt08bEne,0x00241C68,0x00209CC8,func,__text__,op_seq_hash,0.95,verified,struct match; sz_diff=0; src=prologue
actSt08bEnemy1,0x00241CE0,0x002107E0,func,__text__,op_seq_hash,0.95,verified,struct match; sz_diff=0; src=prologue
actSt08bEnemy2,0x00241D70,0x002107E0,func,__text__,op_seq_hash,0.95,verified,struct match; sz_diff=0; src=prologue
actSt08bKurenMain,0x00241E00,0x0022B5A0,func,__text__,op_seq_hash,0.95,verified,struct match; sz_diff=0; src=prologue
actSt08aGirlYoro,0x00241E48,0x0022B5E8,func,__text__,op_seq_hash,0.95,verified,struct match; sz_diff=0; src=prologue
actSt08bDoorEvent,0x00241EA0,0x00154CB8,func,__text__,raw_sha1,1.00,verified,exact; src=prologue
actSt08bDoorUpEffect,0x00241EB0,0x002109E8,func,__text__,op_seq_hash,0.95,verified,struct match; sz_diff=0; src=prologue
actSt08bDoorDownEffect,0x00241F90,0x002109E8,func,__text__,op_seq_hash,0.95,verified,struct match; sz_diff=0; src=prologue
actSt08bEneChk,0x00242070,0x00212D00,func,__text__,op_seq_hash,0.95,verified,struct match; sz_diff=0; src=prologue
actSt09aInit,0x002420D8,0x0022B878,func,__text__,op_seq_hash,0.95,verified,struct match; sz_diff=0; src=prologue
actSt09aElvDown,0x00242118,0x0022B8B8,func,__text__,op_seq_hash,0.95,verified,struct match; sz_diff=0; src=prologue
actSt09aBrgDown,0x00242208,0x00105E00,func,__text__,fuzzy,1.00,candidate,fuzzy; sz_diff=0; src=prologue
actSt09aElv,0x00242398,0x0022BB98,func,__text__,op_seq_hash,0.95,verified,struct match; sz_diff=0; src=prologue
actSt09aSekizo,0x00242430,0x00104818,func,__text__,fuzzy,1.00,candidate,fuzzy; sz_diff=0; src=prologue
actSt09aIntro,0x002424E0,0x00209CC8,func,__text__,op_seq_hash,0.95,verified,struct match; sz_diff=0; src=prologue
actSt09aBrg,0x00242558,0x00209CC8,func,__text__,op_seq_hash,0.95,verified,struct match; sz_diff=0; src=prologue
actSt09aHint1,0x002425D0,0x0021E830,func,__text__,op_seq_hash,0.95,verified,struct match; sz_diff=0; src=prologue
actSt09aHint2,0x00242658,0x0021E830,func,__text__,op_seq_hash,0.95,verified,struct match; sz_diff=0; src=prologue
actSt09aElvMain,0x002426E0,0x0020A430,func,__text__,op_seq_hash,0.95,verified,struct match; sz_diff=0; src=prologue
actSt09aElvSwitch,0x00242718,0x0022BD58,func,__text__,op_seq_hash,0.95,verified,struct match; sz_diff=0; src=prologue
actSt09aElvUp,0x002427B0,0x0022BDF0,func,__text__,op_seq_hash,0.95,verified,struct match; sz_diff=0; src=prologue
actSt09aSekizoEvent,0x00242890,0x00154CB8,func,__text__,raw_sha1,1.00,verified,exact; src=prologue
actSt09aIntroChk,0x002428A0,0x0020A578,func,__text__,op_seq_hash,0.95,verified,struct match; sz_diff=0; src=prologue
actSt09aBrgMain,0x00242920,0x00212AC8,func,__text__,op_seq_hash,0.95,verified,struct match; sz_diff=0; src=prologue
actSt09aBrgSwitch,0x00242950,0x0020A468,func,__text__,op_seq_hash,0.95,verified,struct match; sz_diff=0; src=prologue
actSt09aBrgDownSub,0x002429A8,0x0010CEA4,func,__text__,fuzzy,1.00,candidate,fuzzy; sz_diff=0; src=prologue
actSt09aHint1Chk,0x00242A90,0x001011B0,func,__text__,fuzzy,1.00,candidate,fuzzy; sz_diff=0; src=prologue
actSt09aHint2Chk,0x00242AF0,0x001029E4,func,__text__,fuzzy,1.00,candidate,fuzzy; sz_diff=0; src=prologue
actSt10lInit,0x00242B58,0x0022BFE8,func,__text__,op_seq_hash,0.95,verified,struct match; sz_diff=0; src=prologue
actSt10lFloorLeft,0x00242BD0,0x0022C060,func,__text__,op_seq_hash,0.95,verified,struct match; sz_diff=0; src=prologue
actSt10lFloorRight,0x00242E40,0x0022C2D0,func,__text__,op_seq_hash,0.95,verified,struct match; sz_diff=0; src=prologue
actSt10lGondolaUp,0x00243030,0x00108C98,func,__text__,fuzzy,1.00,candidate,fuzzy; sz_diff=0; src=prologue
actSt10lGondolaDown,0x002431A8,0x0010B7F8,func,__text__,fuzzy,1.00,candidate,fuzzy; sz_diff=0; src=prologue
actSt10lEneCam2Chk,0x00243330,0x00129C90,func,__text__,fuzzy,1.00,candidate,fuzzy; sz_diff=0; src=prologue
actSt10lEneCam3Chk,0x002434C8,0x00104240,func,__text__,fuzzy,1.00,candidate,fuzzy; sz_diff=0; src=prologue
actSt10lChainMove,0x002435E8,0x001026F0,func,__text__,fuzzy,1.00,candidate,fuzzy; sz_diff=0; src=prologue
actSt10lChain,0x002437C8,0x00104818,func,__text__,fuzzy,1.00,candidate,fuzzy; sz_diff=0; src=prologue
actSt10lFloor,0x00243878,0x001806B8,func,__text__,op_seq_hash,0.95,verified,struct match; sz_diff=0; src=prologue
actSt10lGondola,0x002438E0,0x0022CBD8,func,__text__,op_seq_hash,0.95,verified,struct match; sz_diff=0; src=prologue
actSt10lSekizo,0x00243990,0x0022CC88,func,__text__,op_seq_hash,0.95,verified,struct match; sz_diff=0; src=prologue
actSt10lBox,0x002439F8,0x001806B8,func,__text__,op_seq_hash,0.95,verified,struct match; sz_diff=0; src=prologue
actSt10lEnemy1_1,0x00243A60,0x001026F0,func,__text__,fuzzy,1.00,candidate,fuzzy; sz_diff=0; src=prologue
actSt10lEnemy1_2,0x00243B00,0x0022CD58,func,__text__,op_seq_hash,0.95,verified,struct match; sz_diff=0; src=prologue
actSt10lEnemy2_1,0x00243B80,0x0022CD58,func,__text__,op_seq_hash,0.95,verified,struct match; sz_diff=0; src=prologue
actSt10lEnemy2_2,0x00243C00,0x0022CD58,func,__text__,op_seq_hash,0.95,verified,struct match; sz_diff=0; src=prologue
actSt10lEnemy2_3,0x00243C80,0x0022CD58,func,__text__,op_seq_hash,0.95,verified,struct match; sz_diff=0; src=prologue
actSt10lEnemy3_1,0x00243D00,0x0022CD58,func,__text__,op_seq_hash,0.95,verified,struct match; sz_diff=0; src=prologue
actSt10lEnemy3_2,0x00243D80,0x0022CD58,func,__text__,op_seq_hash,0.95,verified,struct match; sz_diff=0; src=prologue
actSt10lEneCam1,0x00243E00,0x00209CC8,func,__text__,op_seq_hash,0.95,verified,struct match; sz_diff=0; src=prologue
actSt10lEneCam2,0x00243E78,0x00209CC8,func,__text__,op_seq_hash,0.95,verified,struct match; sz_diff=0; src=prologue
actSt10lEneCam3,0x00243EF0,0x0021E830,func,__text__,op_seq_hash,0.95,verified,struct match; sz_diff=0; src=prologue
actSt10lEneKill,0x00243F78,0x00209CC8,func,__text__,op_seq_hash,0.95,verified,struct match; sz_diff=0; src=prologue
actSt10lBoxA,0x00243FF0,0x0022D2B8,func,__text__,op_seq_hash,0.95,verified,struct match; sz_diff=0; src=prologue
actSt10lBoxB,0x00244078,0x0022D2B8,func,__text__,op_seq_hash,0.95,verified,struct match; sz_diff=0; src=prologue
actSt10lGateXL,0x00244100,0x0022D3C8,func,__text__,op_seq_hash,0.95,verified,struct match; sz_diff=0; src=prologue
actSt10lFloorMain,0x00244150,0x00212AC8,func,__text__,op_seq_hash,0.95,verified,struct match; sz_diff=0; src=prologue
actSt10lFloorSwitch,0x00244180,0x00212C58,func,__text__,op_seq_hash,0.95,verified,struct match; sz_diff=0; src=prologue
actSt10lGondolaMain,0x00244228,0x00212AC8,func,__text__,op_seq_hash,0.95,verified,struct match; sz_diff=0; src=prologue
actSt10lGondolaSwitch,0x00244258,0x00212C58,func,__text__,op_seq_hash,0.95,verified,struct match; sz_diff=0; src=prologue
actSt10lEneCam1Chk,0x00244300,0x00102870,func,__text__,fuzzy,1.00,candidate,fuzzy; sz_diff=0; src=prologue
actSt10lBoxChk,0x00244380,0x0022D650,func,__text__,op_seq_hash,0.95,verified,struct match; sz_diff=0; src=prologue
actSt10lSekizoEvent,0x002443E0,0x00154CB8,func,__text__,raw_sha1,1.00,verified,exact; src=prologue
actSt10lBoxAChk,0x002443F0,0x0022D6C0,func,__text__,op_seq_hash,0.95,verified,struct match; sz_diff=0; src=prologue
actSt10lBoxBChk,0x00244470,0x0022D6C0,func,__text__,op_seq_hash,0.95,verified,struct match; sz_diff=0; src=prologue
actSt10lChainMain,0x002444F0,0x00212AC8,func,__text__,op_seq_hash,0.95,verified,struct match; sz_diff=0; src=prologue
actSt10lChainSwitch,0x00244520,0x0020A468,func,__text__,op_seq_hash,0.95,verified,struct match; sz_diff=0; src=prologue
actSt10lEneKillChk,0x00244578,0x00104590,func,__text__,fuzzy,1.00,candidate,fuzzy; sz_diff=0; src=prologue
actSt10rInit,0x00244620,0x0022D8F8,func,__text__,op_seq_hash,0.95,verified,struct match; sz_diff=0; src=prologue
actSt10rEnd,0x002446F8,0x001019E0,func,__text__,fuzzy,1.00,candidate,fuzzy; sz_diff=0; src=prologue
actSt10rFloorChk,0x00244750,0x00101C80,func,__text__,fuzzy,1.00,candidate,fuzzy; sz_diff=0; src=prologue
actSt10rFloorHitChk,0x00244908,0x00104818,func,__text__,fuzzy,1.00,candidate,fuzzy; sz_diff=0; src=prologue
actSt10rCageMain,0x00244A48,0x0010EE90,func,__text__,fuzzy,1.00,candidate,fuzzy; sz_diff=0; src=prologue
actSt10rTowerChk,0x00244C20,0x00113298,func,__text__,fuzzy,1.00,candidate,fuzzy; sz_diff=0; src=prologue
actSt10rTowerConte,0x00244E80,0x0010B38C,func,__text__,fuzzy,1.00,candidate,fuzzy; sz_diff=0; src=prologue
actSt10rChainMove,0x00245048,0x00103B48,func,__text__,fuzzy,1.00,candidate,fuzzy; sz_diff=0; src=prologue
actSt10rFence,0x002451E8,0x001199A0,func,__text__,fuzzy,1.00,candidate,fuzzy; sz_diff=0; src=prologue
actSt10rFenceDownChk,0x002453E8,0x0022E220,func,__text__,op_seq_hash,0.95,verified,struct match; sz_diff=0; src=prologue
actSt10rFenceUpChk,0x00245560,0x0022E398,func,__text__,op_seq_hash,0.95,verified,struct match; sz_diff=0; src=prologue
actSt10rFenceDownChk2,0x002456D0,0x0022E220,func,__text__,op_seq_hash,0.95,verified,struct match; sz_diff=0; src=prologue
actSt10rFenceUpChk2,0x00245848,0x0022E398,func,__text__,op_seq_hash,0.95,verified,struct match; sz_diff=0; src=prologue
actSt10rFloor,0x002459B8,0x00102870,func,__text__,fuzzy,1.00,candidate,fuzzy; sz_diff=0; src=prologue
actSt10rFloorHit,0x00245A38,0x00209CC8,func,__text__,op_seq_hash,0.95,verified,struct match; sz_diff=0; src=prologue
actSt10rCage,0x00245AB0,0x001026F0,func,__text__,fuzzy,1.00,candidate,fuzzy; sz_diff=0; src=prologue
actSt10rTower,0x00245B50,0x00209CC8,func,__text__,op_seq_hash,0.95,verified,struct match; sz_diff=0; src=prologue
actSt10rTowerResque,0x00245BC8,0x00209CC8,func,__text__,op_seq_hash,0.95,verified,struct match; sz_diff=0; src=prologue
actSt10rExit,0x00245C40,0x001806B8,func,__text__,op_seq_hash,0.95,verified,struct match; sz_diff=0; src=prologue
actSt10rChain,0x00245CA8,0x0022CAC8,func,__text__,op_seq_hash,0.95,verified,struct match; sz_diff=0; src=prologue
actSt10rSekizo,0x00245D50,0x0022EA78,func,__text__,op_seq_hash,0.95,verified,struct match; sz_diff=0; src=prologue
actSt10rEne,0x00245DB8,0x00209CC8,func,__text__,op_seq_hash,0.95,verified,struct match; sz_diff=0; src=prologue
actSt10rEnemy1,0x00245E30,0x00211290,func,__text__,op_seq_hash,0.95,verified,struct match; sz_diff=0; src=prologue
actSt10rEnemy2,0x00245ED8,0x002113C8,func,__text__,op_seq_hash,0.95,verified,struct match; sz_diff=0; src=prologue
actSt10rElv,0x00245F48,0x0022EC70,func,__text__,op_seq_hash,0.95,verified,struct match; sz_diff=0; src=prologue
actSt10rGateXL,0x00245FC8,0x0022D3C8,func,__text__,op_seq_hash,0.95,verified,struct match; sz_diff=0; src=prologue
actSt10rWay,0x00246018,0x001806B8,func,__text__,op_seq_hash,0.95,verified,struct match; sz_diff=0; src=prologue
actSt10rFloorSub,0x00246080,0x0010CEA4,func,__text__,fuzzy,1.00,candidate,fuzzy; sz_diff=0; src=prologue
actSt10rCageSub,0x00246168,0x00102418,func,__text__,fuzzy,1.00,candidate,fuzzy; sz_diff=0; src=prologue
actSt10rGirlWay,0x00246208,0x0016A158,func,__text__,fuzzy,0.95,candidate,fuzzy; sz_diff=0; src=extracted
actSt10rExitChk,0x00246260,0x0022ED98,func,__text__,op_seq_hash,0.95,verified,struct match; sz_diff=0; src=prologue
actSt10rChainMain,0x00246330,0x00212AC8,func,__text__,op_seq_hash,0.95,verified,struct match; sz_diff=0; src=prologue
actSt10rChainSwitch,0x00246360,0x0020A468,func,__text__,op_seq_hash,0.95,verified,struct match; sz_diff=0; src=prologue
actSt10rChainMoveSub,0x002463B8,0x001026F0,func,__text__,fuzzy,1.00,candidate,fuzzy; sz_diff=0; src=prologue
actSt10rSekizoEvent,0x00246458,0x00154CB8,func,__text__,raw_sha1,1.00,verified,exact; src=prologue
actSt10rEneChk,0x00246468,0x0022EF00,func,__text__,op_seq_hash,0.95,verified,struct match; sz_diff=0; src=prologue
actSt10rWayOnChk,0x002464E0,0x00104818,func,__text__,fuzzy,1.00,candidate,fuzzy; sz_diff=0; src=prologue
actSt10rWayOffChk,0x00246590,0x00101100,func,__text__,fuzzy,1.00,candidate,fuzzy; sz_diff=0; src=prologue
actSt10rTowerResqueChk,0x00246640,0x00100C90,func,__text__,fuzzy,1.00,candidate,fuzzy; sz_diff=0; src=prologue
actSt13aElevUpSub,0x00246718,0x001088FC,func,__text__,fuzzy,1.00,candidate,fuzzy; sz_diff=0; src=prologue
actSt13aElevUp,0x00246870,0x00146014,func,__text__,fuzzy,1.00,candidate,fuzzy; sz_diff=0; src=prologue
actSt13aElevDown,0x002469D8,0x0022F130,func,__text__,op_seq_hash,0.95,verified,struct match; sz_diff=0; src=prologue
actSt13aElevDownSub,0x00246AC0,0x00103B48,func,__text__,fuzzy,1.00,candidate,fuzzy; sz_diff=0; src=prologue
actSt13aElevDownChk,0x00246BC0,0x00104698,func,__text__,fuzzy,1.00,candidate,fuzzy; sz_diff=0; src=prologue
actSt13aSekizoChk,0x00246D68,0x0022F360,func,__text__,op_seq_hash,0.95,verified,struct match; sz_diff=0; src=prologue
actSt13aElev,0x00246F68,0x0022F560,func,__text__,op_seq_hash,0.95,verified,struct match; sz_diff=0; src=prologue
actSt13aSekizo,0x00247008,0x00209C30,func,__text__,op_seq_hash,0.95,verified,struct match; sz_diff=0; src=prologue
actSt13aCheck,0x002470A0,0x00209CC8,func,__text__,op_seq_hash,0.95,verified,struct match; sz_diff=0; src=prologue
actSt13aChain,0x00247118,0x00212760,func,__text__,op_seq_hash,0.95,verified,struct match; sz_diff=0; src=prologue
actSt13aElevMain,0x002471C0,0x00212AC8,func,__text__,op_seq_hash,0.95,verified,struct match; sz_diff=0; src=prologue
actSt13aElevSwitch,0x002471F0,0x00212AF8,func,__text__,op_seq_hash,0.95,verified,struct match; sz_diff=0; src=prologue
actSt13aCheckChk,0x00247258,0x0022F850,func,__text__,op_seq_hash,0.95,verified,struct match; sz_diff=0; src=prologue
actSt13aChainOK,0x00247288,0x0022F880,func,__text__,op_seq_hash,0.95,verified,struct match; sz_diff=0; src=prologue
actSt13aChainNG,0x00247338,0x0022F930,func,__text__,op_seq_hash,0.95,verified,struct match; sz_diff=0; src=prologue
actSt13bFloor,0x002473E8,0x001097A0,func,__text__,fuzzy,1.00,candidate,fuzzy; sz_diff=0; src=prologue
actSt13bFloorChk,0x00247560,0x0010CDC0,func,__text__,fuzzy,1.00,candidate,fuzzy; sz_diff=0; src=prologue
actSt13bConte02,0x00247650,0x00104478,func,__text__,fuzzy,1.00,candidate,fuzzy; sz_diff=0; src=prologue
actSt13bSekizoChk,0x00247FC8,0x0022F360,func,__text__,op_seq_hash,0.95,verified,struct match; sz_diff=0; src=prologue
actSt13bSekizo2Chk,0x002481C0,0x0022F360,func,__text__,op_seq_hash,0.95,verified,struct match; sz_diff=0; src=prologue
actSt13bMeetAgain,0x002483B8,0x00230928,func,__text__,op_seq_hash,0.95,verified,struct match; sz_diff=0; src=prologue
actSt13bMeetAgainSub,0x002484D0,0x001033A0,func,__text__,fuzzy,1.00,candidate,fuzzy; sz_diff=0; src=prologue
actSt13bMeetAgainChk,0x002485E8,0x001387F0,func,__text__,fuzzy,1.00,candidate,fuzzy; sz_diff=0; src=prologue
actSt13bBoss,0x00248808,0x00108C98,func,__text__,fuzzy,1.00,candidate,fuzzy; sz_diff=0; src=prologue
actSt13bBossChk,0x00248910,0x00110790,func,__text__,fuzzy,1.00,candidate,fuzzy; sz_diff=0; src=prologue
actSt13bBossAfterChk,0x00248AC8,0x00128AFC,func,__text__,fuzzy,1.00,candidate,fuzzy; sz_diff=0; src=prologue
actSt13bElevDownSub,0x00248CA0,0x00108C98,func,__text__,fuzzy,1.00,candidate,fuzzy; sz_diff=0; src=prologue
actSt13bElevDown,0x00248DA8,0x0011C9DC,func,__text__,fuzzy,1.00,candidate,fuzzy; sz_diff=0; src=prologue
actSt13bElevUp,0x00248F30,0x00230E90,func,__text__,op_seq_hash,0.95,verified,struct match; sz_diff=0; src=prologue
actSt13bElevUpChk,0x00249018,0x00104698,func,__text__,fuzzy,1.00,candidate,fuzzy; sz_diff=0; src=prologue
actSt13bDoorUp,0x002491C0,0x00125614,func,__text__,fuzzy,1.00,candidate,fuzzy; sz_diff=0; src=prologue
actSt13bElev2Chk,0x00249300,0x0010CEA4,func,__text__,fuzzy,1.00,candidate,fuzzy; sz_diff=0; src=prologue
actSt13bSekizo,0x002495A8,0x00209C30,func,__text__,op_seq_hash,0.95,verified,struct match; sz_diff=0; src=prologue
actSt13bSekizo2,0x00249640,0x00209C30,func,__text__,op_seq_hash,0.95,verified,struct match; sz_diff=0; src=prologue
actSt13bBossAfter,0x002496D8,0x00209C30,func,__text__,op_seq_hash,0.95,verified,struct match; sz_diff=0; src=prologue
actSt13bStoneGirl,0x00249770,0x00231260,func,__text__,op_seq_hash,0.95,verified,struct match; sz_diff=0; src=prologue
actSt13bElev,0x002497D8,0x001806B8,func,__text__,op_seq_hash,0.95,verified,struct match; sz_diff=0; src=prologue
actSt13bElev2,0x00249840,0x0011D590,func,__text__,fuzzy,1.00,candidate,fuzzy; sz_diff=0; src=prologue
actSt13bDoor,0x00249908,0x00209C30,func,__text__,op_seq_hash,0.95,verified,struct match; sz_diff=0; src=prologue
actBossTest,0x002499A0,0x002313C8,func,__text__,op_seq_hash,0.95,verified,struct match; sz_diff=0; src=prologue
actSt13bConte02Jimaku,0x00249A20,0x00231448,func,__text__,op_seq_hash,0.95,verified,struct match; sz_diff=0; src=prologue
actSt13bSekizo2Event,0x00249BA0,0x00154CB8,func,__text__,raw_sha1,1.00,verified,exact; src=prologue
actConte10c,0x00249BB0,0x00104818,func,__text__,fuzzy,1.00,candidate,fuzzy; sz_diff=0; src=prologue
actSt13bElevMain,0x00249C60,0x00212AC8,func,__text__,op_seq_hash,0.95,verified,struct match; sz_diff=0; src=prologue
actSt13bElevSwitch,0x00249C90,0x0020A468,func,__text__,op_seq_hash,0.95,verified,struct match; sz_diff=0; src=prologue
actSt13bElevUpSub,0x00249CE8,0x00100C90,func,__text__,fuzzy,1.00,candidate,fuzzy; sz_diff=0; src=prologue
actSt13bDoorMain,0x00249DC0,0x00212AC8,func,__text__,op_seq_hash,0.95,verified,struct match; sz_diff=0; src=prologue
actSt13bDoorSwitch,0x00249DF0,0x0020A468,func,__text__,op_seq_hash,0.95,verified,struct match; sz_diff=0; src=prologue
actSt13bDoorUpSub,0x00249E48,0x0011FC28,func,__text__,fuzzy,1.00,candidate,fuzzy; sz_diff=0; src=prologue
actSt13bElev2CharaChk,0x00249F00,0x0021F470,func,__text__,op_seq_hash,0.95,verified,struct match; sz_diff=0; src=prologue
actSt13b2Generator,0x00249F88,0x00231A98,func,__text__,op_seq_hash,0.95,verified,struct match; sz_diff=0; src=prologue
actSt13cInit,0x00249FB8,0x00231AC8,func,__text__,op_seq_hash,0.95,verified,struct match; sz_diff=0; src=prologue
actSt13cEnd,0x00249FE8,0x00231AF8,func,__text__,op_seq_hash,0.95,verified,struct match; sz_diff=0; src=prologue
actSt13cBmg1,0x0024A028,0x00103AD0,func,__text__,fuzzy,1.00,candidate,fuzzy; sz_diff=0; src=prologue
actSt13cBmg1Chk,0x0024A168,0x00231C58,func,__text__,op_seq_hash,0.95,verified,struct match; sz_diff=0; src=prologue
actSt13cConte04,0x0024A428,0x00231F18,func,__text__,op_seq_hash,0.95,verified,struct match; sz_diff=0; src=prologue
actSt13cConte04Jimaku,0x0024A568,0x00215108,func,__text__,op_seq_hash,0.95,verified,struct match; sz_diff=0; src=prologue
actSt13cCage1stDownDemoCancel,0x0024A720,0x0010B38C,func,__text__,fuzzy,1.00,candidate,fuzzy; sz_diff=0; src=prologue
actSt13cCage1stDown,0x0024A8E8,0x0012A318,func,__text__,fuzzy,1.00,candidate,fuzzy; sz_diff=0; src=prologue
actSt13cCageFall,0x0024AA70,0x002324E0,func,__text__,op_seq_hash,0.95,verified,struct match; sz_diff=0; src=prologue
actSt13cCageFallChk,0x0024ABC0,0x00209440,func,__text__,op_seq_hash,0.95,verified,struct match; sz_diff=0; src=prologue
actSt13cConte05,0x0024B1E8,0x00135580,func,__text__,fuzzy,0.99,candidate,fuzzy; sz_diff=12; src=prologue
actSt13cConte05Jimaku,0x0024B6B8,0x002330A0,func,__text__,op_seq_hash,0.95,verified,struct match; sz_diff=0; src=prologue
actSt13cCageFallEffect,0x0024B880,0x00208CC0,func,__text__,op_seq_hash,0.95,verified,struct match; sz_diff=0; src=prologue
actSt13cSekizoChk,0x0024BBF8,0x0010CDC0,func,__text__,fuzzy,1.00,candidate,fuzzy; sz_diff=0; src=prologue
actSt13cGirlCarryChk,0x0024BED0,0x001141A0,func,__text__,fuzzy,1.00,candidate,fuzzy; sz_diff=0; src=prologue
actSt13cHandChk,0x0024C048,0x0014EB28,func,__text__,fuzzy,1.00,candidate,fuzzy; sz_diff=0; src=prologue
actSt13cHandJimaku,0x0024C550,0x00215108,func,__text__,op_seq_hash,0.95,verified,struct match; sz_diff=0; src=prologue
actSt13cSleep,0x0024C700,0x00209CC8,func,__text__,op_seq_hash,0.95,verified,struct match; sz_diff=0; src=prologue
actSt13cCageDown,0x0024C778,0x00233CC0,func,__text__,op_seq_hash,0.95,verified,struct match; sz_diff=0; src=prologue
actSt13cCageFallReady,0x0024C828,0x00209CC8,func,__text__,op_seq_hash,0.95,verified,struct match; sz_diff=0; src=prologue
actSt13cEnemy,0x0024C8A0,0x00233DE8,func,__text__,op_seq_hash,0.95,verified,struct match; sz_diff=0; src=prologue
actSt13cEnemyNull,0x0024C938,0x0021EEF8,func,__text__,op_seq_hash,0.95,verified,struct match; sz_diff=0; src=prologue
actSt13cSekizo,0x0024C9A0,0x00101100,func,__text__,fuzzy,1.00,candidate,fuzzy; sz_diff=0; src=prologue
actSt13cSekizoJimaku,0x0024CA50,0x00209CC8,func,__text__,op_seq_hash,0.95,verified,struct match; sz_diff=0; src=prologue
actSt13cHand,0x0024CAC8,0x00209CC8,func,__text__,op_seq_hash,0.95,verified,struct match; sz_diff=0; src=prologue
actSt13cGirlCarry,0x0024CB40,0x00209CC8,func,__text__,op_seq_hash,0.95,verified,struct match; sz_diff=0; src=prologue
actSt13cRescue,0x0024CBB8,0x00226D08,func,__text__,op_seq_hash,0.95,verified,struct match; sz_diff=0; src=prologue
actSt13cBuki,0x0024CC40,0x001806B8,func,__text__,op_seq_hash,0.95,verified,struct match; sz_diff=0; src=prologue
actE3St13cSekizo,0x0024CCA8,0x00233EE8,func,__text__,op_seq_hash,0.95,verified,struct match; sz_diff=0; src=prologue
actSt13cBmg1Event,0x0024CD40,0x00154CB8,func,__text__,raw_sha1,1.00,verified,exact; src=prologue
actSt13cSleepEvent,0x0024CD50,0x00154CB8,func,__text__,raw_sha1,1.00,verified,exact; src=prologue
actSt13cSleepChk,0x0024CD60,0x002341F8,func,__text__,op_seq_hash,0.95,verified,struct match; sz_diff=0; src=prologue
actSt13cCageDownMain,0x0024CE30,0x00212AC8,func,__text__,op_seq_hash,0.95,verified,struct match; sz_diff=0; src=prologue
actSt13cCageDownSwitch,0x0024CE60,0x002342F8,func,__text__,op_seq_hash,0.95,verified,struct match; sz_diff=0; src=prologue
actSt13cCage1stDownDemo,0x0024CED0,0x00234368,func,__text__,op_seq_hash,0.95,verified,struct match; sz_diff=0; src=prologue
actSt13cCageFallReadyChk,0x0024CF20,0x002343B8,func,__text__,op_seq_hash,0.95,verified,struct match; sz_diff=0; src=prologue
actSt13cCageFallEvent,0x0024CFA0,0x00154CB8,func,__text__,raw_sha1,1.00,verified,exact; src=prologue
actE3St13cSekizoEvent,0x0024CFB0,0x00154CB8,func,__text__,raw_sha1,1.00,verified,exact; src=prologue
actSt13cSekizoJimakuChk,0x0024CFC0,0x00234458,func,__text__,op_seq_hash,0.95,verified,struct match; sz_diff=0; src=prologue
actSt13cSekizoJimakuEff,0x0024D030,0x0020D418,func,__text__,op_seq_hash,0.95,verified,struct match; sz_diff=0; src=prologue
actSt13cGirlCarryAgainChk,0x0024D1C0,0x00234658,func,__text__,op_seq_hash,0.95,verified,struct match; sz_diff=0; src=prologue
actSt13cHandSub,0x0024D288,0x001019A8,func,__text__,fuzzy,1.00,candidate,fuzzy; sz_diff=0; src=prologue
actSt13cRescueChk,0x0024D2C0,0x00234720,func,__text__,op_seq_hash,0.95,verified,struct match; sz_diff=0; src=prologue
actSt13cBukiEvent,0x0024D368,0x00154CB8,func,__text__,raw_sha1,1.00,verified,exact; src=prologue
actSt13cBukiChk,0x0024D378,0x002347D8,func,__text__,op_seq_hash,0.95,verified,struct match; sz_diff=0; src=prologue
actSt13dExit,0x0024D3D0,0x00234830,func,__text__,op_seq_hash,0.95,verified,struct match; sz_diff=0; src=prologue
actSt13dExitR,0x0024D4B0,0x00234910,func,__text__,op_seq_hash,0.95,verified,struct match; sz_diff=0; src=prologue
actSt13dExitL,0x0024D580,0x00234910,func,__text__,op_seq_hash,0.95,verified,struct match; sz_diff=0; src=prologue
actSt13dInit,0x0024D650,0x00100108,func,__text__,raw_sha1,1.00,verified,exact; src=prologue
actSt17aDoor,0x0024D658,0x00234AB8,func,__text__,op_seq_hash,0.95,verified,struct match; sz_diff=0; src=prologue
actSt17aDoorUpChk,0x0024D7A8,0x00234C08,func,__text__,op_seq_hash,0.95,verified,struct match; sz_diff=0; src=prologue
actSt17aDoorDownChk,0x0024D948,0x00234DA8,func,__text__,op_seq_hash,0.95,verified,struct match; sz_diff=0; src=prologue
actSt17aHasiChk,0x0024DAD8,0x00104240,func,__text__,fuzzy,1.00,candidate,fuzzy; sz_diff=0; src=prologue
actSt17aHasiEffect,0x0024DE10,0x001AA750,func,__text__,fuzzy,0.63,candidate,fuzzy; sz_diff=48; src=extracted
actSt17aIntroCancel,0x0024E0E0,0x0010CDC0,func,__text__,fuzzy,1.00,candidate,fuzzy; sz_diff=0; src=prologue
actLinkTest,0x0024E1F0,0x001806B8,func,__text__,op_seq_hash,0.95,verified,struct match; sz_diff=0; src=prologue
actSt17aSekizo,0x0024E258,0x00235518,func,__text__,op_seq_hash,0.95,verified,struct match; sz_diff=0; src=prologue
actSt17aHasi,0x0024E2C0,0x00235580,func,__text__,op_seq_hash,0.95,verified,struct match; sz_diff=0; src=prologue
actSt17aIntro,0x0024E388,0x00209CC8,func,__text__,op_seq_hash,0.95,verified,struct match; sz_diff=0; src=prologue
actSt17aHint1,0x0024E400,0x00102564,func,__text__,fuzzy,1.00,candidate,fuzzy; sz_diff=0; src=prologue
actSt17aFall,0x0024E488,0x00209CC8,func,__text__,op_seq_hash,0.95,verified,struct match; sz_diff=0; src=prologue
actSt17aSekizoEvent,0x0024E500,0x00154CB8,func,__text__,raw_sha1,1.00,verified,exact; src=prologue
actLinkTestChk,0x0024E510,0x002356D0,func,__text__,op_seq_hash,0.95,verified,struct match; sz_diff=0; src=prologue
actSt17aDoorEvent,0x0024E568,0x00154CB8,func,__text__,raw_sha1,1.00,verified,exact; src=prologue
actSt17aDoorUpEffect,0x0024E578,0x002109E8,func,__text__,op_seq_hash,0.95,verified,struct match; sz_diff=0; src=prologue
actSt17aDoorDownEffect,0x0024E658,0x002109E8,func,__text__,op_seq_hash,0.95,verified,struct match; sz_diff=0; src=prologue
actSt17aHasiEvent,0x0024E738,0x00154CB8,func,__text__,raw_sha1,1.00,verified,exact; src=prologue
actSt17aIntroChk,0x0024E748,0x001029E4,func,__text__,fuzzy,1.00,candidate,fuzzy; sz_diff=0; src=prologue
actSt17aGirlWay,0x0024E7F8,0x001085BC,func,__text__,fuzzy,1.00,candidate,fuzzy; sz_diff=0; src=prologue
actSt17aHint1Chk,0x0024E848,0x001029E4,func,__text__,fuzzy,1.00,candidate,fuzzy; sz_diff=0; src=prologue
actSt17aFallChk,0x0024E8B0,0x0024E8B0,func,__text__,same_va,0.85,verified,same VA; USA size=8; src=prologue
actSt17bTest,0x0024E928,0x00203EE8,func,__text__,op_seq_hash,0.95,verified,struct match; sz_diff=0; src=prologue
actSt17bCheck,0x0024E958,0x00235A48,func,__text__,op_seq_hash,0.95,verified,struct match; sz_diff=0; src=prologue
actSt17bCheckChk,0x0024EA00,0x0022F850,func,__text__,op_seq_hash,0.95,verified,struct match; sz_diff=0; src=prologue
actSt18aEnd,0x0024EA30,0x0020FB00,func,__text__,op_seq_hash,0.95,verified,struct match; sz_diff=0; src=prologue
actSt18aIntroChk,0x0024EA68,0x00108C98,func,__text__,fuzzy,1.00,candidate,fuzzy; sz_diff=0; src=prologue
actSt18aSwitchLChk,0x0024EBB0,0x00122590,func,__text__,fuzzy,1.00,candidate,fuzzy; sz_diff=0; src=prologue
actSt18aSwitchLUpChk,0x0024EDE8,0x00235E98,func,__text__,op_seq_hash,0.95,verified,struct match; sz_diff=0; src=prologue
actSt18aSwitchRChk,0x0024EF28,0x00122590,func,__text__,fuzzy,1.00,candidate,fuzzy; sz_diff=0; src=prologue
actSt18aSwitchRUpChk,0x0024F160,0x00235E98,func,__text__,op_seq_hash,0.95,verified,struct match; sz_diff=0; src=prologue
actSt18aDoorChk,0x0024F2A0,0x0010B5A8,func,__text__,fuzzy,1.00,candidate,fuzzy; sz_diff=0; src=prologue
actSt18aDoorDownChk,0x0024F468,0x00236478,func,__text__,op_seq_hash,0.95,verified,struct match; sz_diff=0; src=prologue
actSt18aEnemy1_1,0x0024F578,0x00109BB8,func,__text__,fuzzy,1.00,candidate,fuzzy; sz_diff=0; src=prologue
actSt18aEnemy2_1,0x0024F670,0x00236660,func,__text__,op_seq_hash,0.95,verified,struct match; sz_diff=0; src=prologue
actSt18aIntro,0x0024F740,0x00209CC8,func,__text__,op_seq_hash,0.95,verified,struct match; sz_diff=0; src=prologue
actSt18aDoor,0x0024F7B8,0x002367A8,func,__text__,op_seq_hash,0.95,verified,struct match; sz_diff=0; src=prologue
actSt18aSwitchL,0x0024F880,0x002367A8,func,__text__,op_seq_hash,0.95,verified,struct match; sz_diff=0; src=prologue
actSt18aSwitchR,0x0024F948,0x002367A8,func,__text__,op_seq_hash,0.95,verified,struct match; sz_diff=0; src=prologue
actSt18aEne,0x0024FA10,0x00209CC8,func,__text__,op_seq_hash,0.95,verified,struct match; sz_diff=0; src=prologue
actSt18aEnemy1_2,0x0024FA88,0x002297D8,func,__text__,op_seq_hash,0.95,verified,struct match; sz_diff=0; src=prologue
actSt18aEne2,0x0024FB40,0x00209CC8,func,__text__,op_seq_hash,0.95,verified,struct match; sz_diff=0; src=prologue
actSt18aEnemy2_2,0x0024FBB8,0x002297D8,func,__text__,op_seq_hash,0.95,verified,struct match; sz_diff=0; src=prologue
actSt18aCamera,0x0024FC70,0x00154CB8,func,__text__,raw_sha1,1.00,verified,exact; src=prologue
actSt18aDoorChkSub,0x0024FC80,0x00106660,func,__text__,fuzzy,1.00,candidate,fuzzy; sz_diff=0; src=prologue
actSt18aEneChk,0x0024FD40,0x002195F0,func,__text__,op_seq_hash,0.95,verified,struct match; sz_diff=0; src=prologue
actSt18aEne2Chk,0x0024FDB0,0x00102564,func,__text__,fuzzy,1.00,candidate,fuzzy; sz_diff=0; src=prologue
actSt19aOriUp,0x0024FE38,0x0012A060,func,__text__,fuzzy,1.00,candidate,fuzzy; sz_diff=0; src=prologue
actSt19aHaguruma,0x00250008,0x0011F248,func,__text__,fuzzy,1.00,candidate,fuzzy; sz_diff=0; src=prologue
actSt19aHagurumaChk,0x00250158,0x00101100,func,__text__,fuzzy,1.00,candidate,fuzzy; sz_diff=0; src=prologue
actSt19aPipeChk,0x00250430,0x0018E1BC,func,__text__,fuzzy,1.00,candidate,fuzzy; sz_diff=0; src=prologue
actSt19aChainDown,0x00250628,0x00100008,func,__text__,fuzzy,1.00,candidate,fuzzy; sz_diff=0; src=prologue
actSt19bIntro,0x00250788,0x0015A044,func,__text__,fuzzy,1.00,candidate,fuzzy; sz_diff=0; src=prologue
actSt19aOri,0x002508E0,0x002508E0,func,__text__,same_va,0.85,verified,same VA; USA size=272; src=prologue
actSt19aOriXL,0x00250990,0x00107DD8,func,__text__,fuzzy,1.00,candidate,fuzzy; sz_diff=0; src=prologue
actSt19aPipe,0x002509E8,0x00237638,func,__text__,op_seq_hash,0.95,verified,struct match; sz_diff=0; src=prologue
actSt19aPipeXL,0x00250AA0,0x00218A20,func,__text__,op_seq_hash,0.95,verified,struct match; sz_diff=0; src=prologue
actSt19aChain,0x00250B00,0x00100F18,func,__text__,fuzzy,1.00,candidate,fuzzy; sz_diff=0; src=prologue
actSt19aOriMain,0x00250B98,0x0020A430,func,__text__,op_seq_hash,0.95,verified,struct match; sz_diff=0; src=prologue
actSt19aOriSwitch,0x00250BD0,0x0020A468,func,__text__,op_seq_hash,0.95,verified,struct match; sz_diff=0; src=prologue
actSt19aChainMain,0x00250C28,0x0020A430,func,__text__,op_seq_hash,0.95,verified,struct match; sz_diff=0; src=prologue
actSt19aChainSwitch,0x00250C60,0x002342F8,func,__text__,op_seq_hash,0.95,verified,struct match; sz_diff=0; src=prologue
actSt19aChainDownSub,0x00250CD0,0x00104818,func,__text__,fuzzy,1.00,candidate,fuzzy; sz_diff=0; src=prologue
actSt20aInit,0x00250D80,0x00237B78,func,__text__,op_seq_hash,0.95,verified,struct match; sz_diff=0; src=prologue
actSt20aEnd,0x00250DD8,0x00106390,func,__text__,fuzzy,1.00,candidate,fuzzy; sz_diff=0; src=prologue
actSt20aBridgeDown,0x00250E60,0x00103B48,func,__text__,fuzzy,1.00,candidate,fuzzy; sz_diff=0; src=prologue
actSt20aGondolaDown,0x00250FF8,0x00104360,func,__text__,fuzzy,1.00,candidate,fuzzy; sz_diff=0; src=prologue
actSt20aGondolaUp,0x00251180,0x00111AE8,func,__text__,fuzzy,1.00,candidate,fuzzy; sz_diff=0; src=prologue
actSt20aFence,0x002512F8,0x001112E0,func,__text__,fuzzy,1.00,candidate,fuzzy; sz_diff=0; src=prologue
actSt20aFenceDownChk,0x002514E8,0x002381C0,func,__text__,op_seq_hash,0.95,verified,struct match; sz_diff=0; src=prologue
actSt20aFenceUpChk,0x00251648,0x00238320,func,__text__,op_seq_hash,0.95,verified,struct match; sz_diff=0; src=prologue
actSt20aFenceDownChk2,0x002517A8,0x00238480,func,__text__,op_seq_hash,0.95,verified,struct match; sz_diff=0; src=prologue
actSt20aFenceUpChk2,0x00251908,0x00238320,func,__text__,op_seq_hash,0.95,verified,struct match; sz_diff=0; src=prologue
actSt20aBridge,0x00251A68,0x00209CC8,func,__text__,op_seq_hash,0.95,verified,struct match; sz_diff=0; src=prologue
actSt20aGondola,0x00251AE0,0x0022CBD8,func,__text__,op_seq_hash,0.95,verified,struct match; sz_diff=0; src=prologue
actSt20aExit,0x00251B90,0x001806B8,func,__text__,op_seq_hash,0.95,verified,struct match; sz_diff=0; src=prologue
actSt20aElv,0x00251BF8,0x0022EC70,func,__text__,op_seq_hash,0.95,verified,struct match; sz_diff=0; src=prologue
actSt20aEne,0x00251C78,0x00209CC8,func,__text__,op_seq_hash,0.95,verified,struct match; sz_diff=0; src=prologue
actSt20aEnemy1,0x00251CF0,0x00210738,func,__text__,op_seq_hash,0.95,verified,struct match; sz_diff=0; src=prologue
actSt20aEnemy2,0x00251D98,0x00210738,func,__text__,op_seq_hash,0.95,verified,struct match; sz_diff=0; src=prologue
actSt20aEnemy3,0x00251E40,0x002113C8,func,__text__,op_seq_hash,0.95,verified,struct match; sz_diff=0; src=prologue
actSt20aHint1,0x00251EB0,0x0021E830,func,__text__,op_seq_hash,0.95,verified,struct match; sz_diff=0; src=prologue
actSt20aGirlPos,0x00251F38,0x00102870,func,__text__,fuzzy,1.00,candidate,fuzzy; sz_diff=0; src=prologue
actSt20aBridgeMain,0x00251FB8,0x0020A430,func,__text__,op_seq_hash,0.95,verified,struct match; sz_diff=0; src=prologue
actSt20aBridgeSwitch,0x00251FF0,0x0020A468,func,__text__,op_seq_hash,0.95,verified,struct match; sz_diff=0; src=prologue
actSt20aBridgeDownSub,0x00252048,0x00143AD0,func,__text__,fuzzy,1.00,candidate,fuzzy; sz_diff=0; src=prologue
actSt20aGondolaMain,0x00252100,0x00238C18,func,__text__,op_seq_hash,0.95,verified,struct match; sz_diff=0; src=prologue
actSt20aGondolaSwitch,0x00252148,0x00212C58,func,__text__,op_seq_hash,0.95,verified,struct match; sz_diff=0; src=prologue
actSt20aExitChk,0x002521F0,0x0022ED98,func,__text__,op_seq_hash,0.95,verified,struct match; sz_diff=0; src=prologue
actSt20aEneChk,0x002522C0,0x00229FF0,func,__text__,op_seq_hash,0.95,verified,struct match; sz_diff=0; src=prologue
actSt20aGirlPosChk,0x00252338,0x001029E4,func,__text__,fuzzy,1.00,candidate,fuzzy; sz_diff=0; src=prologue
actSt20aHint1Chk,0x002523A0,0x001048C8,func,__text__,fuzzy,1.00,candidate,fuzzy; sz_diff=0; src=prologue
actSt22aLightningVolime,0x00252418,0x00238E50,func,__text__,op_seq_hash,0.95,verified,struct match; sz_diff=0; src=prologue
actSt22aIntro,0x002524D8,0x00238F10,func,__text__,op_seq_hash,0.95,verified,struct match; sz_diff=0; src=prologue
actSt22aIntroChk,0x00252700,0x00239138,func,__text__,op_seq_hash,0.95,verified,struct match; sz_diff=0; src=prologue
actSt22aIntroSub,0x002529A8,0x002393C0,func,__text__,op_seq_hash,0.95,verified,struct match; sz_diff=0; src=prologue
actSt24aSwordChk,0x00252AC0,0x00146014,func,__text__,fuzzy,1.00,candidate,fuzzy; sz_diff=0; src=prologue
actSt24aDemoCamChk,0x00252D30,0x001048C8,func,__text__,fuzzy,1.00,candidate,fuzzy; sz_diff=0; src=prologue
actSt24aSword,0x00252E70,0x00239680,func,__text__,op_seq_hash,0.95,verified,struct match; sz_diff=0; src=prologue
actSt24aSaku,0x00252F00,0x00217B48,func,__text__,op_seq_hash,0.95,verified,struct match; sz_diff=0; src=prologue
actSt24aDemoCam,0x00252F40,0x00209CC8,func,__text__,op_seq_hash,0.95,verified,struct match; sz_diff=0; src=prologue
actSt24aSwordSub,0x00252FB8,0x00100C90,func,__text__,fuzzy,1.00,candidate,fuzzy; sz_diff=0; src=prologue
actSt47aInit,0x00253090,0x00239750,func,__text__,op_seq_hash,0.95,verified,struct match; sz_diff=0; src=prologue
actSt47aEnd,0x00253138,0x0020FB00,func,__text__,op_seq_hash,0.95,verified,struct match; sz_diff=0; src=prologue
actSt47aSekizo1Chk,0x00253170,0x00239830,func,__text__,op_seq_hash,0.95,verified,struct match; sz_diff=0; src=prologue
actSt47aHane1Down,0x002534D0,0x00101030,func,__text__,fuzzy,1.00,candidate,fuzzy; sz_diff=0; src=prologue
actSt47aHane1Up,0x00253690,0x0010882C,func,__text__,fuzzy,1.00,candidate,fuzzy; sz_diff=0; src=prologue
actSt47aHane2Down,0x00253890,0x00101030,func,__text__,fuzzy,1.00,candidate,fuzzy; sz_diff=0; src=prologue
actSt47aHane2Up,0x00253A50,0x0011FC28,func,__text__,fuzzy,1.00,candidate,fuzzy; sz_diff=0; src=prologue
actSt47aRope,0x00253C30,0x00104748,func,__text__,fuzzy,1.00,candidate,fuzzy; sz_diff=0; src=prologue
actSt47aRopeChk,0x00253D00,0x00101030,func,__text__,fuzzy,1.00,candidate,fuzzy; sz_diff=0; src=prologue
actSt47aBarricadeChk,0x00253F20,0x00107B28,func,__text__,fuzzy,1.00,candidate,fuzzy; sz_diff=0; src=prologue
actSt47aEnemy1,0x00254048,0x0023A180,func,__text__,op_seq_hash,0.95,verified,struct match; sz_diff=0; src=prologue
actSt47aTorch,0x00254110,0x0023A248,func,__text__,op_seq_hash,0.95,verified,struct match; sz_diff=0; src=prologue
actSt47aSekizo1,0x002541C0,0x0023A2F8,func,__text__,op_seq_hash,0.95,verified,struct match; sz_diff=0; src=prologue
actSt47aSekizo2,0x00254280,0x0023A3B8,func,__text__,op_seq_hash,0.95,verified,struct match; sz_diff=0; src=prologue
actSt47aHane1,0x002542E0,0x0023A4D8,func,__text__,op_seq_hash,0.95,verified,struct match; sz_diff=0; src=prologue
actSt47aHane2,0x00254350,0x001806B8,func,__text__,op_seq_hash,0.95,verified,struct match; sz_diff=0; src=prologue
actSt47aBarricade,0x002543B8,0x00104818,func,__text__,fuzzy,1.00,candidate,fuzzy; sz_diff=0; src=prologue
actSt47aExit,0x00254468,0x001806B8,func,__text__,op_seq_hash,0.95,verified,struct match; sz_diff=0; src=prologue
actSt47aExit2,0x002544D0,0x00212808,func,__text__,op_seq_hash,0.95,verified,struct match; sz_diff=0; src=prologue
actSt47aEne,0x00254548,0x00209CC8,func,__text__,op_seq_hash,0.95,verified,struct match; sz_diff=0; src=prologue
actSt47aEnemy2,0x002545C0,0x002107E0,func,__text__,op_seq_hash,0.95,verified,struct match; sz_diff=0; src=prologue
actSt47aEnemy3,0x00254650,0x002107E0,func,__text__,op_seq_hash,0.95,verified,struct match; sz_diff=0; src=prologue
actSt47aEnemy4,0x002546E0,0x0021EEF8,func,__text__,op_seq_hash,0.95,verified,struct match; sz_diff=0; src=prologue
actSt47aHint2On,0x00254748,0x00102870,func,__text__,fuzzy,1.00,candidate,fuzzy; sz_diff=0; src=prologue
actSt47aSekizo1Event,0x002547C8,0x00154CB8,func,__text__,raw_sha1,1.00,verified,exact; src=prologue
actSt47aGirlWay,0x002547D8,0x001BC130,func,__text__,fuzzy,0.85,candidate,fuzzy; sz_diff=12; src=extracted
actSt47aSekizo2Event,0x00254860,0x00154CB8,func,__text__,raw_sha1,1.00,verified,exact; src=prologue
actSt47aHane1Main,0x00254870,0x00212AC8,func,__text__,op_seq_hash,0.95,verified,struct match; sz_diff=0; src=prologue
actSt47aHane1Switch,0x002548A0,0x00212C58,func,__text__,op_seq_hash,0.95,verified,struct match; sz_diff=0; src=prologue
actSt47aHane1_1Girl,0x00254948,0x0023AB90,func,__text__,op_seq_hash,0.95,verified,struct match; sz_diff=0; src=prologue
actSt47aHane1_2Girl,0x00254998,0x0023AB90,func,__text__,op_seq_hash,0.95,verified,struct match; sz_diff=0; src=prologue
actSt47aHane2Main,0x002549E8,0x00212AC8,func,__text__,op_seq_hash,0.95,verified,struct match; sz_diff=0; src=prologue
actSt47aHane2Switch,0x00254A18,0x00212C58,func,__text__,op_seq_hash,0.95,verified,struct match; sz_diff=0; src=prologue
actSt47aHane2Girl,0x00254AC0,0x0023AB90,func,__text__,op_seq_hash,0.95,verified,struct match; sz_diff=0; src=prologue
actSt47aRopeSub,0x00254B10,0x00104818,func,__text__,fuzzy,1.00,candidate,fuzzy; sz_diff=0; src=prologue
actSt47aBarricadeEvent,0x00254BC0,0x00154CB8,func,__text__,raw_sha1,1.00,verified,exact; src=prologue
actSt47aExitChk,0x00254BD0,0x0023AE28,func,__text__,op_seq_hash,0.95,verified,struct match; sz_diff=0; src=prologue
actSt47aExit2Chk,0x00254C48,0x0023AEA0,func,__text__,op_seq_hash,0.95,verified,struct match; sz_diff=0; src=prologue
actSt47aEneChk,0x00254C80,0x002195F0,func,__text__,op_seq_hash,0.95,verified,struct match; sz_diff=0; src=prologue
actSt47aHint2OnChk,0x00254CF0,0x00254CF0,func,__text__,same_va,0.85,verified,same VA; USA size=8; src=prologue
actExplode,0x00254D40,0x001806B8,func,__text__,op_seq_hash,0.95,verified,struct match; sz_diff=0; src=prologue
actSplash1,0x00254DA8,0x001806B8,func,__text__,op_seq_hash,0.95,verified,struct match; sz_diff=0; src=prologue
actSplash2,0x00254E10,0x001806B8,func,__text__,op_seq_hash,0.95,verified,struct match; sz_diff=0; src=prologue
actWave,0x00254E78,0x001806B8,func,__text__,op_seq_hash,0.95,verified,struct match; sz_diff=0; src=prologue
actSpider,0x00254EE0,0x0023B0E8,func,__text__,op_seq_hash,0.95,verified,struct match; sz_diff=0; src=prologue
actDevilLightning,0x00254F68,0x0023B170,func,__text__,op_seq_hash,0.95,verified,struct match; sz_diff=0; src=prologue
actQueenLightning,0x00254FB0,0x0023B170,func,__text__,op_seq_hash,0.95,verified,struct match; sz_diff=0; src=prologue
actSt17aTest,0x00254FF8,0x0023B200,func,__text__,op_seq_hash,0.95,verified,struct match; sz_diff=0; src=prologue
actSt27aWave,0x00255070,0x001806B8,func,__text__,op_seq_hash,0.95,verified,struct match; sz_diff=0; src=prologue
actExplodeChk,0x002550D8,0x0023B2E0,func,__text__,op_seq_hash,0.95,verified,struct match; sz_diff=0; src=prologue
actSplash1Chk,0x00255188,0x0023B2E0,func,__text__,op_seq_hash,0.95,verified,struct match; sz_diff=0; src=prologue
actSplash2Chk,0x00255238,0x0023B2E0,func,__text__,op_seq_hash,0.95,verified,struct match; sz_diff=0; src=prologue
actWaveChk,0x002552E8,0x0020D748,func,__text__,op_seq_hash,0.95,verified,struct match; sz_diff=0; src=prologue
actWave1,0x00255310,0x0023B518,func,__text__,op_seq_hash,0.95,verified,struct match; sz_diff=0; src=prologue
actSt27aWaveChk,0x00255398,0x0020D748,func,__text__,op_seq_hash,0.95,verified,struct match; sz_diff=0; src=prologue
actSt27aWave1,0x002553C0,0x0023B518,func,__text__,op_seq_hash,0.95,verified,struct match; sz_diff=0; src=prologue
actSpiderChk,0x00255448,0x0023B650,func,__text__,op_seq_hash,0.95,verified,struct match; sz_diff=0; src=prologue
actSt17aTestChk,0x002554B0,0x0023B6B8,func,__text__,op_seq_hash,0.95,verified,struct match; sz_diff=0; src=prologue
stageSEtaimatsu,0x00255520,0x0023B728,func,__text__,op_seq_hash,0.95,verified,struct match; sz_diff=0; src=prologue
stageSE04eriver,0x002556B0,0x0023B8B8,func,__text__,op_seq_hash,0.95,verified,struct match; sz_diff=0; src=prologue
stageSE06ariver,0x002558A8,0x0023BAB0,func,__text__,op_seq_hash,0.95,verified,struct match; sz_diff=0; src=prologue
stageSE10lstrong2,0x00255A00,0x0023BC08,func,__text__,op_seq_hash,0.95,verified,struct match; sz_diff=0; src=prologue
stageSE19ataki,0x00255B48,0x0023BD50,func,__text__,op_seq_hash,0.95,verified,struct match; sz_diff=0; src=prologue
stageSE02astrong,0x00255D68,0x0023BF70,func,__text__,op_seq_hash,0.95,verified,struct match; sz_diff=0; src=prologue
stageSE02ataki,0x00255E88,0x0023C090,func,__text__,op_seq_hash,0.95,verified,struct match; sz_diff=0; src=prologue
stageSE02atakib,0x00255EE0,0x0023C0E8,func,__text__,op_seq_hash,0.95,verified,struct match; sz_diff=0; src=prologue
stageSE03tsuiro,0x00255F40,0x0023C148,func,__text__,op_seq_hash,0.95,verified,struct match; sz_diff=0; src=prologue
stageSE03tnotSuiro,0x00255F78,0x0023C180,func,__text__,op_seq_hash,0.95,verified,struct match; sz_diff=0; src=prologue
stageSE04agate,0x00255FB8,0x0023C1C0,func,__text__,op_seq_hash,0.95,verified,struct match; sz_diff=0; src=prologue
stageSE04bstrong,0x00256088,0x0023C290,func,__text__,op_seq_hash,0.95,verified,struct match; sz_diff=0; src=prologue
stageSE04ewind,0x002560E8,0x0023C2F0,func,__text__,op_seq_hash,0.95,verified,struct match; sz_diff=0; src=prologue
stageSE04eriverDown,0x00256178,0x0023C380,func,__text__,op_seq_hash,0.95,verified,struct match; sz_diff=0; src=prologue
stageSE06astrong,0x00256228,0x0023C430,func,__text__,op_seq_hash,0.95,verified,struct match; sz_diff=0; src=prologue
stageSE06abirdIn,0x00256338,0x0023C540,func,__text__,op_seq_hash,0.95,verified,struct match; sz_diff=0; src=prologue
stageSE06abirdOut,0x00256390,0x0023C540,func,__text__,op_seq_hash,0.95,verified,struct match; sz_diff=0; src=prologue
stageSE06ataimatsu,0x002563E8,0x0023C5F0,func,__text__,op_seq_hash,0.95,verified,struct match; sz_diff=0; src=prologue
stageSE08astrong,0x00256458,0x0023C660,func,__text__,op_seq_hash,0.95,verified,struct match; sz_diff=0; src=prologue
stageSE08astrong2,0x00256528,0x0023C730,func,__text__,op_seq_hash,0.95,verified,struct match; sz_diff=0; src=prologue
stageSE08anoise3,0x00256600,0x0023C808,func,__text__,op_seq_hash,0.95,verified,struct match; sz_diff=0; src=prologue
stageSE08ataimatsu,0x00256688,0x0023C890,func,__text__,op_seq_hash,0.95,verified,struct match; sz_diff=0; src=prologue
stageSE08bcrane,0x00256700,0x0023C908,func,__text__,op_seq_hash,0.95,verified,struct match; sz_diff=0; src=prologue
stageSE08brail,0x00256780,0x0023C988,func,__text__,op_seq_hash,0.95,verified,struct match; sz_diff=0; src=prologue
stageSE09asea,0x00256800,0x00102644,func,__text__,fuzzy,1.00,candidate,fuzzy; sz_diff=0; src=extracted
stageSE10lstrong,0x00256838,0x0023CA40,func,__text__,op_seq_hash,0.95,verified,struct match; sz_diff=0; src=prologue
stageSE10rstrong,0x00256978,0x0023CB80,func,__text__,op_seq_hash,0.95,verified,struct match; sz_diff=0; src=prologue
stageSE10rstrong2,0x00256A10,0x0023C290,func,__text__,op_seq_hash,0.95,verified,struct match; sz_diff=0; src=prologue
stageSE13arain,0x00256A70,0x001079DC,func,__text__,fuzzy,1.00,candidate,fuzzy; sz_diff=0; src=extracted
stageSE13cNoise,0x00256AB0,0x001009E0,func,__text__,fuzzy,1.00,candidate,fuzzy; sz_diff=0; src=extracted
stageSE13dterrace,0x00256AD8,0x0023CCE0,func,__text__,op_seq_hash,0.95,verified,struct match; sz_diff=0; src=prologue
stageSE13dstrong,0x00256B18,0x0023CD20,func,__text__,op_seq_hash,0.95,verified,struct match; sz_diff=0; src=prologue
stageSE17astrong,0x00256BD0,0x0023CDD8,func,__text__,op_seq_hash,0.95,verified,struct match; sz_diff=0; src=prologue
stageSE18awind,0x00256C30,0x0023CB80,func,__text__,op_seq_hash,0.95,verified,struct match; sz_diff=0; src=prologue
stageSE17brain,0x00256CC0,0x0023C2F0,func,__text__,op_seq_hash,0.95,verified,struct match; sz_diff=0; src=prologue
stageSE17bstrong,0x00256D50,0x0023C2F0,func,__text__,op_seq_hash,0.95,verified,struct match; sz_diff=0; src=prologue
stageSE17btaki,0x00256E28,0x00101AE8,func,__text__,fuzzy,1.00,candidate,fuzzy; sz_diff=0; src=extracted
stageSE19astrong,0x00256E48,0x0023D050,func,__text__,op_seq_hash,0.95,verified,struct match; sz_diff=0; src=prologue
stageSE19arain,0x00256EC0,0x00101B14,func,__text__,fuzzy,1.00,candidate,fuzzy; sz_diff=0; src=extracted
stageSE20astrong,0x00256EE8,0x0023D0F0,func,__text__,op_seq_hash,0.95,verified,struct match; sz_diff=0; src=prologue
stageSE20astrong2,0x00256F68,0x0023C290,func,__text__,op_seq_hash,0.95,verified,struct match; sz_diff=0; src=prologue
stageSE22astrong,0x00256FC8,0x0023D1D0,func,__text__,op_seq_hash,0.95,verified,struct match; sz_diff=0; src=prologue
stageSE22arain,0x00257048,0x0023CB80,func,__text__,op_seq_hash,0.95,verified,struct match; sz_diff=0; src=prologue
stageSE24astrong,0x002570E0,0x0023C290,func,__text__,op_seq_hash,0.95,verified,struct match; sz_diff=0; src=prologue
stageSE24arain,0x00257140,0x001009E0,func,__text__,fuzzy,1.00,candidate,fuzzy; sz_diff=0; src=extracted
stageSE24ariver,0x00257168,0x00101AE8,func,__text__,fuzzy,1.00,candidate,fuzzy; sz_diff=0; src=extracted
stageSE47anoise,0x00257188,0x0023C2F0,func,__text__,op_seq_hash,0.95,verified,struct match; sz_diff=0; src=prologue
GetDataFileName,0x00257218,0x0023D420,func,__text__,op_seq_hash,0.95,verified,struct match; sz_diff=0; src=prologue
GetDataFileName2,0x00257260,0x0023D468,func,__text__,op_seq_hash,0.95,verified,struct match; sz_diff=0; src=prologue
ObjectBeforeFunc,0x00257310,0x001BC130,func,__text__,fuzzy,0.85,candidate,fuzzy; sz_diff=12; src=extracted
ObjAction_CorrectGeo,0x00257318,0x001BC130,func,__text__,fuzzy,0.88,candidate,fuzzy; sz_diff=4; src=extracted
ObjAction_Mail,0x00257398,0x0023D6E8,func,__text__,op_seq_hash,0.95,verified,struct match; sz_diff=0; src=prologue
ObjAction_MailCenter,0x00257400,0x0023D750,func,__text__,op_seq_hash,0.95,verified,struct match; sz_diff=0; src=prologue
ObjAction_Init,0x002574F8,0x0023D848,func,__text__,op_seq_hash,0.95,verified,struct match; sz_diff=0; src=prologue
audioDecCreate,0x00257550,0x0023D8A8,func,__text__,op_seq_hash,0.95,verified,struct match; sz_diff=0; src=prologue
audioDecEndPut,0x00257708,0x0023DA60,func,__text__,op_seq_hash,0.95,verified,struct match; sz_diff=0; src=prologue
sendToIOP2area,0x00257828,0x0023DB80,func,__text__,raw_sha1,1.00,verified,exact; src=prologue
audioDecSendToIOP,0x00257B58,0x0023DEB0,func,__text__,op_seq_hash,0.95,verified,struct match; sz_diff=0; src=prologue
pcmCallback,0x00257D30,0x0023E088,func,__text__,op_seq_hash,0.95,verified,struct match; sz_diff=0; src=prologue
audioDecDelete,0x00257E18,0x00102418,func,__text__,fuzzy,1.00,candidate,fuzzy; sz_diff=0; src=prologue
audioDecReset,0x00257EB8,0x0023E228,func,__text__,op_seq_hash,0.95,verified,struct match; sz_diff=0; src=prologue
audioDecIsPreset,0x00257F10,0x00106750,func,__text__,fuzzy,1.00,candidate,fuzzy; sz_diff=0; src=extracted
audioDecStart,0x00257F28,0x0023E298,func,__text__,op_seq_hash,0.95,verified,struct match; sz_diff=0; src=prologue
audioDecPause,0x00257FC0,0x0023E330,func,__text__,op_seq_hash,0.95,verified,struct match; sz_diff=0; src=prologue
audioDecResume,0x00257FF8,0x0023E298,func,__text__,op_seq_hash,0.95,verified,struct match; sz_diff=0; src=prologue
dispClear,0x00258090,0x001097A0,func,__text__,fuzzy,1.00,candidate,fuzzy; sz_diff=0; src=prologue
setDispEnv,0x00258208,0x00116184,func,__text__,fuzzy,1.00,candidate,fuzzy; sz_diff=0; src=prologue
setImageSize,0x002583E8,,func,__text__,unmatched,0.00,unmatched,no match; PAL size=1376; src=extracted
sendDispEnv,0x002583F8,0x0011FF30,func,__text__,op_seq_hash,0.95,verified,struct match; sz_diff=0; src=prologue
dispCreate,0x00258460,,func,__text__,unmatched,0.00,unmatched,no match; PAL size=1256; src=extracted
dispSetTags,0x00258518,0x0012E940,func,__text__,fuzzy,1.00,candidate,fuzzy; sz_diff=4; src=prologue
dispSwitch,0x00258948,0x001BFB6C,func,__text__,fuzzy,0.83,candidate,fuzzy; sz_diff=8; src=extracted
vblankHandler,0x00258980,0x0023EE28,func,__text__,op_seq_hash,0.95,verified,struct match; sz_diff=0; src=prologue
dispDelete,0x00258B08,0x00100108,func,__text__,raw_sha1,1.00,verified,exact; src=prologue
loadImage,0x00258B10,0x0023EFB8,func,__text__,raw_sha1,1.00,verified,exact; src=prologue
handler_endimage,0x00258B50,0x0023EFF8,func,__text__,op_seq_hash,0.95,verified,struct match; sz_diff=0; src=prologue
startDisplay,0x00258B88,0x0023F030,func,__text__,op_seq_hash,0.95,verified,struct match; sz_diff=0; src=prologue
endDisplay,0x00258BC8,0x001010EC,func,__text__,fuzzy,1.00,candidate,fuzzy; sz_diff=0; src=extracted
setDMAscTag,0x00258BD8,0x0023F080,func,__text__,raw_sha1,1.00,verified,exact; src=prologue
setGIFtag,0x00258C30,0x00258C30,func,__text__,same_va,0.85,verified,same VA; USA size=8; src=extracted
setGIFad,0x00258C88,0x0023F130,func,__text__,raw_sha1,1.00,verified,exact; src=prologue
setTEXFLUSH,0x00258CB8,0x00258CB8,func,__text__,same_va,0.85,verified,same VA; USA size=8; src=extracted
setTEX1_1,0x00258CD8,0x0013C958,func,__text__,fuzzy,0.95,candidate,fuzzy; sz_diff=12; src=extracted
setTEX0_1,0x00258D58,0x00132AD4,func,__text__,fuzzy,0.97,candidate,fuzzy; sz_diff=8; src=extracted
setPRIM,0x00258E10,0x0013FD78,func,__text__,fuzzy,0.98,candidate,fuzzy; sz_diff=4; src=extracted
setUV,0x00258EA8,0x00251CF8,func,__text__,fuzzy,1.00,candidate,fuzzy; sz_diff=0; src=extracted
setRGBAQ,0x00258EF0,0x0013C9D8,func,__text__,fuzzy,1.00,candidate,fuzzy; sz_diff=0; src=extracted
setXYZ2,0x00258F58,0x001AE8F0,func,__text__,fuzzy,1.00,candidate,fuzzy; sz_diff=0; src=extracted
setFRAME_1,0x00258FA8,0x0013FD10,func,__text__,fuzzy,1.00,candidate,fuzzy; sz_diff=0; src=extracted
setTEST_1,0x00259008,0x0013FE18,func,__text__,fuzzy,1.00,candidate,fuzzy; sz_diff=0; src=extracted
setSCISSOR_1,0x00259098,0x0013C538,func,__text__,fuzzy,1.00,candidate,fuzzy; sz_diff=0; src=extracted
setXYOFFSET_1,0x002590F0,0x001D0F68,func,__text__,fuzzy,0.98,candidate,fuzzy; sz_diff=4; src=extracted
setPRMODECONT,0x00259128,0x001D0F68,func,__text__,fuzzy,0.97,candidate,fuzzy; sz_diff=8; src=extracted
setPRMODE,0x00259158,0x0013FE18,func,__text__,fuzzy,1.00,candidate,fuzzy; sz_diff=0; src=extracted
setCLAMP_1,0x002591E8,0x002591E8,func,__text__,same_va,0.85,verified,same VA; USA size=8; src=extracted
setBITBLTBUF,0x00259260,0x001D0F68,func,__text__,fuzzy,1.00,candidate,fuzzy; sz_diff=0; src=extracted
setTRXPOS,0x00259298,0x001D0F68,func,__text__,fuzzy,1.00,candidate,fuzzy; sz_diff=0; src=extracted
setTRXREG,0x002592D0,0x001D0F68,func,__text__,fuzzy,0.98,candidate,fuzzy; sz_diff=4; src=extracted
setTRXDIR,0x00259308,0x001D0F68,func,__text__,fuzzy,0.97,candidate,fuzzy; sz_diff=8; src=extracted
ErrMessage,0x00259338,0x0010184C,func,__text__,fuzzy,0.86,candidate,fuzzy; sz_diff=12; src=extracted
copy2area,0x00259348,0x0023F7F0,func,__text__,op_seq_hash,0.95,verified,struct match; sz_diff=0; src=prologue
viBuf_free_buf,0x00259480,0x0023F928,func,__text__,op_seq_hash,0.95,verified,struct match; sz_diff=0; src=prologue
viBufCreate,0x002594B8,0x0023F960,func,__text__,op_seq_hash,0.95,verified,struct match; sz_diff=0; src=prologue
viBufReset,0x00259678,0x0023FB20,func,__text__,raw_sha1,1.00,verified,exact; src=prologue
viBufBeginPut,0x00259810,0x0023FCB8,func,__text__,raw_sha1,1.00,verified,exact; src=prologue
viBufEndPut,0x002598F8,0x0023FDA0,func,__text__,raw_sha1,1.00,verified,exact; src=prologue
viBufAddDMA,0x00259948,0x0023FDF0,func,__text__,op_seq_hash,0.95,verified,struct match; sz_diff=0; src=prologue
viBufStopDMA,0x00259BE8,0x00240090,func,__text__,raw_sha1,1.00,verified,exact; src=prologue
viBufRestartDMA,0x00259D70,0x00240218,func,__text__,raw_sha1,1.00,verified,exact; src=prologue
viBufFlush,0x0025A158,0x00240600,func,__text__,raw_sha1,1.00,verified,exact; src=prologue
viBufModifyPts,0x0025A1A8,0x00240650,func,__text__,raw_sha1,1.00,verified,exact; src=prologue
viBufGetTs,0x0025A318,0x002407C0,func,__text__,raw_sha1,1.00,verified,exact; src=prologue
viBufFree,0x0025A4A8,0x0019D9D8,func,__text__,op_seq_hash,0.95,verified,struct match; sz_diff=0; src=prologue
viBufDelete,0x0025A4B8,0x00240960,func,__text__,op_seq_hash,0.95,verified,struct match; sz_diff=0; src=prologue
viBufCount,0x0025A578,0x00240A20,func,__text__,raw_sha1,1.00,verified,exact; src=prologue
viBufPutTs,0x0025A5C8,0x00240A70,func,__text__,op_seq_hash,0.95,verified,struct match; sz_diff=0; src=prologue
ResetGObjProc,0x0025A6B8,0x00102678,func,__text__,op_seq_hash,0.95,verified,struct match; sz_diff=0; src=prologue
GetMaxGObj,0x0025A6C0,0x00109BAC,func,__text__,op_seq_hash,0.95,verified,struct match; sz_diff=0; src=prologue
GetGObjP,0x0025A6C8,0x00100BA8,func,__text__,fuzzy,1.00,candidate,fuzzy; sz_diff=0; src=extracted
GetGObjId,0x0025A6E0,0x00102644,func,__text__,fuzzy,1.00,candidate,fuzzy; sz_diff=0; src=extracted
PrintGObjID,0x0025A728,0x00240BD0,func,__text__,op_seq_hash,0.95,verified,struct match; sz_diff=0; src=prologue
InitCameraGObjs,0x0025A7A8,0x00240C50,func,__text__,op_seq_hash,0.95,verified,struct match; sz_diff=0; src=prologue
CreateGObj,0x0025A898,0x00240D40,func,__text__,op_seq_hash,0.95,verified,struct match; sz_diff=0; src=prologue
CreateGObjByFuncSet,0x0025A9F8,0x00240EA0,func,__text__,op_seq_hash,0.95,verified,struct match; sz_diff=0; src=prologue
MakeBoundingBox,0x0025AB20,0x00240FC8,func,__text__,op_seq_hash,0.95,verified,struct match; sz_diff=0; src=prologue
MakePacket,0x0025AE30,,func,__text__,unmatched,0.00,unmatched,no match; PAL size=1480; src=extracted
AllocPObj,0x0025AF48,0x002413F0,func,__text__,op_seq_hash,0.95,verified,struct match; sz_diff=0; src=prologue
InitPObj,0x0025B3F8,0x002418A0,func,__text__,op_seq_hash,0.95,verified,struct match; sz_diff=0; src=prologue
FreePObj,0x0025B558,0x00123C00,func,__text__,op_seq_hash,0.95,verified,struct match; sz_diff=0; src=prologue
DrawVObj,0x0025B578,0x00241A20,func,__text__,op_seq_hash,0.95,verified,struct match; sz_diff=0; src=prologue
SetVObjRT,0x0025B640,0x00241AE8,func,__text__,op_seq_hash,0.95,verified,struct match; sz_diff=0; src=prologue
sceGsResetGraph,0x0025B680,0x00241B28,func,__text__,op_seq_hash,0.95,verified,struct match; sz_diff=0; src=prologue
sceGsGetGParam,0x0025B790,0x0014BDC8,func,__text__,op_seq_hash,0.95,verified,struct match; sz_diff=0; src=extracted
sceGsResetPath,0x0025B7A0,0x00241C48,func,__text__,op_seq_hash,0.95,verified,struct match; sz_diff=0; src=prologue
sceGsSetDefDispEnv,0x0025B808,0x00241CB0,func,__text__,op_seq_hash,0.95,verified,struct match; sz_diff=0; src=prologue
sceGsPutDispEnv,0x0025BA78,0x00241F20,func,__text__,op_seq_hash,0.95,verified,struct match; sz_diff=0; src=prologue
sceGsSetDefDrawEnv,0x0025BB38,0x00241FE0,func,__text__,op_seq_hash,0.95,verified,struct match; sz_diff=0; src=prologue
sceGsPutDrawEnv,0x0025BD20,0x002421C8,func,__text__,op_seq_hash,0.95,verified,struct match; sz_diff=0; src=prologue
sceGsSetDefDBuff,0x0025BE08,0x002422B0,func,__text__,op_seq_hash,0.95,verified,struct match; sz_diff=0; src=prologue
sceGsSwapDBuff,0x0025C0A0,0x00242548,func,__text__,op_seq_hash,0.95,verified,struct match; sz_diff=0; src=prologue
sceGsSyncV,0x0025C100,0x002425A8,func,__text__,op_seq_hash,0.95,verified,struct match; sz_diff=0; src=prologue
sceGsSyncPath,0x0025C198,0x00242640,func,__text__,op_seq_hash,0.95,verified,struct match; sz_diff=0; src=prologue
sceGsSetDefTexEnv,0x0025C4B0,0x001033A0,func,__text__,fuzzy,1.00,candidate,fuzzy; sz_diff=0; src=extracted
sceGsSetDefAlphaEnv,0x0025C5C0,0x001029E4,func,__text__,fuzzy,1.00,candidate,fuzzy; sz_diff=0; src=extracted
sceGsSetDefLoadImage,0x0025C620,0x00151F00,func,__text__,fuzzy,0.94,candidate,fuzzy; sz_diff=4; src=extracted
sceGsSetDefStoreImage,0x0025C808,0x00242CB0,func,__text__,raw_sha1,1.00,verified,exact; src=prologue
sceGsExecLoadImage,0x0025C948,0x00242DF0,func,__text__,op_seq_hash,0.95,verified,struct match; sz_diff=0; src=prologue
sceGsExecStoreImage,0x0025CAC8,0x00242F70,func,__text__,op_seq_hash,0.95,verified,struct match; sz_diff=0; src=prologue
sceGsPutIMR,0x0025D158,0x00243600,func,__text__,raw_sha1,1.00,verified,exact; src=prologue
sceGsSetHalfOffset,0x0025D198,0x00106390,func,__text__,fuzzy,1.00,candidate,fuzzy; sz_diff=0; src=extracted
sceGsGetIMR,0x0025D220,0x002436C8,func,__text__,raw_sha1,1.00,verified,exact; src=prologue
sceGszbufaddr,0x0025D240,0x002436E8,func,__text__,op_seq_hash,0.95,verified,struct match; sz_diff=0; src=prologue
sceGsSetDefClear,0x0025D308,0x0026A330,func,__text__,fuzzy,0.97,candidate,fuzzy; sz_diff=8; src=extracted
sceVu0ApplyMatrix,0x0025D410,0x00101B68,func,__text__,fuzzy,1.00,candidate,fuzzy; sz_diff=0; src=extracted
sceVu0MulMatrix,0x0025D440,0x001085BC,func,__text__,fuzzy,1.00,candidate,fuzzy; sz_diff=0; src=extracted
sceVu0OuterProduct,0x0025D488,0x00101AE8,func,__text__,fuzzy,1.00,candidate,fuzzy; sz_diff=0; src=extracted
sceVu0InnerProduct,0x0025D4A8,0x00101B14,func,__text__,fuzzy,1.00,candidate,fuzzy; sz_diff=0; src=extracted
sceVu0Normalize,0x0025D4D0,0x00102644,func,__text__,fuzzy,1.00,candidate,fuzzy; sz_diff=0; src=extracted
sceVu0TransposeMatrix,0x0025D508,0x001085BC,func,__text__,fuzzy,1.00,candidate,fuzzy; sz_diff=0; src=extracted
sceVu0InversMatrix,0x0025D550,0x001048C8,func,__text__,fuzzy,1.00,candidate,fuzzy; sz_diff=0; src=extracted
sceVu0DivVector,0x0025D5C0,0x0025D5C0,func,__text__,same_va,0.85,verified,same VA; USA size=8; src=extracted
sceVu0DivVectorXYZ,0x0025D5E0,0x001064B0,func,__text__,fuzzy,1.00,candidate,fuzzy; sz_diff=0; src=extracted
sceVu0InterVector,0x0025D600,0x001009E0,func,__text__,fuzzy,1.00,candidate,fuzzy; sz_diff=0; src=extracted
sceVu0AddVector,0x0025D628,0x00106750,func,__text__,fuzzy,1.00,candidate,fuzzy; sz_diff=0; src=extracted
sceVu0SubVector,0x0025D640,0x00106750,func,__text__,fuzzy,1.00,candidate,fuzzy; sz_diff=0; src=extracted
sceVu0MulVector,0x0025D658,0x00106750,func,__text__,fuzzy,1.00,candidate,fuzzy; sz_diff=0; src=extracted
sceVu0ScaleVector,0x0025D670,0x00100BA8,func,__text__,fuzzy,1.00,candidate,fuzzy; sz_diff=0; src=extracted
sceVu0TransMatrix,0x0025D688,0x00101B68,func,__text__,fuzzy,1.00,candidate,fuzzy; sz_diff=0; src=extracted
sceVu0CopyVector,0x0025D6B8,0x001010EC,func,__text__,fuzzy,1.00,candidate,fuzzy; sz_diff=0; src=extracted
sceVu0CopyMatrix,0x0025D6C8,0x00101B14,func,__text__,fuzzy,1.00,candidate,fuzzy; sz_diff=0; src=extracted
sceVu0FTOI4Vector,0x0025D6F0,0x00104E5C,func,__text__,fuzzy,1.00,candidate,fuzzy; sz_diff=0; src=extracted
sceVu0FTOI0Vector,0x0025D700,0x00104E5C,func,__text__,fuzzy,1.00,candidate,fuzzy; sz_diff=0; src=extracted
sceVu0ITOF4Vector,0x0025D710,0x00104E5C,func,__text__,fuzzy,1.00,candidate,fuzzy; sz_diff=0; src=extracted
sceVu0ITOF0Vector,0x0025D720,0x00104E5C,func,__text__,fuzzy,1.00,candidate,fuzzy; sz_diff=0; src=extracted
sceVu0UnitMatrix,0x0025D730,0x001009E0,func,__text__,fuzzy,1.00,candidate,fuzzy; sz_diff=0; src=extracted
_sceVu0ecossin,0x0025D758,0x00100FB0,func,__text__,fuzzy,1.00,candidate,fuzzy; sz_diff=0; src=extracted
sceVu0RotMatrixZ,0x0025D7D0,0x00243C78,func,__text__,raw_sha1,1.00,verified,exact; src=prologue
sceVu0RotMatrixX,0x0025D878,0x00243C78,func,__text__,raw_sha1,1.00,verified,exact; src=prologue
sceVu0RotMatrixY,0x0025D920,0x00243C78,func,__text__,raw_sha1,1.00,verified,exact; src=prologue
sceVu0RotMatrix,0x0025D9C8,0x00243E70,func,__text__,op_seq_hash,0.95,verified,struct match; sz_diff=0; src=prologue
sceVu0ClampVector,0x0025DA18,0x00101B14,func,__text__,fuzzy,1.00,candidate,fuzzy; sz_diff=0; src=extracted
sceVu0CameraMatrix,0x0025DA40,0x00243EE8,func,__text__,op_seq_hash,0.95,verified,struct match; sz_diff=0; src=prologue
sceVu0NormalLightMatrix,0x0025DAF0,0x00243F98,func,__text__,op_seq_hash,0.95,verified,struct match; sz_diff=0; src=prologue
sceVu0LightColorMatrix,0x0025DBB0,0x00244058,func,__text__,op_seq_hash,0.95,verified,struct match; sz_diff=0; src=prologue
sceVu0ViewScreenMatrix,0x0025DC18,0x002440C0,func,__text__,raw_sha1,1.00,verified,exact; src=prologue
sceVu0DropShadowMatrix,0x0025DD20,0x002441C8,func,__text__,raw_sha1,1.00,verified,exact; src=prologue
sceVu0RotTransPersN,0x0025DEB0,0x001019E0,func,__text__,fuzzy,1.00,candidate,fuzzy; sz_diff=0; src=extracted
sceVu0RotTransPers,0x0025DF08,0x001085BC,func,__text__,fuzzy,1.00,candidate,fuzzy; sz_diff=0; src=extracted
sceVu0CopyVectorXYZ,0x0025DF50,0x0025DF50,func,__text__,same_va,0.85,verified,same VA; USA size=88; src=extracted
sceVu0InterVectorXYZ,0x0025DF70,0x00101B68,func,__text__,fuzzy,1.00,candidate,fuzzy; sz_diff=0; src=extracted
sceVu0ScaleVectorXYZ,0x0025DFA0,0x00100BA8,func,__text__,fuzzy,1.00,candidate,fuzzy; sz_diff=0; src=extracted
sceVu0ClipScreen,0x0025DFB8,0x00102340,func,__text__,fuzzy,1.00,candidate,fuzzy; sz_diff=0; src=extracted
sceVu0ClipScreen3,0x0025E000,0x00100A08,func,__text__,fuzzy,1.00,candidate,fuzzy; sz_diff=0; src=extracted
sceVu0ClipAll,0x0025E060,0x00100F18,func,__text__,fuzzy,1.00,candidate,fuzzy; sz_diff=0; src=extracted
sceVpu0Reset,0x0025E0F0,0x00244598,func,__text__,op_seq_hash,0.95,verified,struct match; sz_diff=0; src=prologue
memclr,0x0025E150,0x0025E150,func,__text__,same_va,0.85,verified,same VA; USA size=8; src=extracted
sceDmaGetChan,0x0025E188,0x001064B0,func,__text__,fuzzy,1.00,candidate,fuzzy; sz_diff=0; src=extracted
sceDmaReset,0x0025E1B0,0x00244658,func,__text__,op_seq_hash,0.95,verified,struct match; sz_diff=0; src=prologue
sceDmaDebug,0x0025E290,0x0018CEF0,func,__text__,op_seq_hash,0.95,verified,struct match; sz_diff=0; src=prologue
sceDmaPutEnv,0x0025E2A0,0x001019E0,func,__text__,fuzzy,1.00,candidate,fuzzy; sz_diff=0; src=extracted
sceDmaGetEnv,0x0025E478,0x001009A0,func,__text__,fuzzy,1.00,candidate,fuzzy; sz_diff=0; src=extracted
sceDmaPutStallAddr,0x0025E4B0,0x001009E0,func,__text__,fuzzy,1.00,candidate,fuzzy; sz_diff=0; src=extracted
sceDmaSend,0x0025E4D8,0x00244980,func,__text__,op_seq_hash,0.95,verified,struct match; sz_diff=0; src=prologue
sceDmaSendN,0x0025E5B0,0x00244A58,func,__text__,op_seq_hash,0.95,verified,struct match; sz_diff=0; src=prologue
sceDmaSendI,0x0025E698,0x00244A58,func,__text__,op_seq_hash,0.95,verified,struct match; sz_diff=0; src=prologue
sceDmaRecv,0x0025E780,0x00244C28,func,__text__,op_seq_hash,0.95,verified,struct match; sz_diff=0; src=prologue
sceDmaRecvN,0x0025E848,0x00244A58,func,__text__,op_seq_hash,0.95,verified,struct match; sz_diff=0; src=prologue
sceDmaRecvI,0x0025E938,0x00244A58,func,__text__,op_seq_hash,0.95,verified,struct match; sz_diff=0; src=prologue
sceDmaSync,0x0025EA28,0x00244ED0,func,__text__,op_seq_hash,0.95,verified,struct match; sz_diff=0; src=prologue
sceDmaWatch,0x0025EAF0,0x00244F98,func,__text__,op_seq_hash,0.95,verified,struct match; sz_diff=0; src=prologue
sceDmaPause,0x0025EBC0,0x00101AE8,func,__text__,fuzzy,1.00,candidate,fuzzy; sz_diff=0; src=extracted
sceDmaRestart,0x0025EBE0,0x00101AE8,func,__text__,fuzzy,1.00,candidate,fuzzy; sz_diff=0; src=extracted
sceVif1PkInit,0x0025EC00,0x00104E5C,func,__text__,fuzzy,1.00,candidate,fuzzy; sz_diff=0; src=extracted
sceVif1PkReset,0x0025EC10,0x00104E5C,func,__text__,fuzzy,1.00,candidate,fuzzy; sz_diff=0; src=extracted
sceVif1PkTerminate,0x0025EC20,0x0013C538,func,__text__,fuzzy,0.95,candidate,fuzzy; sz_diff=0; src=extracted
sceVif1PkCnt,0x0025EC78,0x00245120,func,__text__,op_seq_hash,0.95,verified,struct match; sz_diff=0; src=prologue
sceVif1PkEnd,0x0025ECD0,0x00245120,func,__text__,op_seq_hash,0.95,verified,struct match; sz_diff=0; src=prologue
sceVif1PkOpenDirectCode,0x0025ED28,0x002451D0,func,__text__,op_seq_hash,0.95,verified,struct match; sz_diff=0; src=prologue
sceVif1PkCloseDirectCode,0x0025ED80,0x001D0F68,func,__text__,fuzzy,0.92,candidate,fuzzy; sz_diff=8; src=extracted
sceVif1PkOpenGifTag,0x0025EDB0,0x00100BA8,func,__text__,fuzzy,1.00,candidate,fuzzy; sz_diff=0; src=extracted
sceVif1PkCloseGifTag,0x0025EDC8,0x00133608,func,__text__,fuzzy,0.97,candidate,fuzzy; sz_diff=8; src=extracted
sceVif1PkAlign,0x0025EE70,0x00245318,func,__text__,raw_sha1,1.00,verified,exact; src=prologue
sceVif1PkAddGsData,0x0025EEF0,0x001009E0,func,__text__,fuzzy,1.00,candidate,fuzzy; sz_diff=0; src=extracted
sceResetttyinit,0x0025EF18,0x00107DD8,func,__text__,fuzzy,1.00,candidate,fuzzy; sz_diff=0; src=extracted
VSync,0x0025EF28,0x002453D0,func,__text__,raw_sha1,1.00,verified,exact; src=prologue
VSync2,0x0025EF68,0x00245410,func,__text__,raw_sha1,1.00,verified,exact; src=prologue
write,0x0025EFC8,0x00245470,func,__text__,op_seq_hash,0.95,verified,struct match; sz_diff=0; src=prologue
read,0x0025F048,0x002454F0,func,__text__,op_seq_hash,0.95,verified,struct match; sz_diff=0; src=prologue
open,0x0025F0C0,0x0011FF30,func,__text__,op_seq_hash,0.95,verified,struct match; sz_diff=0; src=prologue
close,0x0025F0E8,0x001147C4,func,__text__,raw_sha1,1.00,verified,exact; src=prologue
ioctl,0x0025F0F0,0x001147C4,func,__text__,raw_sha1,1.00,verified,exact; src=prologue
lseek,0x0025F0F8,0x001147C4,func,__text__,raw_sha1,1.00,verified,exact; src=prologue
sbrk,0x0025F100,0x002455A8,func,__text__,op_seq_hash,0.95,verified,struct match; sz_diff=0; src=prologue
isatty,0x0025F1B0,0x0010A10C,func,__text__,raw_sha1,1.00,verified,exact; src=prologue
fstat,0x0025F1B8,0x0025F1B8,func,__text__,same_va,0.85,verified,same VA; USA size=88; src=extracted
getpid,0x0025F1D0,0x0010A10C,func,__text__,raw_sha1,1.00,verified,exact; src=prologue
kill,0x0025F1D8,0x00245680,func,__text__,raw_sha1,1.00,verified,exact; src=prologue
stat,0x0025F200,0x0011FF30,func,__text__,op_seq_hash,0.95,verified,struct match; sz_diff=0; src=prologue
unlink,0x0025F228,0x0011FF30,func,__text__,op_seq_hash,0.95,verified,struct match; sz_diff=0; src=prologue
QueueInit,0x0025F250,0x00260C80,func,__text__,fuzzy,0.98,candidate,fuzzy; sz_diff=4; src=extracted
QueuePeekWriteDone,0x0025F278,0x001BA668,func,__text__,fuzzy,0.88,candidate,fuzzy; sz_diff=4; src=extracted
QueuePeekReadDone,0x0025F2B8,0x001079DC,func,__text__,fuzzy,1.00,candidate,fuzzy; sz_diff=0; src=extracted
sceTtyHandler,0x0025F2F8,0x002457A0,func,__text__,op_seq_hash,0.95,verified,struct match; sz_diff=0; src=prologue
sceTtyWrite,0x0025F490,0x00245938,func,__text__,op_seq_hash,0.95,verified,struct match; sz_diff=0; src=prologue
sceTtyRead,0x0025F5E0,0x00245A88,func,__text__,op_seq_hash,0.95,verified,struct match; sz_diff=0; src=prologue
sceTtyInit,0x0025F6B0,0x00245B58,func,__text__,op_seq_hash,0.95,verified,struct match; sz_diff=0; src=prologue
sceSifInitRpc,0x0025F770,0x00245C18,func,__text__,op_seq_hash,0.95,verified,struct match; sz_diff=0; src=prologue
sceSifExitRpc,0x0025F910,0x0011FF30,func,__text__,op_seq_hash,0.95,verified,struct match; sz_diff=0; src=prologue
_sceRpcGetPacket,0x0025F938,0x00245DE0,func,__text__,raw_sha1,1.00,verified,exact; src=prologue
_sceRpcFreePacket,0x0025F9E0,0x00101AE8,func,__text__,fuzzy,1.00,candidate,fuzzy; sz_diff=0; src=extracted
_sceRpcGetFPacket,0x0025FA00,0x001019A8,func,__text__,fuzzy,1.00,candidate,fuzzy; sz_diff=0; src=extracted
_sceRpcGetFPacket2,0x0025FA30,0x00245ED8,func,__text__,op_seq_hash,0.95,verified,struct match; sz_diff=0; src=prologue
_request_end,0x0025FA70,0x00245F18,func,__text__,op_seq_hash,0.95,verified,struct match; sz_diff=0; src=prologue
_request_rdata,0x0025FB28,0x00245FD0,func,__text__,op_seq_hash,0.95,verified,struct match; sz_diff=0; src=prologue
sceSifGetOtherData,0x0025FB88,0x00246030,func,__text__,op_seq_hash,0.95,verified,struct match; sz_diff=0; src=prologue
_search_svdata,0x0025FCE0,0x001019A8,func,__text__,fuzzy,1.00,candidate,fuzzy; sz_diff=0; src=extracted
_request_bind,0x0025FD30,0x002461D8,func,__text__,op_seq_hash,0.95,verified,struct match; sz_diff=0; src=prologue
sceSifBindRpc,0x0025FDE0,0x00246288,func,__text__,op_seq_hash,0.95,verified,struct match; sz_diff=0; src=prologue
_request_call,0x0025FF20,0x0026B018,func,__text__,fuzzy,0.90,candidate,fuzzy; sz_diff=0; src=extracted
sceSifCallRpc,0x0025FFB0,0x00246458,func,__text__,op_seq_hash,0.95,verified,struct match; sz_diff=0; src=prologue
sceSifCheckStatRpc,0x002601A0,0x00102644,func,__text__,fuzzy,1.00,candidate,fuzzy; sz_diff=0; src=extracted
sceSifSetRpcQueue,0x002601E0,0x00246688,func,__text__,op_seq_hash,0.95,verified,struct match; sz_diff=0; src=prologue
sceSifRegisterRpc,0x00260278,0x00246720,func,__text__,raw_sha1,1.00,verified,exact; src=prologue
sceSifRemoveRpc,0x00260348,0x002467F0,func,__text__,raw_sha1,1.00,verified,exact; src=prologue
sceSifRemoveRpcQueue,0x002603E0,0x00246888,func,__text__,op_seq_hash,0.95,verified,struct match; sz_diff=0; src=prologue
sceSifGetNextRequest,0x00260470,0x00246918,func,__text__,raw_sha1,1.00,verified,exact; src=prologue
sceSifExecRequest,0x002604C8,0x00246970,func,__text__,op_seq_hash,0.95,verified,struct match; sz_diff=0; src=prologue
sceSifRpcLoop,0x00260690,0x00246B38,func,__text__,op_seq_hash,0.95,verified,struct match; sz_diff=0; src=prologue
_sceFsIobSemaMK,0x002606D0,0x00246B78,func,__text__,op_seq_hash,0.95,verified,struct match; sz_diff=0; src=prologue
new_iob,0x00260730,0x00246BD8,func,__text__,op_seq_hash,0.95,verified,struct match; sz_diff=0; src=prologue
get_iob,0x002607B8,0x00246C60,func,__text__,op_seq_hash,0.95,verified,struct match; sz_diff=0; src=prologue
_sceFs_Rcv_Intr,0x00260828,0x00246CD0,func,__text__,op_seq_hash,0.95,verified,struct match; sz_diff=0; src=prologue
_sceFsSemInit,0x00260BE0,0x00247088,func,__text__,op_seq_hash,0.95,verified,struct match; sz_diff=0; src=prologue
_sceFsWaitS,0x00260C30,0x0011FF30,func,__text__,op_seq_hash,0.95,verified,struct match; sz_diff=0; src=prologue
_sceFsSigSema,0x00260C60,0x00247108,func,__text__,op_seq_hash,0.95,verified,struct match; sz_diff=0; src=prologue
sceFsInit,0x00260C70,0x00247118,func,__text__,op_seq_hash,0.95,verified,struct match; sz_diff=0; src=prologue
_fs_version,0x00260E10,0x002472B8,func,__text__,op_seq_hash,0.95,verified,struct match; sz_diff=0; src=prologue
sceFsReset,0x00260EA0,0x00247348,func,__text__,op_seq_hash,0.95,verified,struct match; sz_diff=0; src=prologue
sceOpen,0x00260ED8,0x00247380,func,__text__,op_seq_hash,0.95,verified,struct match; sz_diff=0; src=prologue
sceClose,0x00261160,0x00247608,func,__text__,op_seq_hash,0.95,verified,struct match; sz_diff=0; src=prologue
sceLseek,0x002612E0,0x00247788,func,__text__,op_seq_hash,0.95,verified,struct match; sz_diff=0; src=prologue
sceRead,0x00261518,0x002479C0,func,__text__,op_seq_hash,0.95,verified,struct match; sz_diff=0; src=prologue
sceWrite,0x00261788,0x00247C30,func,__text__,op_seq_hash,0.95,verified,struct match; sz_diff=0; src=prologue
sceIoctl,0x00261A48,0x00247EF0,func,__text__,op_seq_hash,0.95,verified,struct match; sz_diff=0; src=prologue
sceIoctl2,0x00261D98,0x00248240,func,__text__,op_seq_hash,0.95,verified,struct match; sz_diff=0; src=prologue
_sceCallCode,0x00261F70,0x00248418,func,__text__,op_seq_hash,0.95,verified,struct match; sz_diff=0; src=prologue
sceRemove,0x00262118,0x0017A9B8,func,__text__,op_seq_hash,0.95,verified,struct match; sz_diff=0; src=prologue
sceMkdir,0x00262138,0x002485E0,func,__text__,op_seq_hash,0.95,verified,struct match; sz_diff=0; src=prologue
sceRmdir,0x002622E8,0x0017A9B8,func,__text__,op_seq_hash,0.95,verified,struct match; sz_diff=0; src=prologue
sceFormat,0x00262308,0x002487B0,func,__text__,op_seq_hash,0.95,verified,struct match; sz_diff=0; src=prologue
sceAddDrv,0x00262578,0x00248A20,func,__text__,op_seq_hash,0.95,verified,struct match; sz_diff=0; src=prologue
sceDelDrv,0x00262698,0x0017A9B8,func,__text__,op_seq_hash,0.95,verified,struct match; sz_diff=0; src=prologue
sceDopen,0x002626B8,0x00248B60,func,__text__,op_seq_hash,0.95,verified,struct match; sz_diff=0; src=prologue
sceDclose,0x00262758,0x00248C00,func,__text__,op_seq_hash,0.95,verified,struct match; sz_diff=0; src=prologue
sceDread,0x002628C0,0x00248D68,func,__text__,op_seq_hash,0.95,verified,struct match; sz_diff=0; src=prologue
sceGetstat,0x00262A18,0x00248EC0,func,__text__,op_seq_hash,0.95,verified,struct match; sz_diff=0; src=prologue
sceChstat,0x00262BB8,0x00249060,func,__text__,op_seq_hash,0.95,verified,struct match; sz_diff=0; src=prologue
sceRename,0x00262DF8,0x002492A0,func,__text__,op_seq_hash,0.95,verified,struct match; sz_diff=0; src=prologue
sceChdir,0x00262FE8,0x0017A9B8,func,__text__,op_seq_hash,0.95,verified,struct match; sz_diff=0; src=prologue
sceSync,0x00263008,0x002494B0,func,__text__,op_seq_hash,0.95,verified,struct match; sz_diff=0; src=prologue
sceMount,0x002631A0,0x00249648,func,__text__,op_seq_hash,0.95,verified,struct match; sz_diff=0; src=prologue
sceUmount,0x00263410,0x0017A9B8,func,__text__,op_seq_hash,0.95,verified,struct match; sz_diff=0; src=prologue
sceLseek64,0x00263430,0x002498D8,func,__text__,op_seq_hash,0.95,verified,struct match; sz_diff=0; src=prologue
sceDevctl,0x00263668,0x00249B10,func,__text__,op_seq_hash,0.95,verified,struct match; sz_diff=0; src=prologue
sceSymlink,0x00263898,0x00249D40,func,__text__,op_seq_hash,0.95,verified,struct match; sz_diff=0; src=prologue
sceReadlink,0x00263A78,0x00249F20,func,__text__,op_seq_hash,0.95,verified,struct match; sz_diff=0; src=prologue
sceSifInitIopHeap,0x00263C40,0x0024A0E8,func,__text__,op_seq_hash,0.95,verified,struct match; sz_diff=0; src=prologue
sceSifAllocIopHeap,0x00263CC8,0x0013D140,func,__text__,fuzzy,1.00,candidate,fuzzy; sz_diff=0; src=extracted
sceSifFreeIopHeap,0x00263D38,0x0013C958,func,__text__,fuzzy,0.98,candidate,fuzzy; sz_diff=4; src=extracted
sceSifLoadIopHeap,0x00263DB0,0x001D0824,func,__text__,fuzzy,0.93,candidate,fuzzy; sz_diff=4; src=extracted
_lf_bind,0x00263EA0,0x0024A348,func,__text__,op_seq_hash,0.95,verified,struct match; sz_diff=0; src=prologue
_lf_version,0x00263FA0,0x002472B8,func,__text__,op_seq_hash,0.95,verified,struct match; sz_diff=0; src=prologue
sceSifLoadFileReset,0x00264030,0x0024A4D8,func,__text__,op_seq_hash,0.95,verified,struct match; sz_diff=0; src=prologue
_sceSifLoadModuleBuffer,0x00264068,0x0024A510,func,__text__,op_seq_hash,0.95,verified,struct match; sz_diff=0; src=prologue
sceSifLoadModuleBuffer,0x00264270,0x0012FD50,func,__text__,op_seq_hash,0.95,verified,struct match; sz_diff=0; src=prologue
sceSifLoadStartModuleBuffer,0x00264290,0x0010F5B8,func,__text__,op_seq_hash,0.95,verified,struct match; sz_diff=0; src=prologue
_sceSifLoadModule,0x002642B0,0x0024A758,func,__text__,op_seq_hash,0.95,verified,struct match; sz_diff=0; src=prologue
sceSifLoadModule,0x002644D8,0x0024A980,func,__text__,op_seq_hash,0.95,verified,struct match; sz_diff=0; src=prologue
sceSifLoadStartModule,0x002644F8,0x0012FD50,func,__text__,op_seq_hash,0.95,verified,struct match; sz_diff=0; src=prologue
_sceSifLoadElfPart,0x00264518,0x0024A9C0,func,__text__,op_seq_hash,0.95,verified,struct match; sz_diff=0; src=prologue
sceSifLoadElfPart,0x00264620,0x0017A9B8,func,__text__,op_seq_hash,0.95,verified,struct match; sz_diff=0; src=prologue
sceSifLoadElf,0x00264640,0x00260C80,func,__text__,fuzzy,0.97,candidate,fuzzy; sz_diff=8; src=extracted
sceSifGetIopAddr,0x00264668,0x0024AB10,func,__text__,op_seq_hash,0.95,verified,struct match; sz_diff=0; src=prologue
sceSifSetIopAddr,0x00264758,0x0024AC00,func,__text__,op_seq_hash,0.95,verified,struct match; sz_diff=0; src=prologue
sceSifResetIop,0x00264838,0x0024ACE0,func,__text__,raw_sha1,1.00,verified,exact; src=prologue
sceSifIsAliveIop,0x00264968,0x0024AE10,func,__text__,raw_sha1,1.00,verified,exact; src=prologue
sceSifSyncIop,0x00264990,0x0024AE38,func,__text__,op_seq_hash,0.95,verified,struct match; sz_diff=0; src=prologue
sceSifRebootIop,0x002649D8,0x0024AE80,func,__text__,op_seq_hash,0.95,verified,struct match; sz_diff=0; src=prologue
_DumpTLB,0x00264AE8,0x0024AF90,func,__text__,op_seq_hash,0.95,verified,struct match; sz_diff=0; src=prologue
kPutTLBEntry,0x00264B80,0x00100F18,func,__text__,fuzzy,1.00,candidate,fuzzy; sz_diff=0; src=extracted
kSetTLBEntry,0x00264C40,0x001064B0,func,__text__,fuzzy,1.00,candidate,fuzzy; sz_diff=0; src=extracted
kGetTLBEntry,0x00264C88,0x00106750,func,__text__,fuzzy,1.00,candidate,fuzzy; sz_diff=0; src=extracted
kProbeTLBEntry,0x00264CD8,0x00104698,func,__text__,fuzzy,1.00,candidate,fuzzy; sz_diff=0; src=extracted
kExpandScratchPad,0x00264D28,0x0024B1D0,func,__text__,op_seq_hash,0.95,verified,struct match; sz_diff=0; src=prologue
SetTLBHandler,0x00264E58,0x0024B300,func,__text__,op_seq_hash,0.95,verified,struct match; sz_diff=0; src=prologue
SetDebugHandler,0x00264EB8,0x001BC130,func,__text__,fuzzy,0.95,candidate,fuzzy; sz_diff=12; src=extracted
tlb_setup,0x00264F40,0x001008A0,func,__text__,raw_sha1,1.00,verified,exact; src=prologue
InitTLBFunctions,0x00264F50,0x0024B3F8,func,__text__,op_seq_hash,0.95,verified,struct match; sz_diff=0; src=prologue
PutTLBEntry,0x00264FA0,0x001D0EF4,func,__text__,fuzzy,1.00,candidate,fuzzy; sz_diff=0; src=extracted
iPutTLBEntry,0x00264FB0,0x00100670,func,__text__,raw_sha1,1.00,verified,exact; src=prologue
SetTLBEntry,0x00264FC0,0x00100680,func,__text__,raw_sha1,1.00,verified,exact; src=prologue
iSetTLBEntry,0x00264FD0,0x0024B478,func,__text__,raw_sha1,1.00,verified,exact; src=prologue
GetTLBEntry,0x00264FE0,0x00100690,func,__text__,raw_sha1,1.00,verified,exact; src=prologue
iGetTLBEntry,0x00264FF0,0x0024B498,func,__text__,raw_sha1,1.00,verified,exact; src=prologue
ProbeTLBEntry,0x00265000,0x0024B4A8,func,__text__,raw_sha1,1.00,verified,exact; src=prologue
iProbeTLBEntry,0x00265010,0x001006A0,func,__text__,raw_sha1,1.00,verified,exact; src=prologue
ExpandScratchPad,0x00265020,0x001006B0,func,__text__,raw_sha1,1.00,verified,exact; src=prologue
_kTLBException,0x00265040,0x00104360,func,__text__,fuzzy,1.00,candidate,fuzzy; sz_diff=0; src=prologue
_xlaunch,0x00265140,0x001A8670,func,__text__,fuzzy,0.99,candidate,fuzzy; sz_diff=4; src=extracted
_kExitTLBHandler,0x00265180,0x001323F4,func,__text__,fuzzy,1.00,candidate,fuzzy; sz_diff=0; src=extracted
_kDebugException,0x00265280,0x001141A0,func,__text__,fuzzy,1.00,candidate,fuzzy; sz_diff=0; src=prologue
_set_sreg,0x002653A0,0x00101AE8,func,__text__,fuzzy,1.00,candidate,fuzzy; sz_diff=0; src=extracted
_change_addr,0x002653C0,0x002653C0,func,__text__,same_va,0.85,verified,same VA; USA size=8; src=extracted
sceSifGetSreg,0x002653D0,0x0013B748,func,__text__,op_seq_hash,0.95,verified,struct match; sz_diff=0; src=prologue
sceSifSetSreg,0x002653E8,0x00101AE8,func,__text__,fuzzy,1.00,candidate,fuzzy; sz_diff=0; src=extracted
sceSifGetDataTable,0x00265408,0x0014BDC8,func,__text__,op_seq_hash,0.95,verified,struct match; sz_diff=0; src=prologue
sceSifInitCmd,0x00265418,0x0024B8D8,func,__text__,op_seq_hash,0.95,verified,struct match; sz_diff=0; src=prologue
sceSifExitCmd,0x00265698,0x0024BB58,func,__text__,op_seq_hash,0.95,verified,struct match; sz_diff=0; src=prologue
sceSifSetCmdBuffer,0x002656D0,0x0024BB90,func,__text__,op_seq_hash,0.95,verified,struct match; sz_diff=0; src=prologue
sceSifSetSysCmdBuffer,0x002656E8,0x001683A8,func,__text__,fuzzy,0.95,candidate,fuzzy; sz_diff=0; src=extracted
sceSifAddCmdHandler,0x00265700,0x00101B68,func,__text__,fuzzy,1.00,candidate,fuzzy; sz_diff=0; src=extracted
sceSifRemoveCmdHandler,0x00265730,0x001009E0,func,__text__,fuzzy,1.00,candidate,fuzzy; sz_diff=0; src=extracted
_sceSifSendCmd,0x00265758,0x0024BC18,func,__text__,op_seq_hash,0.95,verified,struct match; sz_diff=0; src=prologue
sceSifSendCmd,0x00265890,0x001BA668,func,__text__,fuzzy,0.98,candidate,fuzzy; sz_diff=4; src=extracted
isceSifSendCmd,0x002658D0,0x001BA668,func,__text__,fuzzy,0.98,candidate,fuzzy; sz_diff=4; src=extracted
_sceSifCmdIntrHdlr,0x00265910,0x0024BDD0,func,__text__,raw_sha1,1.00,verified,exact; src=prologue
sceSifWriteBackDCache,0x00265A38,0x00143AD0,func,__text__,fuzzy,1.00,candidate,fuzzy; sz_diff=0; src=extracted
CB_DelayTh,0x00265AE8,0x00265AE8,func,__text__,same_va,0.85,verified,same VA; USA size=8; src=extracted
sceCdDelayThread,0x00265B10,0x0024BFD0,func,__text__,op_seq_hash,0.95,verified,struct match; sz_diff=0; src=prologue
sceCdCallback,0x00265B78,0x0024C038,func,__text__,op_seq_hash,0.95,verified,struct match; sz_diff=0; src=prologue
_sceCd_cd_callback,0x00265BD0,0x0024C090,func,__text__,op_seq_hash,0.95,verified,struct match; sz_diff=0; src=prologue
_Cdvd_cbLoop,0x00265C70,0x0024C130,func,__text__,op_seq_hash,0.95,verified,struct match; sz_diff=0; src=prologue
sceCdInitEeCB,0x00265D30,0x0024C1F0,func,__text__,op_seq_hash,0.95,verified,struct match; sz_diff=0; src=prologue
_sceCd_cd_read_intr,0x00265E08,0x0024C2C8,func,__text__,op_seq_hash,0.95,verified,struct match; sz_diff=0; src=prologue
cmd_sem_init,0x00265EA8,0x0024C368,func,__text__,op_seq_hash,0.95,verified,struct match; sz_diff=0; src=prologue
cdvd_exit,0x00265F40,0x0024C400,func,__text__,op_seq_hash,0.95,verified,struct match; sz_diff=0; src=prologue
sceCdPOffCallback,0x00265FC0,0x0024C480,func,__text__,op_seq_hash,0.95,verified,struct match; sz_diff=0; src=prologue
_sceCd_Poff_Intr,0x00266030,0x0024C4F0,func,__text__,op_seq_hash,0.95,verified,struct match; sz_diff=0; src=prologue
PowerOffCB,0x00266070,0x0024C530,func,__text__,op_seq_hash,0.95,verified,struct match; sz_diff=0; src=prologue
sceCdSearchFile,0x002661F8,0x0024C6B8,func,__text__,op_seq_hash,0.95,verified,struct match; sz_diff=0; src=prologue
_sceCd_ncmd_prechk,0x002664F8,0x0024C9B8,func,__text__,op_seq_hash,0.95,verified,struct match; sz_diff=0; src=prologue
sceCdNcmdDiskReady,0x00266668,0x0024CB28,func,__text__,op_seq_hash,0.95,verified,struct match; sz_diff=0; src=prologue
sceCdSync,0x00266700,0x0024CBC0,func,__text__,op_seq_hash,0.95,verified,struct match; sz_diff=0; src=prologue
sceCdSyncS,0x002667A0,0x0024CC60,func,__text__,op_seq_hash,0.95,verified,struct match; sz_diff=0; src=prologue
_sceCd_scmd_prechk,0x00266810,0x0024C9B8,func,__text__,op_seq_hash,0.95,verified,struct match; sz_diff=0; src=prologue
sceCdInit,0x00266980,0x0024CE40,func,__text__,op_seq_hash,0.95,verified,struct match; sz_diff=0; src=prologue
sceCdDiskReady,0x00266C60,0x0024D120,func,__text__,op_seq_hash,0.95,verified,struct match; sz_diff=0; src=prologue
sceCdMmode,0x00266E58,0x0024D318,func,__text__,op_seq_hash,0.95,verified,struct match; sz_diff=0; src=prologue
sceCdRead,0x00266F20,0x0024D3E0,func,__text__,op_seq_hash,0.95,verified,struct match; sz_diff=0; src=prologue
sceCdReadIOPm,0x00267100,0x0010184C,func,__text__,fuzzy,0.85,candidate,fuzzy; sz_diff=0; src=extracted
sceCdGetDiskType,0x00267258,0x0024CB28,func,__text__,op_seq_hash,0.95,verified,struct match; sz_diff=0; src=prologue
sceCdGetError,0x002672F0,0x0024D7B0,func,__text__,op_seq_hash,0.95,verified,struct match; sz_diff=0; src=prologue
sceCdStatus,0x00267388,0x0024D848,func,__text__,op_seq_hash,0.95,verified,struct match; sz_diff=0; src=prologue
sceCdBreak,0x00267440,0x0024D900,func,__text__,op_seq_hash,0.95,verified,struct match; sz_diff=0; src=prologue
sceCdReadClock,0x002674F8,0x00109BB8,func,__text__,fuzzy,1.00,candidate,fuzzy; sz_diff=0; src=prologue
sceCdStInit,0x002675F0,0x0024D9B8,func,__text__,op_seq_hash,0.95,verified,struct match; sz_diff=0; src=prologue
sceCdStStart,0x00267620,0x0024D9E8,func,__text__,op_seq_hash,0.95,verified,struct match; sz_diff=0; src=prologue
sceCdStSeekF,0x00267658,0x0024DA20,func,__text__,op_seq_hash,0.95,verified,struct match; sz_diff=0; src=prologue
sceCdStSeek,0x00267688,0x0024DA20,func,__text__,op_seq_hash,0.95,verified,struct match; sz_diff=0; src=prologue
sceCdStStop,0x002676B8,0x0024DA80,func,__text__,op_seq_hash,0.95,verified,struct match; sz_diff=0; src=prologue
sceCdStRead,0x002676F0,0x0024DAB8,func,__text__,op_seq_hash,0.95,verified,struct match; sz_diff=0; src=prologue
sceCdStPause,0x00267878,0x001AE8F0,func,__text__,fuzzy,0.95,candidate,fuzzy; sz_diff=0; src=extracted
sceCdStResume,0x002678C8,0x0016A158,func,__text__,fuzzy,0.95,candidate,fuzzy; sz_diff=0; src=extracted
sceCdStStat,0x00267920,0x0024DCE8,func,__text__,op_seq_hash,0.95,verified,struct match; sz_diff=0; src=prologue
sceCdStream,0x00267968,0x0024DD30,func,__text__,op_seq_hash,0.95,verified,struct match; sz_diff=0; src=prologue
_send_to_iop,0x00267AD0,0x0024DE98,func,__text__,op_seq_hash,0.95,verified,struct match; sz_diff=0; src=prologue
scePadInit,0x00267C00,0x0024DFC8,func,__text__,op_seq_hash,0.95,verified,struct match; sz_diff=0; src=prologue
scePadInit2,0x00267D40,0x0024E108,func,__text__,op_seq_hash,0.95,verified,struct match; sz_diff=0; src=prologue
scePadEnd,0x00267DE0,0x0024E1A8,func,__text__,op_seq_hash,0.95,verified,struct match; sz_diff=0; src=prologue
scePadPortOpen,0x00267E60,0x0024E228,func,__text__,op_seq_hash,0.95,verified,struct match; sz_diff=0; src=prologue
scePadPortClose,0x00268048,0x00133608,func,__text__,fuzzy,0.95,candidate,fuzzy; sz_diff=12; src=extracted
scePadGetDmaStr,0x00268100,0x0013D0D0,func,__text__,fuzzy,0.98,candidate,fuzzy; sz_diff=4; src=extracted
scePadGetFrameCount,0x00268160,0x001AE8F0,func,__text__,fuzzy,1.00,candidate,fuzzy; sz_diff=0; src=extracted
scePadRead,0x002681B0,0x001BC130,func,__text__,fuzzy,0.98,candidate,fuzzy; sz_diff=4; src=extracted
scePadGetState,0x00268230,0x0013C958,func,__text__,fuzzy,0.98,candidate,fuzzy; sz_diff=4; src=extracted
scePadStateIntToStr,0x002682A8,0x00102644,func,__text__,fuzzy,1.00,candidate,fuzzy; sz_diff=0; src=extracted
scePadSetReqState,0x002682E0,0x0013D0D0,func,__text__,fuzzy,1.00,candidate,fuzzy; sz_diff=0; src=extracted
scePadGetReqState,0x00268348,0x001AE8F0,func,__text__,fuzzy,1.00,candidate,fuzzy; sz_diff=0; src=extracted
scePadReqIntToStr,0x00268398,0x00102644,func,__text__,fuzzy,1.00,candidate,fuzzy; sz_diff=0; src=extracted
scePadInfoAct,0x002683D0,0x00164070,func,__text__,fuzzy,0.99,candidate,fuzzy; sz_diff=4; src=extracted
scePadInfoComb,0x002684F0,0x00164070,func,__text__,fuzzy,0.95,candidate,fuzzy; sz_diff=0; src=extracted
scePadInfoMode,0x00268610,0x001A9C48,func,__text__,fuzzy,0.99,candidate,fuzzy; sz_diff=4; src=extracted
scePadSetMainMode,0x00268748,0x0024EB10,func,__text__,op_seq_hash,0.95,verified,struct match; sz_diff=0; src=prologue
scePadSetActDirect,0x00268800,0x0024EBC8,func,__text__,op_seq_hash,0.95,verified,struct match; sz_diff=0; src=prologue
scePadSetActAlign,0x002688B8,0x0024EC80,func,__text__,op_seq_hash,0.95,verified,struct match; sz_diff=0; src=prologue
scePadGetButtonMask,0x00268990,0x00132AD4,func,__text__,fuzzy,0.98,candidate,fuzzy; sz_diff=4; src=extracted
scePadSetButtonInfo,0x00268A48,0x0024EE10,func,__text__,op_seq_hash,0.95,verified,struct match; sz_diff=0; src=prologue
scePadInfoPressMode,0x00268AF8,0x0013FD10,func,__text__,fuzzy,1.00,candidate,fuzzy; sz_diff=0; src=extracted
scePadEnterPressMode,0x00268B58,0x0016A158,func,__text__,fuzzy,1.00,candidate,fuzzy; sz_diff=0; src=extracted
scePadExitPressMode,0x00268BB0,0x0016A158,func,__text__,fuzzy,1.00,candidate,fuzzy; sz_diff=0; src=extracted
scePadSetVrefParam,0x00268C08,0x0024EFD0,func,__text__,op_seq_hash,0.95,verified,struct match; sz_diff=0; src=prologue
scePadGetPortMax,0x00268CD8,0x0024F0A0,func,__text__,op_seq_hash,0.95,verified,struct match; sz_diff=0; src=prologue
scePadGetSlotMax,0x00268D40,0x0024F108,func,__text__,op_seq_hash,0.95,verified,struct match; sz_diff=0; src=prologue
scePadGetModVersion,0x00268DA8,0x0024F0A0,func,__text__,op_seq_hash,0.95,verified,struct match; sz_diff=0; src=prologue
scePadSetWarningLevel,0x00268E10,0x0024F108,func,__text__,op_seq_hash,0.95,verified,struct match; sz_diff=0; src=prologue
sceMcInit,0x00268E78,0x0024F240,func,__text__,op_seq_hash,0.95,verified,struct match; sz_diff=0; src=prologue
_lmcGetClientPtr,0x00269030,0x0024F3F8,func,__text__,op_seq_hash,0.95,verified,struct match; sz_diff=0; src=prologue
sceMcChangeThreadPriority,0x00269060,0x0024F428,func,__text__,op_seq_hash,0.95,verified,struct match; sz_diff=0; src=prologue
sceMcGetSlotMax,0x00269118,0x0024F4E0,func,__text__,op_seq_hash,0.95,verified,struct match; sz_diff=0; src=prologue
sceMcOpen,0x002691D8,0x0024F5A0,func,__text__,op_seq_hash,0.95,verified,struct match; sz_diff=0; src=prologue
sceMcMkdir,0x00269310,0x0024F6D8,func,__text__,op_seq_hash,0.95,verified,struct match; sz_diff=0; src=prologue
sceMcClose,0x00269348,0x0024F710,func,__text__,op_seq_hash,0.95,verified,struct match; sz_diff=0; src=prologue
sceMcSeek,0x00269400,0x0024F7C8,func,__text__,op_seq_hash,0.95,verified,struct match; sz_diff=0; src=prologue
mceIntrReadFixAlign,0x002694D8,0x0024F8A0,func,__text__,raw_sha1,1.00,verified,exact; src=prologue
sceMcRead,0x00269568,0x0024F930,func,__text__,op_seq_hash,0.95,verified,struct match; sz_diff=0; src=prologue
sceMcWrite,0x00269688,0x0024FA50,func,__text__,op_seq_hash,0.95,verified,struct match; sz_diff=0; src=prologue
mcHearAlarm,0x00269808,0x0024FBD0,func,__text__,raw_sha1,1.00,verified,exact; src=prologue
mcDelayThread,0x00269830,0x0024FBF8,func,__text__,op_seq_hash,0.95,verified,struct match; sz_diff=0; src=prologue
sceMcSync,0x00269878,0x0024FC40,func,__text__,op_seq_hash,0.95,verified,struct match; sz_diff=0; src=prologue
mceGetInfoApdx,0x00269958,0x001011B0,func,__text__,fuzzy,1.00,candidate,fuzzy; sz_diff=0; src=extracted
sceMcGetInfo,0x002699B0,0x0024FD78,func,__text__,op_seq_hash,0.95,verified,struct match; sz_diff=0; src=prologue
sceMcGetDir,0x00269B38,0x0024FF00,func,__text__,op_seq_hash,0.95,verified,struct match; sz_diff=0; src=prologue
mceStorePwd,0x00269C90,0x00250058,func,__text__,op_seq_hash,0.95,verified,struct match; sz_diff=0; src=prologue
sceMcChdir,0x00269D18,0x002500E0,func,__text__,op_seq_hash,0.95,verified,struct match; sz_diff=0; src=prologue
sceMcFormat,0x00269E68,0x00250230,func,__text__,op_seq_hash,0.95,verified,struct match; sz_diff=0; src=prologue
sceMcDelete,0x00269F30,0x002502F8,func,__text__,op_seq_hash,0.95,verified,struct match; sz_diff=0; src=prologue
sceMcFlush,0x0026A058,0x0024F710,func,__text__,op_seq_hash,0.95,verified,struct match; sz_diff=0; src=prologue
sceMcSetFileInfo,0x0026A110,0x002504D8,func,__text__,op_seq_hash,0.95,verified,struct match; sz_diff=0; src=prologue
sceMcRename,0x0026A2E8,0x002506B0,func,__text__,op_seq_hash,0.95,verified,struct match; sz_diff=0; src=prologue
sceMcUnformat,0x0026A450,0x00250230,func,__text__,op_seq_hash,0.95,verified,struct match; sz_diff=0; src=prologue
sceMcGetEntSpace,0x0026A518,0x002508E0,func,__text__,op_seq_hash,0.95,verified,struct match; sz_diff=0; src=prologue
_type2id,0x0026A630,0x00106390,func,__text__,fuzzy,1.00,candidate,fuzzy; sz_diff=0; src=extracted
_id2type,0x0026A6B8,0x00250A80,func,__text__,op_seq_hash,0.95,verified,struct match; sz_diff=0; src=prologue
sceMpegDemuxPssRing,0x0026A8B8,0x00250C80,func,__text__,op_seq_hash,0.95,verified,struct match; sz_diff=0; src=prologue
sceMpegDemuxPss,0x0026ABA8,0x00250F70,func,__text__,op_seq_hash,0.95,verified,struct match; sz_diff=0; src=prologue
sceMpegAddStrCallback,0x0026ABC8,0x00250F90,func,__text__,op_seq_hash,0.95,verified,struct match; sz_diff=0; src=prologue
_pack_header,0x0026ACC0,0x00251088,func,__text__,op_seq_hash,0.95,verified,struct match; sz_diff=0; src=prologue
_system_header,0x0026AE10,0x002511D8,func,__text__,op_seq_hash,0.95,verified,struct match; sz_diff=0; src=prologue
_PES_packet,0x0026AE80,0x00251248,func,__text__,op_seq_hash,0.95,verified,struct match; sz_diff=0; src=prologue
sceMpegInit,0x0026B408,0x002517D0,func,__text__,raw_sha1,1.00,verified,exact; src=prologue
sceMpegCreate,0x0026B4A8,0x00251870,func,__text__,op_seq_hash,0.95,verified,struct match; sz_diff=0; src=prologue
sceMpegDelete,0x0026B6E8,0x0010A10C,func,__text__,raw_sha1,1.00,verified,exact; src=prologue
sceMpegAddBs,0x0026B6F0,0x0013C958,func,__text__,fuzzy,0.95,candidate,fuzzy; sz_diff=12; src=extracted
sceMpegGetPicture,0x0026B728,0x00251AF0,func,__text__,op_seq_hash,0.95,verified,struct match; sz_diff=0; src=prologue
sceMpegGetPictureRAW8,0x0026B770,0x00251B38,func,__text__,op_seq_hash,0.95,verified,struct match; sz_diff=0; src=prologue
sceMpegGetPictureRAW8xy,0x0026B7B8,0x00251B80,func,__text__,op_seq_hash,0.95,verified,struct match; sz_diff=0; src=prologue
sceMpegSetDecodeMode,0x0026B808,0x00106750,func,__text__,fuzzy,1.00,candidate,fuzzy; sz_diff=0; src=extracted
sceMpegGetDecodeMode,0x0026B820,0x001064B0,func,__text__,fuzzy,1.00,candidate,fuzzy; sz_diff=0; src=extracted
sceMpegIsEnd,0x0026B840,0x001010EC,func,__text__,fuzzy,1.00,candidate,fuzzy; sz_diff=0; src=extracted
sceMpegIsRefBuffEmpty,0x0026B850,0x00104E5C,func,__text__,fuzzy,1.00,candidate,fuzzy; sz_diff=0; src=extracted
sceMpegReset,0x0026B860,0x00251C28,func,__text__,op_seq_hash,0.95,verified,struct match; sz_diff=0; src=prologue
sceMpegClearRefBuff,0x0026B8A0,0x0013C9D8,func,__text__,fuzzy,1.00,candidate,fuzzy; sz_diff=0; src=extracted
sceMpegAddCallback,0x0026B908,0x00260C80,func,__text__,fuzzy,0.98,candidate,fuzzy; sz_diff=4; src=extracted
_dispatchMpegCallback,0x0026B930,0x00251CF8,func,__text__,raw_sha1,1.00,verified,exact; src=prologue
_dispatchMpegCbNodata,0x0026B980,0x00251D48,func,__text__,op_seq_hash,0.95,verified,struct match; sz_diff=0; src=prologue
sceMpegSetDefaultPtsGap,0x0026B9A8,0x00106750,func,__text__,fuzzy,1.00,candidate,fuzzy; sz_diff=0; src=extracted
sceMpegResetDefaultPtsGap,0x0026B9C0,0x00104E5C,func,__text__,fuzzy,1.00,candidate,fuzzy; sz_diff=0; src=extracted
sceMpegSetImageBuff,0x0026B9D0,0x00106750,func,__text__,fuzzy,1.00,candidate,fuzzy; sz_diff=0; src=extracted
sceMpegDispWidth,0x0026B9E8,0x001010EC,func,__text__,fuzzy,1.00,candidate,fuzzy; sz_diff=0; src=extracted
sceMpegDispHeight,0x0026B9F8,0x001010EC,func,__text__,fuzzy,1.00,candidate,fuzzy; sz_diff=0; src=extracted
sceMpegDispCenterOffX,0x0026BA08,0x001010EC,func,__text__,fuzzy,1.00,candidate,fuzzy; sz_diff=0; src=extracted
sceMpegDispCenterOffY,0x0026BA18,0x001010EC,func,__text__,fuzzy,1.00,candidate,fuzzy; sz_diff=0; src=extracted
sceSetBrokenLink,0x0026BA28,0x00104E5C,func,__text__,fuzzy,1.00,candidate,fuzzy; sz_diff=0; src=extracted
sceSetPtm,0x0026BA38,0x00106750,func,__text__,fuzzy,1.00,candidate,fuzzy; sz_diff=0; src=extracted
_alalcInit,0x0026BA50,0x001683A8,func,__text__,fuzzy,0.98,candidate,fuzzy; sz_diff=4; src=extracted
_alalcSetDynamic,0x0026BA68,0x001D0EF4,func,__text__,fuzzy,0.98,candidate,fuzzy; sz_diff=4; src=extracted
_alalcFree,0x0026BA78,0x001D0EF4,func,__text__,fuzzy,0.98,candidate,fuzzy; sz_diff=4; src=extracted
_alalcAlloc,0x0026BA88,0x00251E50,func,__text__,op_seq_hash,0.95,verified,struct match; sz_diff=0; src=prologue
_alalcRest,0x0026BAF0,0x00100BA8,func,__text__,fuzzy,1.00,candidate,fuzzy; sz_diff=0; src=extracted
_getpic,0x0026BB08,0x00251ED0,func,__text__,op_seq_hash,0.95,verified,struct match; sz_diff=0; src=prologue
_decodeOrSkipFrame,0x0026BC90,0x00252058,func,__text__,op_seq_hash,0.95,verified,struct match; sz_diff=0; src=prologue
_decodeOrSkip,0x0026BDB8,0x00252180,func,__text__,op_seq_hash,0.95,verified,struct match; sz_diff=0; src=prologue
_decodeOrSkipField,0x0026BDF8,0x002521C0,func,__text__,op_seq_hash,0.95,verified,struct match; sz_diff=0; src=prologue
_sceMpegFlush,0x0026BF68,0x00252330,func,__text__,op_seq_hash,0.95,verified,struct match; sz_diff=0; src=prologue
_initSeqAgain,0x0026BFD8,0x0013FD78,func,__text__,fuzzy,0.90,candidate,fuzzy; sz_diff=0; src=extracted
_lastFrame,0x0026BFE8,0x002523B0,func,__text__,op_seq_hash,0.95,verified,struct match; sz_diff=0; src=prologue
_clearOnce,0x0026C070,0x00252438,func,__text__,op_seq_hash,0.95,verified,struct match; sz_diff=0; src=prologue
_clearEach,0x0026C0C0,0x00252488,func,__text__,op_seq_hash,0.95,verified,struct match; sz_diff=0; src=prologue
_ErrMessage,0x0026C188,0x001BA668,func,__text__,fuzzy,0.93,candidate,fuzzy; sz_diff=4; src=extracted
_Error1,0x0026C198,0x001D0F68,func,__text__,fuzzy,0.92,candidate,fuzzy; sz_diff=8; src=extracted
_Error,0x0026C1C8,0x00252590,func,__text__,raw_sha1,1.00,verified,exact; src=prologue
_sendDataToIPU,0x0026C220,0x0026C220,func,__text__,same_va,0.85,verified,same VA; USA size=8; src=extracted
_RefImageInit,0x0026C2F8,0x00260C80,func,__text__,fuzzy,1.00,candidate,fuzzy; sz_diff=0; src=extracted
_sequenceHeader,0x0026C318,0x002526E0,func,__text__,op_seq_hash,0.95,verified,struct match; sz_diff=0; src=prologue
_initSeq,0x0026C470,0x00252838,func,__text__,op_seq_hash,0.95,verified,struct match; sz_diff=0; src=prologue
_initRefImages,0x0026C7B8,0x00252B80,func,__text__,op_seq_hash,0.95,verified,struct match; sz_diff=0; src=prologue
_setDefaultQM,0x0026C8A0,0x00252C68,func,__text__,op_seq_hash,0.95,verified,struct match; sz_diff=0; src=prologue
_sequenceExtension,0x0026C960,0x00252D28,func,__text__,op_seq_hash,0.95,verified,struct match; sz_diff=0; src=prologue
_sequenceDisplayExtension,0x0026CAC8,0x00252E90,func,__text__,op_seq_hash,0.95,verified,struct match; sz_diff=0; src=prologue
_sequenceScalableExtension,0x0026CB68,0x00137180,func,__text__,fuzzy,0.93,candidate,fuzzy; sz_diff=16; src=extracted
_unknown_extension,0x0026CB78,0x001A7838,func,__text__,op_seq_hash,0.95,verified,struct match; sz_diff=0; src=prologue
_pictureSpatialScalableExtension,0x0026CB88,0x001A7838,func,__text__,op_seq_hash,0.95,verified,struct match; sz_diff=0; src=prologue
_pictureTemporalScalableExtension,0x0026CB98,0x001009A0,func,__text__,fuzzy,1.00,candidate,fuzzy; sz_diff=0; src=prologue
_defStopDMA,0x0026CBA8,0x00166ED0,func,__text__,fuzzy,1.00,candidate,fuzzy; sz_diff=4; src=extracted
_defRestartDMA,0x0026CBB8,0x00166ED0,func,__text__,fuzzy,0.99,candidate,fuzzy; sz_diff=12; src=extracted
_motionComp0,0x0026CBD0,0x00252F90,func,__text__,op_seq_hash,0.95,verified,struct match; sz_diff=0; src=prologue
_getAllRefs,0x0026CF08,0x002532C8,func,__text__,op_seq_hash,0.95,verified,struct match; sz_diff=0; src=prologue
_getRef0,0x0026D5B8,0x00253978,func,__text__,op_seq_hash,0.95,verified,struct match; sz_diff=0; src=prologue
_doMC,0x0026D9D8,0x00253D98,func,__text__,op_seq_hash,0.95,verified,struct match; sz_diff=0; src=prologue
_rix_000,0x0026DB68,0x001BC130,func,__text__,fuzzy,0.98,candidate,fuzzy; sz_diff=4; src=extracted
_ri0_000,0x0026DBE0,0x0013FD78,func,__text__,fuzzy,0.95,candidate,fuzzy; sz_diff=0; src=extracted
_rix_001,0x0026DC78,0x00254038,func,__text__,raw_sha1,1.00,verified,exact; src=prologue
_ri0_001,0x0026DD30,0x002540F0,func,__text__,raw_sha1,1.00,verified,exact; src=prologue
_rix_010,0x0026DE00,0x002541C0,func,__text__,raw_sha1,1.00,verified,exact; src=prologue
_ri0_010,0x0026DEB0,0x00254270,func,__text__,raw_sha1,1.00,verified,exact; src=prologue
_rix_011,0x0026DF68,0x00254328,func,__text__,raw_sha1,1.00,verified,exact; src=prologue
_ri0_011,0x0026E060,0x00254420,func,__text__,raw_sha1,1.00,verified,exact; src=prologue
_rix_100,0x0026E160,0x0013C878,func,__text__,fuzzy,0.98,candidate,fuzzy; sz_diff=4; src=extracted
_ri0_100,0x0026E208,0x00133608,func,__text__,fuzzy,1.00,candidate,fuzzy; sz_diff=0; src=extracted
_rix_101,0x0026E2B8,0x00254678,func,__text__,raw_sha1,1.00,verified,exact; src=prologue
_ri0_101,0x0026E3A0,0x00254760,func,__text__,raw_sha1,1.00,verified,exact; src=prologue
_rix_110,0x0026E488,0x00254848,func,__text__,raw_sha1,1.00,verified,exact; src=prologue
_ri0_110,0x0026E568,0x00254928,func,__text__,raw_sha1,1.00,verified,exact; src=prologue
_rix_111,0x0026E638,0x002549F8,func,__text__,raw_sha1,1.00,verified,exact; src=prologue
_ri0_111,0x0026E760,0x00254B20,func,__text__,raw_sha1,1.00,verified,exact; src=prologue
_copyAddRefImage,0x0026E878,0x00254C38,func,__text__,op_seq_hash,0.95,verified,struct match; sz_diff=0; src=prologue
_copyRefImage,0x0026E8D8,0x00254C98,func,__text__,op_seq_hash,0.95,verified,struct match; sz_diff=0; src=prologue
_ipuSetMPEG1,0x0026E938,0x00254CF8,func,__text__,raw_sha1,1.00,verified,exact; src=prologue
_waitBdecOut,0x0026E960,0x00254D20,func,__text__,op_seq_hash,0.95,verified,struct match; sz_diff=0; src=prologue
_dmVector,0x0026EB48,0x0017A9B8,func,__text__,op_seq_hash,0.95,verified,struct match; sz_diff=0; src=prologue
_dualPrimeVector,0x0026EB68,0x00254F28,func,__text__,op_seq_hash,0.95,verified,struct match; sz_diff=0; src=prologue
_mbAddressIncrement,0x0026ECF0,0x002550B0,func,__text__,op_seq_hash,0.95,verified,struct match; sz_diff=0; src=prologue
_pictureData0,0x0026EE00,0x00101720,func,__text__,fuzzy,0.82,candidate,fuzzy; sz_diff=8; src=extracted
_sliceA0,0x0026EF28,0x002552E8,func,__text__,op_seq_hash,0.95,verified,struct match; sz_diff=0; src=prologue
_slice0,0x0026F050,0x00255410,func,__text__,op_seq_hash,0.95,verified,struct match; sz_diff=0; src=prologue
_skipMB0,0x0026F250,0x00255610,func,__text__,op_seq_hash,0.95,verified,struct match; sz_diff=0; src=prologue
_decMB0,0x0026F320,0x002556E0,func,__text__,op_seq_hash,0.95,verified,struct match; sz_diff=0; src=prologue
_decode_motion_vector,0x0026F848,0x001BC130,func,__text__,fuzzy,0.94,candidate,fuzzy; sz_diff=16; src=extracted
_motionVectors,0x0026F8D0,0x00255C90,func,__text__,op_seq_hash,0.95,verified,struct match; sz_diff=0; src=prologue
_motionVector,0x0026FA50,0x00255E10,func,__text__,op_seq_hash,0.95,verified,struct match; sz_diff=0; src=prologue
_sendIpuCommand,0x0026FB90,0x00255F50,func,__text__,op_seq_hash,0.95,verified,struct match; sz_diff=0; src=prologue
_waitIpuIdle,0x0026FBC0,0x00255F80,func,__text__,op_seq_hash,0.95,verified,struct match; sz_diff=0; src=prologue
_waitIpuIdle64,0x0026FC68,0x00256028,func,__text__,op_seq_hash,0.95,verified,struct match; sz_diff=0; src=prologue
_ipuVdec,0x0026FD18,0x002560D8,func,__text__,op_seq_hash,0.95,verified,struct match; sz_diff=0; src=prologue
_peepBit,0x0026FED0,0x00256290,func,__text__,op_seq_hash,0.95,verified,struct match; sz_diff=0; src=prologue
_flushBuf,0x00270008,0x002563C8,func,__text__,op_seq_hash,0.95,verified,struct match; sz_diff=0; src=prologue
_nextBit,0x00270120,0x002564E0,func,__text__,op_seq_hash,0.95,verified,struct match; sz_diff=0; src=prologue
_nextStartCode,0x00270288,0x00256648,func,__text__,op_seq_hash,0.95,verified,struct match; sz_diff=0; src=prologue
_sliceB,0x002702F0,0x002566B0,func,__text__,op_seq_hash,0.95,verified,struct match; sz_diff=0; src=prologue
_nextHeader,0x00270360,0x00256720,func,__text__,op_seq_hash,0.95,verified,struct match; sz_diff=0; src=prologue
_pictureHeader,0x00270488,0x00256848,func,__text__,op_seq_hash,0.95,verified,struct match; sz_diff=0; src=prologue
_extensionAndUserData,0x00270558,0x00256918,func,__text__,op_seq_hash,0.95,verified,struct match; sz_diff=0; src=prologue
_pictureCodingExtension,0x00270608,0x002569C8,func,__text__,op_seq_hash,0.95,verified,struct match; sz_diff=0; src=prologue
_extrainfo,0x00270838,0x00256BF8,func,__text__,op_seq_hash,0.95,verified,struct match; sz_diff=0; src=prologue
_updateTempTackData,0x00270870,0x00256C30,func,__text__,op_seq_hash,0.95,verified,struct match; sz_diff=0; src=prologue
_groupOfPicturesHeader,0x00270950,0x00256D10,func,__text__,op_seq_hash,0.95,verified,struct match; sz_diff=0; src=prologue
_quantMatrixExtension,0x00270A38,0x00256DF8,func,__text__,op_seq_hash,0.95,verified,struct match; sz_diff=0; src=prologue
_pictureDisplayExtension,0x00270AE8,0x00256EA8,func,__text__,op_seq_hash,0.95,verified,struct match; sz_diff=0; src=prologue
_copyrightExtension,0x00270BD8,0x00256F98,func,__text__,op_seq_hash,0.95,verified,struct match; sz_diff=0; src=prologue
_decPicture,0x00270C88,0x00257048,func,__text__,op_seq_hash,0.95,verified,struct match; sz_diff=0; src=prologue
_outputFrame,0x00270D68,0x00257128,func,__text__,op_seq_hash,0.95,verified,struct match; sz_diff=0; src=prologue
_updateRefImage,0x00270E20,0x002571E0,func,__text__,op_seq_hash,0.95,verified,struct match; sz_diff=0; src=prologue
_isOutSizeOK,0x00271200,0x002575C0,func,__text__,op_seq_hash,0.95,verified,struct match; sz_diff=0; src=prologue
_cpr8,0x002712A0,0x00257660,func,__text__,op_seq_hash,0.95,verified,struct match; sz_diff=0; src=prologue
_markOutput,0x00271490,0x00257850,func,__text__,op_seq_hash,0.95,verified,struct match; sz_diff=0; src=prologue
_getPtsDtsFlags,0x002714C8,0x00257888,func,__text__,op_seq_hash,0.95,verified,struct match; sz_diff=0; src=prologue
_dispRefImage,0x00271660,0x00257A20,func,__text__,op_seq_hash,0.95,verified,struct match; sz_diff=0; src=prologue
_dispRefImageField,0x00271778,0x00257B38,func,__text__,op_seq_hash,0.95,verified,struct match; sz_diff=0; src=prologue
_doCSC,0x00271938,0x00257CF8,func,__text__,raw_sha1,1.00,verified,exact; src=prologue
_ch3dmaCSC,0x00271A20,0x001029E4,func,__text__,fuzzy,1.00,candidate,fuzzy; sz_diff=0; src=extracted
_doCSC2,0x00271B68,0x001BFB6C,func,__text__,fuzzy,0.73,candidate,fuzzy; sz_diff=8; src=extracted
_ch4dma,0x00271D28,0x00102644,func,__text__,fuzzy,1.00,candidate,fuzzy; sz_diff=0; src=extracted
_csc_storeRefImage,0x00271E00,0x002581C0,func,__text__,op_seq_hash,0.95,verified,struct match; sz_diff=0; src=prologue
_sysbitInit,0x00272058,0x0016A158,func,__text__,fuzzy,1.00,candidate,fuzzy; sz_diff=0; src=extracted
_sysbitNext,0x00272090,0x00101AE8,func,__text__,fuzzy,1.00,candidate,fuzzy; sz_diff=0; src=extracted
_sysbitFlush,0x002720B0,0x0013FD78,func,__text__,fuzzy,0.88,candidate,fuzzy; sz_diff=4; src=extracted
_sysbitGet,0x00272148,0x00258508,func,__text__,op_seq_hash,0.95,verified,struct match; sz_diff=0; src=prologue
_sysbitMarker,0x00272198,0x00258558,func,__text__,op_seq_hash,0.95,verified,struct match; sz_diff=0; src=prologue
_sysbitJump,0x002721E0,0x001BC130,func,__text__,fuzzy,0.95,candidate,fuzzy; sz_diff=12; src=extracted
_sysbitPtr,0x00272238,0x00101B68,func,__text__,fuzzy,1.00,candidate,fuzzy; sz_diff=0; src=extracted
setD3_CHCR,0x00272268,0x00258628,func,__text__,raw_sha1,1.00,verified,exact; src=prologue
libipu_setD4_CHCR,0x002722D0,0x00258690,func,__text__,raw_sha1,1.00,verified,exact; src=prologue
sceIpuStopDMA,0x00272338,0x002586F8,func,__text__,op_seq_hash,0.95,verified,struct match; sz_diff=0; src=prologue
sceIpuRestartDMA,0x00272420,0x002587E0,func,__text__,op_seq_hash,0.95,verified,struct match; sz_diff=0; src=prologue
sceIpuSync,0x00272570,0x00102688,func,__text__,fuzzy,1.00,candidate,fuzzy; sz_diff=0; src=extracted
ipuinit_setD4_CHCR,0x002725D8,0x00258690,func,__text__,raw_sha1,1.00,verified,exact; src=prologue
sceIpuInit,0x00272640,0x00258A00,func,__text__,op_seq_hash,0.95,verified,struct match; sz_diff=0; src=prologue
GetRomName,0x00272878,0x001026F0,func,__text__,fuzzy,1.00,candidate,fuzzy; sz_diff=0; src=prologue
IsT10K,0x00272918,0x001009A0,func,__text__,fuzzy,1.00,candidate,fuzzy; sz_diff=0; src=prologue
sceScfGetLanguage,0x00272958,0x001019E0,func,__text__,fuzzy,1.00,candidate,fuzzy; sz_diff=0; src=prologue
sceScfSetT10kConfig,0x002729B8,0x00101AE8,func,__text__,fuzzy,1.00,candidate,fuzzy; sz_diff=0; src=extracted
sceScfGetAspect,0x002729D8,0x001009A0,func,__text__,fuzzy,1.00,candidate,fuzzy; sz_diff=0; src=prologue
sceScfGetSpdif,0x00272A18,0x00102644,func,__text__,fuzzy,1.00,candidate,fuzzy; sz_diff=0; src=prologue
sceScfGetTimeZone,0x00272A58,0x001029E4,func,__text__,fuzzy,1.00,candidate,fuzzy; sz_diff=0; src=prologue
sceScfGetDateNotation,0x00272AC0,0x00100FB0,func,__text__,fuzzy,1.00,candidate,fuzzy; sz_diff=0; src=prologue
sceScfGetSummerTime,0x00272B40,0x00102870,func,__text__,fuzzy,1.00,candidate,fuzzy; sz_diff=0; src=prologue
sceScfGetTimeNotation,0x00272BC0,0x00102870,func,__text__,fuzzy,1.00,candidate,fuzzy; sz_diff=0; src=prologue
tobcd,0x00272C40,0x001029E4,func,__text__,fuzzy,1.00,candidate,fuzzy; sz_diff=0; src=prologue
frombcd,0x00272CA8,0x00107DD8,func,__text__,fuzzy,1.00,candidate,fuzzy; sz_diff=0; src=prologue
convertfrombcd,0x00272D00,0x00102564,func,__text__,fuzzy,1.00,candidate,fuzzy; sz_diff=0; src=prologue
converttobcd,0x00272D88,0x00102564,func,__text__,fuzzy,1.00,candidate,fuzzy; sz_diff=0; src=prologue
adddate,0x00272E10,0x0010CEA4,func,__text__,fuzzy,1.00,candidate,fuzzy; sz_diff=0; src=prologue
subdate,0x00272EF8,0x00100C90,func,__text__,fuzzy,1.00,candidate,fuzzy; sz_diff=0; src=prologue
addhour,0x00272FD0,0x00105E00,func,__text__,fuzzy,1.00,candidate,fuzzy; sz_diff=0; src=prologue
subhour,0x00273040,0x00100A08,func,__text__,fuzzy,1.00,candidate,fuzzy; sz_diff=0; src=prologue
AdjustTime,0x002730A8,0x0010882C,func,__text__,fuzzy,1.00,candidate,fuzzy; sz_diff=0; src=prologue
sceScfGetGMTfromRTC,0x00273178,0x00102340,func,__text__,fuzzy,1.00,candidate,fuzzy; sz_diff=0; src=prologue
sceScfGetLocalTimefromRTC,0x002731C0,0x00102870,func,__text__,fuzzy,1.00,candidate,fuzzy; sz_diff=0; src=prologue
_SgGetSlotContext,0x00273228,0x00100BA8,func,__text__,fuzzy,1.00,candidate,fuzzy; sz_diff=0; src=extracted
_SgGetSeqContext,0x00273240,0x00100BA8,func,__text__,fuzzy,1.00,candidate,fuzzy; sz_diff=0; src=extracted
_SgGetComContext,0x00273258,0x0014BDC8,func,__text__,op_seq_hash,0.95,verified,struct match; sz_diff=0; src=extracted
_SgGetVabContext,0x00273268,0x0012FE60,func,__text__,op_seq_hash,0.95,verified,struct match; sz_diff=0; src=prologue
_SgSetSeVolValue,0x00273280,0x00100BA8,func,__text__,fuzzy,1.00,candidate,fuzzy; sz_diff=0; src=extracted
_SgGetSeVolValue,0x00273298,0x00100BA8,func,__text__,fuzzy,1.00,candidate,fuzzy; sz_diff=0; src=extracted
_SgSetSeContext,0x002732B0,0x0014BDC8,func,__text__,op_seq_hash,0.95,verified,struct match; sz_diff=0; src=extracted
_SgGetHeadContext,0x002732C0,0x0014BDC8,func,__text__,op_seq_hash,0.95,verified,struct match; sz_diff=0; src=prologue
_SgGetIop2EeContext,0x002732D0,0x00258CE0,func,__text__,op_seq_hash,0.95,verified,struct match; sz_diff=0; src=prologue
_SgGetPacketCntext,0x002732E0,0x00258CF0,func,__text__,op_seq_hash,0.95,verified,struct match; sz_diff=0; src=prologue
_SgCalledTickProc,0x00273300,0x00258D10,func,__text__,op_seq_hash,0.95,verified,struct match; sz_diff=0; src=prologue
_SgSetPkAdd,0x002737E0,0x002591F0,func,__text__,op_seq_hash,0.95,verified,struct match; sz_diff=0; src=prologue
_SgSeMain,0x00273878,0x00259288,func,__text__,op_seq_hash,0.95,verified,struct match; sz_diff=0; src=prologue
_SgBgmMain,0x00273C98,0x002596A8,func,__text__,op_seq_hash,0.95,verified,struct match; sz_diff=0; src=prologue
_SgSetRealtimeTickProc,0x00274138,0x00259B48,func,__text__,op_seq_hash,0.95,verified,struct match; sz_diff=0; src=prologue
_SgSetRealtimeVolume,0x00274840,0x0025A250,func,__text__,op_seq_hash,0.95,verified,struct match; sz_diff=0; src=prologue
_SgTableEnvAdd,0x00274A20,0x0025A430,func,__text__,op_seq_hash,0.95,verified,struct match; sz_diff=0; src=prologue
_SgSeqKeyOnSlot,0x00274BC0,0x0025A5D0,func,__text__,op_seq_hash,0.95,verified,struct match; sz_diff=0; src=prologue
_SgSeKeyOnSlot,0x00274CF8,0x0025A708,func,__text__,op_seq_hash,0.95,verified,struct match; sz_diff=0; src=prologue
_SgSeKeyOff,0x00274F30,0x0025A940,func,__text__,op_seq_hash,0.95,verified,struct match; sz_diff=0; src=prologue
_SgSeqKeyOff,0x00275078,0x0025AA88,func,__text__,op_seq_hash,0.95,verified,struct match; sz_diff=0; src=prologue
_SgIntoKeyOn,0x00275180,0x0025AB90,func,__text__,op_seq_hash,0.95,verified,struct match; sz_diff=0; src=prologue
_SgPitchTableVag,0x00275208,0x00251CF8,func,__text__,fuzzy,1.00,candidate,fuzzy; sz_diff=0; src=extracted
_SgSeqSeVolume,0x00275250,0x0025AC60,func,__text__,op_seq_hash,0.95,verified,struct match; sz_diff=0; src=prologue
_SgPan,0x002753F0,0x0025AE00,func,__text__,op_seq_hash,0.95,verified,struct match; sz_diff=0; src=prologue
_SgEndSeq,0x00275480,0x0025AE90,func,__text__,op_seq_hash,0.95,verified,struct match; sz_diff=0; src=prologue
_SgTempoChange,0x00275550,0x0025AF60,func,__text__,op_seq_hash,0.95,verified,struct match; sz_diff=0; src=prologue
_SgProgChange,0x002755E0,0x0025AFF0,func,__text__,op_seq_hash,0.95,verified,struct match; sz_diff=0; src=prologue
_SgContMod,0x00275670,0x0025B080,func,__text__,op_seq_hash,0.95,verified,struct match; sz_diff=0; src=prologue
_SgContModLoop,0x002757D0,0x0025B1E0,func,__text__,op_seq_hash,0.95,verified,struct match; sz_diff=0; src=prologue
_SgContPolta,0x00275948,0x0025B358,func,__text__,op_seq_hash,0.95,verified,struct match; sz_diff=0; src=prologue
_SgContVol,0x00275A98,0x0025B4A8,func,__text__,op_seq_hash,0.95,verified,struct match; sz_diff=0; src=prologue
_SgContPan,0x00275C50,0x0025B660,func,__text__,op_seq_hash,0.95,verified,struct match; sz_diff=0; src=prologue
_SgContDump,0x00275E70,0x0025B880,func,__text__,op_seq_hash,0.95,verified,struct match; sz_diff=0; src=prologue
_SgContSeLoop,0x00275F88,0x0025B998,func,__text__,op_seq_hash,0.95,verified,struct match; sz_diff=0; src=prologue
_SgContParam,0x00276048,0x0025BA58,func,__text__,op_seq_hash,0.95,verified,struct match; sz_diff=0; src=prologue
_SgContLoopCount,0x002763C8,0x0025BDD8,func,__text__,op_seq_hash,0.95,verified,struct match; sz_diff=0; src=prologue
_SgContLoop,0x00276450,0x0025BE60,func,__text__,op_seq_hash,0.95,verified,struct match; sz_diff=0; src=prologue
_SgBendForm,0x00276588,0x0025BF98,func,__text__,op_seq_hash,0.95,verified,struct match; sz_diff=0; src=prologue
_SgDeltaTime,0x00276698,0x001019E0,func,__text__,fuzzy,1.00,candidate,fuzzy; sz_diff=0; src=extracted
_SgSeqSeRrEnd,0x002766F0,0x0025C100,func,__text__,op_seq_hash,0.95,verified,struct match; sz_diff=0; src=prologue
_SgfadeParam,0x002768B0,0x00102644,func,__text__,fuzzy,1.00,candidate,fuzzy; sz_diff=0; src=extracted
_SgInit,0x002768E8,0x0025C2F8,func,__text__,op_seq_hash,0.95,verified,struct match; sz_diff=0; src=prologue
_SgSndn2Remote,0x00276A80,0x00260BA0,func,__text__,fuzzy,1.00,candidate,fuzzy; sz_diff=0; src=extracted
SgSndn2RemoteInit,0x00276AD0,0x0025C4E0,func,__text__,op_seq_hash,0.95,verified,struct match; sz_diff=0; src=prologue
SgSndn2RemoteSync,0x00276B60,0x0025C570,func,__text__,op_seq_hash,0.95,verified,struct match; sz_diff=0; src=prologue
SgInit,0x00276BA8,0x00133608,func,__text__,fuzzy,0.95,candidate,fuzzy; sz_diff=0; src=extracted
SgInitHot,0x00276BB0,0x00133608,func,__text__,fuzzy,0.92,candidate,fuzzy; sz_diff=8; src=extracted
SgQuit,0x00276BB8,0x0025C5C8,func,__text__,op_seq_hash,0.95,verified,struct match; sz_diff=0; src=prologue
SgCalledTickProc,0x00276C28,0x0025C638,func,__text__,op_seq_hash,0.95,verified,struct match; sz_diff=0; src=prologue
SgSetDigitalOutputMode,0x00276C58,0x00251CF8,func,__text__,fuzzy,1.00,candidate,fuzzy; sz_diff=0; src=extracted
SgDmaWrite,0x00276C70,0x001D0F68,func,__text__,fuzzy,0.98,candidate,fuzzy; sz_diff=4; src=extracted
SgDmaRead,0x00276CA0,0x00260C80,func,__text__,fuzzy,0.97,candidate,fuzzy; sz_diff=8; src=extracted
_SgDmaCommon,0x00276CC8,0x0025C6D8,func,__text__,op_seq_hash,0.95,verified,struct match; sz_diff=0; src=prologue
SgGetDmaTransferStatus,0x00276D58,0x0025C768,func,__text__,op_seq_hash,0.95,verified,struct match; sz_diff=0; src=prologue
SgVabOpen,0x00276DE8,0x0025C7F8,func,__text__,op_seq_hash,0.95,verified,struct match; sz_diff=0; src=prologue
SgVabOpenFakeBody,0x00276E58,0x0025C868,func,__text__,op_seq_hash,0.95,verified,struct match; sz_diff=0; src=prologue
SgVabClose,0x00276F50,0x0025C960,func,__text__,op_seq_hash,0.95,verified,struct match; sz_diff=0; src=prologue
SgBgmOpen,0x002770B0,0x0025CAC0,func,__text__,op_seq_hash,0.95,verified,struct match; sz_diff=0; src=prologue
SgBgmClose,0x00277218,0x0025CC28,func,__text__,op_seq_hash,0.95,verified,struct match; sz_diff=0; src=prologue
SgSetReverbEndAddr,0x002772A0,0x0013C878,func,__text__,fuzzy,1.00,candidate,fuzzy; sz_diff=0; src=extracted
SgSetReverbType,0x002772B8,0x0026B018,func,__text__,fuzzy,0.98,candidate,fuzzy; sz_diff=4; src=extracted
SgSetReverbDepth,0x002772D0,0x0013D140,func,__text__,fuzzy,1.00,candidate,fuzzy; sz_diff=0; src=extracted
SgSetReverbDelaytime,0x002772E8,0x0013C538,func,__text__,fuzzy,1.00,candidate,fuzzy; sz_diff=0; src=extracted
SgSetReverbFeedback,0x00277300,0x001BA668,func,__text__,fuzzy,1.00,candidate,fuzzy; sz_diff=0; src=extracted
SgSetOutputMode,0x00277318,0x0025CD28,func,__text__,op_seq_hash,0.95,verified,struct match; sz_diff=0; src=prologue
SgSetTickMode,0x00277340,0x0025CD28,func,__text__,op_seq_hash,0.95,verified,struct match; sz_diff=0; src=prologue
SgGetSlotStatus,0x00277368,0x0025CD78,func,__text__,op_seq_hash,0.95,verified,struct match; sz_diff=0; src=prologue
SgSetMasterVol,0x00277468,0x0024C130,func,__text__,fuzzy,1.00,candidate,fuzzy; sz_diff=0; src=extracted
SgSetBgmVol,0x00277480,0x0025CE90,func,__text__,op_seq_hash,0.95,verified,struct match; sz_diff=0; src=prologue
SgSetSeMasterVol,0x00277528,0x0025CF38,func,__text__,op_seq_hash,0.95,verified,struct match; sz_diff=0; src=prologue
SgBgmPlay,0x002775B0,0x0025CFC0,func,__text__,op_seq_hash,0.95,verified,struct match; sz_diff=0; src=prologue
SgBgmStop,0x00277658,0x0025D068,func,__text__,op_seq_hash,0.95,verified,struct match; sz_diff=0; src=prologue
SgSetBgmTempo,0x002778C8,0x0025D2D8,func,__text__,op_seq_hash,0.95,verified,struct match; sz_diff=0; src=prologue
SgGetBgmTempo,0x00277970,0x0025D380,func,__text__,op_seq_hash,0.95,verified,struct match; sz_diff=0; src=prologue
SgGetBgmStatus,0x002779A0,0x0025D3B0,func,__text__,op_seq_hash,0.95,verified,struct match; sz_diff=0; src=prologue
SgGetBgmChStatus,0x00277A28,0x0025D438,func,__text__,op_seq_hash,0.95,verified,struct match; sz_diff=0; src=prologue
SgSetBgmPanpot,0x00277AD8,0x0025D4E8,func,__text__,op_seq_hash,0.95,verified,struct match; sz_diff=0; src=prologue
SgSePlay,0x00277BB8,0x0025D5C8,func,__text__,op_seq_hash,0.95,verified,struct match; sz_diff=0; src=prologue
SgSeStop,0x00277DE0,0x0025D7F0,func,__text__,op_seq_hash,0.95,verified,struct match; sz_diff=0; src=prologue
SgSeStopAll,0x00277F10,0x0025D920,func,__text__,op_seq_hash,0.95,verified,struct match; sz_diff=0; src=prologue
SgSetSeVolDirect,0x00277FB8,0x0025D9C8,func,__text__,op_seq_hash,0.95,verified,struct match; sz_diff=0; src=prologue
SgSetSePitchDirect,0x00278058,0x0025DA68,func,__text__,op_seq_hash,0.95,verified,struct match; sz_diff=0; src=prologue
SgGetSpuSlotMalloc,0x002780C8,0x0025DAD8,func,__text__,op_seq_hash,0.95,verified,struct match; sz_diff=0; src=prologue
SgSetSpuSlotFree,0x002782A0,0x0025DCB0,func,__text__,op_seq_hash,0.95,verified,struct match; sz_diff=0; src=prologue
SgStAdpcmInit,0x002782E0,0x0025DCF0,func,__text__,op_seq_hash,0.95,verified,struct match; sz_diff=0; src=prologue
SgStAdpcmQuit,0x002782F8,0x0025DCF0,func,__text__,op_seq_hash,0.95,verified,struct match; sz_diff=0; src=prologue
SgStAdpcmOpen,0x00278310,0x0025DD20,func,__text__,op_seq_hash,0.95,verified,struct match; sz_diff=0; src=prologue
SgStAdpcmClose,0x002783A0,0x0025DDB0,func,__text__,op_seq_hash,0.95,verified,struct match; sz_diff=0; src=prologue
SgStAdpcmChannelVolume,0x002783E0,0x0026B018,func,__text__,fuzzy,0.98,candidate,fuzzy; sz_diff=4; src=extracted
SgStAdpcmChannelPitch,0x00278468,0x0025DE78,func,__text__,op_seq_hash,0.95,verified,struct match; sz_diff=0; src=prologue
SgStAdpcmPlay,0x002784E0,0x0025DEF0,func,__text__,op_seq_hash,0.95,verified,struct match; sz_diff=0; src=prologue
SgStAdpcmStop,0x00278540,0x0025DEF0,func,__text__,op_seq_hash,0.95,verified,struct match; sz_diff=0; src=prologue
SgStAdpcmIopReadAddr,0x002785A0,0x0025DFB0,func,__text__,op_seq_hash,0.95,verified,struct match; sz_diff=0; src=prologue
SgStPcmInit,0x00278610,0x0025DCF0,func,__text__,op_seq_hash,0.95,verified,struct match; sz_diff=0; src=prologue
SgStPcmQuit,0x00278628,0x0025DCF0,func,__text__,op_seq_hash,0.95,verified,struct match; sz_diff=0; src=prologue
SgStPcmOpen,0x00278640,0x0025E050,func,__text__,op_seq_hash,0.95,verified,struct match; sz_diff=0; src=prologue
SgStPcmClose,0x002786B0,0x0025DDB0,func,__text__,op_seq_hash,0.95,verified,struct match; sz_diff=0; src=prologue
SgStPcmSetEffect,0x002786F0,0x0013C538,func,__text__,fuzzy,1.00,candidate,fuzzy; sz_diff=0; src=extracted
SgStPcmPlay,0x00278708,0x0025E118,func,__text__,op_seq_hash,0.95,verified,struct match; sz_diff=0; src=prologue
SgStPcmStop,0x00278748,0x0025E118,func,__text__,op_seq_hash,0.95,verified,struct match; sz_diff=0; src=prologue
SgStPcmLseek,0x00278788,0x0025E198,func,__text__,op_seq_hash,0.95,verified,struct match; sz_diff=0; src=prologue
SgStPcmVolume,0x002787D8,0x001AE8F0,func,__text__,fuzzy,1.00,candidate,fuzzy; sz_diff=0; src=extracted
SgStPcmIopReadAddr,0x00278828,0x0025E238,func,__text__,op_seq_hash,0.95,verified,struct match; sz_diff=0; src=prologue
SgStPcmBufMode,0x00278870,0x0025E280,func,__text__,op_seq_hash,0.95,verified,struct match; sz_diff=0; src=prologue
sinf,0x002788D8,0x0025E2E8,func,__text__,op_seq_hash,0.95,verified,struct match; sz_diff=0; src=prologue
acosf,0x002789C8,0x0025E3D8,func,__text__,op_seq_hash,0.95,verified,struct match; sz_diff=0; src=prologue
asinf,0x00278AC8,0x0025E3D8,func,__text__,op_seq_hash,0.95,verified,struct match; sz_diff=0; src=prologue
atan2f,0x00278BC8,0x0025E5D8,func,__text__,op_seq_hash,0.95,verified,struct match; sz_diff=0; src=prologue
fmodf,0x00278CF0,0x0025E700,func,__text__,op_seq_hash,0.95,verified,struct match; sz_diff=0; src=prologue
__ieee754_acosf,0x00278E30,0x0025E840,func,__text__,raw_sha1,1.00,verified,exact; src=prologue
__ieee754_asinf,0x00279260,0x0025EC70,func,__text__,raw_sha1,1.00,verified,exact; src=prologue
__ieee754_atan2f,0x00279600,0x0025F010,func,__text__,op_seq_hash,0.95,verified,struct match; sz_diff=0; src=prologue
__ieee754_fmodf,0x002798E8,0x00103AD0,func,__text__,fuzzy,1.00,candidate,fuzzy; sz_diff=0; src=extracted
__ieee754_rem_pio2f,0x00279B38,0x0025F548,func,__text__,raw_sha1,1.00,verified,exact; src=prologue
__ieee754_sqrtf,0x00279F18,0x00260C80,func,__text__,fuzzy,0.93,candidate,fuzzy; sz_diff=4; src=extracted
__kernel_cosf,0x0027A050,0x0025FA60,func,__text__,raw_sha1,1.00,verified,exact; src=prologue
__kernel_rem_pio2f,0x0027A1A8,0x001D64B0,func,__text__,fuzzy,0.63,candidate,fuzzy; sz_diff=44; src=extracted
__kernel_sinf,0x0027AAF8,0x00251CF8,func,__text__,fuzzy,0.95,candidate,fuzzy; sz_diff=0; src=extracted
matherr,0x0027AC00,0x00260610,func,__text__,op_seq_hash,0.95,verified,struct match; sz_diff=0; src=prologue
atanf,0x0027AC28,0x00260638,func,__text__,op_seq_hash,0.95,verified,struct match; sz_diff=0; src=prologue
fabsf,0x0027AED0,0x00101AE8,func,__text__,fuzzy,1.00,candidate,fuzzy; sz_diff=0; src=extracted
floorf,0x0027AEF0,0x00260900,func,__text__,raw_sha1,1.00,verified,exact; src=prologue
isnanf,0x0027AFD8,0x002609E8,func,__text__,raw_sha1,1.00,verified,exact; src=prologue
scalbnf,0x0027B000,0x00260A10,func,__text__,raw_sha1,1.00,verified,exact; src=prologue
copysignf,0x0027B160,0x001019A8,func,__text__,fuzzy,1.00,candidate,fuzzy; sz_diff=0; src=extracted
__do_global_dtors,0x0027B190,0x00260BA0,func,__text__,op_seq_hash,0.95,verified,struct match; sz_diff=0; src=prologue
__do_global_ctors,0x0027B1E8,0x00260BF8,func,__text__,op_seq_hash,0.95,verified,struct match; sz_diff=0; src=prologue
__main,0x0027B298,0x001064B0,func,__text__,fuzzy,1.00,candidate,fuzzy; sz_diff=0; src=extracted
__divdi3,0x0027B2B8,0x00265CA0,func,__text__,fuzzy,0.68,candidate,fuzzy; sz_diff=28; src=extracted
__fixunsdfdi,0x0027B9A8,0x002613B8,func,__text__,op_seq_hash,0.95,verified,struct match; sz_diff=0; src=prologue
__floatdidf,0x0027BA98,0x002614A8,func,__text__,op_seq_hash,0.95,verified,struct match; sz_diff=0; src=prologue
__moddi3,0x0027BB30,0x00133F60,func,__text__,fuzzy,0.75,candidate,fuzzy; sz_diff=0; src=extracted
__muldi3,0x0027C198,0x00100A08,func,__text__,fuzzy,1.00,candidate,fuzzy; sz_diff=0; src=extracted
__udivdi3,0x0027C1F8,0x00116C08,func,__text__,fuzzy,0.69,candidate,fuzzy; sz_diff=8; src=extracted
__umoddi3,0x0027C7C8,0x002621D8,func,__text__,raw_sha1,1.00,verified,exact; src=prologue
__pack_d,0x0027CD08,0x0010EE90,func,__text__,fuzzy,1.00,candidate,fuzzy; sz_diff=0; src=extracted
__unpack_d,0x0027CE38,0x00102644,func,__text__,fuzzy,1.00,candidate,fuzzy; sz_diff=0; src=extracted
dp_fpadd_parts,0x0027CED8,0x00101AE8,func,__text__,fuzzy,1.00,candidate,fuzzy; sz_diff=0; src=extracted
dpadd,0x0027D118,0x00262B28,func,__text__,op_seq_hash,0.95,verified,struct match; sz_diff=0; src=prologue
dpsub,0x0027D170,0x00262B80,func,__text__,op_seq_hash,0.95,verified,struct match; sz_diff=0; src=prologue
dpmul,0x0027D1D8,0x00262BE8,func,__text__,op_seq_hash,0.95,verified,struct match; sz_diff=0; src=prologue
dpdiv,0x0027D480,0x00262E90,func,__text__,op_seq_hash,0.95,verified,struct match; sz_diff=0; src=prologue
__fpcmp_parts_d,0x0027D5E8,0x001009E0,func,__text__,fuzzy,1.00,candidate,fuzzy; sz_diff=0; src=extracted
dpcmp,0x0027D700,0x00263110,func,__text__,op_seq_hash,0.95,verified,struct match; sz_diff=0; src=prologue
litodp,0x0027D750,0x00263160,func,__text__,op_seq_hash,0.95,verified,struct match; sz_diff=0; src=prologue
dptoli,0x0027D808,0x00263218,func,__text__,op_seq_hash,0.95,verified,struct match; sz_diff=0; src=prologue
dptoul,0x0027D8A0,0x002632B0,func,__text__,op_seq_hash,0.95,verified,struct match; sz_diff=0; src=prologue
__negdf2,0x0027D940,0x00263350,func,__text__,op_seq_hash,0.95,verified,struct match; sz_diff=0; src=prologue
__make_dp,0x0027D978,0x00263388,func,__text__,op_seq_hash,0.95,verified,struct match; sz_diff=0; src=prologue
dptofp,0x0027D9A8,0x002633B8,func,__text__,op_seq_hash,0.95,verified,struct match; sz_diff=0; src=prologue
__pack_f,0x0027DA00,0x001BB23C,func,__text__,fuzzy,0.96,candidate,fuzzy; sz_diff=12; src=extracted
__unpack_f,0x0027DB10,0x001019A8,func,__text__,fuzzy,1.00,candidate,fuzzy; sz_diff=0; src=extracted
fp_fpadd_parts,0x0027DBA0,0x00101AE8,func,__text__,fuzzy,1.00,candidate,fuzzy; sz_diff=0; src=extracted
fpadd,0x0027DDD8,0x002637E8,func,__text__,op_seq_hash,0.95,verified,struct match; sz_diff=0; src=prologue
fpsub,0x0027DE30,0x00263840,func,__text__,op_seq_hash,0.95,verified,struct match; sz_diff=0; src=prologue
fpmul,0x0027DE98,0x002638A8,func,__text__,op_seq_hash,0.95,verified,struct match; sz_diff=0; src=prologue
fpdiv,0x0027E090,0x00263AA0,func,__text__,op_seq_hash,0.95,verified,struct match; sz_diff=0; src=prologue
__fpcmp_parts_f,0x0027E1F0,0x001009E0,func,__text__,fuzzy,1.00,candidate,fuzzy; sz_diff=0; src=extracted
fpcmp,0x0027E308,0x00263D18,func,__text__,op_seq_hash,0.95,verified,struct match; sz_diff=0; src=prologue
sitofp,0x0027E358,0x00263D68,func,__text__,op_seq_hash,0.95,verified,struct match; sz_diff=0; src=prologue
fptosi,0x0027E410,0x00263E20,func,__text__,op_seq_hash,0.95,verified,struct match; sz_diff=0; src=prologue
fptoui,0x0027E4A0,0x00263EB0,func,__text__,op_seq_hash,0.95,verified,struct match; sz_diff=0; src=prologue
__negsf2,0x0027E538,0x00263F48,func,__text__,op_seq_hash,0.95,verified,struct match; sz_diff=0; src=prologue
__make_fp,0x0027E570,0x00263F80,func,__text__,op_seq_hash,0.95,verified,struct match; sz_diff=0; src=prologue
fptodp,0x0027E5A0,0x00263FB0,func,__text__,op_seq_hash,0.95,verified,struct match; sz_diff=0; src=prologue
__assert,0x0027E5E0,0x00263FF0,func,__text__,op_seq_hash,0.95,verified,struct match; sz_diff=0; src=prologue
atoi,0x0027E618,0x00264028,func,__text__,op_seq_hash,0.95,verified,struct match; sz_diff=0; src=prologue
__errno,0x0027E640,0x00258CE0,func,__text__,op_seq_hash,0.95,verified,struct match; sz_diff=0; src=extracted
fiprintf,0x0027E650,0x00264060,func,__text__,op_seq_hash,0.95,verified,struct match; sz_diff=0; src=prologue
memcmp,0x0027E684,0x0013C958,func,__text__,fuzzy,0.95,candidate,fuzzy; sz_diff=12; src=extracted
memcpy,0x0027E718,0x0011FC28,func,__text__,fuzzy,1.00,candidate,fuzzy; sz_diff=0; src=extracted
memset,0x0027E7C8,0x00103120,func,__text__,fuzzy,1.00,candidate,fuzzy; sz_diff=0; src=extracted
_printf_r,0x0027E888,0x00264298,func,__text__,op_seq_hash,0.95,verified,struct match; sz_diff=0; src=prologue
printf,0x0027E8C8,0x002642D8,func,__text__,op_seq_hash,0.95,verified,struct match; sz_diff=0; src=prologue
qsort,0x0027E918,0x00264328,func,__text__,op_seq_hash,0.95,verified,struct match; sz_diff=0; src=prologue
srand,0x0027F340,0x0018CEF0,func,__text__,op_seq_hash,0.95,verified,struct match; sz_diff=0; src=prologue
rand,0x0027F350,0x001019A8,func,__text__,fuzzy,1.00,candidate,fuzzy; sz_diff=0; src=extracted
_sprintf_r,0x0027F380,0x00264D90,func,__text__,op_seq_hash,0.95,verified,struct match; sz_diff=0; src=prologue
sprintf,0x0027F3E8,0x001685E0,func,__text__,fuzzy,0.97,candidate,fuzzy; sz_diff=8; src=extracted
eofread,0x0027F458,0x00100C78,func,__text__,raw_sha1,1.00,verified,exact; src=prologue
sscanf,0x0027F460,0x00264E70,func,__text__,op_seq_hash,0.95,verified,struct match; sz_diff=0; src=prologue
strcat,0x0027F4E8,0x00264EF8,func,__text__,op_seq_hash,0.95,verified,struct match; sz_diff=0; src=prologue
strcmp,0x0027F614,0x00104590,func,__text__,fuzzy,1.00,candidate,fuzzy; sz_diff=0; src=extracted
strcpy,0x0027F758,0x001141A0,func,__text__,fuzzy,1.00,candidate,fuzzy; sz_diff=0; src=extracted
strlen,0x0027F86C,0x00125614,func,__text__,fuzzy,1.00,candidate,fuzzy; sz_diff=0; src=extracted
strncmp,0x0027F9A8,0x00104E5C,func,__text__,fuzzy,1.00,candidate,fuzzy; sz_diff=0; src=extracted
strncpy,0x0027FB60,0x0010B5A8,func,__text__,fuzzy,1.00,candidate,fuzzy; sz_diff=0; src=extracted
strrchr,0x0027FD20,0x00107DD8,func,__text__,fuzzy,1.00,candidate,fuzzy; sz_diff=0; src=extracted
strstr,0x0027FD70,0x00100BA8,func,__text__,fuzzy,1.00,candidate,fuzzy; sz_diff=0; src=extracted
strtok,0x0027FDE0,0x002657F0,func,__text__,op_seq_hash,0.95,verified,struct match; sz_diff=0; src=prologue
strtok_r,0x0027FE08,0x00101AE8,func,__text__,fuzzy,1.00,candidate,fuzzy; sz_diff=0; src=extracted
_strtol_r,0x0027FEA8,0x002658B8,func,__text__,op_seq_hash,0.95,verified,struct match; sz_diff=0; src=prologue
strtol,0x002800E0,0x001D0F68,func,__text__,fuzzy,1.00,candidate,fuzzy; sz_diff=0; src=extracted
__isprint,0x00280118,0x00265B28,func,__text__,op_seq_hash,0.95,verified,struct match; sz_diff=0; src=prologue
__isbprintf,0x00280160,0x00265B70,func,__text__,op_seq_hash,0.95,verified,struct match; sz_diff=0; src=prologue
vfiprintf,0x00280218,0x00265C28,func,__text__,op_seq_hash,0.95,verified,struct match; sz_diff=0; src=prologue
_vfiprintf_r,0x00280290,0x00265CA0,func,__text__,op_seq_hash,0.95,verified,struct match; sz_diff=0; src=prologue
__sprint,0x00280E60,0x00265B28,func,__text__,op_seq_hash,0.95,verified,struct match; sz_diff=0; src=prologue
__sbprintf,0x00280EA8,0x00265B70,func,__text__,op_seq_hash,0.95,verified,struct match; sz_diff=0; src=prologue
vfprintf,0x00280F60,0x00265C28,func,__text__,op_seq_hash,0.95,verified,struct match; sz_diff=0; src=prologue
_vfprintf_r,0x00280FD8,0x002669E8,func,__text__,op_seq_hash,0.95,verified,struct match; sz_diff=0; src=prologue
cvt,0x002824F0,0x00267F00,func,__text__,op_seq_hash,0.95,verified,struct match; sz_diff=0; src=prologue
exponent,0x002826A0,0x002680B0,func,__text__,raw_sha1,1.00,verified,exact; src=prologue
__svfscanf,0x00282780,0x00268190,func,__text__,op_seq_hash,0.95,verified,struct match; sz_diff=0; src=prologue
__sccl,0x00283288,0x001029E4,func,__text__,fuzzy,1.00,candidate,fuzzy; sz_diff=0; src=extracted
vsprintf,0x00283390,0x00252B80,func,__text__,op_seq_hash,0.95,verified,struct match; sz_diff=0; src=prologue
__swsetup,0x002833E8,0x00268DF8,func,__text__,op_seq_hash,0.95,verified,struct match; sz_diff=0; src=prologue
abort,0x002834F8,0x00268F08,func,__text__,op_seq_hash,0.95,verified,struct match; sz_diff=0; src=prologue
atof,0x00283518,0x0012FD50,func,__text__,op_seq_hash,0.95,verified,struct match; sz_diff=0; src=prologue
quorem,0x00283538,0x00268F48,func,__text__,op_seq_hash,0.95,verified,struct match; sz_diff=0; src=prologue
_dtoa_r,0x00283750,0x00269160,func,__text__,op_seq_hash,0.95,verified,struct match; sz_diff=0; src=prologue
fflush,0x00284920,0x0026A330,func,__text__,op_seq_hash,0.95,verified,struct match; sz_diff=0; src=prologue
std,0x00284A28,0x0026A438,func,__text__,op_seq_hash,0.95,verified,struct match; sz_diff=0; src=prologue
__sfmoreglue,0x00284A80,0x0026A490,func,__text__,op_seq_hash,0.95,verified,struct match; sz_diff=0; src=prologue
__sfp,0x00284AF0,0x0026A500,func,__text__,op_seq_hash,0.95,verified,struct match; sz_diff=0; src=prologue
_cleanup_r,0x00284BD0,0x00133608,func,__text__,fuzzy,0.95,candidate,fuzzy; sz_diff=0; src=extracted
_cleanup,0x00284BE0,0x00247108,func,__text__,op_seq_hash,0.95,verified,struct match; sz_diff=0; src=prologue
__sinit,0x00284BF0,0x0026A600,func,__text__,op_seq_hash,0.95,verified,struct match; sz_diff=0; src=prologue
fread,0x00284C80,0x0026A690,func,__text__,op_seq_hash,0.95,verified,struct match; sz_diff=0; src=prologue
_free_r,0x00284DA0,0x0026A7B0,func,__text__,op_seq_hash,0.95,verified,struct match; sz_diff=0; src=prologue
_malloc_trim_r,0x002850C0,0x0026AAD0,func,__text__,op_seq_hash,0.95,verified,struct match; sz_diff=0; src=prologue
__sfvwrite,0x00285230,0x0026AC40,func,__text__,op_seq_hash,0.95,verified,struct match; sz_diff=0; src=prologue
_fwalk,0x00285608,0x0026B018,func,__text__,raw_sha1,1.00,verified,exact; src=prologue
_setlocale_r,0x002856A0,0x0026B0B0,func,__text__,op_seq_hash,0.95,verified,struct match; sz_diff=0; src=prologue
_localeconv_r,0x00285728,0x0014BDC8,func,__text__,op_seq_hash,0.95,verified,struct match; sz_diff=0; src=prologue
setlocale,0x00285738,0x001D0F68,func,__text__,fuzzy,0.97,candidate,fuzzy; sz_diff=8; src=extracted
localeconv,0x00285768,0x0026B178,func,__text__,op_seq_hash,0.95,verified,struct match; sz_diff=0; src=prologue
__smakebuf,0x00285790,0x0026B1A0,func,__text__,op_seq_hash,0.95,verified,struct match; sz_diff=0; src=prologue
malloc_extend_top,0x002858E0,0x0026B2F0,func,__text__,op_seq_hash,0.95,verified,struct match; sz_diff=0; src=prologue
_RotMatrixZ_02,0x0025D800,0x0013C958,label,__text__,fuzzy,1.00,candidate,fuzzy; sz_diff=0; src=extracted
_RotMatrixX_02,0x0025D8A8,0x0013C958,label,__text__,fuzzy,0.98,candidate,fuzzy; sz_diff=4; src=extracted
_RotMatrixY_02,0x0025D950,0x0013C958,label,__text__,fuzzy,0.98,candidate,fuzzy; sz_diff=4; src=extracted
_maxval,0x0026E920,0x00100BA8,func,__text__,fuzzy,1.00,candidate,fuzzy; sz_diff=0; src=extracted
Screen4By3,0x0054CB62,,func,,unmatched,0.00,unmatched,PAL VA 0x0054CB62 not in PAL fingerprint set and cannot extract
DateNotation,0x0054CB63,,func,,unmatched,0.00,unmatched,PAL VA 0x0054CB63 not in PAL fingerprint set and cannot extract
SpdifModeEnabled,0x0054CB65,,func,,unmatched,0.00,unmatched,PAL VA 0x0054CB65 not in PAL fingerprint set and cannot extract
SummerTime,0x0054CB66,,func,,unmatched,0.00,unmatched,PAL VA 0x0054CB66 not in PAL fingerprint set and cannot extract
TimeNotation,0x0054CB67,,func,,unmatched,0.00,unmatched,PAL VA 0x0054CB67 not in PAL fingerprint set and cannot extract
D_0054e5b8,0x0054E5B8,,func,seki/src/GsBase,unmatched,0.00,unmatched,PAL VA 0x0054E5B8 not in PAL fingerprint set and cannot extract
D_0054ea48,0x0054EA48,,func,seki/src/GsBase,unmatched,0.00,unmatched,PAL VA 0x0054EA48 not in PAL fingerprint set and cannot extract
D_0054f3d8,0x0054F3D8,,func,seki/src/Packet,unmatched,0.00,unmatched,PAL VA 0x0054F3D8 not in PAL fingerprint set and cannot extract
D_0054f718,0x0054F718,,func,seki/src/Packet,unmatched,0.00,unmatched,PAL VA 0x0054F718 not in PAL fingerprint set and cannot extract
D_0054fa50,0x0054FA50,,func,seki/src/RegistPacket,unmatched,0.00,unmatched,PAL VA 0x0054FA50 not in PAL fingerprint set and cannot extract
D_0054ffe0,0x0054FFE0,,func,seki/src/StageAnimation,unmatched,0.00,unmatched,PAL VA 0x0054FFE0 not in PAL fingerprint set and cannot extract
D_005502f0,0x005502F0,,func,seki/src/Texture,unmatched,0.00,unmatched,PAL VA 0x005502F0 not in PAL fingerprint set and cannot extract
D_00550c40,0x00550C40,,func,fumi/ios/cdvd,unmatched,0.00,unmatched,PAL VA 0x00550C40 not in PAL fingerprint set and cannot extract
D_005511a8,0x005511A8,,func,fumi/ios/mcard,unmatched,0.00,unmatched,PAL VA 0x005511A8 not in PAL fingerprint set and cannot extract
D_005512a8,0x005512A8,,func,fumi/ios/mcard,unmatched,0.00,unmatched,PAL VA 0x005512A8 not in PAL fingerprint set and cannot extract
D_005515b8,0x005515B8,,func,fumi/ios/memory,unmatched,0.00,unmatched,PAL VA 0x005515B8 not in PAL fingerprint set and cannot extract
D_00551708,0x00551708,,func,fumi/ios/memory,unmatched,0.00,unmatched,PAL VA 0x00551708 not in PAL fingerprint set and cannot extract
D_00551820,0x00551820,,func,fumi/ios/memory,unmatched,0.00,unmatched,PAL VA 0x00551820 not in PAL fingerprint set and cannot extract
D_00551bb0,0x00551BB0,,func,fumi/ios/pad,unmatched,0.00,unmatched,PAL VA 0x00551BB0 not in PAL fingerprint set and cannot extract
D_00552c20,0x00552C20,,func,fumi/src/boyact,unmatched,0.00,unmatched,PAL VA 0x00552C20 not in PAL fingerprint set and cannot extract
D_00552f18,0x00552F18,,func,fumi/src/commonact,unmatched,0.00,unmatched,PAL VA 0x00552F18 not in PAL fingerprint set and cannot extract
D_00555170,0x00555170,,func,omori/src/camera-root,unmatched,0.00,unmatched,PAL VA 0x00555170 not in PAL fingerprint set and cannot extract
D_005553b8,0x005553B8,,func,omori/src/chain,unmatched,0.00,unmatched,PAL VA 0x005553B8 not in PAL fingerprint set and cannot extract
D_00619348,0x00619348,,func,common/src/charFileManager,unmatched,0.00,unmatched,PAL VA 0x00619348 not in PAL fingerprint set and cannot extract
D_0061b5b0,0x0061B5B0,,func,common/src/debug,unmatched,0.00,unmatched,PAL VA 0x0061B5B0 not in PAL fingerprint set and cannot extract
D_0061bbc8,0x0061BBC8,,func,common/src/debug,unmatched,0.00,unmatched,PAL VA 0x0061BBC8 not in PAL fingerprint set and cannot extract
D_0061be50,0x0061BE50,,func,common/src/debug,unmatched,0.00,unmatched,PAL VA 0x0061BE50 not in PAL fingerprint set and cannot extract
D_0061cf50,0x0061CF50,,func,common/src/debug_exception,unmatched,0.00,unmatched,PAL VA 0x0061CF50 not in PAL fingerprint set and cannot extract
D_0061d0a0,0x0061D0A0,,func,common/src/debug_exception,unmatched,0.00,unmatched,PAL VA 0x0061D0A0 not in PAL fingerprint set and cannot extract
D_00620120,0x00620120,,func,sugipon/src/motionOrientManager,unmatched,0.00,unmatched,PAL VA 0x00620120 not in PAL fingerprint set and cannot extract
D_00620170,0x00620170,,func,sugipon/src/motionOrientManager,unmatched,0.00,unmatched,PAL VA 0x00620170 not in PAL fingerprint set and cannot extract
D_006201b8,0x006201B8,,func,sugipon/src/motionOrientManager,unmatched,0.00,unmatched,PAL VA 0x006201B8 not in PAL fingerprint set and cannot extract
D_00620700,0x00620700,,func,sugipon/src/motionViewer,unmatched,0.00,unmatched,PAL VA 0x00620700 not in PAL fingerprint set and cannot extract
D_006208e0,0x006208E0,,func,sugipon/src/particleEffect,unmatched,0.00,unmatched,PAL VA 0x006208E0 not in PAL fingerprint set and cannot extract
D_00620a10,0x00620A10,,func,sugipon/src/rope,unmatched,0.00,unmatched,PAL VA 0x00620A10 not in PAL fingerprint set and cannot extract
D_00620ff8,0x00620FF8,,func,sugipon/src/streamMotionManager,unmatched,0.00,unmatched,PAL VA 0x00620FF8 not in PAL fingerprint set and cannot extract
D_00621580,0x00621580,,func,seki/src/BgAnimation,unmatched,0.00,unmatched,PAL VA 0x00621580 not in PAL fingerprint set and cannot extract
_ctype_,0x00637E69,,func,sdk/lib/libc/assert,unmatched,0.00,unmatched,PAL VA 0x00637E69 not in PAL fingerprint set and cannot extract
InitialObjPointer,0x0063A810,,func,,unmatched,0.00,unmatched,PAL VA 0x0063A810 not in PAL fingerprint set and cannot extract
space,0x0063B388,,func,,unmatched,0.00,unmatched,PAL VA 0x0063B388 not in PAL fingerprint set and cannot extract
staffRollAlphaTemp,0x0063B66B,,func,,unmatched,0.00,unmatched,PAL VA 0x0063B66B not in PAL fingerprint set and cannot extract
InitialIndData,0x0063B730,,func,,unmatched,0.00,unmatched,PAL VA 0x0063B730 not in PAL fingerprint set and cannot extract
th,0x0063B858,,func,,unmatched,0.00,unmatched,PAL VA 0x0063B858 not in PAL fingerprint set and cannot extract
phi,0x0063B85A,,func,,unmatched,0.00,unmatched,PAL VA 0x0063B85A not in PAL fingerprint set and cannot extract
ios_partition_root,0x0063A428,,u32,,unmatched,0.00,unmatched,PAL VA 0x0063A428 not in PAL fingerprint set and cannot extract
n_thread,0x0063A5F0,,u32,,unmatched,0.00,unmatched,PAL VA 0x0063A5F0 not in PAL fingerprint set and cannot extract
__assert_cond_0,0x0063A5F8,,char,,unmatched,0.00,unmatched,PAL VA 0x0063A5F8 not in PAL fingerprint set and cannot extract
iosThreadDestroyMgrMsgBuf,0x0063C1A0,,func,,unmatched,0.00,unmatched,PAL VA 0x0063C1A0 not in PAL fingerprint set and cannot extract
D_0063C5D8,0x0063C5D8,,u32,,unmatched,0.00,unmatched,PAL VA 0x0063C5D8 not in PAL fingerprint set and cannot extract
thread_table,0x006BCEE0,,func,,unmatched,0.00,unmatched,PAL VA 0x006BCEE0 not in PAL fingerprint set and cannot extract
iosThreadDestroyMgrMsgQ,0x006BD2E0,,func,,unmatched,0.00,unmatched,PAL VA 0x006BD2E0 not in PAL fingerprint set and cannot extract
iosThreadDestroyMgrThread,0x006BD310,,func,,unmatched,0.00,unmatched,PAL VA 0x006BD310 not in PAL fingerprint set and cannot extract
iosThreadDestroyMgrStack,0x006BD380,,u8,,unmatched,0.00,unmatched,PAL VA 0x006BD380 not in PAL fingerprint set and cannot extract
