symbol,pal_va,usa_va,type,source_file,match_method,confidence,status,notes
_start,0x00100008,,func,,unmatched,0.00,unmatched,PAL ELF not available for byte matching
_exit,0x001000B8,,func,,unmatched,0.00,unmatched,PAL ELF not available for byte matching
_root,0x001000C0,,func,,unmatched,0.00,unmatched,PAL ELF not available for byte matching
RFU000_FullReset,0x00100100,,func,,unmatched,0.00,unmatched,PAL ELF not available for byte matching
ResetEE,0x00100110,,func,,unmatched,0.00,unmatched,PAL ELF not available for byte matching
SetGsCrt,0x00100120,,func,,unmatched,0.00,unmatched,PAL ELF not available for byte matching
RFU003,0x00100130,,func,,unmatched,0.00,unmatched,PAL ELF not available for byte matching
Exit,0x00100140,,func,,unmatched,0.00,unmatched,PAL ELF not available for byte matching
ResumeIntrDispatch,0x00100150,,func,,unmatched,0.00,unmatched,PAL ELF not available for byte matching
LoadExecPS2,0x00100160,,func,,unmatched,0.00,unmatched,PAL ELF not available for byte matching
ExecPS2,0x00100170,,func,,unmatched,0.00,unmatched,PAL ELF not available for byte matching
RFU008,0x00100180,,func,,unmatched,0.00,unmatched,PAL ELF not available for byte matching
RFU009,0x00100190,,func,,unmatched,0.00,unmatched,PAL ELF not available for byte matching
AddSbusIntcHandler,0x001001A0,,func,,unmatched,0.00,unmatched,PAL ELF not available for byte matching
RemoveSbusIntcHandler,0x001001B0,,func,,unmatched,0.00,unmatched,PAL ELF not available for byte matching
Interrupt2Iop,0x001001C0,,func,,unmatched,0.00,unmatched,PAL ELF not available for byte matching
SetVTLBRefillHandler,0x001001D0,,func,,unmatched,0.00,unmatched,PAL ELF not available for byte matching
SetVCommonHandler,0x001001E0,,func,,unmatched,0.00,unmatched,PAL ELF not available for byte matching
SetVInterruptHandler,0x001001F0,,func,,unmatched,0.00,unmatched,PAL ELF not available for byte matching
AddIntcHandler,0x00100200,,func,,unmatched,0.00,unmatched,PAL ELF not available for byte matching
AddIntcHandler2,0x00100210,,func,,unmatched,0.00,unmatched,PAL ELF not available for byte matching
RemoveIntcHandler,0x00100220,,func,,unmatched,0.00,unmatched,PAL ELF not available for byte matching
AddDmacHandler,0x00100230,,func,,unmatched,0.00,unmatched,PAL ELF not available for byte matching
AddDmacHandler2,0x00100240,,func,,unmatched,0.00,unmatched,PAL ELF not available for byte matching
RemoveDmacHandler,0x00100250,,func,,unmatched,0.00,unmatched,PAL ELF not available for byte matching
_EnableIntc,0x00100260,,func,,unmatched,0.00,unmatched,PAL ELF not available for byte matching
_DisableIntc,0x00100270,,func,,unmatched,0.00,unmatched,PAL ELF not available for byte matching
_EnableDmac,0x00100280,,func,,unmatched,0.00,unmatched,PAL ELF not available for byte matching
_DisableDmac,0x00100290,,func,,unmatched,0.00,unmatched,PAL ELF not available for byte matching
SetAlarm,0x001002A0,,func,,unmatched,0.00,unmatched,PAL ELF not available for byte matching
ReleaseAlarm,0x001002B0,,func,,unmatched,0.00,unmatched,PAL ELF not available for byte matching
_iEnableIntc,0x001002C0,,func,,unmatched,0.00,unmatched,PAL ELF not available for byte matching
_iDisableIntc,0x001002D0,,func,,unmatched,0.00,unmatched,PAL ELF not available for byte matching
_iEnableDmac,0x001002E0,,func,,unmatched,0.00,unmatched,PAL ELF not available for byte matching
_iDisableDmac,0x001002F0,,func,,unmatched,0.00,unmatched,PAL ELF not available for byte matching
iSetAlarm,0x00100300,,func,,unmatched,0.00,unmatched,PAL ELF not available for byte matching
iReleaseAlarm,0x00100310,,func,,unmatched,0.00,unmatched,PAL ELF not available for byte matching
CreateThread,0x00100320,,func,,unmatched,0.00,unmatched,PAL ELF not available for byte matching
DeleteThread,0x00100330,,func,,unmatched,0.00,unmatched,PAL ELF not available for byte matching
StartThread,0x00100340,,func,,unmatched,0.00,unmatched,PAL ELF not available for byte matching
ExitThread,0x00100350,,func,,unmatched,0.00,unmatched,PAL ELF not available for byte matching
ExitDeleteThread,0x00100360,,func,,unmatched,0.00,unmatched,PAL ELF not available for byte matching
TerminateThread,0x00100370,,func,,unmatched,0.00,unmatched,PAL ELF not available for byte matching
iTerminateThread,0x00100380,,func,,unmatched,0.00,unmatched,PAL ELF not available for byte matching
DisableDispatchThread,0x00100390,,func,,unmatched,0.00,unmatched,PAL ELF not available for byte matching
EnableDispatchThread,0x001003A0,,func,,unmatched,0.00,unmatched,PAL ELF not available for byte matching
ChangeThreadPriority,0x001003B0,,func,,unmatched,0.00,unmatched,PAL ELF not available for byte matching
iChangeThreadPriority,0x001003C0,,func,,unmatched,0.00,unmatched,PAL ELF not available for byte matching
RotateThreadReadyQueue,0x001003D0,,func,,unmatched,0.00,unmatched,PAL ELF not available for byte matching
_iRotateThreadReadyQueue,0x001003E0,,func,,unmatched,0.00,unmatched,PAL ELF not available for byte matching
ReleaseWaitThread,0x001003F0,,func,,unmatched,0.00,unmatched,PAL ELF not available for byte matching
iReleaseWaitThread,0x00100400,,func,,unmatched,0.00,unmatched,PAL ELF not available for byte matching
GetThreadId,0x00100410,,func,,unmatched,0.00,unmatched,PAL ELF not available for byte matching
ReferThreadStatus,0x00100420,,func,,unmatched,0.00,unmatched,PAL ELF not available for byte matching
iReferThreadStatus,0x00100430,,func,,unmatched,0.00,unmatched,PAL ELF not available for byte matching
SleepThread,0x00100440,,func,,unmatched,0.00,unmatched,PAL ELF not available for byte matching
WakeupThread,0x00100450,,func,,unmatched,0.00,unmatched,PAL ELF not available for byte matching
_iWakeupThread,0x00100460,,func,,unmatched,0.00,unmatched,PAL ELF not available for byte matching
CancelWakeupThread,0x00100470,,func,,unmatched,0.00,unmatched,PAL ELF not available for byte matching
iCancelWakeupThread,0x00100480,,func,,unmatched,0.00,unmatched,PAL ELF not available for byte matching
SuspendThread,0x00100490,,func,,unmatched,0.00,unmatched,PAL ELF not available for byte matching
_iSuspendThread,0x001004A0,,func,,unmatched,0.00,unmatched,PAL ELF not available for byte matching
ResumeThread,0x001004B0,,func,,unmatched,0.00,unmatched,PAL ELF not available for byte matching
iResumeThread,0x001004C0,,func,,unmatched,0.00,unmatched,PAL ELF not available for byte matching
JoinThread,0x001004D0,,func,,unmatched,0.00,unmatched,PAL ELF not available for byte matching
SetupThread,0x001004E0,,func,,unmatched,0.00,unmatched,PAL ELF not available for byte matching
SetupHeap,0x001004F0,,func,,unmatched,0.00,unmatched,PAL ELF not available for byte matching
EndOfHeap,0x00100500,,func,,unmatched,0.00,unmatched,PAL ELF not available for byte matching
RFU063,0x00100510,,func,,unmatched,0.00,unmatched,PAL ELF not available for byte matching
CreateSema,0x00100520,,func,,unmatched,0.00,unmatched,PAL ELF not available for byte matching
DeleteSema,0x00100530,,func,,unmatched,0.00,unmatched,PAL ELF not available for byte matching
SignalSema,0x00100540,,func,,unmatched,0.00,unmatched,PAL ELF not available for byte matching
iSignalSema,0x00100550,,func,,unmatched,0.00,unmatched,PAL ELF not available for byte matching
WaitSema,0x00100560,,func,,unmatched,0.00,unmatched,PAL ELF not available for byte matching
PollSema,0x00100570,,func,,unmatched,0.00,unmatched,PAL ELF not available for byte matching
iPollSema,0x00100580,,func,,unmatched,0.00,unmatched,PAL ELF not available for byte matching
ReferSemaStatus,0x00100590,,func,,unmatched,0.00,unmatched,PAL ELF not available for byte matching
iReferSemaStatus,0x001005A0,,func,,unmatched,0.00,unmatched,PAL ELF not available for byte matching
RFU073,0x001005B0,,func,,unmatched,0.00,unmatched,PAL ELF not available for byte matching
SetOsdConfigParam,0x001005C0,,func,,unmatched,0.00,unmatched,PAL ELF not available for byte matching
GetOsdConfigParam,0x001005D0,,func,,unmatched,0.00,unmatched,PAL ELF not available for byte matching
GetGsHParam,0x001005E0,,func,,unmatched,0.00,unmatched,PAL ELF not available for byte matching
GetGsVParam,0x001005F0,,func,,unmatched,0.00,unmatched,PAL ELF not available for byte matching
SetGsHParam,0x00100600,,func,,unmatched,0.00,unmatched,PAL ELF not available for byte matching
SetGsVParam,0x00100610,,func,,unmatched,0.00,unmatched,PAL ELF not available for byte matching
CreateEventFlag,0x00100620,,func,,unmatched,0.00,unmatched,PAL ELF not available for byte matching
DeleteEventFlag,0x00100630,,func,,unmatched,0.00,unmatched,PAL ELF not available for byte matching
SetEventFlag,0x00100640,,func,,unmatched,0.00,unmatched,PAL ELF not available for byte matching
RFU083_iSetEventFlag,0x00100650,,func,,unmatched,0.00,unmatched,PAL ELF not available for byte matching
ClearEventFlag,0x00100660,,func,,unmatched,0.00,unmatched,PAL ELF not available for byte matching
RFU085_iClearEventFlag,0x00100670,,func,,unmatched,0.00,unmatched,PAL ELF not available for byte matching
RFU086_WaitEvnetFlag,0x00100680,,func,,unmatched,0.00,unmatched,PAL ELF not available for byte matching
RFU087_PollEvnetFlag,0x00100690,,func,,unmatched,0.00,unmatched,PAL ELF not available for byte matching
RFU088_iPollEvnetFlag,0x001006A0,,func,,unmatched,0.00,unmatched,PAL ELF not available for byte matching
RFU089_ReferEventFlagStatus,0x001006B0,,func,,unmatched,0.00,unmatched,PAL ELF not available for byte matching
RFU090_iReferEventFlagStatus,0x001006C0,,func,,unmatched,0.00,unmatched,PAL ELF not available for byte matching
RFU091,0x001006D0,,func,,unmatched,0.00,unmatched,PAL ELF not available for byte matching
EnableIntcHandler,0x001006E0,,func,,unmatched,0.00,unmatched,PAL ELF not available for byte matching
iEnableIntcHandler,0x001006F0,,func,,unmatched,0.00,unmatched,PAL ELF not available for byte matching
DisableIntcHandler,0x00100700,,func,,unmatched,0.00,unmatched,PAL ELF not available for byte matching
iDisableIntcHandler,0x00100710,,func,,unmatched,0.00,unmatched,PAL ELF not available for byte matching
EnableDmacHandler,0x00100720,,func,,unmatched,0.00,unmatched,PAL ELF not available for byte matching
iEnableDmacHandler,0x00100730,,func,,unmatched,0.00,unmatched,PAL ELF not available for byte matching
DisableDmacHandler,0x00100740,,func,,unmatched,0.00,unmatched,PAL ELF not available for byte matching
iDisableDmacHandler,0x00100750,,func,,unmatched,0.00,unmatched,PAL ELF not available for byte matching
KSeg0,0x00100760,,func,,unmatched,0.00,unmatched,PAL ELF not available for byte matching
EnableCache,0x00100770,,func,,unmatched,0.00,unmatched,PAL ELF not available for byte matching
DisableCache,0x00100780,,func,,unmatched,0.00,unmatched,PAL ELF not available for byte matching
GetCop0,0x00100790,,func,,unmatched,0.00,unmatched,PAL ELF not available for byte matching
FlushCache,0x001007A0,,func,,unmatched,0.00,unmatched,PAL ELF not available for byte matching
CpuConfig,0x001007B0,,func,,unmatched,0.00,unmatched,PAL ELF not available for byte matching
iGetCop0,0x001007C0,,func,,unmatched,0.00,unmatched,PAL ELF not available for byte matching
iFlushCache,0x001007D0,,func,,unmatched,0.00,unmatched,PAL ELF not available for byte matching
iCpuConfig,0x001007E0,,func,,unmatched,0.00,unmatched,PAL ELF not available for byte matching
sceSifStopDma,0x001007F0,,func,,unmatched,0.00,unmatched,PAL ELF not available for byte matching
SetCPUTimerHandler,0x00100800,,func,,unmatched,0.00,unmatched,PAL ELF not available for byte matching
SetCPUTimer,0x00100810,,func,,unmatched,0.00,unmatched,PAL ELF not available for byte matching
SetOsdConfigParam2,0x00100820,,func,,unmatched,0.00,unmatched,PAL ELF not available for byte matching
GetOsdConfigParam2,0x00100830,,func,,unmatched,0.00,unmatched,PAL ELF not available for byte matching
GsGetIMR,0x00100840,,func,,unmatched,0.00,unmatched,PAL ELF not available for byte matching
iGsGetIMR,0x00100850,,func,,unmatched,0.00,unmatched,PAL ELF not available for byte matching
GsPutIMR,0x00100860,,func,,unmatched,0.00,unmatched,PAL ELF not available for byte matching
iGsPutIMR,0x00100870,,func,,unmatched,0.00,unmatched,PAL ELF not available for byte matching
SetPgifHandler,0x00100880,,func,,unmatched,0.00,unmatched,PAL ELF not available for byte matching
SetVSyncFlag,0x00100890,,func,,unmatched,0.00,unmatched,PAL ELF not available for byte matching
RFU116_SetSyscall,0x001008A0,,func,,unmatched,0.00,unmatched,PAL ELF not available for byte matching
_print,0x001008B0,,func,,unmatched,0.00,unmatched,PAL ELF not available for byte matching
sceSifDmaStat,0x001008C0,,func,,unmatched,0.00,unmatched,PAL ELF not available for byte matching
isceSifDmaStat,0x001008D0,,func,,unmatched,0.00,unmatched,PAL ELF not available for byte matching
sceSifSetDma,0x001008E0,,func,,unmatched,0.00,unmatched,PAL ELF not available for byte matching
isceSifSetDma,0x001008F0,,func,,unmatched,0.00,unmatched,PAL ELF not available for byte matching
sceSifSetDChain,0x00100900,,func,,unmatched,0.00,unmatched,PAL ELF not available for byte matching
isceSifSetDChain,0x00100910,,func,,unmatched,0.00,unmatched,PAL ELF not available for byte matching
sceSifSetReg,0x00100920,,func,,unmatched,0.00,unmatched,PAL ELF not available for byte matching
sceSifGetReg,0x00100930,,func,,unmatched,0.00,unmatched,PAL ELF not available for byte matching
ExecOSD,0x00100940,,func,,unmatched,0.00,unmatched,PAL ELF not available for byte matching
Deci2Call,0x00100950,,func,,unmatched,0.00,unmatched,PAL ELF not available for byte matching
PSMode,0x00100960,,func,,unmatched,0.00,unmatched,PAL ELF not available for byte matching
MachineType,0x00100970,,func,,unmatched,0.00,unmatched,PAL ELF not available for byte matching
GetMemorySize,0x00100980,,func,,unmatched,0.00,unmatched,PAL ELF not available for byte matching
initsys_setup,0x00100990,,func,,unmatched,0.00,unmatched,PAL ELF not available for byte matching
InitSysCall,0x001009A0,,func,,unmatched,0.00,unmatched,PAL ELF not available for byte matching
_InitSys,0x001009E0,,func,,unmatched,0.00,unmatched,PAL ELF not available for byte matching
DisableIntc,0x00100A08,,func,,unmatched,0.00,unmatched,PAL ELF not available for byte matching
EnableIntc,0x00100A70,,func,,unmatched,0.00,unmatched,PAL ELF not available for byte matching
DisableDMAC,0x00100AD8,,func,,unmatched,0.00,unmatched,PAL ELF not available for byte matching
EnableDMAC,0x00100B40,,func,,unmatched,0.00,unmatched,PAL ELF not available for byte matching
iEnableIntc,0x00100BA8,,func,,unmatched,0.00,unmatched,PAL ELF not available for byte matching
iDisableIntc,0x00100BC8,,func,,unmatched,0.00,unmatched,PAL ELF not available for byte matching
iEnableDmac,0x00100BE8,,func,,unmatched,0.00,unmatched,PAL ELF not available for byte matching
iDisableDmac,0x00100C08,,func,,unmatched,0.00,unmatched,PAL ELF not available for byte matching
intr_setup,0x00100C28,,func,,unmatched,0.00,unmatched,PAL ELF not available for byte matching
Copy,0x00100C38,,func,,unmatched,0.00,unmatched,PAL ELF not available for byte matching
kCopy,0x00100C48,,func,,unmatched,0.00,unmatched,PAL ELF not available for byte matching
GetEntryAddress,0x00100C80,,func,,unmatched,0.00,unmatched,PAL ELF not available for byte matching
InitAlarm,0x00100C90,,func,,unmatched,0.00,unmatched,PAL ELF not available for byte matching
topThread,0x00100D68,,func,,unmatched,0.00,unmatched,PAL ELF not available for byte matching
InitThread,0x00100E40,,func,,unmatched,0.00,unmatched,PAL ELF not available for byte matching
iWakeupThread,0x00100F18,,func,,unmatched,0.00,unmatched,PAL ELF not available for byte matching
iRotateThreadReadyQueue,0x00100FB0,,func,,unmatched,0.00,unmatched,PAL ELF not available for byte matching
iSuspendThread,0x00101030,,func,,unmatched,0.00,unmatched,PAL ELF not available for byte matching
kputchar,0x001010C8,,func,,unmatched,0.00,unmatched,PAL ELF not available for byte matching
deci2Putchar,0x00101100,,func,,unmatched,0.00,unmatched,PAL ELF not available for byte matching
serialPutchar,0x001011B0,,func,,unmatched,0.00,unmatched,PAL ELF not available for byte matching
ftoi,0x001011E8,,func,,unmatched,0.00,unmatched,PAL ELF not available for byte matching
printfloat,0x00101278,,func,,unmatched,0.00,unmatched,PAL ELF not available for byte matching
_printf,0x001013E0,,func,,unmatched,0.00,unmatched,PAL ELF not available for byte matching
kprintf,0x001019A8,,func,,unmatched,0.00,unmatched,PAL ELF not available for byte matching
scePrintf,0x001019E0,,func,,unmatched,0.00,unmatched,PAL ELF not available for byte matching
DIntr,0x00101A40,,func,,unmatched,0.00,unmatched,PAL ELF not available for byte matching
EIntr,0x00101A88,,func,,unmatched,0.00,unmatched,PAL ELF not available for byte matching
sceDeci2Open,0x00101AA0,,func,,unmatched,0.00,unmatched,PAL ELF not available for byte matching
sceDeci2Close,0x00101AE8,,func,,unmatched,0.00,unmatched,PAL ELF not available for byte matching
sceDeci2ReqSend,0x00101B10,,func,,unmatched,0.00,unmatched,PAL ELF not available for byte matching
sceDeci2Poll,0x00101B40,,func,,unmatched,0.00,unmatched,PAL ELF not available for byte matching
sceDeci2ExRecv,0x00101B68,,func,,unmatched,0.00,unmatched,PAL ELF not available for byte matching
sceDeci2ExSend,0x00101BA0,,func,,unmatched,0.00,unmatched,PAL ELF not available for byte matching
sceDeci2ExReqSend,0x00101BD8,,func,,unmatched,0.00,unmatched,PAL ELF not available for byte matching
sceDeci2ExLock,0x00101C08,,func,,unmatched,0.00,unmatched,PAL ELF not available for byte matching
sceDeci2ExUnLock,0x00101C30,,func,,unmatched,0.00,unmatched,PAL ELF not available for byte matching
kputs,0x00101C58,,func,,unmatched,0.00,unmatched,PAL ELF not available for byte matching
Main,0x00101C80,,func,,unmatched,0.00,unmatched,PAL ELF not available for byte matching
idle,0x00101FB8,,func,,unmatched,0.00,unmatched,PAL ELF not available for byte matching
scheduler,0x001021A0,,func,,unmatched,0.00,unmatched,PAL ELF not available for byte matching
boot,0x00102388,,func,,unmatched,0.00,unmatched,PAL ELF not available for byte matching
Emergency_DestroyAllThread,0x00102460,,func,,unmatched,0.00,unmatched,PAL ELF not available for byte matching
movie_abort_check,0x00102500,,func,,unmatched,0.00,unmatched,PAL ELF not available for byte matching
demoEnd,0x00102540,,func,,unmatched,0.00,unmatched,PAL ELF not available for byte matching
main,0x00102548,,func,,unmatched,0.00,unmatched,PAL ELF not available for byte matching
EntryDelayFree,0x001025A8,,func,,unmatched,0.00,unmatched,PAL ELF not available for byte matching
InitDelayFree,0x00102640,,func,,unmatched,0.00,unmatched,PAL ELF not available for byte matching
ExecDelayFree,0x001026D8,,func,,unmatched,0.00,unmatched,PAL ELF not available for byte matching
GetRootQuaternionByDObj,0x001027D8,,func,,unmatched,0.00,unmatched,PAL ELF not available for byte matching
UpdateRootMatrixByDObj,0x00102810,,func,,unmatched,0.00,unmatched,PAL ELF not available for byte matching
GetRootQuaternion,0x00102898,,func,,unmatched,0.00,unmatched,PAL ELF not available for byte matching
UpdateRootMatrix,0x001028A0,,func,,unmatched,0.00,unmatched,PAL ELF not available for byte matching
SetRootBaseQuaternion,0x001028A8,,func,,unmatched,0.00,unmatched,PAL ELF not available for byte matching
SetRootQuaternion,0x001028B8,,func,,unmatched,0.00,unmatched,PAL ELF not available for byte matching
SetRootMatrixWithTransOffsetByDObj,0x00102938,,func,,unmatched,0.00,unmatched,PAL ELF not available for byte matching
SetRootMatrixWithTransOffset,0x001029B8,,func,,unmatched,0.00,unmatched,PAL ELF not available for byte matching
GetRootMatrixRotOffsetByDObj,0x001029C0,,func,,unmatched,0.00,unmatched,PAL ELF not available for byte matching
GetRootMatrixRotOffset,0x00102A00,,func,,unmatched,0.00,unmatched,PAL ELF not available for byte matching
SetRootMatrixRotOffsetByDObj,0x00102A08,,func,,unmatched,0.00,unmatched,PAL ELF not available for byte matching
SetRootMatrixRotOffset,0x00102A80,,func,,unmatched,0.00,unmatched,PAL ELF not available for byte matching
SetDirectRootPositionNoFittingWithNodePoint,0x00102A88,,func,,unmatched,0.00,unmatched,PAL ELF not available for byte matching
SetDirectRootPositionNoFittingWithNodePointXZ,0x00102C58,,func,,unmatched,0.00,unmatched,PAL ELF not available for byte matching
SetDirectRootPositionWithNodePoint,0x00102E28,,func,,unmatched,0.00,unmatched,PAL ELF not available for byte matching
LocalizeGeometry,0x00102E50,,func,,unmatched,0.00,unmatched,PAL ELF not available for byte matching
GetGlobalDirectionOrient,0x00102FE8,,func,,unmatched,0.00,unmatched,PAL ELF not available for byte matching
GlobalizeGeometry,0x00103060,,func,,unmatched,0.00,unmatched,PAL ELF not available for byte matching
GetRootVelocity,0x00103158,,func,,unmatched,0.00,unmatched,PAL ELF not available for byte matching
GetInitialInverseMatrixByDObj,0x00103168,,func,,unmatched,0.00,unmatched,PAL ELF not available for byte matching
GetInitialInverseMatrix,0x00103228,,func,,unmatched,0.00,unmatched,PAL ELF not available for byte matching
GetInitialSkeltonMatrixByDObj,0x001032F0,,func,,unmatched,0.00,unmatched,PAL ELF not available for byte matching
MakeCharGObjList,0x001033B8,,func,,unmatched,0.00,unmatched,PAL ELF not available for byte matching
cylinderCollisionCheck,0x00103500,,func,,unmatched,0.00,unmatched,PAL ELF not available for byte matching
LocalizeDirectionOrient,0x00103B18,,func,,unmatched,0.00,unmatched,PAL ELF not available for byte matching
GetCylinderCollision,0x00103B90,,func,,unmatched,0.00,unmatched,PAL ELF not available for byte matching
GetCylinderCollisionWithExceptOwnCollision,0x00103C90,,func,,unmatched,0.00,unmatched,PAL ELF not available for byte matching
CylinderCollision,0x00103D98,,func,,unmatched,0.00,unmatched,PAL ELF not available for byte matching
CylinderCollisionWithControlDynamics,0x00103F48,,func,,unmatched,0.00,unmatched,PAL ELF not available for byte matching
GetRootMatrixByDObj,0x00104108,,func,,unmatched,0.00,unmatched,PAL ELF not available for byte matching
GetRootMatrix,0x00104188,,func,,unmatched,0.00,unmatched,PAL ELF not available for byte matching
GetRootPositionByDObj,0x00104208,,func,,unmatched,0.00,unmatched,PAL ELF not available for byte matching
SetDirectRootPosition,0x00104288,,func,,unmatched,0.00,unmatched,PAL ELF not available for byte matching
SetDirectRootPositionNoFitting,0x001043A8,,func,,unmatched,0.00,unmatched,PAL ELF not available for byte matching
SetRootPosition,0x001044C0,,func,,unmatched,0.00,unmatched,PAL ELF not available for byte matching
GetRootPosition,0x00104550,,func,,unmatched,0.00,unmatched,PAL ELF not available for byte matching
GetRootOrient,0x001045D8,,func,,unmatched,0.00,unmatched,PAL ELF not available for byte matching
LimitExistGeometry,0x00104680,,func,,unmatched,0.00,unmatched,PAL ELF not available for byte matching
GetRootMatrixTransOffsetByDObj,0x001046E0,,func,,unmatched,0.00,unmatched,PAL ELF not available for byte matching
GetRootMatrixTransOffset,0x00104738,,func,,unmatched,0.00,unmatched,PAL ELF not available for byte matching
GetRootMotionOrient,0x00104790,,func,,unmatched,0.00,unmatched,PAL ELF not available for byte matching
GetRootMotionMatrix,0x00104860,,func,,unmatched,0.00,unmatched,PAL ELF not available for byte matching
GetProjectionPosOfPlane,0x00104910,,func,,unmatched,0.00,unmatched,PAL ELF not available for byte matching
GetProjectionOfPlane,0x00104988,,func,,unmatched,0.00,unmatched,PAL ELF not available for byte matching
GetProjectionOfPlaneWithKeepAway,0x00104A08,,func,,unmatched,0.00,unmatched,PAL ELF not available for byte matching
GetCharGObjList,0x00104A80,,func,,unmatched,0.00,unmatched,PAL ELF not available for byte matching
getInitialInverseMatrix,0x00104A90,,func,,unmatched,0.00,unmatched,PAL ELF not available for byte matching
geoMan_getInitialMatrix,0x00104B38,,func,,unmatched,0.00,unmatched,PAL ELF not available for byte matching
InitKeyInput,0x00104BE0,,func,,unmatched,0.00,unmatched,PAL ELF not available for byte matching
ExecKeyInput,0x00104CC8,,func,,unmatched,0.00,unmatched,PAL ELF not available for byte matching
InitMatrixDrive,0x00104F38,,func,,unmatched,0.00,unmatched,PAL ELF not available for byte matching
MatrixDrive_PushMatrix,0x00104F68,,func,,unmatched,0.00,unmatched,PAL ELF not available for byte matching
MatrixDrive_RotMatrixX,0x00104F90,,func,,unmatched,0.00,unmatched,PAL ELF not available for byte matching
MatrixDrive_RotMatrixY,0x00105008,,func,,unmatched,0.00,unmatched,PAL ELF not available for byte matching
MatrixDrive_RotMatrixZ,0x00105080,,func,,unmatched,0.00,unmatched,PAL ELF not available for byte matching
MatrixDrive_ScaleMatrix,0x001050F8,,func,,unmatched,0.00,unmatched,PAL ELF not available for byte matching
MatrixDrive_TurnViewMatrix,0x00105128,,func,,unmatched,0.00,unmatched,PAL ELF not available for byte matching
MatrixDrive_PushMatrixWithNoCopy,0x001052A0,,func,,unmatched,0.00,unmatched,PAL ELF not available for byte matching
MatrixDrive_PopMatrix,0x001052B0,,func,,unmatched,0.00,unmatched,PAL ELF not available for byte matching
MatrixDrive_GetMatrix,0x001052C0,,func,,unmatched,0.00,unmatched,PAL ELF not available for byte matching
MatrixDrive_GetLastMatrix,0x001052D8,,func,,unmatched,0.00,unmatched,PAL ELF not available for byte matching
MatrixDrive_TransMatrixV,0x001052F0,,func,,unmatched,0.00,unmatched,PAL ELF not available for byte matching
MatrixDrive_TransMatrix,0x00105350,,func,,unmatched,0.00,unmatched,PAL ELF not available for byte matching
MatrixDrive_TurnObjectMatrix,0x001053D8,,func,,unmatched,0.00,unmatched,PAL ELF not available for byte matching
MatrixDrive_TurnXObjectMatrixZY,0x001054D0,,func,,unmatched,0.00,unmatched,PAL ELF not available for byte matching
MatrixDrive_TurnXObjectMatrixYZ,0x001055B8,,func,,unmatched,0.00,unmatched,PAL ELF not available for byte matching
MatrixDrive_TurnYObjectMatrixXZ,0x001056A0,,func,,unmatched,0.00,unmatched,PAL ELF not available for byte matching
MatrixDrive_TurnZObjectMatrixXY,0x00105788,,func,,unmatched,0.00,unmatched,PAL ELF not available for byte matching
MatrixDrive_GetTurnXAngleZY,0x00105870,,func,,unmatched,0.00,unmatched,PAL ELF not available for byte matching
MatrixDrive_GetTurnXAngleYZ,0x00105950,,func,,unmatched,0.00,unmatched,PAL ELF not available for byte matching
MatrixDrive_GetTurnYAngleXZ,0x00105A30,,func,,unmatched,0.00,unmatched,PAL ELF not available for byte matching
MatrixDrive_GetTurnYEAngleXZ,0x00105B10,,func,,unmatched,0.00,unmatched,PAL ELF not available for byte matching
MatrixDrive_GetTurnZAngleXY,0x00105C00,,func,,unmatched,0.00,unmatched,PAL ELF not available for byte matching
MatrixDrive_GetTurnZAngleYX,0x00105CE0,,func,,unmatched,0.00,unmatched,PAL ELF not available for byte matching
MatrixDrive_GetTurnMinusZAngleXY,0x00105DD0,,func,,unmatched,0.00,unmatched,PAL ELF not available for byte matching
MatrixDrive_SetTransposeMatrix,0x00105EB8,,func,,unmatched,0.00,unmatched,PAL ELF not available for byte matching
CopyVector,0x00105F48,,func,,unmatched,0.00,unmatched,PAL ELF not available for byte matching
CopyIVector,0x00105F58,,func,,unmatched,0.00,unmatched,PAL ELF not available for byte matching
CopyMatrix,0x00105F68,,func,,unmatched,0.00,unmatched,PAL ELF not available for byte matching
CopyMatrixUncached,0x00105F90,,func,,unmatched,0.00,unmatched,PAL ELF not available for byte matching
AddVectorXYZ,0x00105FC0,,func,,unmatched,0.00,unmatched,PAL ELF not available for byte matching
SubVectorXYZ,0x00105FD8,,func,,unmatched,0.00,unmatched,PAL ELF not available for byte matching
UnitRotation,0x00105FF0,,func,,unmatched,0.00,unmatched,PAL ELF not available for byte matching
FSqrt,0x00106028,,func,,unmatched,0.00,unmatched,PAL ELF not available for byte matching
VectorLength,0x00106048,,func,,unmatched,0.00,unmatched,PAL ELF not available for byte matching
VectorLengthSquare,0x00106070,,func,,unmatched,0.00,unmatched,PAL ELF not available for byte matching
GetPointDistance,0x00106090,,func,,unmatched,0.00,unmatched,PAL ELF not available for byte matching
GetWaterReaction,0x001060D8,,func,,unmatched,0.00,unmatched,PAL ELF not available for byte matching
dispPlane,0x001063B0,,func,,unmatched,0.00,unmatched,PAL ELF not available for byte matching
GetOrientOfWallOfGObj,0x001068D8,,func,,unmatched,0.00,unmatched,PAL ELF not available for byte matching
GetOrientOfCliffOfGObj,0x001068E8,,func,,unmatched,0.00,unmatched,PAL ELF not available for byte matching
SetMotionDirection,0x001068F8,,func,,unmatched,0.00,unmatched,PAL ELF not available for byte matching
_GetMotionDirection,0x001069B0,,func,,unmatched,0.00,unmatched,PAL ELF not available for byte matching
SetMotionDirectionWithLimit,0x001069C0,,func,,unmatched,0.00,unmatched,PAL ELF not available for byte matching
GetRootPosOfNextFrame,0x00106B60,,func,,unmatched,0.00,unmatched,PAL ELF not available for byte matching
AdjustMotionHeightToField,0x00106BA8,,func,,unmatched,0.00,unmatched,PAL ELF not available for byte matching
GetLowerPlaneCollision,0x00106BE8,,func,,unmatched,0.00,unmatched,PAL ELF not available for byte matching
getLowerPlaneCollisionE,0x00106C30,,func,,unmatched,0.00,unmatched,PAL ELF not available for byte matching
calcFootIK,0x00106C78,,func,,unmatched,0.00,unmatched,PAL ELF not available for byte matching
InitMotionGeoInfo,0x001070B0,,func,,unmatched,0.00,unmatched,PAL ELF not available for byte matching
motMan2_dispSkeltonHierarchy,0x001072E8,,func,,unmatched,0.00,unmatched,PAL ELF not available for byte matching
DispSkelton,0x001075B8,,func,,unmatched,0.00,unmatched,PAL ELF not available for byte matching
SlopeIKControl,0x00107638,,func,,unmatched,0.00,unmatched,PAL ELF not available for byte matching
GetPureVerticalPlaneOfCurrentPosition,0x00107968,,func,,unmatched,0.00,unmatched,PAL ELF not available for byte matching
getVerticalElementOfWallNormal,0x00107C18,,func,,unmatched,0.00,unmatched,PAL ELF not available for byte matching
AdjustVerticalSidePlaneOfWall,0x00107C68,,func,,unmatched,0.00,unmatched,PAL ELF not available for byte matching
GetPureVerticalPlane,0x00107F38,,func,,unmatched,0.00,unmatched,PAL ELF not available for byte matching
_getS16MotRotElem,0x001080F0,,func,,unmatched,0.00,unmatched,PAL ELF not available for byte matching
_getMotion,0x001084D8,,func,,unmatched,0.00,unmatched,PAL ELF not available for byte matching
GetStreamMotion,0x00108890,,func,,unmatched,0.00,unmatched,PAL ELF not available for byte matching
CopyMotionWithNodeHrc,0x00108AD8,,func,,unmatched,0.00,unmatched,PAL ELF not available for byte matching
GetFloatingMotion,0x00108BE0,,func,,unmatched,0.00,unmatched,PAL ELF not available for byte matching
MakeMirrorMotion,0x001095E0,,func,,unmatched,0.00,unmatched,PAL ELF not available for byte matching
GetFloatingShapeMotion,0x00109758,,func,,unmatched,0.00,unmatched,PAL ELF not available for byte matching
FeedbackWallWorkInfoToBrainSystem,0x00109998,,func,,unmatched,0.00,unmatched,PAL ELF not available for byte matching
GetMotionPointer,0x001099D8,,func,,unmatched,0.00,unmatched,PAL ELF not available for byte matching
GetCollisionOfLastActiveField,0x001099E8,,func,,unmatched,0.00,unmatched,PAL ELF not available for byte matching
CheckFieldContact,0x001099F8,,func,,unmatched,0.00,unmatched,PAL ELF not available for byte matching
DebugDisp1Collision,0x00109BB0,,func,,unmatched,0.00,unmatched,PAL ELF not available for byte matching
DebugDisp1CollisionWithColor,0x00109CA8,,func,,unmatched,0.00,unmatched,PAL ELF not available for byte matching
SetMotionBlendlessNode,0x00109DA0,,func,,unmatched,0.00,unmatched,PAL ELF not available for byte matching
ClearMotionBlendlessNode,0x00109E40,,func,,unmatched,0.00,unmatched,PAL ELF not available for byte matching
InitMotionStateInfo,0x00109E80,,func,,unmatched,0.00,unmatched,PAL ELF not available for byte matching
GetSkeltonFocusNode,0x00109F08,,func,,unmatched,0.00,unmatched,PAL ELF not available for byte matching
AdjustMotionHeightToNearestField,0x00109F20,,func,,unmatched,0.00,unmatched,PAL ELF not available for byte matching
SetRootUpdateMode,0x00109FF0,,func,,unmatched,0.00,unmatched,PAL ELF not available for byte matching
ForMotionViewer_GetCurrentAnimationFrame,0x0010A000,,func,,unmatched,0.00,unmatched,PAL ELF not available for byte matching
ForMotionViewer_GetCurrentMotion,0x0010A010,,func,,unmatched,0.00,unmatched,PAL ELF not available for byte matching
EnableMotionOrientUpdate,0x0010A020,,func,,unmatched,0.00,unmatched,PAL ELF not available for byte matching
DisableMotionOrientUpdate,0x0010A030,,func,,unmatched,0.00,unmatched,PAL ELF not available for byte matching
CheckFloorAttribute,0x0010A040,,func,,unmatched,0.00,unmatched,PAL ELF not available for byte matching
CheckWallAttribute,0x0010A060,,func,,unmatched,0.00,unmatched,PAL ELF not available for byte matching
CheckPureWallAttribute,0x0010A080,,func,,unmatched,0.00,unmatched,PAL ELF not available for byte matching
CheckPureCliffAttribute,0x0010A0A0,,func,,unmatched,0.00,unmatched,PAL ELF not available for byte matching
GetStreamShapeMotion,0x0010A0C0,,func,,unmatched,0.00,unmatched,PAL ELF not available for byte matching
GetDifferenceFromWallUpperField,0x0010A118,,func,,unmatched,0.00,unmatched,PAL ELF not available for byte matching
GetDifferenceFromLastField,0x0010A158,,func,,unmatched,0.00,unmatched,PAL ELF not available for byte matching
GetDifferenceFromLowerField,0x0010A198,,func,,unmatched,0.00,unmatched,PAL ELF not available for byte matching
GetDifferenceFromWallLowerPlane,0x0010A1F8,,func,,unmatched,0.00,unmatched,PAL ELF not available for byte matching
GetDifferenceFromWallUpperPlane,0x0010A268,,func,,unmatched,0.00,unmatched,PAL ELF not available for byte matching
DisableChangeRootUpdateMode,0x0010A2D8,,func,,unmatched,0.00,unmatched,PAL ELF not available for byte matching
EnableChangeRootUpdateMode,0x0010A2E8,,func,,unmatched,0.00,unmatched,PAL ELF not available for byte matching
GetRopeHangablePos,0x0010A2F8,,func,,unmatched,0.00,unmatched,PAL ELF not available for byte matching
GetMotionFrameFlag1,0x0010A308,,func,,unmatched,0.00,unmatched,PAL ELF not available for byte matching
GetMotionFrameFlag2,0x0010A318,,func,,unmatched,0.00,unmatched,PAL ELF not available for byte matching
GetHeightOfFieldPlaneDifference,0x0010A328,,func,,unmatched,0.00,unmatched,PAL ELF not available for byte matching
GetHeightOfWallFromGObj,0x0010A378,,func,,unmatched,0.00,unmatched,PAL ELF not available for byte matching
GetHeightOfCliffFromGObj,0x0010A388,,func,,unmatched,0.00,unmatched,PAL ELF not available for byte matching
InitMotionRotElem,0x0010A398,,func,,unmatched,0.00,unmatched,PAL ELF not available for byte matching
SetMotionNodeFixModeParameter,0x0010A3E8,,func,,unmatched,0.00,unmatched,PAL ELF not available for byte matching
GetRootProjectionPosOfGObj,0x0010A490,,func,,unmatched,0.00,unmatched,PAL ELF not available for byte matching
SetMotionPlaySpeedRatio,0x0010A4D8,,func,,unmatched,0.00,unmatched,PAL ELF not available for byte matching
ClearMotionGeometryInfo,0x0010A4E8,,func,,unmatched,0.00,unmatched,PAL ELF not available for byte matching
SetSkeltonDispSwitch,0x0010A548,,func,,unmatched,0.00,unmatched,PAL ELF not available for byte matching
CopyMotion,0x0010A550,,func,,unmatched,0.00,unmatched,PAL ELF not available for byte matching
GetMotionRootPos,0x0010A590,,func,,unmatched,0.00,unmatched,PAL ELF not available for byte matching
GetMotion,0x0010A5D8,,func,,unmatched,0.00,unmatched,PAL ELF not available for byte matching
GetBlendedMotion,0x0010A790,,func,,unmatched,0.00,unmatched,PAL ELF not available for byte matching
GetFloatingMotionRootPos,0x0010A978,,func,,unmatched,0.00,unmatched,PAL ELF not available for byte matching
GetShapeMotion,0x0010AA98,,func,,unmatched,0.00,unmatched,PAL ELF not available for byte matching
LockForceGroundParent,0x0010AB10,,func,,unmatched,0.00,unmatched,PAL ELF not available for byte matching
UnlockForceGroundParent,0x0010AB18,,func,,unmatched,0.00,unmatched,PAL ELF not available for byte matching
GetOutOutsideOfWall,0x0010AB20,,func,,unmatched,0.00,unmatched,PAL ELF not available for byte matching
AdjustRootPositionToVerticalSidePlaneOfWall,0x0010ABD0,,func,,unmatched,0.00,unmatched,PAL ELF not available for byte matching
fitYToPlane,0x0010AC80,,func,,unmatched,0.00,unmatched,PAL ELF not available for byte matching
GetBlendedMotionRootPos,0x0010ACC0,,func,,unmatched,0.00,unmatched,PAL ELF not available for byte matching
_getMotRotElem,0x0010AD18,,func,,unmatched,0.00,unmatched,PAL ELF not available for byte matching
falldownSE,0x0010ADC0,,func,,unmatched,0.00,unmatched,PAL ELF not available for byte matching
copyToWork,0x0010ADC8,,func,,unmatched,0.00,unmatched,PAL ELF not available for byte matching
flushWork,0x0010AF40,,func,,unmatched,0.00,unmatched,PAL ELF not available for byte matching
setNodePursueParticleEffectWithUpperLimit,0x0010B038,,func,,unmatched,0.00,unmatched,PAL ELF not available for byte matching
SetFallDownSplash,0x0010B0D0,,func,,unmatched,0.00,unmatched,PAL ELF not available for byte matching
GetPoolGlobalDrainVector,0x0010B2B8,,func,,unmatched,0.00,unmatched,PAL ELF not available for byte matching
InitPoolGeo,0x0010B2C8,,func,,unmatched,0.00,unmatched,PAL ELF not available for byte matching
updatePoolGeo,0x0010B768,,func,,unmatched,0.00,unmatched,PAL ELF not available for byte matching
dispPool,0x0010C0E8,,func,,unmatched,0.00,unmatched,PAL ELF not available for byte matching
PoolDL,0x0010C588,,func,,unmatched,0.00,unmatched,PAL ELF not available for byte matching
InitLimitedPoolReflactionMesh,0x0010C688,,func,,unmatched,0.00,unmatched,PAL ELF not available for byte matching
SetLayoutedPoolReflactionMesh,0x0010C7D0,,func,,unmatched,0.00,unmatched,PAL ELF not available for byte matching
SetLimitedPoolReflactionMesh,0x0010CB10,,func,,unmatched,0.00,unmatched,PAL ELF not available for byte matching
DispLimitedPoolReflactionMesh,0x0010CF50,,func,,unmatched,0.00,unmatched,PAL ELF not available for byte matching
PoolGeo,0x0010D038,,func,,unmatched,0.00,unmatched,PAL ELF not available for byte matching
GetPoolGlobalHeight,0x0010D040,,func,,unmatched,0.00,unmatched,PAL ELF not available for byte matching
GetPoolGlobalHeightDetail,0x0010D050,,func,,unmatched,0.00,unmatched,PAL ELF not available for byte matching
CheckPoolHasGridMesh,0x0010D148,,func,,unmatched,0.00,unmatched,PAL ELF not available for byte matching
InitLayoutedPoolReflactionMesh,0x0010D160,,func,,unmatched,0.00,unmatched,PAL ELF not available for byte matching
poolRideFunc,0x0010D300,,func,,unmatched,0.00,unmatched,PAL ELF not available for byte matching
getWave,0x0010D328,,func,,unmatched,0.00,unmatched,PAL ELF not available for byte matching
MultiCurrentQuaternion,0x0010D3A8,,func,,unmatched,0.00,unmatched,PAL ELF not available for byte matching
InvertCurrentQuaternion,0x0010D3D0,,func,,unmatched,0.00,unmatched,PAL ELF not available for byte matching
SetCurrentQuaternion,0x0010D3F0,,func,,unmatched,0.00,unmatched,PAL ELF not available for byte matching
RotCurrentQuaternionX,0x0010D410,,func,,unmatched,0.00,unmatched,PAL ELF not available for byte matching
RotCurrentQuaternionY,0x0010D430,,func,,unmatched,0.00,unmatched,PAL ELF not available for byte matching
RotCurrentQuaternionZ,0x0010D450,,func,,unmatched,0.00,unmatched,PAL ELF not available for byte matching
PushQuaternion,0x0010D470,,func,,unmatched,0.00,unmatched,PAL ELF not available for byte matching
InitQuaternionDrive,0x0010D4E8,,func,,unmatched,0.00,unmatched,PAL ELF not available for byte matching
SetIdentityQuaternion,0x0010D4F8,,func,,unmatched,0.00,unmatched,PAL ELF not available for byte matching
GetMatrixFromQuaternion,0x0010D508,,func,,unmatched,0.00,unmatched,PAL ELF not available for byte matching
GetQuaternionFromMatrix,0x0010D7C0,,func,,unmatched,0.00,unmatched,PAL ELF not available for byte matching
CopyQuaternion,0x0010D7F8,,func,,unmatched,0.00,unmatched,PAL ELF not available for byte matching
GetInverseQuaternion,0x0010D800,,func,,unmatched,0.00,unmatched,PAL ELF not available for byte matching
RegularizeQuaternion,0x0010D840,,func,,unmatched,0.00,unmatched,PAL ELF not available for byte matching
GetSlerpQuaternionNoRegularize,0x0010D8A8,,func,,unmatched,0.00,unmatched,PAL ELF not available for byte matching
GetSlerpQuaternion,0x0010DA40,,func,,unmatched,0.00,unmatched,PAL ELF not available for byte matching
GetCurrentQuaternion,0x0010DA68,,func,,unmatched,0.00,unmatched,PAL ELF not available for byte matching
GetLastQuaternion,0x0010DA80,,func,,unmatched,0.00,unmatched,PAL ELF not available for byte matching
PushQuaternionWithNoCopy,0x0010DA98,,func,,unmatched,0.00,unmatched,PAL ELF not available for byte matching
PopQuaternion,0x0010DAF0,,func,,unmatched,0.00,unmatched,PAL ELF not available for byte matching
SetQuaternionByAxisRotate,0x0010DB28,,func,,unmatched,0.00,unmatched,PAL ELF not available for byte matching
SetQuaternionByAxisRotateWithNoRegularize,0x0010DB98,,func,,unmatched,0.00,unmatched,PAL ELF not available for byte matching
SetQuaternionByAxisRotateEAngle,0x0010DC00,,func,,unmatched,0.00,unmatched,PAL ELF not available for byte matching
SetQuaternionByAxisRotateV,0x0010DCC0,,func,,unmatched,0.00,unmatched,PAL ELF not available for byte matching
SetQuaternionByAxisRotateVWithNoRegularize,0x0010DD20,,func,,unmatched,0.00,unmatched,PAL ELF not available for byte matching
MultiQuaternion,0x0010DD80,,func,,unmatched,0.00,unmatched,PAL ELF not available for byte matching
DivQuaternion,0x0010DDC0,,func,,unmatched,0.00,unmatched,PAL ELF not available for byte matching
GetMatrixFromQuaternionRotElem,0x0010DE08,,func,,unmatched,0.00,unmatched,PAL ELF not available for byte matching
GetMatrixFromQuaternionPos,0x0010DE88,,func,,unmatched,0.00,unmatched,PAL ELF not available for byte matching
MultiMatrixByQuaternion,0x0010DF38,,func,,unmatched,0.00,unmatched,PAL ELF not available for byte matching
GetMirrorQuaternion,0x0010DF80,,func,,unmatched,0.00,unmatched,PAL ELF not available for byte matching
RotQuaternionX,0x0010E080,,func,,unmatched,0.00,unmatched,PAL ELF not available for byte matching
RotQuaternionY,0x0010E120,,func,,unmatched,0.00,unmatched,PAL ELF not available for byte matching
RotQuaternionZ,0x0010E1C0,,func,,unmatched,0.00,unmatched,PAL ELF not available for byte matching
RotQuaternionEAX,0x0010E260,,func,,unmatched,0.00,unmatched,PAL ELF not available for byte matching
RotQuaternionEAZ,0x0010E360,,func,,unmatched,0.00,unmatched,PAL ELF not available for byte matching
GetXUnitVectorOfQuaternion,0x0010E460,,func,,unmatched,0.00,unmatched,PAL ELF not available for byte matching
GetYUnitVectorOfQuaternion,0x0010E4F0,,func,,unmatched,0.00,unmatched,PAL ELF not available for byte matching
GetZUnitVectorOfQuaternion,0x0010E580,,func,,unmatched,0.00,unmatched,PAL ELF not available for byte matching
GetDifferencialQuaternionWithNoRegularize,0x0010E610,,func,,unmatched,0.00,unmatched,PAL ELF not available for byte matching
GetQuaternionMagnitude,0x0010E6D0,,func,,unmatched,0.00,unmatched,PAL ELF not available for byte matching
SetQuaternionByCosineAxisRotateVWithNoRegularize,0x0010E710,,func,,unmatched,0.00,unmatched,PAL ELF not available for byte matching
SetQuaternionByCosineAxisRotateV,0x0010E7A0,,func,,unmatched,0.00,unmatched,PAL ELF not available for byte matching
SetQuaternionByAxisRotateVEAngle,0x0010E830,,func,,unmatched,0.00,unmatched,PAL ELF not available for byte matching
GetQuaternionCosRadian,0x0010E8F0,,func,,unmatched,0.00,unmatched,PAL ELF not available for byte matching
GetTableSin,0x0010E918,,func,,unmatched,0.00,unmatched,PAL ELF not available for byte matching
GetTableCos,0x0010E968,,func,,unmatched,0.00,unmatched,PAL ELF not available for byte matching
InitTableSin,0x0010E9C0,,func,,unmatched,0.00,unmatched,PAL ELF not available for byte matching
GetTableArcSin,0x0010EA98,,func,,unmatched,0.00,unmatched,PAL ELF not available for byte matching
GetTableArcCos,0x0010EB28,,func,,unmatched,0.00,unmatched,PAL ELF not available for byte matching
GetTableArcTan2,0x0010EBD0,,func,,unmatched,0.00,unmatched,PAL ELF not available for byte matching
p2o_MakePacket,0x0010EC18,,func,,unmatched,0.00,unmatched,PAL ELF not available for byte matching
p2o_DispShadowVolume,0x0010EC28,,func,,unmatched,0.00,unmatched,PAL ELF not available for byte matching
p2o_HideDispVU1,0x0010EC30,,func,,unmatched,0.00,unmatched,PAL ELF not available for byte matching
p2o_DispVU1DObj,0x0010EC60,,func,,unmatched,0.00,unmatched,PAL ELF not available for byte matching
p2o_DispVU1DObjMulti,0x0010EC68,,func,,unmatched,0.00,unmatched,PAL ELF not available for byte matching
p2o_DispVU1Multi,0x0010EC70,,func,,unmatched,0.00,unmatched,PAL ELF not available for byte matching
p2o_DispVU1MultiDefault,0x0010EC78,,func,,unmatched,0.00,unmatched,PAL ELF not available for byte matching
p2o_DispVU1,0x0010EC80,,func,,unmatched,0.00,unmatched,PAL ELF not available for byte matching
p2o_DispVU1Default,0x0010EC88,,func,,unmatched,0.00,unmatched,PAL ELF not available for byte matching
p2o_TransMicroProgram,0x0010EC90,,func,,unmatched,0.00,unmatched,PAL ELF not available for byte matching
p2o_SetDefaultEnviroment,0x0010ECA0,,func,,unmatched,0.00,unmatched,PAL ELF not available for byte matching
file_init,0x0010ECA8,,func,,unmatched,0.00,unmatched,PAL ELF not available for byte matching
file_LoadCDFile,0x0010EF08,,func,,unmatched,0.00,unmatched,PAL ELF not available for byte matching
file_LoadFile,0x0010F630,,func,,unmatched,0.00,unmatched,PAL ELF not available for byte matching
gif_StartPacket,0x0010F650,,func,,unmatched,0.00,unmatched,PAL ELF not available for byte matching
gif_EndPacket,0x0010F6A8,,func,,unmatched,0.00,unmatched,PAL ELF not available for byte matching
gif_StartPacketPath1,0x0010F788,,func,,unmatched,0.00,unmatched,PAL ELF not available for byte matching
gif_EndPacketPath1,0x0010F7E0,,func,,unmatched,0.00,unmatched,PAL ELF not available for byte matching
gif_MakeLine2DOffset,0x0010F8F8,,func,,unmatched,0.00,unmatched,PAL ELF not available for byte matching
gif_MakeSprite,0x0010FA20,,func,,unmatched,0.00,unmatched,PAL ELF not available for byte matching
gif_MakeSpriteOffset,0x0010FBA0,,func,,unmatched,0.00,unmatched,PAL ELF not available for byte matching
gif_MakeSpriteWithStrip,0x0010FD38,,func,,unmatched,0.00,unmatched,PAL ELF not available for byte matching
gif_PointOffset,0x0010FFA0,,func,,unmatched,0.00,unmatched,PAL ELF not available for byte matching
gif_Line,0x001100C8,,func,,unmatched,0.00,unmatched,PAL ELF not available for byte matching
gif_Sprite,0x00110258,,func,,unmatched,0.00,unmatched,PAL ELF not available for byte matching
gif_SpriteSensitive,0x00110458,,func,,unmatched,0.00,unmatched,PAL ELF not available for byte matching
gif_SpriteOffset,0x001105F8,,func,,unmatched,0.00,unmatched,PAL ELF not available for byte matching
gif_SpriteSensitiveOffset,0x00110808,,func,,unmatched,0.00,unmatched,PAL ELF not available for byte matching
gif_SpriteOrg,0x001109C0,,func,,unmatched,0.00,unmatched,PAL ELF not available for byte matching
gif_SpriteSensitiveOrg,0x00110B68,,func,,unmatched,0.00,unmatched,PAL ELF not available for byte matching
gif_SetDrawEnviroment,0x00110CB0,,func,,unmatched,0.00,unmatched,PAL ELF not available for byte matching
gif_DrawPolyF4,0x00110E90,,func,,unmatched,0.00,unmatched,PAL ELF not available for byte matching
gif_DrawStripF,0x00111198,,func,,unmatched,0.00,unmatched,PAL ELF not available for byte matching
gif_DrawStripFST,0x00111358,,func,,unmatched,0.00,unmatched,PAL ELF not available for byte matching
gif_DrawStripG,0x00111560,,func,,unmatched,0.00,unmatched,PAL ELF not available for byte matching
gif_Draw2DStripG,0x00111768,,func,,unmatched,0.00,unmatched,PAL ELF not available for byte matching
gif_Draw2DUVStripG,0x00111940,,func,,unmatched,0.00,unmatched,PAL ELF not available for byte matching
gif_Init,0x00111B48,,func,,unmatched,0.00,unmatched,PAL ELF not available for byte matching
gif_StartPacketPri,0x00111B50,,func,,unmatched,0.00,unmatched,PAL ELF not available for byte matching
gif_StartPacketPriPath1,0x00111B80,,func,,unmatched,0.00,unmatched,PAL ELF not available for byte matching
gif_SetGsReg,0x00111BB0,,func,,unmatched,0.00,unmatched,PAL ELF not available for byte matching
gif_CheckOpen,0x00111BD8,,func,,unmatched,0.00,unmatched,PAL ELF not available for byte matching
gif_MakePoint2D,0x00111BE0,,func,,unmatched,0.00,unmatched,PAL ELF not available for byte matching
gif_MakePoint2DOffset,0x00111CA8,,func,,unmatched,0.00,unmatched,PAL ELF not available for byte matching
gif_MakeLine2D,0x00111D80,,func,,unmatched,0.00,unmatched,PAL ELF not available for byte matching
gif_MakeSpriteNoTexture,0x00111E90,,func,,unmatched,0.00,unmatched,PAL ELF not available for byte matching
gif_MakeSpriteNoTextureOffset,0x00111F88,,func,,unmatched,0.00,unmatched,PAL ELF not available for byte matching
gif_Point,0x00112098,,func,,unmatched,0.00,unmatched,PAL ELF not available for byte matching
gif_LineOffset,0x00112190,,func,,unmatched,0.00,unmatched,PAL ELF not available for byte matching
gif_SetAlpha,0x00112240,,func,,unmatched,0.00,unmatched,PAL ELF not available for byte matching
gif_MoveImage,0x001122E0,,func,,unmatched,0.00,unmatched,PAL ELF not available for byte matching
gif_SetZTest,0x001123E0,,func,,unmatched,0.00,unmatched,PAL ELF not available for byte matching
gif_SetZWrite,0x00112420,,func,,unmatched,0.00,unmatched,PAL ELF not available for byte matching
gif_SetHalfOffset,0x00112478,,func,,unmatched,0.00,unmatched,PAL ELF not available for byte matching
_IsInScreen,0x001124F0,,func,,unmatched,0.00,unmatched,PAL ELF not available for byte matching
gsb_SetFrame,0x00112558,,func,,unmatched,0.00,unmatched,PAL ELF not available for byte matching
gsb_Init,0x00112650,,func,,unmatched,0.00,unmatched,PAL ELF not available for byte matching
gsb_Reduction,0x001127A0,,func,,unmatched,0.00,unmatched,PAL ELF not available for byte matching
gsb_KeepFrameBuffer,0x00112CE8,,func,,unmatched,0.00,unmatched,PAL ELF not available for byte matching
gsb_fade,0x00112F78,,func,,unmatched,0.00,unmatched,PAL ELF not available for byte matching
gsb_SetMotionBlur,0x001132F8,,func,,unmatched,0.00,unmatched,PAL ELF not available for byte matching
gsb_scissorOnDemo,0x00113328,,func,,unmatched,0.00,unmatched,PAL ELF not available for byte matching
gsb_controlBrightness,0x001136B0,,func,,unmatched,0.00,unmatched,PAL ELF not available for byte matching
gsb_antiAlias,0x001137F8,,func,,unmatched,0.00,unmatched,PAL ELF not available for byte matching
gsb_setNormalReg,0x00113BA0,,func,,unmatched,0.00,unmatched,PAL ELF not available for byte matching
gsb_setSemitransReg,0x00113C08,,func,,unmatched,0.00,unmatched,PAL ELF not available for byte matching
gsb_setSpecularReg,0x00113C78,,func,,unmatched,0.00,unmatched,PAL ELF not available for byte matching
gsb_setParticleReg,0x00113CF0,,func,,unmatched,0.00,unmatched,PAL ELF not available for byte matching
gsb_MakeCommonMatrix,0x00113D68,,func,,unmatched,0.00,unmatched,PAL ELF not available for byte matching
gsb_SetGsDefault,0x00113F50,,func,,unmatched,0.00,unmatched,PAL ELF not available for byte matching
gsb_filmNoise,0x00114068,,func,,unmatched,0.00,unmatched,PAL ELF not available for byte matching
gsb_PostEffect,0x001141B0,,func,,unmatched,0.00,unmatched,PAL ELF not available for byte matching
gsb_InitGSSystem,0x00114388,,func,,unmatched,0.00,unmatched,PAL ELF not available for byte matching
gsb_UpdateGSSystem,0x00114488,,func,,unmatched,0.00,unmatched,PAL ELF not available for byte matching
gsb_ResetGSSystem,0x001145D0,,func,,unmatched,0.00,unmatched,PAL ELF not available for byte matching
gsb_SetVSMatrixSub,0x001146F0,,func,,unmatched,0.00,unmatched,PAL ELF not available for byte matching
gsb_SetVSMatrix,0x00114BD8,,func,,unmatched,0.00,unmatched,PAL ELF not available for byte matching
gsb_ClipBox,0x00114E58,,func,,unmatched,0.00,unmatched,PAL ELF not available for byte matching
appendLogFile,0x00114F48,,func,,unmatched,0.00,unmatched,PAL ELF not available for byte matching
gsb_FilmNoiseTool,0x00115040,,func,,unmatched,0.00,unmatched,PAL ELF not available for byte matching
gsb_StageSettingTool,0x00115768,,func,,unmatched,0.00,unmatched,PAL ELF not available for byte matching
updateOtherEditingLockFlag,0x00115D50,,func,,unmatched,0.00,unmatched,PAL ELF not available for byte matching
createLockFile,0x00115E48,,func,,unmatched,0.00,unmatched,PAL ELF not available for byte matching
removeLockFile,0x00115F20,,func,,unmatched,0.00,unmatched,PAL ELF not available for byte matching
gsb_StageSetting,0x00115FF8,,func,,unmatched,0.00,unmatched,PAL ELF not available for byte matching
gsb_SetBGColor,0x001161F8,,func,,unmatched,0.00,unmatched,PAL ELF not available for byte matching
gsb_GetBGColor,0x00116250,,func,,unmatched,0.00,unmatched,PAL ELF not available for byte matching
gsb_ResetFilmNoise,0x00116280,,func,,unmatched,0.00,unmatched,PAL ELF not available for byte matching
gsb_SetZoom,0x00116338,,func,,unmatched,0.00,unmatched,PAL ELF not available for byte matching
gsb_SyncGSSystem,0x00116348,,func,,unmatched,0.00,unmatched,PAL ELF not available for byte matching
gsb_LoadStageSettings,0x001163B0,,func,,unmatched,0.00,unmatched,PAL ELF not available for byte matching
gsb_SaveStageSettings,0x00116450,,func,,unmatched,0.00,unmatched,PAL ELF not available for byte matching
gsb_ClearFrameBuffer,0x00116500,,func,,unmatched,0.00,unmatched,PAL ELF not available for byte matching
gsb_ResetSnap,0x00116510,,func,,unmatched,0.00,unmatched,PAL ELF not available for byte matching
gsb_TakeSnap,0x00116518,,func,,unmatched,0.00,unmatched,PAL ELF not available for byte matching
lockOtherEditing,0x00116520,,func,,unmatched,0.00,unmatched,PAL ELF not available for byte matching
unlockOtherEditing,0x001165D8,,func,,unmatched,0.00,unmatched,PAL ELF not available for byte matching
light_KillLinkLight,0x00116690,,func,,unmatched,0.00,unmatched,PAL ELF not available for byte matching
light_KillLinkAmbient,0x00116730,,func,,unmatched,0.00,unmatched,PAL ELF not available for byte matching
light_AddLight,0x001167D0,,func,,unmatched,0.00,unmatched,PAL ELF not available for byte matching
light_getNearLight,0x00116AD8,,func,,unmatched,0.00,unmatched,PAL ELF not available for byte matching
light_getAmbientLight,0x00116F40,,func,,unmatched,0.00,unmatched,PAL ELF not available for byte matching
light_MakeLightMatrix,0x001175A0,,func,,unmatched,0.00,unmatched,PAL ELF not available for byte matching
light_DispVolume,0x00117680,,func,,unmatched,0.00,unmatched,PAL ELF not available for byte matching
light_GetColorAnalog,0x00117C70,,func,,unmatched,0.00,unmatched,PAL ELF not available for byte matching
light_DrawCursor,0x00117F50,,func,,unmatched,0.00,unmatched,PAL ELF not available for byte matching
light_Tool,0x001182D0,,func,,unmatched,0.00,unmatched,PAL ELF not available for byte matching
light_InitLight,0x00118E18,,func,,unmatched,0.00,unmatched,PAL ELF not available for byte matching
light_ResetLight,0x00118E28,,func,,unmatched,0.00,unmatched,PAL ELF not available for byte matching
light_KillAllFixLight,0x00118E30,,func,,unmatched,0.00,unmatched,PAL ELF not available for byte matching
light_KillAllAmbient,0x00118E90,,func,,unmatched,0.00,unmatched,PAL ELF not available for byte matching
light_AddAmbientObject,0x00118EE8,,func,,unmatched,0.00,unmatched,PAL ELF not available for byte matching
light_resetFlatLight,0x00118F58,,func,,unmatched,0.00,unmatched,PAL ELF not available for byte matching
_PushVu0Registers,0x00119018,,func,,unmatched,0.00,unmatched,PAL ELF not available for byte matching
_PopVu0Registers,0x00119100,,func,,unmatched,0.00,unmatched,PAL ELF not available for byte matching
_RemakeNormal,0x001191E8,,func,,unmatched,0.00,unmatched,PAL ELF not available for byte matching
_Sqrt,0x001194E8,,func,,unmatched,0.00,unmatched,PAL ELF not available for byte matching
_InitCurrentMatrix,0x00119508,,func,,unmatched,0.00,unmatched,PAL ELF not available for byte matching
_UnitCurrentMatrix,0x00119528,,func,,unmatched,0.00,unmatched,PAL ELF not available for byte matching
_PushCurrentMatrix,0x00119548,,func,,unmatched,0.00,unmatched,PAL ELF not available for byte matching
_PopCurrentMatrix,0x00119560,,func,,unmatched,0.00,unmatched,PAL ELF not available for byte matching
_TransCurrentMatrix,0x00119578,,func,,unmatched,0.00,unmatched,PAL ELF not available for byte matching
_SetTransCurrentMatrix,0x00119598,,func,,unmatched,0.00,unmatched,PAL ELF not available for byte matching
_ClearTransCurrentMatrix,0x001195A8,,func,,unmatched,0.00,unmatched,PAL ELF not available for byte matching
_RotCurrentMatrixX,0x001195B8,,func,,unmatched,0.00,unmatched,PAL ELF not available for byte matching
_RotCurrentMatrixY,0x00119678,,func,,unmatched,0.00,unmatched,PAL ELF not available for byte matching
_RotCurrentMatrixZ,0x00119738,,func,,unmatched,0.00,unmatched,PAL ELF not available for byte matching
_ScaleCurrentMatrix,0x001197F8,,func,,unmatched,0.00,unmatched,PAL ELF not available for byte matching
_GetCurrentMatrix,0x00119888,,func,,unmatched,0.00,unmatched,PAL ELF not available for byte matching
_GetCurrentMatrixTrans,0x001198A0,,func,,unmatched,0.00,unmatched,PAL ELF not available for byte matching
_SetCurrentMatrix,0x001198B0,,func,,unmatched,0.00,unmatched,PAL ELF not available for byte matching
_MulCurrentMatrixR,0x001198C8,,func,,unmatched,0.00,unmatched,PAL ELF not available for byte matching
_MulCurrentMatrixL,0x00119930,,func,,unmatched,0.00,unmatched,PAL ELF not available for byte matching
_ApplyCurrentMatrix,0x00119988,,func,,unmatched,0.00,unmatched,PAL ELF not available for byte matching
_RotTransPersCurrentMatrix,0x001199A8,,func,,unmatched,0.00,unmatched,PAL ELF not available for byte matching
_TransposeCurrentMatrix,0x001199D8,,func,,unmatched,0.00,unmatched,PAL ELF not available for byte matching
_TransposeRotationCurrentMatrix,0x00119A28,,func,,unmatched,0.00,unmatched,PAL ELF not available for byte matching
_InverseCurrentMatrix,0x00119A58,,func,,unmatched,0.00,unmatched,PAL ELF not available for byte matching
_NormalizeVector,0x00119AA8,,func,,unmatched,0.00,unmatched,PAL ELF not available for byte matching
_InnerProduct,0x00119AD8,,func,,unmatched,0.00,unmatched,PAL ELF not available for byte matching
_OuterProduct,0x00119B08,,func,,unmatched,0.00,unmatched,PAL ELF not available for byte matching
_AddVector,0x00119B28,,func,,unmatched,0.00,unmatched,PAL ELF not available for byte matching
_AddVectorXYZ,0x00119B40,,func,,unmatched,0.00,unmatched,PAL ELF not available for byte matching
_SubVector,0x00119B58,,func,,unmatched,0.00,unmatched,PAL ELF not available for byte matching
_SubVectorXYZ,0x00119B70,,func,,unmatched,0.00,unmatched,PAL ELF not available for byte matching
_ScaleVector,0x00119B88,,func,,unmatched,0.00,unmatched,PAL ELF not available for byte matching
_ScaleVectorXYZ,0x00119BA8,,func,,unmatched,0.00,unmatched,PAL ELF not available for byte matching
_ScaleVector2XYZ,0x00119BC8,,func,,unmatched,0.00,unmatched,PAL ELF not available for byte matching
_FTOI4Vector,0x00119BE8,,func,,unmatched,0.00,unmatched,PAL ELF not available for byte matching
_FTOI0Vector,0x00119C00,,func,,unmatched,0.00,unmatched,PAL ELF not available for byte matching
_CopyVector,0x00119C18,,func,,unmatched,0.00,unmatched,PAL ELF not available for byte matching
_CopyIVector,0x00119C28,,func,,unmatched,0.00,unmatched,PAL ELF not available for byte matching
_UnitVector,0x00119C38,,func,,unmatched,0.00,unmatched,PAL ELF not available for byte matching
_InterVector,0x00119C48,,func,,unmatched,0.00,unmatched,PAL ELF not available for byte matching
_InterVectorXYZ,0x00119C70,,func,,unmatched,0.00,unmatched,PAL ELF not available for byte matching
_GetNorm,0x00119C98,,func,,unmatched,0.00,unmatched,PAL ELF not available for byte matching
_GetLength,0x00119CC8,,func,,unmatched,0.00,unmatched,PAL ELF not available for byte matching
_GetLengthXY,0x00119D00,,func,,unmatched,0.00,unmatched,PAL ELF not available for byte matching
_GetLengthXZ,0x00119D30,,func,,unmatched,0.00,unmatched,PAL ELF not available for byte matching
_CopyMatrix,0x00119D60,,func,,unmatched,0.00,unmatched,PAL ELF not available for byte matching
_MulMatrix,0x00119D88,,func,,unmatched,0.00,unmatched,PAL ELF not available for byte matching
_ApplyMatrix,0x00119E00,,func,,unmatched,0.00,unmatched,PAL ELF not available for byte matching
_UnitMatrix,0x00119E30,,func,,unmatched,0.00,unmatched,PAL ELF not available for byte matching
_UnitRotation,0x00119E58,,func,,unmatched,0.00,unmatched,PAL ELF not available for byte matching
_TransposeMatrix,0x00119E80,,func,,unmatched,0.00,unmatched,PAL ELF not available for byte matching
_InversMatrix,0x00119EC8,,func,,unmatched,0.00,unmatched,PAL ELF not available for byte matching
_ScaleMatrixV,0x00119F38,,func,,unmatched,0.00,unmatched,PAL ELF not available for byte matching
_SetCameraMatrix,0x00119FD0,,func,,unmatched,0.00,unmatched,PAL ELF not available for byte matching
_MakeNormalLightMatrix,0x0011A0F8,,func,,unmatched,0.00,unmatched,PAL ELF not available for byte matching
_MakeLightColorMatrix,0x0011A1D8,,func,,unmatched,0.00,unmatched,PAL ELF not available for byte matching
_InitRandom,0x0011A210,,func,,unmatched,0.00,unmatched,PAL ELF not available for byte matching
_GetRandom,0x0011A230,,func,,unmatched,0.00,unmatched,PAL ELF not available for byte matching
_GetRandomVector,0x0011A248,,func,,unmatched,0.00,unmatched,PAL ELF not available for byte matching
_GetRandomVector0,0x0011A268,,func,,unmatched,0.00,unmatched,PAL ELF not available for byte matching
_RotTransCurrentMatrix,0x0011A280,,func,,unmatched,0.00,unmatched,PAL ELF not available for byte matching
mc_SetBaseOffset,0x0011A2E0,,func,,unmatched,0.00,unmatched,PAL ELF not available for byte matching
mc_SetMicroCode,0x0011A430,,func,,unmatched,0.00,unmatched,PAL ELF not available for byte matching
mc_TransMicroCode,0x0011A650,,func,,unmatched,0.00,unmatched,PAL ELF not available for byte matching
mc_Reset,0x0011A720,,func,,unmatched,0.00,unmatched,PAL ELF not available for byte matching
mc_Init,0x0011A760,,func,,unmatched,0.00,unmatched,PAL ELF not available for byte matching
pac_DispQW,0x0011A7A0,,func,,unmatched,0.00,unmatched,PAL ELF not available for byte matching
pac_DumpPac,0x0011A988,,func,,unmatched,0.00,unmatched,PAL ELF not available for byte matching
pac_MakeBoundingBox,0x0011AB18,,func,,unmatched,0.00,unmatched,PAL ELF not available for byte matching
pac_error,0x0011AC38,,func,,unmatched,0.00,unmatched,PAL ELF not available for byte matching
pac_makeNormalStrip,0x0011AD08,,func,,unmatched,0.00,unmatched,PAL ELF not available for byte matching
pac_GetWeight,0x0011B168,,func,,unmatched,0.00,unmatched,PAL ELF not available for byte matching
pac_MakeClusterStrip,0x0011B468,,func,,unmatched,0.00,unmatched,PAL ELF not available for byte matching
pac_openDmaTag,0x0011BA00,,func,,unmatched,0.00,unmatched,PAL ELF not available for byte matching
pac_SetVifCode,0x0011BA70,,func,,unmatched,0.00,unmatched,PAL ELF not available for byte matching
pac_SetVifEndCode,0x0011BAB8,,func,,unmatched,0.00,unmatched,PAL ELF not available for byte matching
pac_SetGifTag,0x0011BB00,,func,,unmatched,0.00,unmatched,PAL ELF not available for byte matching
pac_closeTag,0x0011BBD8,,func,,unmatched,0.00,unmatched,PAL ELF not available for byte matching
pac_continueTag,0x0011BCE8,,func,,unmatched,0.00,unmatched,PAL ELF not available for byte matching
pac_CheckDivide,0x0011BE30,,func,,unmatched,0.00,unmatched,PAL ELF not available for byte matching
pac_countOneVertexPacketSize,0x0011BFC0,,func,,unmatched,0.00,unmatched,PAL ELF not available for byte matching
pac_makeStrip,0x0011C158,,func,,unmatched,0.00,unmatched,PAL ELF not available for byte matching
pac_setMaterialPacket,0x0011C4C0,,func,,unmatched,0.00,unmatched,PAL ELF not available for byte matching
pac_makeMaterialTable,0x0011C640,,func,,unmatched,0.00,unmatched,PAL ELF not available for byte matching
pac_makeMaterialTableLine,0x0011C808,,func,,unmatched,0.00,unmatched,PAL ELF not available for byte matching
pac_getTextureInfo,0x0011C9B8,,func,,unmatched,0.00,unmatched,PAL ELF not available for byte matching
pac_makeShapeTable,0x0011CB28,,func,,unmatched,0.00,unmatched,PAL ELF not available for byte matching
pac_makePacket,0x0011CEA0,,func,,unmatched,0.00,unmatched,PAL ELF not available for byte matching
pac_MakePacket,0x0011D708,,func,,unmatched,0.00,unmatched,PAL ELF not available for byte matching
pac_Dump,0x0011D728,,func,,unmatched,0.00,unmatched,PAL ELF not available for byte matching
pac_Init,0x0011D780,,func,,unmatched,0.00,unmatched,PAL ELF not available for byte matching
pac_DispVu1Memory,0x0011D788,,func,,unmatched,0.00,unmatched,PAL ELF not available for byte matching
prim_InitFan2D,0x0011D7F0,,func,,unmatched,0.00,unmatched,PAL ELF not available for byte matching
prim_SetFan2D,0x0011DA80,,func,,unmatched,0.00,unmatched,PAL ELF not available for byte matching
prim_DispFan2D,0x0011DCC8,,func,,unmatched,0.00,unmatched,PAL ELF not available for byte matching
prim_makePacketMesh3D,0x0011E030,,func,,unmatched,0.00,unmatched,PAL ELF not available for byte matching
prim_InitMesh3D,0x0011E3C0,,func,,unmatched,0.00,unmatched,PAL ELF not available for byte matching
prim_makeNormal,0x0011E658,,func,,unmatched,0.00,unmatched,PAL ELF not available for byte matching
prim_UpdateMesh3D,0x0011EAB0,,func,,unmatched,0.00,unmatched,PAL ELF not available for byte matching
prim_DispMesh3D,0x0011EFC8,,func,,unmatched,0.00,unmatched,PAL ELF not available for byte matching
prim_InitParticleByPartition,0x0011F168,,func,,unmatched,0.00,unmatched,PAL ELF not available for byte matching
prim_DispParticle,0x0011F4D0,,func,,unmatched,0.00,unmatched,PAL ELF not available for byte matching
prim_DeleteParticle,0x0011F6A8,,func,,unmatched,0.00,unmatched,PAL ELF not available for byte matching
prim_DispWireYCylinder,0x0011F880,,func,,unmatched,0.00,unmatched,PAL ELF not available for byte matching
prim_DispWireSphere,0x0011F9E8,,func,,unmatched,0.00,unmatched,PAL ELF not available for byte matching
prim_DispWireBox,0x0011FCC0,,func,,unmatched,0.00,unmatched,PAL ELF not available for byte matching
prim_InitParticle,0x0011FED0,,func,,unmatched,0.00,unmatched,PAL ELF not available for byte matching
reg_setShape,0x0011FEF0,,func,,unmatched,0.00,unmatched,PAL ELF not available for byte matching
reg_dispBoxLine,0x00120318,,func,,unmatched,0.00,unmatched,PAL ELF not available for byte matching
reg_clipPacketBoundingBox,0x001204A8,,func,,unmatched,0.00,unmatched,PAL ELF not available for byte matching
reg_transMicroCode,0x001205C0,,func,,unmatched,0.00,unmatched,PAL ELF not available for byte matching
reg_chooseMicroCode,0x001205F8,,func,,unmatched,0.00,unmatched,PAL ELF not available for byte matching
reg_chooseSpecularMicroCode,0x00120620,,func,,unmatched,0.00,unmatched,PAL ELF not available for byte matching
reg_chooseReflectionMicroCode,0x00120638,,func,,unmatched,0.00,unmatched,PAL ELF not available for byte matching
reg_setNMatrixPacket,0x00120808,,func,,unmatched,0.00,unmatched,PAL ELF not available for byte matching
reg_setMMatrixPacket,0x00120C30,,func,,unmatched,0.00,unmatched,PAL ELF not available for byte matching
reg_setCMatrixPacket,0x001210E8,,func,,unmatched,0.00,unmatched,PAL ELF not available for byte matching
_reg_disp,0x00121428,,func,,unmatched,0.00,unmatched,PAL ELF not available for byte matching
reg_transMaterialPacket,0x001214D8,,func,,unmatched,0.00,unmatched,PAL ELF not available for byte matching
reg_setDissolve,0x00121528,,func,,unmatched,0.00,unmatched,PAL ELF not available for byte matching
reg_resetDissolve,0x00121730,,func,,unmatched,0.00,unmatched,PAL ELF not available for byte matching
reg_dispNObj,0x00121760,,func,,unmatched,0.00,unmatched,PAL ELF not available for byte matching
reg_dispMObj,0x00121B08,,func,,unmatched,0.00,unmatched,PAL ELF not available for byte matching
reg_dispSObj,0x00121FE8,,func,,unmatched,0.00,unmatched,PAL ELF not available for byte matching
reg_dispCObj,0x00122328,,func,,unmatched,0.00,unmatched,PAL ELF not available for byte matching
reg_dispPoint,0x001225F8,,func,,unmatched,0.00,unmatched,PAL ELF not available for byte matching
reg_dispLine,0x00122A98,,func,,unmatched,0.00,unmatched,PAL ELF not available for byte matching
reg_dispPointLineObj,0x00122FC8,,func,,unmatched,0.00,unmatched,PAL ELF not available for byte matching
reg_DispAccessoryWithShadow,0x00123590,,func,,unmatched,0.00,unmatched,PAL ELF not available for byte matching
reg_RenderReflection,0x00123948,,func,,unmatched,0.00,unmatched,PAL ELF not available for byte matching
reg_DispEnemy,0x00123CE0,,func,,unmatched,0.00,unmatched,PAL ELF not available for byte matching
reg_DispMultiPri,0x00123FC8,,func,,unmatched,0.00,unmatched,PAL ELF not available for byte matching
reg_DispObj,0x001243A0,,func,,unmatched,0.00,unmatched,PAL ELF not available for byte matching
reg_dispObj2,0x00124440,,func,,unmatched,0.00,unmatched,PAL ELF not available for byte matching
reg_SetScissorSw,0x00124448,,func,,unmatched,0.00,unmatched,PAL ELF not available for byte matching
reg_TransTexturePacket,0x00124450,,func,,unmatched,0.00,unmatched,PAL ELF not available for byte matching
reg_Init,0x00124480,,func,,unmatched,0.00,unmatched,PAL ELF not available for byte matching
reg_GetShinePri,0x00124488,,func,,unmatched,0.00,unmatched,PAL ELF not available for byte matching
shadow_Reset,0x001244D8,,func,,unmatched,0.00,unmatched,PAL ELF not available for byte matching
shadow_Draw,0x00124B70,,func,,unmatched,0.00,unmatched,PAL ELF not available for byte matching
shadow_Render,0x00125758,,func,,unmatched,0.00,unmatched,PAL ELF not available for byte matching
shadow_getShadowVectorAverage,0x00125778,,func,,unmatched,0.00,unmatched,PAL ELF not available for byte matching
shadow_EntryClusterShadow,0x001257C8,,func,,unmatched,0.00,unmatched,PAL ELF not available for byte matching
shadow_EntryNormalShadow,0x00125C28,,func,,unmatched,0.00,unmatched,PAL ELF not available for byte matching
__GetCameraPos,0x00125F40,,func,,unmatched,0.00,unmatched,PAL ELF not available for byte matching
shadow_RenderVolume,0x00125FB0,,func,,unmatched,0.00,unmatched,PAL ELF not available for byte matching
shadow_RenderVolumeMulti,0x00127B80,,func,,unmatched,0.00,unmatched,PAL ELF not available for byte matching
shadow_MakeObjectData,0x00129738,,func,,unmatched,0.00,unmatched,PAL ELF not available for byte matching
shadow_Tool,0x00129AA0,,func,,unmatched,0.00,unmatched,PAL ELF not available for byte matching
shadow_KillShadow,0x00129DF0,,func,,unmatched,0.00,unmatched,PAL ELF not available for byte matching
shadow_DispCancel,0x00129DF8,,func,,unmatched,0.00,unmatched,PAL ELF not available for byte matching
shadow_SetLength,0x00129EA0,,func,,unmatched,0.00,unmatched,PAL ELF not available for byte matching
shadow_Init,0x00129ED0,,func,,unmatched,0.00,unmatched,PAL ELF not available for byte matching
stage_MakeGObj,0x00129F50,,func,,unmatched,0.00,unmatched,PAL ELF not available for byte matching
stage_ApplyData,0x0012A1D8,,func,,unmatched,0.00,unmatched,PAL ELF not available for byte matching
stage_Init,0x0012A3B8,,func,,unmatched,0.00,unmatched,PAL ELF not available for byte matching
stage_SetAnimation,0x0012AEB0,,func,,unmatched,0.00,unmatched,PAL ELF not available for byte matching
stage_ContinueAnimation,0x0012B080,,func,,unmatched,0.00,unmatched,PAL ELF not available for byte matching
stage_ResetAnimation,0x0012B188,,func,,unmatched,0.00,unmatched,PAL ELF not available for byte matching
stage_CalcAnimationNoParent,0x0012B1B8,,func,,unmatched,0.00,unmatched,PAL ELF not available for byte matching
stage_CalcAnimationParent,0x0012B408,,func,,unmatched,0.00,unmatched,PAL ELF not available for byte matching
stage_DispAnimation,0x0012B5B8,,func,,unmatched,0.00,unmatched,PAL ELF not available for byte matching
stage_SetScale,0x0012B6F0,,func,,unmatched,0.00,unmatched,PAL ELF not available for byte matching
stage_PlayBgAnimation,0x0012B7F8,,func,,unmatched,0.00,unmatched,PAL ELF not available for byte matching
stage_PlayBgAnimationDissolve,0x0012BA80,,func,,unmatched,0.00,unmatched,PAL ELF not available for byte matching
stage_MakePlayBgAnimation,0x0012BD58,,func,,unmatched,0.00,unmatched,PAL ELF not available for byte matching
stage_KillPlayBgAnimation,0x0012BEE0,,func,,unmatched,0.00,unmatched,PAL ELF not available for byte matching
stage_DispBgAnimation,0x0012BF38,,func,,unmatched,0.00,unmatched,PAL ELF not available for byte matching
stage_DispBgAnimationNoFinish,0x0012C1B8,,func,,unmatched,0.00,unmatched,PAL ELF not available for byte matching
stage_SetCameraForceOff,0x0012C498,,func,,unmatched,0.00,unmatched,PAL ELF not available for byte matching
stage_CheckAnimationFinish,0x0012C4A0,,func,,unmatched,0.00,unmatched,PAL ELF not available for byte matching
stage_CheckAnimationFrame,0x0012C570,,func,,unmatched,0.00,unmatched,PAL ELF not available for byte matching
stage_SetLoopFlag,0x0012C600,,func,,unmatched,0.00,unmatched,PAL ELF not available for byte matching
stage_SetFrameStep,0x0012C648,,func,,unmatched,0.00,unmatched,PAL ELF not available for byte matching
stage_SetParentOfGObj,0x0012C690,,func,,unmatched,0.00,unmatched,PAL ELF not available for byte matching
stage_SetParentOfGObjWithLocalRotationFlag,0x0012C6F8,,func,,unmatched,0.00,unmatched,PAL ELF not available for byte matching
stage_SetLocalizeGeometry,0x0012C760,,func,,unmatched,0.00,unmatched,PAL ELF not available for byte matching
stage_KillPlayBgAnimationIfOverMaxCount,0x0012C808,,func,,unmatched,0.00,unmatched,PAL ELF not available for byte matching
stage_CheckAnimationFrameIn,0x0012C860,,func,,unmatched,0.00,unmatched,PAL ELF not available for byte matching
tex_AllocVramAuto,0x0012C8F0,,func,,unmatched,0.00,unmatched,PAL ELF not available for byte matching
tex_loadImage,0x0012C9E0,,func,,unmatched,0.00,unmatched,PAL ELF not available for byte matching
tex_setTexReg,0x0012CBE0,,func,,unmatched,0.00,unmatched,PAL ELF not available for byte matching
tex_transVramClutTex,0x0012D270,,func,,unmatched,0.00,unmatched,PAL ELF not available for byte matching
tex_transVramDirectTex,0x0012D488,,func,,unmatched,0.00,unmatched,PAL ELF not available for byte matching
tex_transRegister,0x0012D608,,func,,unmatched,0.00,unmatched,PAL ELF not available for byte matching
tex_transTM2,0x0012D630,,func,,unmatched,0.00,unmatched,PAL ELF not available for byte matching
tex_initClutTexture,0x0012D8D0,,func,,unmatched,0.00,unmatched,PAL ELF not available for byte matching
tex_setRegisters,0x0012DA50,,func,,unmatched,0.00,unmatched,PAL ELF not available for byte matching
tex_initTM2,0x0012DDD0,,func,,unmatched,0.00,unmatched,PAL ELF not available for byte matching
tex_convertClutCSM2ToCSM1,0x0012E010,,func,,unmatched,0.00,unmatched,PAL ELF not available for byte matching
tex_convertImage,0x0012E0F0,,func,,unmatched,0.00,unmatched,PAL ELF not available for byte matching
tex_makeCopyImage,0x0012E2F8,,func,,unmatched,0.00,unmatched,PAL ELF not available for byte matching
tex_makeTexturePacket,0x0012E570,,func,,unmatched,0.00,unmatched,PAL ELF not available for byte matching
tex_initTextureSub,0x0012E8F8,,func,,unmatched,0.00,unmatched,PAL ELF not available for byte matching
tex_LoadTexturePart,0x0012EC18,,func,,unmatched,0.00,unmatched,PAL ELF not available for byte matching
tex_TransTexture,0x0012ED70,,func,,unmatched,0.00,unmatched,PAL ELF not available for byte matching
tex_TransTextureDefocus,0x0012EEA0,,func,,unmatched,0.00,unmatched,PAL ELF not available for byte matching
tex_scrollClut,0x0012F150,,func,,unmatched,0.00,unmatched,PAL ELF not available for byte matching
tex_textureAnimation,0x0012F6F8,,func,,unmatched,0.00,unmatched,PAL ELF not available for byte matching
tex_SetClutAnimation,0x0012FAB0,,func,,unmatched,0.00,unmatched,PAL ELF not available for byte matching
tex_FreeTexture,0x0012FB30,,func,,unmatched,0.00,unmatched,PAL ELF not available for byte matching
tex_ResetVram,0x0012FC48,,func,,unmatched,0.00,unmatched,PAL ELF not available for byte matching
tex_dispClut,0x0012FDC0,,func,,unmatched,0.00,unmatched,PAL ELF not available for byte matching
tex_printTexture,0x00130210,,func,,unmatched,0.00,unmatched,PAL ELF not available for byte matching
tex_Tool,0x00130628,,func,,unmatched,0.00,unmatched,PAL ELF not available for byte matching
tex_ListTool,0x00131500,,func,,unmatched,0.00,unmatched,PAL ELF not available for byte matching
tex_GetTWTH,0x001319C8,,func,,unmatched,0.00,unmatched,PAL ELF not available for byte matching
tex_InitTexture,0x00131A18,,func,,unmatched,0.00,unmatched,PAL ELF not available for byte matching
tex_LoadTexture,0x00131A38,,func,,unmatched,0.00,unmatched,PAL ELF not available for byte matching
tex_GetTextureNo,0x00131A58,,func,,unmatched,0.00,unmatched,PAL ELF not available for byte matching
tex_GetTextureData,0x00131AF0,,func,,unmatched,0.00,unmatched,PAL ELF not available for byte matching
tex_GetTextureName,0x00131B08,,func,,unmatched,0.00,unmatched,PAL ELF not available for byte matching
tex_SetSamplingType,0x00131B20,,func,,unmatched,0.00,unmatched,PAL ELF not available for byte matching
tex_GetTexExtData,0x00131B48,,func,,unmatched,0.00,unmatched,PAL ELF not available for byte matching
tex_GetVramFreeAddress,0x00131B60,,func,,unmatched,0.00,unmatched,PAL ELF not available for byte matching
tex_UpdateMipMapLevel,0x00131B80,,func,,unmatched,0.00,unmatched,PAL ELF not available for byte matching
tex_LockHeadTBP,0x00131C18,,func,,unmatched,0.00,unmatched,PAL ELF not available for byte matching
tex_UnlockHeadTBP,0x00131CF0,,func,,unmatched,0.00,unmatched,PAL ELF not available for byte matching
tex_ResetVramPri,0x00131DC0,,func,,unmatched,0.00,unmatched,PAL ELF not available for byte matching
tex_GetTextureNum,0x00131E88,,func,,unmatched,0.00,unmatched,PAL ELF not available for byte matching
tex_SetUVScroll,0x00131E90,,func,,unmatched,0.00,unmatched,PAL ELF not available for byte matching
tex_Init,0x00131FC8,,func,,unmatched,0.00,unmatched,PAL ELF not available for byte matching
tex_RemakeRegistersSampleMin,0x00132078,,func,,unmatched,0.00,unmatched,PAL ELF not available for byte matching
fog_MakeFogClut,0x001320F0,,func,,unmatched,0.00,unmatched,PAL ELF not available for byte matching
fog_DrawFog,0x001322F0,,func,,unmatched,0.00,unmatched,PAL ELF not available for byte matching
fog_FogTool,0x00132EF8,,func,,unmatched,0.00,unmatched,PAL ELF not available for byte matching
iosCdvdStManager,0x00133250,,func,,unmatched,0.00,unmatched,PAL ELF not available for byte matching
iosCdvdMgrSearchFile,0x00133540,,func,,unmatched,0.00,unmatched,PAL ELF not available for byte matching
iosCdvdMgrStStart,0x001336D0,,func,,unmatched,0.00,unmatched,PAL ELF not available for byte matching
iosCdvdMgrStStop,0x001337A8,,func,,unmatched,0.00,unmatched,PAL ELF not available for byte matching
iosCdvdMgrLoad,0x001338A8,,func,,unmatched,0.00,unmatched,PAL ELF not available for byte matching
temp_loadfunc,0x00133A70,,func,,unmatched,0.00,unmatched,PAL ELF not available for byte matching
iosCdvdMgrPackLoad,0x00133B08,,func,,unmatched,0.00,unmatched,PAL ELF not available for byte matching
iosCdStRead,0x00133ED8,,func,,unmatched,0.00,unmatched,PAL ELF not available for byte matching
iosCdvdHandlerReadNoInflate,0x001340B0,,func,,unmatched,0.00,unmatched,PAL ELF not available for byte matching
iosCdvdHandlerReadInflate,0x00134258,,func,,unmatched,0.00,unmatched,PAL ELF not available for byte matching
iosCdvdHandlerRead,0x001342E0,,func,,unmatched,0.00,unmatched,PAL ELF not available for byte matching
unifile_read_func,0x001343C0,,func,,unmatched,0.00,unmatched,PAL ELF not available for byte matching
iosCdvdUnifileInfoGet,0x00134580,,func,,unmatched,0.00,unmatched,PAL ELF not available for byte matching
iosCdvdManager,0x001345C8,,func,,unmatched,0.00,unmatched,PAL ELF not available for byte matching
iosCdvdDiskReady,0x001347E0,,func,,unmatched,0.00,unmatched,PAL ELF not available for byte matching
iosCdvdLoad,0x00134800,,func,,unmatched,0.00,unmatched,PAL ELF not available for byte matching
iosCdvdPackLoad,0x00134838,,func,,unmatched,0.00,unmatched,PAL ELF not available for byte matching
iosCdvdBackGroundMgrAdd,0x00134858,,func,,unmatched,0.00,unmatched,PAL ELF not available for byte matching
cdWait,0x00134B18,,func,,unmatched,0.00,unmatched,PAL ELF not available for byte matching
iosCdvdBackGroundRead,0x00134D78,,func,,unmatched,0.00,unmatched,PAL ELF not available for byte matching
iosCdvdBackGroundReadIOPm,0x00134F58,,func,,unmatched,0.00,unmatched,PAL ELF not available for byte matching
iosCdvdDirectStOpen,0x00135138,,func,,unmatched,0.00,unmatched,PAL ELF not available for byte matching
iosCdvdDirectStClose,0x00135330,,func,,unmatched,0.00,unmatched,PAL ELF not available for byte matching
iosCdvdChgFileName,0x00135370,,func,,unmatched,0.00,unmatched,PAL ELF not available for byte matching
iosCdvdGetFileLsn,0x00135410,,func,,unmatched,0.00,unmatched,PAL ELF not available for byte matching
iosCdvdSync,0x001354F0,,func,,unmatched,0.00,unmatched,PAL ELF not available for byte matching
iosCdvdLoadPackFile,0x00135520,,func,,unmatched,0.00,unmatched,PAL ELF not available for byte matching
iosCdvdDiskStatusGet,0x001355A0,,func,,unmatched,0.00,unmatched,PAL ELF not available for byte matching
iosCdvdBackGroundMgrDelete,0x001355A8,,func,,unmatched,0.00,unmatched,PAL ELF not available for byte matching
iosCdvdBackGroundMgrNotDiskReadyPauseSet,0x001355B8,,func,,unmatched,0.00,unmatched,PAL ELF not available for byte matching
iosCdvdBackGroundMgrDeleteRequestGet,0x001355D8,,func,,unmatched,0.00,unmatched,PAL ELF not available for byte matching
iosCdvdBackGroundMgrEntryNum,0x00135620,,func,,unmatched,0.00,unmatched,PAL ELF not available for byte matching
iosCdvdBackGroundMgrSeek,0x00135658,,func,,unmatched,0.00,unmatched,PAL ELF not available for byte matching
iosCdvdBackGroundMgrGetRunning,0x00135660,,func,,unmatched,0.00,unmatched,PAL ELF not available for byte matching
iosCdvdDirectStRead,0x00135668,,func,,unmatched,0.00,unmatched,PAL ELF not available for byte matching
inflate_cd_read_func,0x001356C8,,func,,unmatched,0.00,unmatched,PAL ELF not available for byte matching
iosCdvdBackGroundMgrInit,0x00135728,,func,,unmatched,0.00,unmatched,PAL ELF not available for byte matching
iosCdvdBackGroundMgr,0x00135760,,func,,unmatched,0.00,unmatched,PAL ELF not available for byte matching
iosCdvdDiskReadyBlock,0x00135818,,func,,unmatched,0.00,unmatched,PAL ELF not available for byte matching
huft_build,0x001358B0,,func,,unmatched,0.00,unmatched,PAL ELF not available for byte matching
inflate_codes,0x00136078,,func,,unmatched,0.00,unmatched,PAL ELF not available for byte matching
inflate_stored,0x001367C0,,func,,unmatched,0.00,unmatched,PAL ELF not available for byte matching
inflate_fixed,0x00136AE0,,func,,unmatched,0.00,unmatched,PAL ELF not available for byte matching
inflate_dynamic,0x00136D40,,func,,unmatched,0.00,unmatched,PAL ELF not available for byte matching
inflate_start,0x00137658,,func,,unmatched,0.00,unmatched,PAL ELF not available for byte matching
close_inflate_handler,0x001376A8,,func,,unmatched,0.00,unmatched,PAL ELF not available for byte matching
inflate,0x00137770,,func,,unmatched,0.00,unmatched,PAL ELF not available for byte matching
open_inflate_handler,0x00137C38,,func,,unmatched,0.00,unmatched,PAL ELF not available for byte matching
fill_inbuf,0x00137CC8,,func,,unmatched,0.00,unmatched,PAL ELF not available for byte matching
huft_free,0x00137DA8,,func,,unmatched,0.00,unmatched,PAL ELF not available for byte matching
ios_init_plus,0x00137DE8,,func,,unmatched,0.00,unmatched,PAL ELF not available for byte matching
iosInitialize,0x00137ED8,,func,,unmatched,0.00,unmatched,PAL ELF not available for byte matching
iosSifAllocIopHeapDebug,0x001380B0,,func,,unmatched,0.00,unmatched,PAL ELF not available for byte matching
new_mblock_node,0x00138158,,func,,unmatched,0.00,unmatched,PAL ELF not available for byte matching
reuse_mblock1,0x00138258,,func,,unmatched,0.00,unmatched,PAL ELF not available for byte matching
init_mblock,0x00138280,,func,,unmatched,0.00,unmatched,PAL ELF not available for byte matching
new_segment,0x00138290,,func,,unmatched,0.00,unmatched,PAL ELF not available for byte matching
reuse_mblock,0x00138338,,func,,unmatched,0.00,unmatched,PAL ELF not available for byte matching
strdup_mblock,0x00138390,,func,,unmatched,0.00,unmatched,PAL ELF not available for byte matching
iosMcMgrGetInfo,0x00138478,,func,,unmatched,0.00,unmatched,PAL ELF not available for byte matching
iosMcHandlerWrite,0x001385B8,,func,,unmatched,0.00,unmatched,PAL ELF not available for byte matching
iosMcHandlerRead,0x001389B0,,func,,unmatched,0.00,unmatched,PAL ELF not available for byte matching
iosMcMgrChdirProduct,0x00138D40,,func,,unmatched,0.00,unmatched,PAL ELF not available for byte matching
iosMcMgrSaveSeg,0x00138FE0,,func,,unmatched,0.00,unmatched,PAL ELF not available for byte matching
iosMcMgrLoadSeg,0x00139410,,func,,unmatched,0.00,unmatched,PAL ELF not available for byte matching
iosMcMgrSaveProductBlock,0x001397C8,,func,,unmatched,0.00,unmatched,PAL ELF not available for byte matching
iosMcMgrLoadProductBlock,0x001397D8,,func,,unmatched,0.00,unmatched,PAL ELF not available for byte matching
iosMcMgrGetBlockSaveInfo,0x001397E8,,func,,unmatched,0.00,unmatched,PAL ELF not available for byte matching
iosMcManager,0x001399A8,,func,,unmatched,0.00,unmatched,PAL ELF not available for byte matching
iosMcMgrSync,0x0013A010,,func,,unmatched,0.00,unmatched,PAL ELF not available for byte matching
iosMcTest,0x0013A0B0,,func,,unmatched,0.00,unmatched,PAL ELF not available for byte matching
iosMcSync,0x0013A0B8,,func,,unmatched,0.00,unmatched,PAL ELF not available for byte matching
iosMcGetInfo,0x0013A0D0,,func,,unmatched,0.00,unmatched,PAL ELF not available for byte matching
iosMcFormat,0x0013A110,,func,,unmatched,0.00,unmatched,PAL ELF not available for byte matching
iosMcUnformat,0x0013A158,,func,,unmatched,0.00,unmatched,PAL ELF not available for byte matching
iosMcGetDir,0x0013A1A0,,func,,unmatched,0.00,unmatched,PAL ELF not available for byte matching
iosMcDelete,0x0013A1E8,,func,,unmatched,0.00,unmatched,PAL ELF not available for byte matching
iosMcSaveIconBlock,0x0013A230,,func,,unmatched,0.00,unmatched,PAL ELF not available for byte matching
iosMcSaveProductBlock,0x0013A278,,func,,unmatched,0.00,unmatched,PAL ELF not available for byte matching
iosMcLoadProductBlock,0x0013A2C0,,func,,unmatched,0.00,unmatched,PAL ELF not available for byte matching
iosMcSaveGameBlock,0x0013A308,,func,,unmatched,0.00,unmatched,PAL ELF not available for byte matching
iosMcLoadGameBlock,0x0013A350,,func,,unmatched,0.00,unmatched,PAL ELF not available for byte matching
iosMcChdirProduct,0x0013A398,,func,,unmatched,0.00,unmatched,PAL ELF not available for byte matching
iosMcGetBlockSaveInfo,0x0013A3E0,,func,,unmatched,0.00,unmatched,PAL ELF not available for byte matching
product_write,0x0013A428,,func,,unmatched,0.00,unmatched,PAL ELF not available for byte matching
product_read,0x0013A5A0,,func,,unmatched,0.00,unmatched,PAL ELF not available for byte matching
gameblock_write,0x0013A5E8,,func,,unmatched,0.00,unmatched,PAL ELF not available for byte matching
gameblock_read,0x0013A638,,func,,unmatched,0.00,unmatched,PAL ELF not available for byte matching
iosMcIconWriteIconsys,0x0013A778,,func,,unmatched,0.00,unmatched,PAL ELF not available for byte matching
iosMcIconWriteIcon,0x0013A880,,func,,unmatched,0.00,unmatched,PAL ELF not available for byte matching
_iosMcIconWriteIconsys,0x0013A988,,func,,unmatched,0.00,unmatched,PAL ELF not available for byte matching
iosMallocSetPartition,0x0013AA78,,func,,unmatched,0.00,unmatched,PAL ELF not available for byte matching
iosMallocResetPartition,0x0013AC98,,func,,unmatched,0.00,unmatched,PAL ELF not available for byte matching
iosMallocSetPartitionName,0x0013AE78,,func,,unmatched,0.00,unmatched,PAL ELF not available for byte matching
iosMallocClearPartition,0x0013AF00,,func,,unmatched,0.00,unmatched,PAL ELF not available for byte matching
_iosMallocDebug,0x0013B0B8,,func,,unmatched,0.00,unmatched,PAL ELF not available for byte matching
iosMallocAlignDebug,0x0013B530,,func,,unmatched,0.00,unmatched,PAL ELF not available for byte matching
_iosFreeWithFill,0x0013B778,,func,,unmatched,0.00,unmatched,PAL ELF not available for byte matching
iosFree,0x0013B820,,func,,unmatched,0.00,unmatched,PAL ELF not available for byte matching
iosMallocCheckLeak,0x0013BCD8,,func,,unmatched,0.00,unmatched,PAL ELF not available for byte matching
iosMallocCheckLeak2,0x0013BEB8,,func,,unmatched,0.00,unmatched,PAL ELF not available for byte matching
iosReallocDebug,0x0013C000,,func,,unmatched,0.00,unmatched,PAL ELF not available for byte matching
iosMallocInitPartition,0x0013C270,,func,,unmatched,0.00,unmatched,PAL ELF not available for byte matching
iosMallocDebug,0x0013C380,,func,,unmatched,0.00,unmatched,PAL ELF not available for byte matching
iosMallocDebugNoAssert,0x0013C488,,func,,unmatched,0.00,unmatched,PAL ELF not available for byte matching
deq_mes_th,0x0013C4A8,,func,,unmatched,0.00,unmatched,PAL ELF not available for byte matching
iosMsgQueueCreate,0x0013C4D8,,func,,unmatched,0.00,unmatched,PAL ELF not available for byte matching
iosMsgQueueDestroy,0x0013C580,,func,,unmatched,0.00,unmatched,PAL ELF not available for byte matching
send_signal_message,0x0013C608,,func,,unmatched,0.00,unmatched,PAL ELF not available for byte matching
iosMsgSetEvent,0x0013C720,,func,,unmatched,0.00,unmatched,PAL ELF not available for byte matching
iosMsgInit,0x0013C808,,func,,unmatched,0.00,unmatched,PAL ELF not available for byte matching
iosMsgSend,0x0013C840,,func,,unmatched,0.00,unmatched,PAL ELF not available for byte matching
iosMsgRecv,0x0013C948,,func,,unmatched,0.00,unmatched,PAL ELF not available for byte matching
iosMsgQueueDestroyAll,0x0013CA50,,func,,unmatched,0.00,unmatched,PAL ELF not available for byte matching
signal_handler,0x0013CAA8,,func,,unmatched,0.00,unmatched,PAL ELF not available for byte matching
controler_stable_check,0x0013CAF0,,func,,unmatched,0.00,unmatched,PAL ELF not available for byte matching
iosPadDevInit,0x0013D070,,func,,unmatched,0.00,unmatched,PAL ELF not available for byte matching
iosPadDevReadFunc,0x0013D2A8,,func,,unmatched,0.00,unmatched,PAL ELF not available for byte matching
iosPadRead,0x0013D4B0,,func,,unmatched,0.00,unmatched,PAL ELF not available for byte matching
iosPadNormalizeStick,0x0013D5F8,,func,,unmatched,0.00,unmatched,PAL ELF not available for byte matching
iosPadGetStick_func,0x0013D7B0,,func,,unmatched,0.00,unmatched,PAL ELF not available for byte matching
iosPadActRequest,0x0013D970,,func,,unmatched,0.00,unmatched,PAL ELF not available for byte matching
iosPadDevRead,0x0013DA78,,func,,unmatched,0.00,unmatched,PAL ELF not available for byte matching
iosPadGetPort,0x0013DAA8,,func,,unmatched,0.00,unmatched,PAL ELF not available for byte matching
iosPadGetSlot,0x0013DAC0,,func,,unmatched,0.00,unmatched,PAL ELF not available for byte matching
iosPadGetDevice,0x0013DAD8,,func,,unmatched,0.00,unmatched,PAL ELF not available for byte matching
iosPadConnect,0x0013DB20,,func,,unmatched,0.00,unmatched,PAL ELF not available for byte matching
iosPadGetStick,0x0013DB40,,func,,unmatched,0.00,unmatched,PAL ELF not available for byte matching
iosPadStickCameraCoord,0x0013DBC8,,func,,unmatched,0.00,unmatched,PAL ELF not available for byte matching
iosPadEnable,0x0013DC40,,func,,unmatched,0.00,unmatched,PAL ELF not available for byte matching
iosPadDisable,0x0013DC50,,func,,unmatched,0.00,unmatched,PAL ELF not available for byte matching
iosPadEnableGet,0x0013DC58,,func,,unmatched,0.00,unmatched,PAL ELF not available for byte matching
iosPadActInit,0x0013DC60,,func,,unmatched,0.00,unmatched,PAL ELF not available for byte matching
iosPadActStop,0x0013DCD8,,func,,unmatched,0.00,unmatched,PAL ELF not available for byte matching
iosPadActStopAll,0x0013DD58,,func,,unmatched,0.00,unmatched,PAL ELF not available for byte matching
iosPadActVolumeSet,0x0013DDC0,,func,,unmatched,0.00,unmatched,PAL ELF not available for byte matching
iosPadDevManager,0x0013DE08,,func,,unmatched,0.00,unmatched,PAL ELF not available for byte matching
iosPadActTickProc,0x0013DE50,,func,,unmatched,0.00,unmatched,PAL ELF not available for byte matching
iosPadDisconWait,0x0013DF58,,func,,unmatched,0.00,unmatched,PAL ELF not available for byte matching
iosPadErrorWait,0x0013DF60,,func,,unmatched,0.00,unmatched,PAL ELF not available for byte matching
Vibration_ShotDecode,0x0013DF68,,func,,unmatched,0.00,unmatched,PAL ELF not available for byte matching
Vibration_WaveDecode,0x0013E208,,func,,unmatched,0.00,unmatched,PAL ELF not available for byte matching
Shock_Request,0x0013E4F8,,func,,unmatched,0.00,unmatched,PAL ELF not available for byte matching
Shock_SetMotor,0x0013E708,,func,,unmatched,0.00,unmatched,PAL ELF not available for byte matching
Init_ShockVoiceSet,0x0013E870,,func,,unmatched,0.00,unmatched,PAL ELF not available for byte matching
Vibration_SetDecodeData,0x0013E8A8,,func,,unmatched,0.00,unmatched,PAL ELF not available for byte matching
Init_ShockRequestBox,0x0013E8F8,,func,,unmatched,0.00,unmatched,PAL ELF not available for byte matching
ShockRequestBox_Clear,0x0013E920,,func,,unmatched,0.00,unmatched,PAL ELF not available for byte matching
ShockRequestBox_Regst,0x0013E980,,func,,unmatched,0.00,unmatched,PAL ELF not available for byte matching
ShockRequestBox_Request,0x0013E9A0,,func,,unmatched,0.00,unmatched,PAL ELF not available for byte matching
ShockRequestBox_DecodeRequest,0x0013EB30,,func,,unmatched,0.00,unmatched,PAL ELF not available for byte matching
ShockRequestBox_EndRequestFree,0x0013EC08,,func,,unmatched,0.00,unmatched,PAL ELF not available for byte matching
ShockRequestBox_VoiceSetUseRequestFree,0x0013EC60,,func,,unmatched,0.00,unmatched,PAL ELF not available for byte matching
ShockRequestBox_GetRequest,0x0013ED08,,func,,unmatched,0.00,unmatched,PAL ELF not available for byte matching
ShockRequestBox_RequestCancel,0x0013ED40,,func,,unmatched,0.00,unmatched,PAL ELF not available for byte matching
ShockRequestBox_RequestDirectCancel,0x0013EDC0,,func,,unmatched,0.00,unmatched,PAL ELF not available for byte matching
Init_ShockDriver,0x0013EE30,,func,,unmatched,0.00,unmatched,PAL ELF not available for byte matching
ShockDriver_VoiceSet_NumberRegist,0x0013EE88,,func,,unmatched,0.00,unmatched,PAL ELF not available for byte matching
ShockDriver_VoiceSet_Regist,0x0013EEC0,,func,,unmatched,0.00,unmatched,PAL ELF not available for byte matching
ShockDriver_VoiceSet_Remove,0x0013EF38,,func,,unmatched,0.00,unmatched,PAL ELF not available for byte matching
ShockDriver_GetShockVoiceMax,0x0013EF70,,func,,unmatched,0.00,unmatched,PAL ELF not available for byte matching
ShockDriver_GetShockVoiceSet,0x0013EFB8,,func,,unmatched,0.00,unmatched,PAL ELF not available for byte matching
ShockDriver_GetShockVoice,0x0013EFE8,,func,,unmatched,0.00,unmatched,PAL ELF not available for byte matching
Init_ShockEmulator,0x0013F048,,func,,unmatched,0.00,unmatched,PAL ELF not available for byte matching
ShockEmulator_EmulationShot,0x0013F058,,func,,unmatched,0.00,unmatched,PAL ELF not available for byte matching
ShockEmulator_EmulationWave,0x0013F060,,func,,unmatched,0.00,unmatched,PAL ELF not available for byte matching
Init_ShockRequestAlloc,0x0013F0D0,,func,,unmatched,0.00,unmatched,PAL ELF not available for byte matching
Get_ShockRequestStruct,0x0013F118,,func,,unmatched,0.00,unmatched,PAL ELF not available for byte matching
Reset_ShockRequestStruct,0x0013F158,,func,,unmatched,0.00,unmatched,PAL ELF not available for byte matching
ShockRevice_Wave,0x0013F160,,func,,unmatched,0.00,unmatched,PAL ELF not available for byte matching
Init_Shock,0x0013F230,,func,,unmatched,0.00,unmatched,PAL ELF not available for byte matching
Shock_SetShockVoiceSet,0x0013F2F0,,func,,unmatched,0.00,unmatched,PAL ELF not available for byte matching
Init_Player,0x0013F320,,func,,unmatched,0.00,unmatched,PAL ELF not available for byte matching
Init_Controler,0x0013F358,,func,,unmatched,0.00,unmatched,PAL ELF not available for byte matching
Shock_RequestClear,0x0013F368,,func,,unmatched,0.00,unmatched,PAL ELF not available for byte matching
Shock_Decode,0x0013F3C8,,func,,unmatched,0.00,unmatched,PAL ELF not available for byte matching
dumyAllocFunc,0x0013F480,,func,,unmatched,0.00,unmatched,PAL ELF not available for byte matching
Vibration_SetDecodeEnd,0x0013F488,,func,,unmatched,0.00,unmatched,PAL ELF not available for byte matching
requestFree,0x0013F4B8,,func,,unmatched,0.00,unmatched,PAL ELF not available for byte matching
iosThreadMain,0x0013F528,,func,,unmatched,0.00,unmatched,PAL ELF not available for byte matching
iosThreadCreateS,0x0013F598,,func,,unmatched,0.00,unmatched,PAL ELF not available for byte matching
iosThreadStart,0x0013F7B0,,func,,unmatched,0.00,unmatched,PAL ELF not available for byte matching
iosThreadStop,0x0013F7C0,,func,,unmatched,0.00,unmatched,PAL ELF not available for byte matching
iosThreadSleep,0x0013F7D8,,func,,unmatched,0.00,unmatched,PAL ELF not available for byte matching
iosThreadDestroy,0x0013F7E0,,func,,unmatched,0.00,unmatched,PAL ELF not available for byte matching
iosThreadSetPri,0x0013F828,,func,,unmatched,0.00,unmatched,PAL ELF not available for byte matching
iosThreadMessage,0x0013F880,,func,,unmatched,0.00,unmatched,PAL ELF not available for byte matching
iosThreadName,0x0013F920,,func,,unmatched,0.00,unmatched,PAL ELF not available for byte matching
iosThreadSuspend,0x0013F928,,func,,unmatched,0.00,unmatched,PAL ELF not available for byte matching
iosThreadResume,0x0013F930,,func,,unmatched,0.00,unmatched,PAL ELF not available for byte matching
iosThreadInit,0x0013F938,,func,,unmatched,0.00,unmatched,PAL ELF not available for byte matching
iosThreadCreate,0x0013FAE8,,func,,unmatched,0.00,unmatched,PAL ELF not available for byte matching
iosThreadGetPri,0x0013FC88,,func,,unmatched,0.00,unmatched,PAL ELF not available for byte matching
iosGetIOSThreadFromId,0x0013FCC8,,func,,unmatched,0.00,unmatched,PAL ELF not available for byte matching
iosThreadWakeup,0x0013FD10,,func,,unmatched,0.00,unmatched,PAL ELF not available for byte matching
iosThreadJoin,0x0013FD30,,func,,unmatched,0.00,unmatched,PAL ELF not available for byte matching
iosThreadCancelWakeup,0x0013FDB0,,func,,unmatched,0.00,unmatched,PAL ELF not available for byte matching
iosSemaCreate,0x0013FDE8,,func,,unmatched,0.00,unmatched,PAL ELF not available for byte matching
iosSemaDelete,0x0013FE70,,func,,unmatched,0.00,unmatched,PAL ELF not available for byte matching
iosSemaWait,0x0013FEE8,,func,,unmatched,0.00,unmatched,PAL ELF not available for byte matching
iosSemaSignal,0x0013FF48,,func,,unmatched,0.00,unmatched,PAL ELF not available for byte matching
iosSemaReferStatus,0x0013FF98,,func,,unmatched,0.00,unmatched,PAL ELF not available for byte matching
iosThreadDestroyMgr,0x00140018,,func,,unmatched,0.00,unmatched,PAL ELF not available for byte matching
iosThreadAllQuit,0x00140108,,func,,unmatched,0.00,unmatched,PAL ELF not available for byte matching
isysGObjKindTableInit,0x00140170,,func,,unmatched,0.00,unmatched,PAL ELF not available for byte matching
isysGObjInit,0x00140188,,func,,unmatched,0.00,unmatched,PAL ELF not available for byte matching
cut_gobj_link,0x001401E0,,func,,unmatched,0.00,unmatched,PAL ELF not available for byte matching
isysGObjRemoveAll,0x00140288,,func,,unmatched,0.00,unmatched,PAL ELF not available for byte matching
add_gobj_to_tail,0x001403D8,,func,,unmatched,0.00,unmatched,PAL ELF not available for byte matching
add_gobj_to_head,0x001404A8,,func,,unmatched,0.00,unmatched,PAL ELF not available for byte matching
isysGObjMove,0x00140578,,func,,unmatched,0.00,unmatched,PAL ELF not available for byte matching
isysGObjMoveHead,0x001405C0,,func,,unmatched,0.00,unmatched,PAL ELF not available for byte matching
isysGObjAddAfterGObj,0x00140608,,func,,unmatched,0.00,unmatched,PAL ELF not available for byte matching
isysGObjAddBeforeGObj,0x00140738,,func,,unmatched,0.00,unmatched,PAL ELF not available for byte matching
isysGetNbAllocedGObjs,0x00140870,,func,,unmatched,0.00,unmatched,PAL ELF not available for byte matching
isysGObjAlloc,0x001408B8,,func,,unmatched,0.00,unmatched,PAL ELF not available for byte matching
isysGObjRemove,0x00140930,,func,,unmatched,0.00,unmatched,PAL ELF not available for byte matching
isysGObjKindTableAdd,0x00140A30,,func,,unmatched,0.00,unmatched,PAL ELF not available for byte matching
isysGObjKindTableRemove,0x00140B10,,func,,unmatched,0.00,unmatched,PAL ELF not available for byte matching
isysGObjMoveAfterGObj,0x00140BE0,,func,,unmatched,0.00,unmatched,PAL ELF not available for byte matching
isysGObjMoveBeforeGObj,0x00140C50,,func,,unmatched,0.00,unmatched,PAL ELF not available for byte matching
isysGObjAdd,0x00140CC0,,func,,unmatched,0.00,unmatched,PAL ELF not available for byte matching
isysGObjAddHead,0x00140DC8,,func,,unmatched,0.00,unmatched,PAL ELF not available for byte matching
isysGObjSearchFromObjLayoutID,0x00140ED0,,func,,unmatched,0.00,unmatched,PAL ELF not available for byte matching
isysGObjSearchFromObjKindID_begin,0x00140F38,,func,,unmatched,0.00,unmatched,PAL ELF not available for byte matching
isysGObjSearchFromObjKindID_next,0x00140FC8,,func,,unmatched,0.00,unmatched,PAL ELF not available for byte matching
isysGObjSearchFromLabelTypeID,0x00141038,,func,,unmatched,0.00,unmatched,PAL ELF not available for byte matching
isysGObjGetExist_begin,0x00141090,,func,,unmatched,0.00,unmatched,PAL ELF not available for byte matching
isysGObjGetExist_next,0x001410E0,,func,,unmatched,0.00,unmatched,PAL ELF not available for byte matching
isysGObjActiveLink,0x00141128,,func,,unmatched,0.00,unmatched,PAL ELF not available for byte matching
isysGObjActiveDlLink,0x00141160,,func,,unmatched,0.00,unmatched,PAL ELF not available for byte matching
cut_gobj_dl_link,0x00141198,,func,,unmatched,0.00,unmatched,PAL ELF not available for byte matching
isysGObjRemoveObjDL,0x00141240,,func,,unmatched,0.00,unmatched,PAL ELF not available for byte matching
add_gobj_to_tailDL,0x00141248,,func,,unmatched,0.00,unmatched,PAL ELF not available for byte matching
add_gobj_to_headDL,0x001413B8,,func,,unmatched,0.00,unmatched,PAL ELF not available for byte matching
isysGObjMoveObjDL,0x00141488,,func,,unmatched,0.00,unmatched,PAL ELF not available for byte matching
isysGObjMoveObjDLHead,0x001414D0,,func,,unmatched,0.00,unmatched,PAL ELF not available for byte matching
isysGObjLinkObjDL,0x00141518,,func,,unmatched,0.00,unmatched,PAL ELF not available for byte matching
isysGObjLinkObjDLHead,0x001415B8,,func,,unmatched,0.00,unmatched,PAL ELF not available for byte matching
isysGObjLinkObjDLAfterGObj,0x001415E0,,func,,unmatched,0.00,unmatched,PAL ELF not available for byte matching
isysGObjLinkObjDLBeforeGObj,0x00141648,,func,,unmatched,0.00,unmatched,PAL ELF not available for byte matching
isysGObjDlInit,0x001416B0,,func,,unmatched,0.00,unmatched,PAL ELF not available for byte matching
isysGObjMoveObjDLAfterGObj,0x001416F0,,func,,unmatched,0.00,unmatched,PAL ELF not available for byte matching
isysGObjMoveObjDLBeforeGObj,0x00141760,,func,,unmatched,0.00,unmatched,PAL ELF not available for byte matching
isysGObjProcessInit,0x001417D0,,func,,unmatched,0.00,unmatched,PAL ELF not available for byte matching
isysGObjProcAdd_,0x001417D8,,func,,unmatched,0.00,unmatched,PAL ELF not available for byte matching
cut_gobj_process_link,0x00141A20,,func,,unmatched,0.00,unmatched,PAL ELF not available for byte matching
isysGObjProcRemove,0x00141AA0,,func,,unmatched,0.00,unmatched,PAL ELF not available for byte matching
isysGObjProcessAlloc,0x00141AE8,,func,,unmatched,0.00,unmatched,PAL ELF not available for byte matching
isysGObjProcAdd,0x00141B60,,func,,unmatched,0.00,unmatched,PAL ELF not available for byte matching
isysGObjProcAddS,0x00141B90,,func,,unmatched,0.00,unmatched,PAL ELF not available for byte matching
isysGObjProcAddGOppArg,0x00141BC0,,func,,unmatched,0.00,unmatched,PAL ELF not available for byte matching
isysGObjProcPause,0x00141BF0,,func,,unmatched,0.00,unmatched,PAL ELF not available for byte matching
isysGObjProcPauseAll,0x00141BF8,,func,,unmatched,0.00,unmatched,PAL ELF not available for byte matching
isysGObjProcPausePtr,0x00141C30,,func,,unmatched,0.00,unmatched,PAL ELF not available for byte matching
isysGObjProcActive,0x00141C60,,func,,unmatched,0.00,unmatched,PAL ELF not available for byte matching
isysGObjProcActiveAll,0x00141C70,,func,,unmatched,0.00,unmatched,PAL ELF not available for byte matching
isysGObjProcRemoveAll,0x00141CA8,,func,,unmatched,0.00,unmatched,PAL ELF not available for byte matching
isysGObjProcThreadSleep,0x00141CE0,,func,,unmatched,0.00,unmatched,PAL ELF not available for byte matching
isysGObjProcAddSGOppArg,0x00141D18,,func,,unmatched,0.00,unmatched,PAL ELF not available for byte matching
isysGObjProcActivePtr,0x00141D48,,func,,unmatched,0.00,unmatched,PAL ELF not available for byte matching
free_gobj_process_resource,0x00141D78,,func,,unmatched,0.00,unmatched,PAL ELF not available for byte matching
isysInitialize,0x00141D80,,func,,unmatched,0.00,unmatched,PAL ELF not available for byte matching
iosOmInit,0x00141D88,,func,,unmatched,0.00,unmatched,PAL ELF not available for byte matching
_iosOmMain,0x00141DB8,,func,,unmatched,0.00,unmatched,PAL ELF not available for byte matching
iosOmMain,0x00141FE0,,func,,unmatched,0.00,unmatched,PAL ELF not available for byte matching
iosOmCreateDL,0x00141FE8,,func,,unmatched,0.00,unmatched,PAL ELF not available for byte matching
iosOmExeEachGObj,0x001420F8,,func,,unmatched,0.00,unmatched,PAL ELF not available for byte matching
iosOmExeEachGObjAll,0x00142160,,func,,unmatched,0.00,unmatched,PAL ELF not available for byte matching
iosOmReturnExeEachGObj,0x00142200,,func,,unmatched,0.00,unmatched,PAL ELF not available for byte matching
iosOmGetGObjStatus,0x00142298,,func,,unmatched,0.00,unmatched,PAL ELF not available for byte matching
iosOmSearchGObjId,0x001422C8,,func,,unmatched,0.00,unmatched,PAL ELF not available for byte matching
iosOmSearchGObjIdAll,0x00142308,,func,,unmatched,0.00,unmatched,PAL ELF not available for byte matching
iosOmBeforeFuncStandard,0x00142368,,func,,unmatched,0.00,unmatched,PAL ELF not available for byte matching
iosOmSendMail,0x00142370,,func,,unmatched,0.00,unmatched,PAL ELF not available for byte matching
iosOmSendMailLink,0x001423B8,,func,,unmatched,0.00,unmatched,PAL ELF not available for byte matching
iosOmExeMail,0x00142430,,func,,unmatched,0.00,unmatched,PAL ELF not available for byte matching
AdpcmStreamFree,0x00142518,,func,,unmatched,0.00,unmatched,PAL ELF not available for byte matching
adpcmTickProc2,0x00142520,,func,,unmatched,0.00,unmatched,PAL ELF not available for byte matching
adpcmDataSet,0x00142728,,func,,unmatched,0.00,unmatched,PAL ELF not available for byte matching
AdpcmPlay,0x00142AF8,,func,,unmatched,0.00,unmatched,PAL ELF not available for byte matching
AdpcmStop,0x00142B28,,func,,unmatched,0.00,unmatched,PAL ELF not available for byte matching
AdpcmOpen,0x00142B30,,func,,unmatched,0.00,unmatched,PAL ELF not available for byte matching
AdpcmClose,0x00142C70,,func,,unmatched,0.00,unmatched,PAL ELF not available for byte matching
AdpcmInterStereoVolumeSet,0x00142E08,,func,,unmatched,0.00,unmatched,PAL ELF not available for byte matching
AdpcmInterLeaveVolumeSet,0x00142F18,,func,,unmatched,0.00,unmatched,PAL ELF not available for byte matching
AdpcmVolumeSet,0x00142F48,,func,,unmatched,0.00,unmatched,PAL ELF not available for byte matching
adpcmPauseRequest,0x00142F58,,func,,unmatched,0.00,unmatched,PAL ELF not available for byte matching
AdpcmStreamHeap,0x00142F60,,func,,unmatched,0.00,unmatched,PAL ELF not available for byte matching
AdpcmStreamInit,0x00142FC8,,func,,unmatched,0.00,unmatched,PAL ELF not available for byte matching
AdpcmIopBuffAlloc,0x001430C8,,func,,unmatched,0.00,unmatched,PAL ELF not available for byte matching
AdpcmNotUseIopAreaFree,0x00143140,,func,,unmatched,0.00,unmatched,PAL ELF not available for byte matching
AdpcmOpenSync,0x00143230,,func,,unmatched,0.00,unmatched,PAL ELF not available for byte matching
AdpcmFadeCloseAll,0x001432D0,,func,,unmatched,0.00,unmatched,PAL ELF not available for byte matching
AdpcmUseAreaGet,0x00143308,,func,,unmatched,0.00,unmatched,PAL ELF not available for byte matching
AdpcmFreeAreaGet,0x00143340,,func,,unmatched,0.00,unmatched,PAL ELF not available for byte matching
AdpcmInterStereoVolumeSetAll,0x00143378,,func,,unmatched,0.00,unmatched,PAL ELF not available for byte matching
AdpcmInterLeaveVolumeGet,0x00143408,,func,,unmatched,0.00,unmatched,PAL ELF not available for byte matching
AdpcmVolumeGet,0x00143420,,func,,unmatched,0.00,unmatched,PAL ELF not available for byte matching
adpcmTickProc,0x00143430,,func,,unmatched,0.00,unmatched,PAL ELF not available for byte matching
adpcmDiskNotReady,0x00143510,,func,,unmatched,0.00,unmatched,PAL ELF not available for byte matching
adpcmDiskReturnReady,0x00143518,,func,,unmatched,0.00,unmatched,PAL ELF not available for byte matching
adpcmOpenProc,0x00143520,,func,,unmatched,0.00,unmatched,PAL ELF not available for byte matching
adpcmOpenDiskNotReady,0x00143548,,func,,unmatched,0.00,unmatched,PAL ELF not available for byte matching
soundInit,0x00143550,,func,,unmatched,0.00,unmatched,PAL ELF not available for byte matching
soundOutputModeSet,0x001436A0,,func,,unmatched,0.00,unmatched,PAL ELF not available for byte matching
soundReverbDepthSet,0x001436B0,,func,,unmatched,0.00,unmatched,PAL ELF not available for byte matching
soundAllocIopHeap,0x00143728,,func,,unmatched,0.00,unmatched,PAL ELF not available for byte matching
soundAllocIopFree,0x00143788,,func,,unmatched,0.00,unmatched,PAL ELF not available for byte matching
soundDataOpenChk,0x00143790,,func,,unmatched,0.00,unmatched,PAL ELF not available for byte matching
soundBufAlloc,0x00143A48,,func,,unmatched,0.00,unmatched,PAL ELF not available for byte matching
soundBufSegFree,0x00143C50,,func,,unmatched,0.00,unmatched,PAL ELF not available for byte matching
soundBDDataSet,0x00143D68,,func,,unmatched,0.00,unmatched,PAL ELF not available for byte matching
soundDataOpen,0x00144010,,func,,unmatched,0.00,unmatched,PAL ELF not available for byte matching
soundDataOpenSync,0x00144100,,func,,unmatched,0.00,unmatched,PAL ELF not available for byte matching
soundDataClose,0x001441E8,,func,,unmatched,0.00,unmatched,PAL ELF not available for byte matching
soundDataSegAllClose,0x00144340,,func,,unmatched,0.00,unmatched,PAL ELF not available for byte matching
soundSeVolSet,0x001443F0,,func,,unmatched,0.00,unmatched,PAL ELF not available for byte matching
debug_DispSEInfo,0x001445F0,,func,,unmatched,0.00,unmatched,PAL ELF not available for byte matching
sound3DParamSet,0x00144C78,,func,,unmatched,0.00,unmatched,PAL ELF not available for byte matching
_soundSeDefPlay,0x00145048,,func,,unmatched,0.00,unmatched,PAL ELF not available for byte matching
_soundSeDefStop,0x00145520,,func,,unmatched,0.00,unmatched,PAL ELF not available for byte matching
soundSeDefStop,0x00145628,,func,,unmatched,0.00,unmatched,PAL ELF not available for byte matching
soundSeDefStopNoRelease,0x00145630,,func,,unmatched,0.00,unmatched,PAL ELF not available for byte matching
soundSeDefPitchSet,0x00145638,,func,,unmatched,0.00,unmatched,PAL ELF not available for byte matching
soundSeEnvPlay,0x00145678,,func,,unmatched,0.00,unmatched,PAL ELF not available for byte matching
soundSeEnvNotUseClose,0x00145898,,func,,unmatched,0.00,unmatched,PAL ELF not available for byte matching
soundDataSegNextStageNotUseClose,0x00145D30,,func,,unmatched,0.00,unmatched,PAL ELF not available for byte matching
Ee2Iop,0x00145EB8,,func,,unmatched,0.00,unmatched,PAL ELF not available for byte matching
soundOutputModeGet,0x00145F70,,func,,unmatched,0.00,unmatched,PAL ELF not available for byte matching
soundReverbDepthGet,0x00145F78,,func,,unmatched,0.00,unmatched,PAL ELF not available for byte matching
soundBufAdpcmChAlloc,0x00145F80,,func,,unmatched,0.00,unmatched,PAL ELF not available for byte matching
soundBufAdpcmFree,0x00146098,,func,,unmatched,0.00,unmatched,PAL ELF not available for byte matching
soundDataAreaSearch,0x001460B8,,func,,unmatched,0.00,unmatched,PAL ELF not available for byte matching
soundDataAreaGet,0x00146100,,func,,unmatched,0.00,unmatched,PAL ELF not available for byte matching
soundHDDataSet,0x00146248,,func,,unmatched,0.00,unmatched,PAL ELF not available for byte matching
soundSQDataSet,0x001463A8,,func,,unmatched,0.00,unmatched,PAL ELF not available for byte matching
soundSeDefPlay,0x00146508,,func,,unmatched,0.00,unmatched,PAL ELF not available for byte matching
soundSeDefPlayWithVolumeRate,0x00146560,,func,,unmatched,0.00,unmatched,PAL ELF not available for byte matching
soundSeDefVolumeRateGet,0x001465B0,,func,,unmatched,0.00,unmatched,PAL ELF not available for byte matching
soundSeDefVolumeRateSet,0x001465F0,,func,,unmatched,0.00,unmatched,PAL ELF not available for byte matching
soundSeGroupStop,0x00146628,,func,,unmatched,0.00,unmatched,PAL ELF not available for byte matching
soundSeGroupGet,0x001466C8,,func,,unmatched,0.00,unmatched,PAL ELF not available for byte matching
soundSePlayModeStop,0x001466F0,,func,,unmatched,0.00,unmatched,PAL ELF not available for byte matching
soundReqTickProc,0x00146778,,func,,unmatched,0.00,unmatched,PAL ELF not available for byte matching
soundVBlank,0x00146888,,func,,unmatched,0.00,unmatched,PAL ELF not available for byte matching
soundSeKindBuild,0x001468E8,,func,,unmatched,0.00,unmatched,PAL ELF not available for byte matching
soundSeSemiCommonLoadChk,0x001469A8,,func,,unmatched,0.00,unmatched,PAL ELF not available for byte matching
soundSeEnvDefaultSet,0x001469B0,,func,,unmatched,0.00,unmatched,PAL ELF not available for byte matching
debug_req,0x00146AD0,,func,,unmatched,0.00,unmatched,PAL ELF not available for byte matching
sndBgmReadyNextStage,0x00146B68,,func,,unmatched,0.00,unmatched,PAL ELF not available for byte matching
sndInit,0x00146BC8,,func,,unmatched,0.00,unmatched,PAL ELF not available for byte matching
sndManager,0x00146C10,,func,,unmatched,0.00,unmatched,PAL ELF not available for byte matching
ACTGame_SaveActorInformation,0x00146CC0,,func,,unmatched,0.00,unmatched,PAL ELF not available for byte matching
ACTGame_DeleteActorInformation,0x00146D10,,func,,unmatched,0.00,unmatched,PAL ELF not available for byte matching
EXITDATA_GetNextPosition,0x00146D20,,func,,unmatched,0.00,unmatched,PAL ELF not available for byte matching
ACTGame_StageChangeGObj,0x00146DF0,,func,,unmatched,0.00,unmatched,PAL ELF not available for byte matching
ACTGame_SetActors_Debug,0x00146F40,,func,,unmatched,0.00,unmatched,PAL ELF not available for byte matching
ACTGame_TryConnectHand,0x001471D8,,func,,unmatched,0.00,unmatched,PAL ELF not available for byte matching
ACTGame_TryDisconnectHand,0x001471F8,,func,,unmatched,0.00,unmatched,PAL ELF not available for byte matching
ACTGame_DisconnectHand_WithMail,0x00147218,,func,,unmatched,0.00,unmatched,PAL ELF not available for byte matching
ACTCheckView,0x00147240,,func,,unmatched,0.00,unmatched,PAL ELF not available for byte matching
ACTGameView_Loop,0x00147430,,func,,unmatched,0.00,unmatched,PAL ELF not available for byte matching
ACTGame_LwsEffectProcess,0x001476E8,,func,,unmatched,0.00,unmatched,PAL ELF not available for byte matching
_ACTGame_SearchGObj,0x00147710,,func,,unmatched,0.00,unmatched,PAL ELF not available for byte matching
ACTLookTarget_Exec,0x001478E0,,func,,unmatched,0.00,unmatched,PAL ELF not available for byte matching
ACTParaStatus_Clear,0x00147A20,,func,,unmatched,0.00,unmatched,PAL ELF not available for byte matching
ACTParaStatus_Exec,0x00147A30,,func,,unmatched,0.00,unmatched,PAL ELF not available for byte matching
_ACTCharStatus_Clear,0x00147BE8,,func,,unmatched,0.00,unmatched,PAL ELF not available for byte matching
GetSkeltonOrient,0x00147D40,,func,,unmatched,0.00,unmatched,PAL ELF not available for byte matching
ACTGame_InnerVelocityUpdate,0x00147DC8,,func,,unmatched,0.00,unmatched,PAL ELF not available for byte matching
ACTGame_BeforeFunc,0x00148080,,func,,unmatched,0.00,unmatched,PAL ELF not available for byte matching
FunctionAboutClingedStatus,0x00148608,,func,,unmatched,0.00,unmatched,PAL ELF not available for byte matching
ACTEnvGetTest,0x00148878,,func,,unmatched,0.00,unmatched,PAL ELF not available for byte matching
ActOrientTest,0x00148D50,,func,,unmatched,0.00,unmatched,PAL ELF not available for byte matching
GetGirlHandlinkClInfo,0x0014A608,,func,,unmatched,0.00,unmatched,PAL ELF not available for byte matching
ACTGame_CommonLoop,0x0014AB48,,func,,unmatched,0.00,unmatched,PAL ELF not available for byte matching
ACTLookTargetSystem_Exec,0x0014BB90,,func,,unmatched,0.00,unmatched,PAL ELF not available for byte matching
ACTItemWatchMotion,0x0014C320,,func,,unmatched,0.00,unmatched,PAL ELF not available for byte matching
ACTGame_InsertCamera_GirlIsPinch,0x0014C640,,func,,unmatched,0.00,unmatched,PAL ELF not available for byte matching
RequestChangeHandMode,0x0014C8B0,,func,,unmatched,0.00,unmatched,PAL ELF not available for byte matching
ACTNotNeedCameraOffset,0x0014C9C0,,func,,unmatched,0.00,unmatched,PAL ELF not available for byte matching
ACTGameCollisionOn,0x0014C9F8,,func,,unmatched,0.00,unmatched,PAL ELF not available for byte matching
ACTGameCollisionOff,0x0014CA20,,func,,unmatched,0.00,unmatched,PAL ELF not available for byte matching
ACTGame_CheckItemMotion,0x0014CA48,,func,,unmatched,0.00,unmatched,PAL ELF not available for byte matching
ACTGame_CheckHandMotion,0x0014CA78,,func,,unmatched,0.00,unmatched,PAL ELF not available for byte matching
ACTGame_StageChangeGObjID,0x0014CAC8,,func,,unmatched,0.00,unmatched,PAL ELF not available for byte matching
ACTGame_StageChangeGObjDirect,0x0014CB48,,func,,unmatched,0.00,unmatched,PAL ELF not available for byte matching
ACTGame_FLAG_LIFEPINCH,0x0014CC00,,func,,unmatched,0.00,unmatched,PAL ELF not available for byte matching
ACTGame_FLAG_TETSUNAGI,0x0014CC30,,func,,unmatched,0.00,unmatched,PAL ELF not available for byte matching
ACTGame_FLAG_TETSUNAGI_VISUAL,0x0014CC58,,func,,unmatched,0.00,unmatched,PAL ELF not available for byte matching
GetSkeltonPosition,0x0014CC80,,func,,unmatched,0.00,unmatched,PAL ELF not available for byte matching
SetDirectRootPositionWithNodePointLimit,0x0014CCF8,,func,,unmatched,0.00,unmatched,PAL ELF not available for byte matching
ACTGameView_Init,0x0014CE30,,func,,unmatched,0.00,unmatched,PAL ELF not available for byte matching
ACTCharctrl_Lock,0x0014CE48,,func,,unmatched,0.00,unmatched,PAL ELF not available for byte matching
ACTCharctrl_Unlock,0x0014CE90,,func,,unmatched,0.00,unmatched,PAL ELF not available for byte matching
ACTGame_ConnectHand,0x0014CEB8,,func,,unmatched,0.00,unmatched,PAL ELF not available for byte matching
ACTGame_DisconnectHand,0x0014CF30,,func,,unmatched,0.00,unmatched,PAL ELF not available for byte matching
PAIR_GetPosition_BOY,0x0014CFB8,,func,,unmatched,0.00,unmatched,PAL ELF not available for byte matching
PAIR_IsStatus_BOY_PULL,0x0014CFF8,,func,,unmatched,0.00,unmatched,PAL ELF not available for byte matching
PAIR_IsStatus_GIRL_PULL,0x0014D068,,func,,unmatched,0.00,unmatched,PAL ELF not available for byte matching
PAIR_IsStatus_BOY_WAIT,0x0014D0F0,,func,,unmatched,0.00,unmatched,PAL ELF not available for byte matching
PAIR_GetPosition_BOY_DITCH,0x0014D150,,func,,unmatched,0.00,unmatched,PAL ELF not available for byte matching
PAIR_IsStatus_BOY_DITCH,0x0014D190,,func,,unmatched,0.00,unmatched,PAL ELF not available for byte matching
ACTGame_isHangChain,0x0014D248,,func,,unmatched,0.00,unmatched,PAL ELF not available for byte matching
ACTGame_isWeaponEnableCatchfire,0x0014D290,,func,,unmatched,0.00,unmatched,PAL ELF not available for byte matching
ACTCheckCollis_WF,0x0014D2D8,,func,,unmatched,0.00,unmatched,PAL ELF not available for byte matching
ACTCheckCollis_W,0x0014D3E0,,func,,unmatched,0.00,unmatched,PAL ELF not available for byte matching
ACTCheckCollis_CI,0x0014D510,,func,,unmatched,0.00,unmatched,PAL ELF not available for byte matching
ACTCheckCollis_WELL,0x0014D5B8,,func,,unmatched,0.00,unmatched,PAL ELF not available for byte matching
ACTCheckCollis_WAY,0x0014D6C0,,func,,unmatched,0.00,unmatched,PAL ELF not available for byte matching
ACTCheckViewCl,0x0014D808,,func,,unmatched,0.00,unmatched,PAL ELF not available for byte matching
ACTGameView_FirstSet,0x0014D988,,func,,unmatched,0.00,unmatched,PAL ELF not available for byte matching
ACTGameView_Add,0x0014DA58,,func,,unmatched,0.00,unmatched,PAL ELF not available for byte matching
ACTGameView_Check,0x0014DB00,,func,,unmatched,0.00,unmatched,PAL ELF not available for byte matching
ACTGameViewSimple_Check,0x0014DB48,,func,,unmatched,0.00,unmatched,PAL ELF not available for byte matching
ACTGame_GetMotOrientFromWeapon,0x0014DB90,,func,,unmatched,0.00,unmatched,PAL ELF not available for byte matching
ACTGame_NoWeapon,0x0014DBD8,,func,,unmatched,0.00,unmatched,PAL ELF not available for byte matching
ACTGame_isWeaponCombustible,0x0014DC20,,func,,unmatched,0.00,unmatched,PAL ELF not available for byte matching
ACTGame_GetNearestGObj,0x0014DC48,,func,,unmatched,0.00,unmatched,PAL ELF not available for byte matching
ACTLookTarget_Init,0x0014DCE0,,func,,unmatched,0.00,unmatched,PAL ELF not available for byte matching
_ACTLookTarget_Set,0x0014DCF8,,func,,unmatched,0.00,unmatched,PAL ELF not available for byte matching
ACTParaStatus_Init,0x0014DD60,,func,,unmatched,0.00,unmatched,PAL ELF not available for byte matching
_ACTParaStatus_Set,0x0014DDB8,,func,,unmatched,0.00,unmatched,PAL ELF not available for byte matching
_ACTParaStatus_Check,0x0014DDE0,,func,,unmatched,0.00,unmatched,PAL ELF not available for byte matching
_ACTCharStatus_Init,0x0014DDF8,,func,,unmatched,0.00,unmatched,PAL ELF not available for byte matching
_ACTCharStatus_Set,0x0014DE08,,func,,unmatched,0.00,unmatched,PAL ELF not available for byte matching
_ACTCharStatus_Check,0x0014DE88,,func,,unmatched,0.00,unmatched,PAL ELF not available for byte matching
_ACTCharStatus_Exec,0x0014DEA8,,func,,unmatched,0.00,unmatched,PAL ELF not available for byte matching
_ACTSetEnemyDisappearSpeed,0x0014DEB0,,func,,unmatched,0.00,unmatched,PAL ELF not available for byte matching
ACTGame_SetMotionPlaySpeedRatio_Reserve,0x0014DEC0,,func,,unmatched,0.00,unmatched,PAL ELF not available for byte matching
_ACTGame_GetParamF,0x0014DEE8,,func,,unmatched,0.00,unmatched,PAL ELF not available for byte matching
ACTGame_GetCurrentCallStatus,0x0014DF00,,func,,unmatched,0.00,unmatched,PAL ELF not available for byte matching
ACTGame_CheckPriInputFrame,0x0014DFC8,,func,,unmatched,0.00,unmatched,PAL ELF not available for byte matching
ACTGame_SendSoundMail,0x0014E060,,func,,unmatched,0.00,unmatched,PAL ELF not available for byte matching
ACTGame_LwsEffectInit,0x0014E118,,func,,unmatched,0.00,unmatched,PAL ELF not available for byte matching
ACTGame_LwsEffect_Guard,0x0014E150,,func,,unmatched,0.00,unmatched,PAL ELF not available for byte matching
ActGame_GetOrientQ,0x0014E1F8,,func,,unmatched,0.00,unmatched,PAL ELF not available for byte matching
_GetRootObjectOrient,0x0014E2A0,,func,,unmatched,0.00,unmatched,PAL ELF not available for byte matching
ACTItemForceDrop,0x0014E300,,func,,unmatched,0.00,unmatched,PAL ELF not available for byte matching
GetOtherStageGirlOrient,0x0014E340,,func,,unmatched,0.00,unmatched,PAL ELF not available for byte matching
ACTChkAttackIgnore_BOY,0x0014E398,,func,,unmatched,0.00,unmatched,PAL ELF not available for byte matching
ACTChkAttackIgnore_GIRL,0x0014E3E8,,func,,unmatched,0.00,unmatched,PAL ELF not available for byte matching
ACTChkAttackIgnore_ENEMY,0x0014E430,,func,,unmatched,0.00,unmatched,PAL ELF not available for byte matching
ACTCheckCollis_VIEW,0x0014E4E0,,func,,unmatched,0.00,unmatched,PAL ELF not available for byte matching
ACTCheckViewClDetail,0x0014E5E0,,func,,unmatched,0.00,unmatched,PAL ELF not available for byte matching
ACTGame_SetMotionPlaySpeedRatio_Clear,0x0014E770,,func,,unmatched,0.00,unmatched,PAL ELF not available for byte matching
ACTGame_SetMotionPlaySpeedRatio_Exec,0x0014E790,,func,,unmatched,0.00,unmatched,PAL ELF not available for byte matching
GetGirlPositionAtThisStage,0x0014E860,,func,,unmatched,0.00,unmatched,PAL ELF not available for byte matching
ActPara_MakeTbl,0x0014E8A0,,func,,unmatched,0.00,unmatched,PAL ELF not available for byte matching
ActPara_InitSystem,0x0014E9F8,,func,,unmatched,0.00,unmatched,PAL ELF not available for byte matching
ActPara_GetDefTbl,0x0014EA38,,func,,unmatched,0.00,unmatched,PAL ELF not available for byte matching
ActPara_StatusToFlag,0x0014EA48,,func,,unmatched,0.00,unmatched,PAL ELF not available for byte matching
ActPara_DebugOut,0x0014EA60,,func,,unmatched,0.00,unmatched,PAL ELF not available for byte matching
ACTGetWish_FromPad,0x0014EA68,,func,,unmatched,0.00,unmatched,PAL ELF not available for byte matching
findChainInJump,0x0014FD50,,func,,unmatched,0.00,unmatched,PAL ELF not available for byte matching
CorrectOrient_RopeCliff,0x00150530,,func,,unmatched,0.00,unmatched,PAL ELF not available for byte matching
motBoyHand50,0x001506E8,,func,,unmatched,0.00,unmatched,PAL ELF not available for byte matching
motBoyHand100,0x001507F8,,func,,unmatched,0.00,unmatched,PAL ELF not available for byte matching
motBoyHand200,0x00150AA8,,func,,unmatched,0.00,unmatched,PAL ELF not available for byte matching
handoff_heroin,0x00150D98,,func,,unmatched,0.00,unmatched,PAL ELF not available for byte matching
CheckCollisionAttr,0x00151178,,func,,unmatched,0.00,unmatched,PAL ELF not available for byte matching
BoyBgaManager,0x00151478,,func,,unmatched,0.00,unmatched,PAL ELF not available for byte matching
E3_StageStartBoy,0x00151598,,func,,unmatched,0.00,unmatched,PAL ELF not available for byte matching
GetChainSlope,0x001516D0,,func,,unmatched,0.00,unmatched,PAL ELF not available for byte matching
subBoyControl,0x00151908,,func,,unmatched,0.00,unmatched,PAL ELF not available for byte matching
InitSwapWeapon,0x00153180,,func,,unmatched,0.00,unmatched,PAL ELF not available for byte matching
PutWeapon,0x001532B8,,func,,unmatched,0.00,unmatched,PAL ELF not available for byte matching
OtherStageGirlPinchCamera_After,0x00153348,,func,,unmatched,0.00,unmatched,PAL ELF not available for byte matching
ACTDispLwsBoyStonize_InQueenStage,0x00153530,,func,,unmatched,0.00,unmatched,PAL ELF not available for byte matching
PrivInsCamProcess,0x001535C0,,func,,unmatched,0.00,unmatched,PAL ELF not available for byte matching
subBoyCollision,0x001537B0,,func,,unmatched,0.00,unmatched,PAL ELF not available for byte matching
actBoySwim,0x00154B58,,func,,unmatched,0.00,unmatched,PAL ELF not available for byte matching
actBoyWalk,0x00154DD0,,func,,unmatched,0.00,unmatched,PAL ELF not available for byte matching
actBoyRun,0x00154F40,,func,,unmatched,0.00,unmatched,PAL ELF not available for byte matching
actBoyAttack,0x001550B0,,func,,unmatched,0.00,unmatched,PAL ELF not available for byte matching
actBoyTakeWeaponReady,0x001552E8,,func,,unmatched,0.00,unmatched,PAL ELF not available for byte matching
actBoyTakeWeapon,0x00155470,,func,,unmatched,0.00,unmatched,PAL ELF not available for byte matching
actBoyCliffHesitate,0x00155658,,func,,unmatched,0.00,unmatched,PAL ELF not available for byte matching
ACTSendMail_PULLUP_GO,0x00155770,,func,,unmatched,0.00,unmatched,PAL ELF not available for byte matching
pullup_check_heroin_position,0x00155900,,func,,unmatched,0.00,unmatched,PAL ELF not available for byte matching
ditch_check_heroin_position,0x00155AB8,,func,,unmatched,0.00,unmatched,PAL ELF not available for byte matching
actBoyPullupReady,0x00155BA8,,func,,unmatched,0.00,unmatched,PAL ELF not available for byte matching
actBoyPullupGo,0x00155E58,,func,,unmatched,0.00,unmatched,PAL ELF not available for byte matching
actBoyBelift,0x00155FF0,,func,,unmatched,0.00,unmatched,PAL ELF not available for byte matching
actBoyReadyMove,0x001563C0,,func,,unmatched,0.00,unmatched,PAL ELF not available for byte matching
actBoyRescueReady,0x00156580,,func,,unmatched,0.00,unmatched,PAL ELF not available for byte matching
actBoyDitch3mReady,0x00156A28,,func,,unmatched,0.00,unmatched,PAL ELF not available for byte matching
actBoyRescueGirlBhang,0x00156FD8,,func,,unmatched,0.00,unmatched,PAL ELF not available for byte matching
SetStatusBoy_OtherStageGirlPinch,0x00157228,,func,,unmatched,0.00,unmatched,PAL ELF not available for byte matching
actBoyStart,0x00157388,,func,,unmatched,0.00,unmatched,PAL ELF not available for byte matching
CorrectStickInfo,0x001577D0,,func,,unmatched,0.00,unmatched,PAL ELF not available for byte matching
GetBoyWeaponGObj,0x00157808,,func,,unmatched,0.00,unmatched,PAL ELF not available for byte matching
actBoyStand,0x00157828,,func,,unmatched,0.00,unmatched,PAL ELF not available for byte matching
actBoyHang,0x00157890,,func,,unmatched,0.00,unmatched,PAL ELF not available for byte matching
actBoyBHang,0x001578C8,,func,,unmatched,0.00,unmatched,PAL ELF not available for byte matching
actBoyFall,0x00157900,,func,,unmatched,0.00,unmatched,PAL ELF not available for byte matching
actBoyCall,0x00157940,,func,,unmatched,0.00,unmatched,PAL ELF not available for byte matching
actBoyHangBefore,0x001579B8,,func,,unmatched,0.00,unmatched,PAL ELF not available for byte matching
actBoyBeslam,0x00157A68,,func,,unmatched,0.00,unmatched,PAL ELF not available for byte matching
actBoyRescueSrc,0x00157AC0,,func,,unmatched,0.00,unmatched,PAL ELF not available for byte matching
actBoySupportGBBegin,0x00157AF0,,func,,unmatched,0.00,unmatched,PAL ELF not available for byte matching
actBoySupportGBLoop,0x00157B30,,func,,unmatched,0.00,unmatched,PAL ELF not available for byte matching
actBoySupportGBEnd,0x00157B8C,,func,,unmatched,0.00,unmatched,PAL ELF not available for byte matching
actBoySupportBGBegin,0x00157BD0,,func,,unmatched,0.00,unmatched,PAL ELF not available for byte matching
actBoyDitch3mExec,0x00157C00,,func,,unmatched,0.00,unmatched,PAL ELF not available for byte matching
actBoyHangG3M,0x00157C30,,func,,unmatched,0.00,unmatched,PAL ELF not available for byte matching
IsAbleBoyControl,0x00157CB8,,func,,unmatched,0.00,unmatched,PAL ELF not available for byte matching
actBoyHand50,0x00157CC0,,func,,unmatched,0.00,unmatched,PAL ELF not available for byte matching
afterBoyHand50,0x00157D40,,func,,unmatched,0.00,unmatched,PAL ELF not available for byte matching
actBoyHand100,0x00157D78,,func,,unmatched,0.00,unmatched,PAL ELF not available for byte matching
afterBoyHand100,0x00157DF8,,func,,unmatched,0.00,unmatched,PAL ELF not available for byte matching
actBoyHand200,0x00157E30,,func,,unmatched,0.00,unmatched,PAL ELF not available for byte matching
afterBoyHand200,0x00157EB0,,func,,unmatched,0.00,unmatched,PAL ELF not available for byte matching
ACTSearchEnemy,0x00157EE8,,func,,unmatched,0.00,unmatched,PAL ELF not available for byte matching
DeleteBoyWeapon,0x00158060,,func,,unmatched,0.00,unmatched,PAL ELF not available for byte matching
isLiftBoyEnable,0x001580F0,,func,,unmatched,0.00,unmatched,PAL ELF not available for byte matching
SetKidnapInfo,0x00158118,,func,,unmatched,0.00,unmatched,PAL ELF not available for byte matching
GetKidnapInfo,0x00158130,,func,,unmatched,0.00,unmatched,PAL ELF not available for byte matching
PrivInsCamSet,0x00158150,,func,,unmatched,0.00,unmatched,PAL ELF not available for byte matching
BoyInfoUpdate_StageChange,0x001581B0,,func,,unmatched,0.00,unmatched,PAL ELF not available for byte matching
IsBoyStatus_EnemyMustWait,0x00158288,,func,,unmatched,0.00,unmatched,PAL ELF not available for byte matching
IsGirlEscortedInNextStage,0x00158340,,func,,unmatched,0.00,unmatched,PAL ELF not available for byte matching
IsGirlEscortedInCurrentStage,0x00158358,,func,,unmatched,0.00,unmatched,PAL ELF not available for byte matching
GetSaveSofaLayoutID,0x00158360,,func,,unmatched,0.00,unmatched,PAL ELF not available for byte matching
OnGirlEscortFlag,0x001583B0,,func,,unmatched,0.00,unmatched,PAL ELF not available for byte matching
SetBoyWeaponGObj,0x001583D0,,func,,unmatched,0.00,unmatched,PAL ELF not available for byte matching
IsBoyStatus_NotDanger,0x00158438,,func,,unmatched,0.00,unmatched,PAL ELF not available for byte matching
RequestStageChangeKidnapEnd,0x00158478,,func,,unmatched,0.00,unmatched,PAL ELF not available for byte matching
GetEfStageCameraTargetID,0x00158528,,func,,unmatched,0.00,unmatched,PAL ELF not available for byte matching
IsBackFromEfStage,0x00158548,,func,,unmatched,0.00,unmatched,PAL ELF not available for byte matching
PrivInsCamChk,0x00158558,,func,,unmatched,0.00,unmatched,PAL ELF not available for byte matching
PrivInsCamChk_Control,0x00158568,,func,,unmatched,0.00,unmatched,PAL ELF not available for byte matching
GetBufpCharacterPacket,0x00158578,,func,,unmatched,0.00,unmatched,PAL ELF not available for byte matching
GetsizeCharacterPacket,0x00158588,,func,,unmatched,0.00,unmatched,PAL ELF not available for byte matching
MakeCharacterPacket,0x00158590,,func,,unmatched,0.00,unmatched,PAL ELF not available for byte matching
ReadCharacterPacket,0x001586D8,,func,,unmatched,0.00,unmatched,PAL ELF not available for byte matching
ACTSearchGObj,0x001587A0,,func,,unmatched,0.00,unmatched,PAL ELF not available for byte matching
afterBoySwim,0x00158908,,func,,unmatched,0.00,unmatched,PAL ELF not available for byte matching
actBoyJump,0x00158978,,func,,unmatched,0.00,unmatched,PAL ELF not available for byte matching
afterBoyTakeWeapon,0x001589A8,,func,,unmatched,0.00,unmatched,PAL ELF not available for byte matching
afterBoyHangG3M,0x00158AB0,,func,,unmatched,0.00,unmatched,PAL ELF not available for byte matching
afterBoyRescueGirlBhang,0x00158AC0,,func,,unmatched,0.00,unmatched,PAL ELF not available for byte matching
subBoyBrainMain,0x00158AE0,,func,,unmatched,0.00,unmatched,PAL ELF not available for byte matching
SetBoyInfo,0x00158B00,,func,,unmatched,0.00,unmatched,PAL ELF not available for byte matching
GetBoyRootPositionForCamera,0x00158B38,,func,,unmatched,0.00,unmatched,PAL ELF not available for byte matching
Boy_Init,0x00158BE8,,func,,unmatched,0.00,unmatched,PAL ELF not available for byte matching
ACTSetPositionWithFitting,0x00158C88,,func,,unmatched,0.00,unmatched,PAL ELF not available for byte matching
ACTSetPositionNoFitting,0x00158C90,,func,,unmatched,0.00,unmatched,PAL ELF not available for byte matching
ACTSetPositionNodeWithFitting,0x00158C98,,func,,unmatched,0.00,unmatched,PAL ELF not available for byte matching
ChangeMailInLadder,0x00158CA0,,func,,unmatched,0.00,unmatched,PAL ELF not available for byte matching
_ACTCorrectMsg,0x00158F70,,func,,unmatched,0.00,unmatched,PAL ELF not available for byte matching
ACTGetOrientFromIntrK,0x00159AA0,,func,,unmatched,0.00,unmatched,PAL ELF not available for byte matching
ACTRunIntrCorrect,0x0015A1C8,,func,,unmatched,0.00,unmatched,PAL ELF not available for byte matching
WithMailFunc_WayBeginPosError,0x0015A440,,func,,unmatched,0.00,unmatched,PAL ELF not available for byte matching
WithMailFunc_AttackFail,0x0015A448,,func,,unmatched,0.00,unmatched,PAL ELF not available for byte matching
WithMailFunc_AttackRejectInQueen,0x0015A490,,func,,unmatched,0.00,unmatched,PAL ELF not available for byte matching
GetCorrectOrientOfChain,0x0015A518,,func,,unmatched,0.00,unmatched,PAL ELF not available for byte matching
CollisCheckInRope,0x0015A648,,func,,unmatched,0.00,unmatched,PAL ELF not available for byte matching
actCommonRope,0x0015A800,,func,,unmatched,0.00,unmatched,PAL ELF not available for byte matching
motCommonRopeTurnR,0x0015AB68,,func,,unmatched,0.00,unmatched,PAL ELF not available for byte matching
motCommonRopeTurnL,0x0015ACB8,,func,,unmatched,0.00,unmatched,PAL ELF not available for byte matching
actCommonRopeClimbEnd1,0x0015AE08,,func,,unmatched,0.00,unmatched,PAL ELF not available for byte matching
actCommonRopeCliff,0x0015B1C8,,func,,unmatched,0.00,unmatched,PAL ELF not available for byte matching
TestCageUpDown,0x0015B398,,func,,unmatched,0.00,unmatched,PAL ELF not available for byte matching
actCommonRopeSpecial,0x0015B8F8,,func,,unmatched,0.00,unmatched,PAL ELF not available for byte matching
lever_nego1,0x0015BD00,,func,,unmatched,0.00,unmatched,PAL ELF not available for byte matching
SetDirectRootPositionXZ,0x0015BD48,,func,,unmatched,0.00,unmatched,PAL ELF not available for byte matching
actCommonLever,0x0015BD88,,func,,unmatched,0.00,unmatched,PAL ELF not available for byte matching
EBRAIN_SEND_MES,0x0015BF40,,func,,unmatched,0.00,unmatched,PAL ELF not available for byte matching
DamageFunc,0x0015BF68,,func,,unmatched,0.00,unmatched,PAL ELF not available for byte matching
DownFunc,0x0015C008,,func,,unmatched,0.00,unmatched,PAL ELF not available for byte matching
actCommonDown,0x0015C050,,func,,unmatched,0.00,unmatched,PAL ELF not available for byte matching
actCommonDie,0x0015C198,,func,,unmatched,0.00,unmatched,PAL ELF not available for byte matching
actCommonCling,0x0015C6D0,,func,,unmatched,0.00,unmatched,PAL ELF not available for byte matching
actCommonSlip,0x0015C768,,func,,unmatched,0.00,unmatched,PAL ELF not available for byte matching
actCommonStoneDead,0x0015C888,,func,,unmatched,0.00,unmatched,PAL ELF not available for byte matching
actCommonStone,0x0015C968,,func,,unmatched,0.00,unmatched,PAL ELF not available for byte matching
actCommonSofa,0x0015CAE8,,func,,unmatched,0.00,unmatched,PAL ELF not available for byte matching
BoxBarSoundOn,0x0015CC28,,func,,unmatched,0.00,unmatched,PAL ELF not available for byte matching
BoxBarSoundOff,0x0015CC60,,func,,unmatched,0.00,unmatched,PAL ELF not available for byte matching
_boxbar_set_sound,0x0015CC98,,func,,unmatched,0.00,unmatched,PAL ELF not available for byte matching
actCommonBox,0x0015CD88,,func,,unmatched,0.00,unmatched,PAL ELF not available for byte matching
actCommonBar,0x0015D278,,func,,unmatched,0.00,unmatched,PAL ELF not available for byte matching
funcCommonJumpDircorrect,0x0015D588,,func,,unmatched,0.00,unmatched,PAL ELF not available for byte matching
funcCommonFallDircorrect,0x0015D598,,func,,unmatched,0.00,unmatched,PAL ELF not available for byte matching
correctJumpOrientByChain,0x0015D5A8,,func,,unmatched,0.00,unmatched,PAL ELF not available for byte matching
actCommonJump,0x0015D818,,func,,unmatched,0.00,unmatched,PAL ELF not available for byte matching
actCommonFall,0x0015DAA0,,func,,unmatched,0.00,unmatched,PAL ELF not available for byte matching
debugDispFlyLimit,0x0015E240,,func,,unmatched,0.00,unmatched,PAL ELF not available for byte matching
debugDispSphere,0x0015E388,,func,,unmatched,0.00,unmatched,PAL ELF not available for byte matching
flyCoreLoop,0x0015E928,,func,,unmatched,0.00,unmatched,PAL ELF not available for byte matching
actCommonFly,0x0015F6A0,,func,,unmatched,0.00,unmatched,PAL ELF not available for byte matching
actCommonLadder,0x0015F7A0,,func,,unmatched,0.00,unmatched,PAL ELF not available for byte matching
actCommonEdgeHang,0x0015FD98,,func,,unmatched,0.00,unmatched,PAL ELF not available for byte matching
funcCommonBeginReady,0x0015FF00,,func,,unmatched,0.00,unmatched,PAL ELF not available for byte matching
funcCommonEndReady,0x0015FF58,,func,,unmatched,0.00,unmatched,PAL ELF not available for byte matching
funcCommonEndExec,0x0015FFB0,,func,,unmatched,0.00,unmatched,PAL ELF not available for byte matching
funcCommonError,0x00160008,,func,,unmatched,0.00,unmatched,PAL ELF not available for byte matching
SetMotionDirectionSmooze,0x00160060,,func,,unmatched,0.00,unmatched,PAL ELF not available for byte matching
_ACTDebugPrint,0x001602B0,,func,,unmatched,0.00,unmatched,PAL ELF not available for byte matching
ACTSendMailCorrect,0x001605A0,,func,,unmatched,0.00,unmatched,PAL ELF not available for byte matching
_ACTCommonMailTest,0x00160630,,func,,unmatched,0.00,unmatched,PAL ELF not available for byte matching
E3_LeverCheck,0x00160A68,,func,,unmatched,0.00,unmatched,PAL ELF not available for byte matching
actCommonBecarry,0x00160B28,,func,,unmatched,0.00,unmatched,PAL ELF not available for byte matching
subCommonIdle,0x00160E28,,func,,unmatched,0.00,unmatched,PAL ELF not available for byte matching
ContinueCorrectPosition,0x001613C8,,func,,unmatched,0.00,unmatched,PAL ELF not available for byte matching
actCommonTurn,0x00161510,,func,,unmatched,0.00,unmatched,PAL ELF not available for byte matching
actCommonBackhand,0x00161708,,func,,unmatched,0.00,unmatched,PAL ELF not available for byte matching
actCommonSlowrun,0x00161850,,func,,unmatched,0.00,unmatched,PAL ELF not available for byte matching
actCommonTruckLever,0x00161980,,func,,unmatched,0.00,unmatched,PAL ELF not available for byte matching
ACT_LAYOUT_GAMEOVER,0x00161AC0,,func,,unmatched,0.00,unmatched,PAL ELF not available for byte matching
ACTAdjustPlane,0x00161AE0,,func,,unmatched,0.00,unmatched,PAL ELF not available for byte matching
ACTAcceptMail,0x00161AF0,,func,,unmatched,0.00,unmatched,PAL ELF not available for byte matching
_ACTMotDirSmzDirect,0x00161B48,,func,,unmatched,0.00,unmatched,PAL ELF not available for byte matching
WithMailFunc_Idling,0x00161BE8,,func,,unmatched,0.00,unmatched,PAL ELF not available for byte matching
WithMailFunc_BossDamaged,0x00161C98,,func,,unmatched,0.00,unmatched,PAL ELF not available for byte matching
WithMailFunc_FallDead,0x00161CB0,,func,,unmatched,0.00,unmatched,PAL ELF not available for byte matching
actCommonRevive,0x00161D48,,func,,unmatched,0.00,unmatched,PAL ELF not available for byte matching
actCommonReviveAir,0x00161DC8,,func,,unmatched,0.00,unmatched,PAL ELF not available for byte matching
actCommonPlay,0x00161E18,,func,,unmatched,0.00,unmatched,PAL ELF not available for byte matching
actCommonOne,0x00161E48,,func,,unmatched,0.00,unmatched,PAL ELF not available for byte matching
actCommonDelete,0x00161ED8,,func,,unmatched,0.00,unmatched,PAL ELF not available for byte matching
actCommonCatchFire,0x00161EF8,,func,,unmatched,0.00,unmatched,PAL ELF not available for byte matching
actCommonCatchFireBomb,0x00161F70,,func,,unmatched,0.00,unmatched,PAL ELF not available for byte matching
actCommonPutFire,0x00161FE8,,func,,unmatched,0.00,unmatched,PAL ELF not available for byte matching
actCommonBoxReverbe,0x00162060,,func,,unmatched,0.00,unmatched,PAL ELF not available for byte matching
actCommonItem,0x00162098,,func,,unmatched,0.00,unmatched,PAL ELF not available for byte matching
actCommonClimb,0x001620C8,,func,,unmatched,0.00,unmatched,PAL ELF not available for byte matching
actCommonCliffdown,0x00162110,,func,,unmatched,0.00,unmatched,PAL ELF not available for byte matching
actCommonLadderBellow,0x00162160,,func,,unmatched,0.00,unmatched,PAL ELF not available for byte matching
actCommonLadderBellowHang,0x00162298,,func,,unmatched,0.00,unmatched,PAL ELF not available for byte matching
actCommonEdge,0x001622F0,,func,,unmatched,0.00,unmatched,PAL ELF not available for byte matching
actCommonDodge,0x00162350,,func,,unmatched,0.00,unmatched,PAL ELF not available for byte matching
actCommonDodgeJump,0x00162428,,func,,unmatched,0.00,unmatched,PAL ELF not available for byte matching
actCommonGuard,0x001624B8,,func,,unmatched,0.00,unmatched,PAL ELF not available for byte matching
actCommonFallDamage,0x00162578,,func,,unmatched,0.00,unmatched,PAL ELF not available for byte matching
actCommonDamage,0x001625F0,,func,,unmatched,0.00,unmatched,PAL ELF not available for byte matching
actCommonShoal,0x00162670,,func,,unmatched,0.00,unmatched,PAL ELF not available for byte matching
actCommonSwim,0x001626A0,,func,,unmatched,0.00,unmatched,PAL ELF not available for byte matching
actCommonLever2,0x001626C8,,func,,unmatched,0.00,unmatched,PAL ELF not available for byte matching
actCommonRopeTouchWall,0x00162760,,func,,unmatched,0.00,unmatched,PAL ELF not available for byte matching
actCommonRopeSwing,0x001627F8,,func,,unmatched,0.00,unmatched,PAL ELF not available for byte matching
actCommonRopeTurn,0x001628F0,,func,,unmatched,0.00,unmatched,PAL ELF not available for byte matching
actCommonRopeDownEnd,0x00162910,,func,,unmatched,0.00,unmatched,PAL ELF not available for byte matching
actCommonRopeJump,0x001629D0,,func,,unmatched,0.00,unmatched,PAL ELF not available for byte matching
actCommonRopeJumpBefore,0x00162A40,,func,,unmatched,0.00,unmatched,PAL ELF not available for byte matching
actCommonRopeTurnSpecial,0x00162A70,,func,,unmatched,0.00,unmatched,PAL ELF not available for byte matching
actCommonRopeClimbEnd2,0x00162B40,,func,,unmatched,0.00,unmatched,PAL ELF not available for byte matching
actCommonCornered,0x00162B70,,func,,unmatched,0.00,unmatched,PAL ELF not available for byte matching
actCommonLookaround,0x00162BD8,,func,,unmatched,0.00,unmatched,PAL ELF not available for byte matching
actCommonTurnWarn,0x00162C08,,func,,unmatched,0.00,unmatched,PAL ELF not available for byte matching
actCommonTurnStrict,0x00162CC0,,func,,unmatched,0.00,unmatched,PAL ELF not available for byte matching
actCommonPPipe,0x00162D30,,func,,unmatched,0.00,unmatched,PAL ELF not available for byte matching
actCommonHandrail,0x00162D50,,func,,unmatched,0.00,unmatched,PAL ELF not available for byte matching
actCommonOneWall,0x00162DB0,,func,,unmatched,0.00,unmatched,PAL ELF not available for byte matching
motCommonNull,0x00162DE8,,func,,unmatched,0.00,unmatched,PAL ELF not available for byte matching
motCommonBoxPush,0x00162E10,,func,,unmatched,0.00,unmatched,PAL ELF not available for byte matching
motCommonBoxPull,0x00162EA0,,func,,unmatched,0.00,unmatched,PAL ELF not available for byte matching
motCommonBarPush,0x00162F30,,func,,unmatched,0.00,unmatched,PAL ELF not available for byte matching
motCommonBarPull,0x00162F60,,func,,unmatched,0.00,unmatched,PAL ELF not available for byte matching
motCommonLadderUp,0x00162F98,,func,,unmatched,0.00,unmatched,PAL ELF not available for byte matching
motCommonLadderDown,0x00163018,,func,,unmatched,0.00,unmatched,PAL ELF not available for byte matching
motCommonSlip,0x001630A8,,func,,unmatched,0.00,unmatched,PAL ELF not available for byte matching
motCommonRopejumpDircorrect,0x00163140,,func,,unmatched,0.00,unmatched,PAL ELF not available for byte matching
motCommonHangNone,0x001631C0,,func,,unmatched,0.00,unmatched,PAL ELF not available for byte matching
motCommonHangWall,0x001631F0,,func,,unmatched,0.00,unmatched,PAL ELF not available for byte matching
motCommonHangCliff,0x00163220,,func,,unmatched,0.00,unmatched,PAL ELF not available for byte matching
motCommonRopeTurnSpecialR,0x00163250,,func,,unmatched,0.00,unmatched,PAL ELF not available for byte matching
motCommonRopeTurnSpecialL,0x001633A8,,func,,unmatched,0.00,unmatched,PAL ELF not available for byte matching
motCommonTruckLeverLoop,0x00163500,,func,,unmatched,0.00,unmatched,PAL ELF not available for byte matching
motCommonTruckLeverPull,0x00163558,,func,,unmatched,0.00,unmatched,PAL ELF not available for byte matching
motCommonTruckLeverPush,0x001635B0,,func,,unmatched,0.00,unmatched,PAL ELF not available for byte matching
funcCommonRopeBefore,0x00163608,,func,,unmatched,0.00,unmatched,PAL ELF not available for byte matching
afterCommonRope,0x00163618,,func,,unmatched,0.00,unmatched,PAL ELF not available for byte matching
extraCommonNull,0x00163670,,func,,unmatched,0.00,unmatched,PAL ELF not available for byte matching
extraCommonCall,0x00163690,,func,,unmatched,0.00,unmatched,PAL ELF not available for byte matching
funcCommonWayOn,0x001636C8,,func,,unmatched,0.00,unmatched,PAL ELF not available for byte matching
funcCommonSofaWakeup,0x001636E0,,func,,unmatched,0.00,unmatched,PAL ELF not available for byte matching
_ACTMotReqResult,0x001636F0,,func,,unmatched,0.00,unmatched,PAL ELF not available for byte matching
test_CURRENTORIENT,0x00163728,,func,,unmatched,0.00,unmatched,PAL ELF not available for byte matching
test_CURRENTROOT,0x00163798,,func,,unmatched,0.00,unmatched,PAL ELF not available for byte matching
StartCorrectPosition,0x00163858,,func,,unmatched,0.00,unmatched,PAL ELF not available for byte matching
IsCorrectPosition,0x001639A8,,func,,unmatched,0.00,unmatched,PAL ELF not available for byte matching
ControlMotionOrient,0x001639C8,,func,,unmatched,0.00,unmatched,PAL ELF not available for byte matching
FloorIsTruck,0x001639E8,,func,,unmatched,0.00,unmatched,PAL ELF not available for byte matching
_ACTMotDir_V,0x00163A38,,func,,unmatched,0.00,unmatched,PAL ELF not available for byte matching
ACTMotDirToWall,0x00163A78,,func,,unmatched,0.00,unmatched,PAL ELF not available for byte matching
SetCorrectOrientOfChain,0x00163AC0,,func,,unmatched,0.00,unmatched,PAL ELF not available for byte matching
actAfterForceRope,0x00163AF8,,func,,unmatched,0.00,unmatched,PAL ELF not available for byte matching
actAfterForceRopeSwing,0x00163B60,,func,,unmatched,0.00,unmatched,PAL ELF not available for byte matching
actAfterRopeJump,0x00163BC8,,func,,unmatched,0.00,unmatched,PAL ELF not available for byte matching
afterCommonRopeCliff,0x00163BF8,,func,,unmatched,0.00,unmatched,PAL ELF not available for byte matching
afterCommonRopeTurnSpecial,0x00163C18,,func,,unmatched,0.00,unmatched,PAL ELF not available for byte matching
actAfterDown,0x00163C38,,func,,unmatched,0.00,unmatched,PAL ELF not available for byte matching
afterCommonCling,0x00163CA0,,func,,unmatched,0.00,unmatched,PAL ELF not available for byte matching
actAfterSlip,0x00163CC8,,func,,unmatched,0.00,unmatched,PAL ELF not available for byte matching
afterCommonRevive,0x00163CD8,,func,,unmatched,0.00,unmatched,PAL ELF not available for byte matching
afterCommonStone,0x00163D00,,func,,unmatched,0.00,unmatched,PAL ELF not available for byte matching
afterCommonBox,0x00163D38,,func,,unmatched,0.00,unmatched,PAL ELF not available for byte matching
afterCommonBar,0x00163D60,,func,,unmatched,0.00,unmatched,PAL ELF not available for byte matching
actAfterJump,0x00163DB8,,func,,unmatched,0.00,unmatched,PAL ELF not available for byte matching
actAfterFall,0x00163DE8,,func,,unmatched,0.00,unmatched,PAL ELF not available for byte matching
actAfterFly,0x00163E50,,func,,unmatched,0.00,unmatched,PAL ELF not available for byte matching
ClipCollisionWithField,0x00163E98,,func,,unmatched,0.00,unmatched,PAL ELF not available for byte matching
afterCommonOneWall,0x00163EF8,,func,,unmatched,0.00,unmatched,PAL ELF not available for byte matching
ACTCheckFlagAttack,0x00163F08,,func,,unmatched,0.00,unmatched,PAL ELF not available for byte matching
afterCommonBecarry,0x00163F20,,func,,unmatched,0.00,unmatched,PAL ELF not available for byte matching
afterCommonTruckLever,0x00163F68,,func,,unmatched,0.00,unmatched,PAL ELF not available for byte matching
setBattleStatus,0x00163F98,,func,,unmatched,0.00,unmatched,PAL ELF not available for byte matching
boss_effect_start,0x001640A8,,func,,unmatched,0.00,unmatched,PAL ELF not available for byte matching
boss_effect_check_parts,0x00164258,,func,,unmatched,0.00,unmatched,PAL ELF not available for byte matching
boss_effect_process,0x001642A0,,func,,unmatched,0.00,unmatched,PAL ELF not available for byte matching
_DoAwait,0x00164408,,func,,unmatched,0.00,unmatched,PAL ELF not available for byte matching
_DoAwaitGirl,0x00164480,,func,,unmatched,0.00,unmatched,PAL ELF not available for byte matching
_MustChase,0x001644F8,,func,,unmatched,0.00,unmatched,PAL ELF not available for byte matching
subEnemyControl,0x00164600,,func,,unmatched,0.00,unmatched,PAL ELF not available for byte matching
subEnemyCollision,0x001649A0,,func,,unmatched,0.00,unmatched,PAL ELF not available for byte matching
actEnemyAttack,0x00164F40,,func,,unmatched,0.00,unmatched,PAL ELF not available for byte matching
actEnemyRestart,0x00165068,,func,,unmatched,0.00,unmatched,PAL ELF not available for byte matching
actEnemyForceSwitchToCarry,0x00165490,,func,,unmatched,0.00,unmatched,PAL ELF not available for byte matching
actEnemyKidnapEnd,0x00165670,,func,,unmatched,0.00,unmatched,PAL ELF not available for byte matching
actEnemyKidnapBegin,0x00165DC8,,func,,unmatched,0.00,unmatched,PAL ELF not available for byte matching
MoveChestForCatchBoy,0x00165FD0,,func,,unmatched,0.00,unmatched,PAL ELF not available for byte matching
actEnemyBodylift,0x001661B8,,func,,unmatched,0.00,unmatched,PAL ELF not available for byte matching
actEnemyPickupBegin,0x001665C8,,func,,unmatched,0.00,unmatched,PAL ELF not available for byte matching
CheckEnemyBrainMode,0x001666E8,,func,,unmatched,0.00,unmatched,PAL ELF not available for byte matching
subEnemyBrainMain,0x00166B70,,func,,unmatched,0.00,unmatched,PAL ELF not available for byte matching
subEnemyBrain_ToGenerator,0x00167160,,func,,unmatched,0.00,unmatched,PAL ELF not available for byte matching
enemy_dodge,0x00167300,,func,,unmatched,0.00,unmatched,PAL ELF not available for byte matching
enemy_dodge_to_boy,0x001674E0,,func,,unmatched,0.00,unmatched,PAL ELF not available for byte matching
Battle_isCurrentStatus,0x00167680,,func,,unmatched,0.00,unmatched,PAL ELF not available for byte matching
GetFlyPosition,0x001679B0,,func,,unmatched,0.00,unmatched,PAL ELF not available for byte matching
NakaBoss,0x00167CA0,,func,,unmatched,0.00,unmatched,PAL ELF not available for byte matching
subEnemyBrain_ToBoy,0x001680B8,,func,,unmatched,0.00,unmatched,PAL ELF not available for byte matching
subEnemyBrain_ToGirl,0x00168888,,func,,unmatched,0.00,unmatched,PAL ELF not available for byte matching
_ApproachTarget_Boss,0x00168A78,,func,,unmatched,0.00,unmatched,PAL ELF not available for byte matching
flyMailCore,0x00168C98,,func,,unmatched,0.00,unmatched,PAL ELF not available for byte matching
_ApproachTarget_Way,0x00168DF0,,func,,unmatched,0.00,unmatched,PAL ELF not available for byte matching
actEnemyStart,0x00169498,,func,,unmatched,0.00,unmatched,PAL ELF not available for byte matching
subEnemyBrain_Attack,0x00169978,,func,,unmatched,0.00,unmatched,PAL ELF not available for byte matching
subEnemyBrain_Cling,0x00169CD8,,func,,unmatched,0.00,unmatched,PAL ELF not available for byte matching
funcEnemyAiGetGirl,0x00169E38,,func,,unmatched,0.00,unmatched,PAL ELF not available for byte matching
actEnemyStand,0x00169E58,,func,,unmatched,0.00,unmatched,PAL ELF not available for byte matching
actEnemyWalk,0x00169EA0,,func,,unmatched,0.00,unmatched,PAL ELF not available for byte matching
actEnemyRun,0x00169EE8,,func,,unmatched,0.00,unmatched,PAL ELF not available for byte matching
actEnemyHang,0x00169F30,,func,,unmatched,0.00,unmatched,PAL ELF not available for byte matching
actEnemyCarry,0x00169F78,,func,,unmatched,0.00,unmatched,PAL ELF not available for byte matching
actEnemyBodyslam,0x00169FC0,,func,,unmatched,0.00,unmatched,PAL ELF not available for byte matching
actEnemyBodyslamFail,0x0016A008,,func,,unmatched,0.00,unmatched,PAL ELF not available for byte matching
actEnemyNest,0x0016A048,,func,,unmatched,0.00,unmatched,PAL ELF not available for byte matching
funcEnemyCarryFail,0x0016A108,,func,,unmatched,0.00,unmatched,PAL ELF not available for byte matching
actEnemyHyde,0x0016A128,,func,,unmatched,0.00,unmatched,PAL ELF not available for byte matching
actEnemyFlagOnFree,0x0016A178,,func,,unmatched,0.00,unmatched,PAL ELF not available for byte matching
afterCommonCarry,0x0016A1A8,,func,,unmatched,0.00,unmatched,PAL ELF not available for byte matching
actEnemyFlagOnDead,0x0016A208,,func,,unmatched,0.00,unmatched,PAL ELF not available for byte matching
EnemyBrainStatus_Boy,0x0016A238,,func,,unmatched,0.00,unmatched,PAL ELF not available for byte matching
EnemyBrainStatus_Girl,0x0016A250,,func,,unmatched,0.00,unmatched,PAL ELF not available for byte matching
actEnemyFlagCheckDead,0x0016A268,,func,,unmatched,0.00,unmatched,PAL ELF not available for byte matching
actEnemyFlagCheckActive,0x0016A290,,func,,unmatched,0.00,unmatched,PAL ELF not available for byte matching
ACTEnemyForceSwitchToCarry,0x0016A2E0,,func,,unmatched,0.00,unmatched,PAL ELF not available for byte matching
actEnemy_GetClingTarget,0x0016A338,,func,,unmatched,0.00,unmatched,PAL ELF not available for byte matching
actEnemy_isNormalEnemy,0x0016A368,,func,,unmatched,0.00,unmatched,PAL ELF not available for byte matching
actEnemy_isLargeEnemy,0x0016A380,,func,,unmatched,0.00,unmatched,PAL ELF not available for byte matching
actEnemy_isSmallEnemy,0x0016A398,,func,,unmatched,0.00,unmatched,PAL ELF not available for byte matching
IsEnemyBrainToGenerator,0x0016A3B0,,func,,unmatched,0.00,unmatched,PAL ELF not available for byte matching
IsEnemyBrainToBoy,0x0016A420,,func,,unmatched,0.00,unmatched,PAL ELF not available for byte matching
GetEnemyTypeFromGObj,0x0016A460,,func,,unmatched,0.00,unmatched,PAL ELF not available for byte matching
GetEnemyType,0x0016A470,,func,,unmatched,0.00,unmatched,PAL ELF not available for byte matching
isEnemyKidnapEnable,0x0016A478,,func,,unmatched,0.00,unmatched,PAL ELF not available for byte matching
isEnemyActive,0x0016A4D8,,func,,unmatched,0.00,unmatched,PAL ELF not available for byte matching
GetMotherGeneratorLabelAskEnemy,0x0016A548,,func,,unmatched,0.00,unmatched,PAL ELF not available for byte matching
GetMotherGeneratorGObjAskEnemy,0x0016A558,,func,,unmatched,0.00,unmatched,PAL ELF not available for byte matching
subEnemyBrain_Idle,0x0016A568,,func,,unmatched,0.00,unmatched,PAL ELF not available for byte matching
subEnemyBrain_Await,0x0016A5C8,,func,,unmatched,0.00,unmatched,PAL ELF not available for byte matching
subEnemyBrain_FindGirl,0x0016A680,,func,,unmatched,0.00,unmatched,PAL ELF not available for byte matching
subEnemyBrain_BodyGuard,0x0016A818,,func,,unmatched,0.00,unmatched,PAL ELF not available for byte matching
subEnemyBrain_Shoulder,0x0016A8F8,,func,,unmatched,0.00,unmatched,PAL ELF not available for byte matching
subEnemyBrain_Pickup,0x0016A988,,func,,unmatched,0.00,unmatched,PAL ELF not available for byte matching
subEnemyBrain_Bodyslam,0x0016A9D8,,func,,unmatched,0.00,unmatched,PAL ELF not available for byte matching
subEnemyBrain_Irregular,0x0016AA50,,func,,unmatched,0.00,unmatched,PAL ELF not available for byte matching
_BrainMode_SetDirect,0x0016AB60,,func,,unmatched,0.00,unmatched,PAL ELF not available for byte matching
EnemyUtil_TurnToBoy,0x0016AB90,,func,,unmatched,0.00,unmatched,PAL ELF not available for byte matching
FlyMail,0x0016ACF8,,func,,unmatched,0.00,unmatched,PAL ELF not available for byte matching
boss_effect_callback,0x0016AD28,,func,,unmatched,0.00,unmatched,PAL ELF not available for byte matching
motEnemyStand,0x0016ADD0,,func,,unmatched,0.00,unmatched,PAL ELF not available for byte matching
motEnemyWalk,0x0016AE18,,func,,unmatched,0.00,unmatched,PAL ELF not available for byte matching
motEnemyRun,0x0016AE70,,func,,unmatched,0.00,unmatched,PAL ELF not available for byte matching
actEnemyJump,0x0016AEC8,,func,,unmatched,0.00,unmatched,PAL ELF not available for byte matching
EnemyUtil_isOtherStatus,0x0016AF10,,func,,unmatched,0.00,unmatched,PAL ELF not available for byte matching
isEnemyHyde,0x0016AF98,,func,,unmatched,0.00,unmatched,PAL ELF not available for byte matching
_ApproachTarget,0x0016AFC8,,func,,unmatched,0.00,unmatched,PAL ELF not available for byte matching
afterEnemyBodylift,0x0016B010,,func,,unmatched,0.00,unmatched,PAL ELF not available for byte matching
MakeCollisionDependGObjList,0x0016B038,,func,,unmatched,0.00,unmatched,PAL ELF not available for byte matching
GetReflectionElement,0x0016B128,,func,,unmatched,0.00,unmatched,PAL ELF not available for byte matching
clip_wall_1,0x0016B268,,func,,unmatched,0.00,unmatched,PAL ELF not available for byte matching
clip_floor_1,0x0016B7F0,,func,,unmatched,0.00,unmatched,PAL ELF not available for byte matching
DispCollisionPC,0x0016BA20,,func,,unmatched,0.00,unmatched,PAL ELF not available for byte matching
makeCollisionBlockTable,0x0016BBC0,,func,,unmatched,0.00,unmatched,PAL ELF not available for byte matching
_Clip,0x0016BE20,,func,,unmatched,0.00,unmatched,PAL ELF not available for byte matching
__ClipWall,0x0016C240,,func,,unmatched,0.00,unmatched,PAL ELF not available for byte matching
__ClipFloor,0x0016C268,,func,,unmatched,0.00,unmatched,PAL ELF not available for byte matching
DrawGObjWallCollision,0x0016C288,,func,,unmatched,0.00,unmatched,PAL ELF not available for byte matching
DrawGObjFloorCollision,0x0016C538,,func,,unmatched,0.00,unmatched,PAL ELF not available for byte matching
DBG_VECTOR,0x0016C770,,func,,unmatched,0.00,unmatched,PAL ELF not available for byte matching
GetEdgeOfFloor,0x0016C7E0,,func,,unmatched,0.00,unmatched,PAL ELF not available for byte matching
DrawCollisionRay,0x0016CE10,,func,,unmatched,0.00,unmatched,PAL ELF not available for byte matching
MakeExitAttributeIndex,0x0016D068,,func,,unmatched,0.00,unmatched,PAL ELF not available for byte matching
ClipFloorByGObj,0x0016D1B8,,func,,unmatched,0.00,unmatched,PAL ELF not available for byte matching
ClipWallDebug,0x0016D3B8,,func,,unmatched,0.00,unmatched,PAL ELF not available for byte matching
ClipWall,0x0016D3D8,,func,,unmatched,0.00,unmatched,PAL ELF not available for byte matching
ClipWallR,0x0016D3F8,,func,,unmatched,0.00,unmatched,PAL ELF not available for byte matching
ClipWallWaveForce,0x0016D418,,func,,unmatched,0.00,unmatched,PAL ELF not available for byte matching
ClipWallFuchiHangWalkStop,0x0016D438,,func,,unmatched,0.00,unmatched,PAL ELF not available for byte matching
ClipWallField,0x0016D458,,func,,unmatched,0.00,unmatched,PAL ELF not available for byte matching
ClipWallEField,0x0016D478,,func,,unmatched,0.00,unmatched,PAL ELF not available for byte matching
ClipWallBoxStop,0x0016D498,,func,,unmatched,0.00,unmatched,PAL ELF not available for byte matching
ClipWallAdjustPos,0x0016D4B8,,func,,unmatched,0.00,unmatched,PAL ELF not available for byte matching
ClipWallE,0x0016D4D8,,func,,unmatched,0.00,unmatched,PAL ELF not available for byte matching
ClipWallCheckCB,0x0016D4F8,,func,,unmatched,0.00,unmatched,PAL ELF not available for byte matching
ClipWallFieldCheckCB,0x0016D520,,func,,unmatched,0.00,unmatched,PAL ELF not available for byte matching
ClipFloor,0x0016D548,,func,,unmatched,0.00,unmatched,PAL ELF not available for byte matching
ClipFloorE,0x0016D568,,func,,unmatched,0.00,unmatched,PAL ELF not available for byte matching
ClipFloorR,0x0016D588,,func,,unmatched,0.00,unmatched,PAL ELF not available for byte matching
ClipFloorIH,0x0016D5A8,,func,,unmatched,0.00,unmatched,PAL ELF not available for byte matching
ClipFloorCheckCB,0x0016D5C8,,func,,unmatched,0.00,unmatched,PAL ELF not available for byte matching
ClipCollision,0x0016D5F0,,func,,unmatched,0.00,unmatched,PAL ELF not available for byte matching
ChangeFieldCollisionDebugMode,0x0016D660,,func,,unmatched,0.00,unmatched,PAL ELF not available for byte matching
LoadCollision,0x0016D6A0,,func,,unmatched,0.00,unmatched,PAL ELF not available for byte matching
DrawCollision,0x0016D6E8,,func,,unmatched,0.00,unmatched,PAL ELF not available for byte matching
ClipPlane,0x0016D7C8,,func,,unmatched,0.00,unmatched,PAL ELF not available for byte matching
GetOrientOfWall,0x0016D8F0,,func,,unmatched,0.00,unmatched,PAL ELF not available for byte matching
SetSimplePlane,0x0016DA38,,func,,unmatched,0.00,unmatched,PAL ELF not available for byte matching
GetWallAttribute,0x0016DA50,,func,,unmatched,0.00,unmatched,PAL ELF not available for byte matching
GetFloorAttribute,0x0016DA70,,func,,unmatched,0.00,unmatched,PAL ELF not available for byte matching
CompareAttribute,0x0016DA90,,func,,unmatched,0.00,unmatched,PAL ELF not available for byte matching
GetWallGlobalInfo,0x0016DAF0,,func,,unmatched,0.00,unmatched,PAL ELF not available for byte matching
GetDistanceFromPlane,0x0016DBB0,,func,,unmatched,0.00,unmatched,PAL ELF not available for byte matching
GetYDistanceFromPlane,0x0016DBE0,,func,,unmatched,0.00,unmatched,PAL ELF not available for byte matching
GetYProjectionOfPlane,0x0016DC28,,func,,unmatched,0.00,unmatched,PAL ELF not available for byte matching
ResetCollisionPC,0x0016DC68,,func,,unmatched,0.00,unmatched,PAL ELF not available for byte matching
PositionOfExit,0x0016DC98,,func,,unmatched,0.00,unmatched,PAL ELF not available for byte matching
GetGlobalWallPlane,0x0016DCD8,,func,,unmatched,0.00,unmatched,PAL ELF not available for byte matching
_clipWDebug,0x0016DDB8,,func,,unmatched,0.00,unmatched,PAL ELF not available for byte matching
_clipW,0x0016DEE0,,func,,unmatched,0.00,unmatched,PAL ELF not available for byte matching
_clipWE,0x0016E030,,func,,unmatched,0.00,unmatched,PAL ELF not available for byte matching
_clipWEField,0x0016E1A0,,func,,unmatched,0.00,unmatched,PAL ELF not available for byte matching
_clipWR,0x0016E300,,func,,unmatched,0.00,unmatched,PAL ELF not available for byte matching
_clipWField,0x0016E450,,func,,unmatched,0.00,unmatched,PAL ELF not available for byte matching
_clipWDitchHangWalkStop,0x0016E590,,func,,unmatched,0.00,unmatched,PAL ELF not available for byte matching
_clipWWaveForce,0x0016E6D0,,func,,unmatched,0.00,unmatched,PAL ELF not available for byte matching
_clipWBoxStop,0x0016E810,,func,,unmatched,0.00,unmatched,PAL ELF not available for byte matching
_clipWAdjustPos,0x0016E978,,func,,unmatched,0.00,unmatched,PAL ELF not available for byte matching
_clipF,0x0016EAB8,,func,,unmatched,0.00,unmatched,PAL ELF not available for byte matching
_clipFE,0x0016EBE0,,func,,unmatched,0.00,unmatched,PAL ELF not available for byte matching
_clipFIH,0x0016ED28,,func,,unmatched,0.00,unmatched,PAL ELF not available for byte matching
_clipFR,0x0016EE68,,func,,unmatched,0.00,unmatched,PAL ELF not available for byte matching
__ClipWallWithDrawRay,0x0016EF90,,func,,unmatched,0.00,unmatched,PAL ELF not available for byte matching
__ClipFloorWithDrawRay,0x0016F068,,func,,unmatched,0.00,unmatched,PAL ELF not available for byte matching
ClipWallRD,0x0016F140,,func,,unmatched,0.00,unmatched,PAL ELF not available for byte matching
ClipWallVector,0x0016F168,,func,,unmatched,0.00,unmatched,PAL ELF not available for byte matching
MapCollisionData,0x0016F1C8,,func,,unmatched,0.00,unmatched,PAL ELF not available for byte matching
fzShowV,0x0016F1E8,,func,,unmatched,0.00,unmatched,PAL ELF not available for byte matching
fzShowM,0x0016F250,,func,,unmatched,0.00,unmatched,PAL ELF not available for byte matching
fzMagnitude2f,0x0016F2B0,,func,,unmatched,0.00,unmatched,PAL ELF not available for byte matching
fzMagnitude3f,0x0016F2D8,,func,,unmatched,0.00,unmatched,PAL ELF not available for byte matching
fzMagnitudefv,0x0016F308,,func,,unmatched,0.00,unmatched,PAL ELF not available for byte matching
fzMagnitude2fv,0x0016F330,,func,,unmatched,0.00,unmatched,PAL ELF not available for byte matching
fzMagnitudeByLine,0x0016F3C0,,func,,unmatched,0.00,unmatched,PAL ELF not available for byte matching
fzMagnitudeByLineSeg,0x0016F470,,func,,unmatched,0.00,unmatched,PAL ELF not available for byte matching
GetEyeDirection,0x0016F600,,func,,unmatched,0.00,unmatched,PAL ELF not available for byte matching
funcGirlHandDisconnect,0x0016F688,,func,,unmatched,0.00,unmatched,PAL ELF not available for byte matching
motGirlHand50,0x0016F6B0,,func,,unmatched,0.00,unmatched,PAL ELF not available for byte matching
motGirlHand100,0x0016F838,,func,,unmatched,0.00,unmatched,PAL ELF not available for byte matching
motGirlHand200,0x0016F9F8,,func,,unmatched,0.00,unmatched,PAL ELF not available for byte matching
GirlBrainClearTarget,0x0016FC20,,func,,unmatched,0.00,unmatched,PAL ELF not available for byte matching
SetTurnSpeedInEscape,0x0016FC30,,func,,unmatched,0.00,unmatched,PAL ELF not available for byte matching
girlBrainMain_MakeOthersList,0x0016FE58,,func,,unmatched,0.00,unmatched,PAL ELF not available for byte matching
girlBrainHideCheckIntercept,0x00170510,,func,,unmatched,0.00,unmatched,PAL ELF not available for byte matching
girlBrainMain_CheckWarningMode,0x001706F0,,func,,unmatched,0.00,unmatched,PAL ELF not available for byte matching
girlBrainMain_DecideMode,0x001709A8,,func,,unmatched,0.00,unmatched,PAL ELF not available for byte matching
girlBrainMain_PositionUpdate,0x00171030,,func,,unmatched,0.00,unmatched,PAL ELF not available for byte matching
girlBrainMain_Init,0x00171080,,func,,unmatched,0.00,unmatched,PAL ELF not available for byte matching
subGirlBrainMain,0x00171188,,func,,unmatched,0.00,unmatched,PAL ELF not available for byte matching
subGirlBrain_PulledUp,0x001724B0,,func,,unmatched,0.00,unmatched,PAL ELF not available for byte matching
ATGoalTurnMail,0x00172920,,func,,unmatched,0.00,unmatched,PAL ELF not available for byte matching
checkWaterfallResult,0x00172A80,,func,,unmatched,0.00,unmatched,PAL ELF not available for byte matching
subGirlBrain_Attract,0x00172D00,,func,,unmatched,0.00,unmatched,PAL ELF not available for byte matching
_girlBrainHide_MakeHidePoint,0x001744A0,,func,,unmatched,0.00,unmatched,PAL ELF not available for byte matching
girlBrainHide_GoalTurn,0x001746F8,,func,,unmatched,0.00,unmatched,PAL ELF not available for byte matching
subGirlBrain_Hide,0x00174998,,func,,unmatched,0.00,unmatched,PAL ELF not available for byte matching
girlBrainRunawaySearchPoint,0x00174E50,,func,,unmatched,0.00,unmatched,PAL ELF not available for byte matching
girlBrainRunawayMoveByWay,0x001753E8,,func,,unmatched,0.00,unmatched,PAL ELF not available for byte matching
subGirlBrain_Escape,0x00175688,,func,,unmatched,0.00,unmatched,PAL ELF not available for byte matching
ClipTwinVector,0x00175CC8,,func,,unmatched,0.00,unmatched,PAL ELF not available for byte matching
Danger_Bomb,0x00176028,,func,,unmatched,0.00,unmatched,PAL ELF not available for byte matching
Danger_Gondola,0x00176570,,func,,unmatched,0.00,unmatched,PAL ELF not available for byte matching
Danger_Box,0x00176C28,,func,,unmatched,0.00,unmatched,PAL ELF not available for byte matching
Danger_Rotobject,0x00177340,,func,,unmatched,0.00,unmatched,PAL ELF not available for byte matching
subGirlBrain_HideAdvance,0x00177520,,func,,unmatched,0.00,unmatched,PAL ELF not available for byte matching
isEnterHideadv_EnemyLocation,0x001776D8,,func,,unmatched,0.00,unmatched,PAL ELF not available for byte matching
isEnterHideadv,0x00177898,,func,,unmatched,0.00,unmatched,PAL ELF not available for byte matching
WayTest,0x001779B0,,func,,unmatched,0.00,unmatched,PAL ELF not available for byte matching
subGirlControl,0x00177BB8,,func,,unmatched,0.00,unmatched,PAL ELF not available for byte matching
subGirlCollision,0x001785C0,,func,,unmatched,0.00,unmatched,PAL ELF not available for byte matching
actGirlHand,0x00179940,,func,,unmatched,0.00,unmatched,PAL ELF not available for byte matching
actGirlPulledReady,0x0017A428,,func,,unmatched,0.00,unmatched,PAL ELF not available for byte matching
actGirlPulledGo,0x0017A578,,func,,unmatched,0.00,unmatched,PAL ELF not available for byte matching
actGirlDitch3mReady,0x0017A738,,func,,unmatched,0.00,unmatched,PAL ELF not available for byte matching
actGirlReadyMove,0x0017A820,,func,,unmatched,0.00,unmatched,PAL ELF not available for byte matching
actGirlRescueDst,0x0017A9C0,,func,,unmatched,0.00,unmatched,PAL ELF not available for byte matching
actGirlSupportBGBegin,0x0017AC90,,func,,unmatched,0.00,unmatched,PAL ELF not available for byte matching
actGirlStart,0x0017ADE8,,func,,unmatched,0.00,unmatched,PAL ELF not available for byte matching
GirlAct_BoyAndMeCollisionMail,0x0017AFC8,,func,,unmatched,0.00,unmatched,PAL ELF not available for byte matching
IsGirlStatusEscortEnable,0x0017B150,,func,,unmatched,0.00,unmatched,PAL ELF not available for byte matching
DebugDispAutoEscort,0x0017B2E8,,func,,unmatched,0.00,unmatched,PAL ELF not available for byte matching
actGirlHintPoint,0x0017B530,,func,,unmatched,0.00,unmatched,PAL ELF not available for byte matching
ACTGame_GirlBeforeFunc,0x0017B760,,func,,unmatched,0.00,unmatched,PAL ELF not available for byte matching
FindGirlPullupFloorBoxGObj,0x0017B858,,func,,unmatched,0.00,unmatched,PAL ELF not available for byte matching
actGirlSupportGBBegin,0x0017B8A0,,func,,unmatched,0.00,unmatched,PAL ELF not available for byte matching
actGirlSupportGBLoop,0x0017B970,,func,,unmatched,0.00,unmatched,PAL ELF not available for byte matching
actGirlSupportGBEnd,0x0017B9D0,,func,,unmatched,0.00,unmatched,PAL ELF not available for byte matching
actGirlHangG3M,0x0017BA00,,func,,unmatched,0.00,unmatched,PAL ELF not available for byte matching
actGirlDitch3mExec,0x0017BA48,,func,,unmatched,0.00,unmatched,PAL ELF not available for byte matching
actGirlStand,0x0017BB48,,func,,unmatched,0.00,unmatched,PAL ELF not available for byte matching
actGirlWalk,0x0017BB90,,func,,unmatched,0.00,unmatched,PAL ELF not available for byte matching
actGirlRun,0x0017BBD8,,func,,unmatched,0.00,unmatched,PAL ELF not available for byte matching
actGirlHang,0x0017BC20,,func,,unmatched,0.00,unmatched,PAL ELF not available for byte matching
actGirlBHang,0x0017BD30,,func,,unmatched,0.00,unmatched,PAL ELF not available for byte matching
actGirlAttack,0x0017BE28,,func,,unmatched,0.00,unmatched,PAL ELF not available for byte matching
actGirlBecall,0x0017BE70,,func,,unmatched,0.00,unmatched,PAL ELF not available for byte matching
actGirlBehanged,0x0017BF68,,func,,unmatched,0.00,unmatched,PAL ELF not available for byte matching
actGirlAttractAction,0x0017BFF0,,func,,unmatched,0.00,unmatched,PAL ELF not available for byte matching
actGirlHintVoice,0x0017C020,,func,,unmatched,0.00,unmatched,PAL ELF not available for byte matching
actGirlCannotReach,0x0017C068,,func,,unmatched,0.00,unmatched,PAL ELF not available for byte matching
actGirlHand50,0x0017C0E8,,func,,unmatched,0.00,unmatched,PAL ELF not available for byte matching
afterGirlHand50,0x0017C190,,func,,unmatched,0.00,unmatched,PAL ELF not available for byte matching
actGirlHand100,0x0017C1D0,,func,,unmatched,0.00,unmatched,PAL ELF not available for byte matching
afterGirlHand100,0x0017C250,,func,,unmatched,0.00,unmatched,PAL ELF not available for byte matching
actGirlHand200,0x0017C290,,func,,unmatched,0.00,unmatched,PAL ELF not available for byte matching
afterGirlHand200,0x0017C310,,func,,unmatched,0.00,unmatched,PAL ELF not available for byte matching
NotNeedBackHand,0x0017C350,,func,,unmatched,0.00,unmatched,PAL ELF not available for byte matching
SetGirlDangerGObj,0x0017C3A8,,func,,unmatched,0.00,unmatched,PAL ELF not available for byte matching
ClearGirlDangerGObj,0x0017C3C8,,func,,unmatched,0.00,unmatched,PAL ELF not available for byte matching
subGirlBrain_Idle,0x0017C3E8,,func,,unmatched,0.00,unmatched,PAL ELF not available for byte matching
subGirlBrain_Hesitate,0x0017C418,,func,,unmatched,0.00,unmatched,PAL ELF not available for byte matching
subGirlBrain_Becarry,0x0017C4C8,,func,,unmatched,0.00,unmatched,PAL ELF not available for byte matching
subGirlBrain_Busy,0x0017C4F8,,func,,unmatched,0.00,unmatched,PAL ELF not available for byte matching
subGirlBrain_DangerEnv,0x0017C600,,func,,unmatched,0.00,unmatched,PAL ELF not available for byte matching
enemy_list_compare,0x0017C6B0,,func,,unmatched,0.00,unmatched,PAL ELF not available for byte matching
ACTCheckCollis_SAFE,0x0017C6D0,,func,,unmatched,0.00,unmatched,PAL ELF not available for byte matching
afterGirlHand,0x0017C840,,func,,unmatched,0.00,unmatched,PAL ELF not available for byte matching
afterGirlPulledGo,0x0017C880,,func,,unmatched,0.00,unmatched,PAL ELF not available for byte matching
actGirlJump,0x0017C8A0,,func,,unmatched,0.00,unmatched,PAL ELF not available for byte matching
afterGirlSupportBGBegin,0x0017C8E8,,func,,unmatched,0.00,unmatched,PAL ELF not available for byte matching
isMustCheckCylinder,0x0017C908,,func,,unmatched,0.00,unmatched,PAL ELF not available for byte matching
afterGirlHintPoint,0x0017C950,,func,,unmatched,0.00,unmatched,PAL ELF not available for byte matching
jimaku_display_texture,0x0017C988,,func,,unmatched,0.00,unmatched,PAL ELF not available for byte matching
iosCdvdBackGroundReadJimaku,0x0017CB20,,func,,unmatched,0.00,unmatched,PAL ELF not available for byte matching
jimakuHandler,0x0017CB80,,func,,unmatched,0.00,unmatched,PAL ELF not available for byte matching
jimakuMgrBegin,0x0017CD88,,func,,unmatched,0.00,unmatched,PAL ELF not available for byte matching
jimakuMgrNext,0x0017CFF8,,func,,unmatched,0.00,unmatched,PAL ELF not available for byte matching
jimakuMgrJump,0x0017D1C0,,func,,unmatched,0.00,unmatched,PAL ELF not available for byte matching
jimakuMgrEnd,0x0017D290,,func,,unmatched,0.00,unmatched,PAL ELF not available for byte matching
jimakuBegin,0x0017D2D8,,func,,unmatched,0.00,unmatched,PAL ELF not available for byte matching
jimakuNext,0x0017D2F8,,func,,unmatched,0.00,unmatched,PAL ELF not available for byte matching
jimakuJump,0x0017D328,,func,,unmatched,0.00,unmatched,PAL ELF not available for byte matching
jimakuEnd,0x0017D3A8,,func,,unmatched,0.00,unmatched,PAL ELF not available for byte matching
jimakuDisp,0x0017D3B8,,func,,unmatched,0.00,unmatched,PAL ELF not available for byte matching
jimakuManager,0x0017D4D8,,func,,unmatched,0.00,unmatched,PAL ELF not available for byte matching
jimakuUndisp,0x0017D5C0,,func,,unmatched,0.00,unmatched,PAL ELF not available for byte matching
_FUNC_GetWay_begin,0x0017D5D0,,func,,unmatched,0.00,unmatched,PAL ELF not available for byte matching
avoid_obstacle2,0x0017DA50,,func,,unmatched,0.00,unmatched,PAL ELF not available for byte matching
create_box_bridge,0x0017E1E0,,func,,unmatched,0.00,unmatched,PAL ELF not available for byte matching
GetWay_next,0x0017E490,,func,,unmatched,0.00,unmatched,PAL ELF not available for byte matching
GetNearNigePointN,0x0017EAA0,,func,,unmatched,0.00,unmatched,PAL ELF not available for byte matching
GetWay_begin,0x0017F0F8,,func,,unmatched,0.00,unmatched,PAL ELF not available for byte matching
BridgeBox,0x0017F118,,func,,unmatched,0.00,unmatched,PAL ELF not available for byte matching
DeleteGuideWay,0x0017F120,,func,,unmatched,0.00,unmatched,PAL ELF not available for byte matching
visible_waypoint_of_all_except_gid,0x0017F180,,func,,unmatched,0.00,unmatched,PAL ELF not available for byte matching
visible_waypoint_of_all_except_gid_ThreadVersion,0x0017F310,,func,,unmatched,0.00,unmatched,PAL ELF not available for byte matching
visible_waypoint_of_all_except_temp,0x0017F4B8,,func,,unmatched,0.00,unmatched,PAL ELF not available for byte matching
visible_waypoint_of_all_except_temp_ThreadVersion,0x0017F668,,func,,unmatched,0.00,unmatched,PAL ELF not available for byte matching
ez_line,0x0017F830,,func,,unmatched,0.00,unmatched,PAL ELF not available for byte matching
ez_circle,0x0017F840,,func,,unmatched,0.00,unmatched,PAL ELF not available for byte matching
short_direction_between_wp,0x0017F850,,func,,unmatched,0.00,unmatched,PAL ELF not available for byte matching
wgid_next,0x0017FA38,,func,,unmatched,0.00,unmatched,PAL ELF not available for byte matching
WayUtilWorkAlloc,0x0017FC28,,func,,unmatched,0.00,unmatched,PAL ELF not available for byte matching
WayUtilWorkFree,0x0017FD48,,func,,unmatched,0.00,unmatched,PAL ELF not available for byte matching
shortest_path,0x0017FDA8,,func,,unmatched,0.00,unmatched,PAL ELF not available for byte matching
shortest_path_ThreadVersion,0x00180068,,func,,unmatched,0.00,unmatched,PAL ELF not available for byte matching
GetWgAll,0x00180340,,func,,unmatched,0.00,unmatched,PAL ELF not available for byte matching
set_check_wp,0x00180600,,func,,unmatched,0.00,unmatched,PAL ELF not available for byte matching
set_bridge,0x00180758,,func,,unmatched,0.00,unmatched,PAL ELF not available for byte matching
nearest_waypoint_of_group,0x00180A20,,func,,unmatched,0.00,unmatched,PAL ELF not available for byte matching
nearest_waypoint,0x00180AB8,,func,,unmatched,0.00,unmatched,PAL ELF not available for byte matching
nearest_waypoint_from_gobj,0x00180B58,,func,,unmatched,0.00,unmatched,PAL ELF not available for byte matching
nearest_waypoint_by_lineseg_of_group,0x00180C00,,func,,unmatched,0.00,unmatched,PAL ELF not available for byte matching
nearest_waypoint_by_lineseg,0x00180CB0,,func,,unmatched,0.00,unmatched,PAL ELF not available for byte matching
nearest_waypoint_by_lineseg_of_group_from_gobj,0x00180D68,,func,,unmatched,0.00,unmatched,PAL ELF not available for byte matching
nearest_waypoint_by_lineseg_from_gobj,0x00180E28,,func,,unmatched,0.00,unmatched,PAL ELF not available for byte matching
waypoint_with_range,0x00180EE8,,func,,unmatched,0.00,unmatched,PAL ELF not available for byte matching
nearest_waypoint_of_all_except_group,0x00180F78,,func,,unmatched,0.00,unmatched,PAL ELF not available for byte matching
nearest_waypoint_of_all_not_bridge_except_group,0x00181020,,func,,unmatched,0.00,unmatched,PAL ELF not available for byte matching
nearest_waypoint_of_all,0x00181100,,func,,unmatched,0.00,unmatched,PAL ELF not available for byte matching
visible_waypoint_of_all,0x001811A8,,func,,unmatched,0.00,unmatched,PAL ELF not available for byte matching
visible_waypoint_of_all_from_gobj,0x001811C8,,func,,unmatched,0.00,unmatched,PAL ELF not available for byte matching
visible_waypoint,0x001811F8,,func,,unmatched,0.00,unmatched,PAL ELF not available for byte matching
visible_waypoint_from_gobj,0x00181310,,func,,unmatched,0.00,unmatched,PAL ELF not available for byte matching
get_wp_nearest_bridge_side_me,0x00181438,,func,,unmatched,0.00,unmatched,PAL ELF not available for byte matching
get_wp_nearest_bridge_side_bridge,0x001814C8,,func,,unmatched,0.00,unmatched,PAL ELF not available for byte matching
direction_across_bridge,0x00181558,,func,,unmatched,0.00,unmatched,PAL ELF not available for byte matching
waybridge_between_group,0x001815E8,,func,,unmatched,0.00,unmatched,PAL ELF not available for byte matching
bridge_waypoint_side_me,0x00181688,,func,,unmatched,0.00,unmatched,PAL ELF not available for byte matching
waypoint_connect_group_side_me,0x00181730,,func,,unmatched,0.00,unmatched,PAL ELF not available for byte matching
bridge_waypoint_side_bridge,0x00181778,,func,,unmatched,0.00,unmatched,PAL ELF not available for byte matching
waypoint_connect_group_side_bridge,0x00181828,,func,,unmatched,0.00,unmatched,PAL ELF not available for byte matching
NearestWgFromTarget,0x00181870,,func,,unmatched,0.00,unmatched,PAL ELF not available for byte matching
wayUtil_wpsort_compfnc,0x001818C8,,func,,unmatched,0.00,unmatched,PAL ELF not available for byte matching
gflagInit,0x00181900,,func,,unmatched,0.00,unmatched,PAL ELF not available for byte matching
gflagSave,0x001819A0,,func,,unmatched,0.00,unmatched,PAL ELF not available for byte matching
gflagLoad,0x001819F8,,func,,unmatched,0.00,unmatched,PAL ELF not available for byte matching
gflagChk,0x00181A48,,func,,unmatched,0.00,unmatched,PAL ELF not available for byte matching
gflagOn,0x00181A70,,func,,unmatched,0.00,unmatched,PAL ELF not available for byte matching
gflagOff,0x00181AA0,,func,,unmatched,0.00,unmatched,PAL ELF not available for byte matching
scpTorchLightOn,0x00181AD0,,func,,unmatched,0.00,unmatched,PAL ELF not available for byte matching
scpTorchLightOff,0x00181B00,,func,,unmatched,0.00,unmatched,PAL ELF not available for byte matching
scpSetCageVelocityFriction,0x00181B30,,func,,unmatched,0.00,unmatched,PAL ELF not available for byte matching
scpPlayMotDir,0x00181B70,,func,,unmatched,0.00,unmatched,PAL ELF not available for byte matching
scpPlayMotDirSmz,0x00181BB0,,func,,unmatched,0.00,unmatched,PAL ELF not available for byte matching
scpPlayMot,0x00181C18,,func,,unmatched,0.00,unmatched,PAL ELF not available for byte matching
scpPlayJump,0x00181D00,,func,,unmatched,0.00,unmatched,PAL ELF not available for byte matching
scpPlayStart,0x00181D48,,func,,unmatched,0.00,unmatched,PAL ELF not available for byte matching
scpPlayEnd,0x00181D88,,func,,unmatched,0.00,unmatched,PAL ELF not available for byte matching
scpTrans,0x00181DC0,,func,,unmatched,0.00,unmatched,PAL ELF not available for byte matching
scpTriggerBallTargetMan,0x00181DD0,,func,,unmatched,0.00,unmatched,PAL ELF not available for byte matching
scpDoorTypeUpDown,0x00181F80,,func,,unmatched,0.00,unmatched,PAL ELF not available for byte matching
scpDoorTypeUpUp,0x001820D0,,func,,unmatched,0.00,unmatched,PAL ELF not available for byte matching
scpSubAdpcmPlay,0x00182220,,func,,unmatched,0.00,unmatched,PAL ELF not available for byte matching
scpAdpcmCloseFunc,0x001823F0,,func,,unmatched,0.00,unmatched,PAL ELF not available for byte matching
scpGirlHintVoiceReady,0x00182478,,func,,unmatched,0.00,unmatched,PAL ELF not available for byte matching
scpGirlHintVoicePlay,0x001825F8,,func,,unmatched,0.00,unmatched,PAL ELF not available for byte matching
scpGirlHintVoiceTickProc,0x00182618,,func,,unmatched,0.00,unmatched,PAL ELF not available for byte matching
scpWoodSrh,0x00182810,,func,,unmatched,0.00,unmatched,PAL ELF not available for byte matching
scpSekizou,0x00182C58,,func,,unmatched,0.00,unmatched,PAL ELF not available for byte matching
_SCPBoySupportGirl,0x00183298,,func,,unmatched,0.00,unmatched,PAL ELF not available for byte matching
_SCPMoveCharactorByWay_Cancel,0x001834F8,,func,,unmatched,0.00,unmatched,PAL ELF not available for byte matching
scpSekizouCheckPoint,0x00183528,,func,,unmatched,0.00,unmatched,PAL ELF not available for byte matching
scpWakeupEnemyOne,0x001835A8,,func,,unmatched,0.00,unmatched,PAL ELF not available for byte matching
scpSleepEnemyOne,0x001835E0,,func,,unmatched,0.00,unmatched,PAL ELF not available for byte matching
scpSleepSpiderGroupOne,0x00183618,,func,,unmatched,0.00,unmatched,PAL ELF not available for byte matching
scpWakeupSpiderGroupOne,0x00183648,,func,,unmatched,0.00,unmatched,PAL ELF not available for byte matching
scpKillSpiderGroup,0x00183678,,func,,unmatched,0.00,unmatched,PAL ELF not available for byte matching
preload,0x00183698,,func,,unmatched,0.00,unmatched,PAL ELF not available for byte matching
scpSetBoyWeaponGObj,0x001836F8,,func,,unmatched,0.00,unmatched,PAL ELF not available for byte matching
scpDispOffAllWithKind,0x00183700,,func,,unmatched,0.00,unmatched,PAL ELF not available for byte matching
scpDispOnAllWithKind,0x00183740,,func,,unmatched,0.00,unmatched,PAL ELF not available for byte matching
scpActivateAllWithKind,0x00183788,,func,,unmatched,0.00,unmatched,PAL ELF not available for byte matching
scpDisActivateAllWithKind,0x001837C8,,func,,unmatched,0.00,unmatched,PAL ELF not available for byte matching
scpLinkBGAtoLayoutedTarget,0x00183808,,func,,unmatched,0.00,unmatched,PAL ELF not available for byte matching
scpLinkBGAtoLayoutedTargetSkelton,0x00183848,,func,,unmatched,0.00,unmatched,PAL ELF not available for byte matching
scpLinkBGAtoLayoutedTargetSkeltonWithLocalRotationFlag,0x001838D0,,func,,unmatched,0.00,unmatched,PAL ELF not available for byte matching
scpLinkBGAtoKindTargetSkeltonWithLocalRotationFlag,0x00183968,,func,,unmatched,0.00,unmatched,PAL ELF not available for byte matching
scpGetWallCollision,0x00183A00,,func,,unmatched,0.00,unmatched,PAL ELF not available for byte matching
scpDoorTypeUp,0x00183B68,,func,,unmatched,0.00,unmatched,PAL ELF not available for byte matching
scpDoorTypeUpSwitch,0x00183C88,,func,,unmatched,0.00,unmatched,PAL ELF not available for byte matching
scpAdpcmPlayRequestFunc,0x00183D18,,func,,unmatched,0.00,unmatched,PAL ELF not available for byte matching
scpAdpcmPlayRequestNum,0x00183D88,,func,,unmatched,0.00,unmatched,PAL ELF not available for byte matching
scpAdpcmFadeCloseFunc,0x00183DC0,,func,,unmatched,0.00,unmatched,PAL ELF not available for byte matching
scpAdpcmCloseChkFunc,0x00183E60,,func,,unmatched,0.00,unmatched,PAL ELF not available for byte matching
scpDeamon,0x00183ED8,,func,,unmatched,0.00,unmatched,PAL ELF not available for byte matching
scpGirlHintVoiceCancel,0x00183F80,,func,,unmatched,0.00,unmatched,PAL ELF not available for byte matching
scpWoodBox,0x00184018,,func,,unmatched,0.00,unmatched,PAL ELF not available for byte matching
scpIsTorchLightOn,0x00184078,,func,,unmatched,0.00,unmatched,PAL ELF not available for byte matching
scpIsBombExplode,0x001840B8,,func,,unmatched,0.00,unmatched,PAL ELF not available for byte matching
scpGetRotObjectRotCount,0x00184110,,func,,unmatched,0.00,unmatched,PAL ELF not available for byte matching
scpIsRotObjectZPlusDirInclude,0x00184150,,func,,unmatched,0.00,unmatched,PAL ELF not available for byte matching
scpTransLinear,0x00184218,,func,,unmatched,0.00,unmatched,PAL ELF not available for byte matching
scpRotateLinear,0x001842F0,,func,,unmatched,0.00,unmatched,PAL ELF not available for byte matching
scpTriggerPosBall,0x00184430,,func,,unmatched,0.00,unmatched,PAL ELF not available for byte matching
scpTriggerBall,0x00184520,,func,,unmatched,0.00,unmatched,PAL ELF not available for byte matching
scpTriggerFloorAttr,0x00184638,,func,,unmatched,0.00,unmatched,PAL ELF not available for byte matching
scpTriggerWallAttr,0x00184730,,func,,unmatched,0.00,unmatched,PAL ELF not available for byte matching
scpTriggerFloorAttrTargetMan,0x00184828,,func,,unmatched,0.00,unmatched,PAL ELF not available for byte matching
scpTriggerPosBox,0x001849A0,,func,,unmatched,0.00,unmatched,PAL ELF not available for byte matching
scpEffectStart,0x00184AD8,,func,,unmatched,0.00,unmatched,PAL ELF not available for byte matching
scpSleepEnemyAll,0x00184B20,,func,,unmatched,0.00,unmatched,PAL ELF not available for byte matching
scpWakeupEnemyAll,0x00184BA8,,func,,unmatched,0.00,unmatched,PAL ELF not available for byte matching
scpKillEnemyAll,0x00184C30,,func,,unmatched,0.00,unmatched,PAL ELF not available for byte matching
scpMaskGeneratorAll,0x00184CE0,,func,,unmatched,0.00,unmatched,PAL ELF not available for byte matching
scpKillEnemyOne,0x00184D28,,func,,unmatched,0.00,unmatched,PAL ELF not available for byte matching
_SCPMoveCharactorByWay,0x00184D80,,func,,unmatched,0.00,unmatched,PAL ELF not available for byte matching
_SCPMoveByWay_ToChar,0x00184E48,,func,,unmatched,0.00,unmatched,PAL ELF not available for byte matching
_SCPCharacterStop,0x00184FA8,,func,,unmatched,0.00,unmatched,PAL ELF not available for byte matching
scpSearchGObj,0x00184FD0,,func,,unmatched,0.00,unmatched,PAL ELF not available for byte matching
scpPlayMotNode,0x00184FF0,,func,,unmatched,0.00,unmatched,PAL ELF not available for byte matching
scpPlayMotReq,0x00185088,,func,,unmatched,0.00,unmatched,PAL ELF not available for byte matching
scpPlayPosSet,0x001850B8,,func,,unmatched,0.00,unmatched,PAL ELF not available for byte matching
scpPlayWaitMotEnd,0x00185130,,func,,unmatched,0.00,unmatched,PAL ELF not available for byte matching
InitStageChange,0x00185170,,func,,unmatched,0.00,unmatched,PAL ELF not available for byte matching
RequestStageChange,0x00185178,,func,,unmatched,0.00,unmatched,PAL ELF not available for byte matching
RequestStageChangeWithColor,0x001851A0,,func,,unmatched,0.00,unmatched,PAL ELF not available for byte matching
RequestStageChangeSimple,0x001852E8,,func,,unmatched,0.00,unmatched,PAL ELF not available for byte matching
RequestStageChangeDirect,0x00185338,,func,,unmatched,0.00,unmatched,PAL ELF not available for byte matching
scpFadeOut,0x00185398,,func,,unmatched,0.00,unmatched,PAL ELF not available for byte matching
scpFadeIn,0x001853B8,,func,,unmatched,0.00,unmatched,PAL ELF not available for byte matching
scpFadeChk,0x001853D0,,func,,unmatched,0.00,unmatched,PAL ELF not available for byte matching
scpGameStat_BoyWeaponkind,0x001853F8,,func,,unmatched,0.00,unmatched,PAL ELF not available for byte matching
scpIsWallLever2On,0x00185428,,func,,unmatched,0.00,unmatched,PAL ELF not available for byte matching
scpIsHangChain,0x00185448,,func,,unmatched,0.00,unmatched,PAL ELF not available for byte matching
scpIsHangChainOptional,0x00185468,,func,,unmatched,0.00,unmatched,PAL ELF not available for byte matching
scpBornSpider,0x001854A8,,func,,unmatched,0.00,unmatched,PAL ELF not available for byte matching
scpActStatusDeathFall,0x001855C8,,func,,unmatched,0.00,unmatched,PAL ELF not available for byte matching
scpSetStreamMotionRootOffset,0x001856B8,,func,,unmatched,0.00,unmatched,PAL ELF not available for byte matching
scpWakeupItemWithBoundary,0x001856F0,,func,,unmatched,0.00,unmatched,PAL ELF not available for byte matching
scpCheckReadyAllObjects,0x001857A0,,func,,unmatched,0.00,unmatched,PAL ELF not available for byte matching
ScpCallCameraSetTarget,0x001857C0,,func,,unmatched,0.00,unmatched,PAL ELF not available for byte matching
ScpCallCameraGetTarget,0x00185838,,func,,unmatched,0.00,unmatched,PAL ELF not available for byte matching
ScpCallCameraOff,0x00185860,,func,,unmatched,0.00,unmatched,PAL ELF not available for byte matching
ScpCallCameraOn,0x00185890,,func,,unmatched,0.00,unmatched,PAL ELF not available for byte matching
ScpCallCameraTargetOff,0x001858B8,,func,,unmatched,0.00,unmatched,PAL ELF not available for byte matching
scpTransGObj,0x001858E8,,func,,unmatched,0.00,unmatched,PAL ELF not available for byte matching
scpExplodeSecretItem,0x00185968,,func,,unmatched,0.00,unmatched,PAL ELF not available for byte matching
scpCheckExistAliveEnemy,0x001859E8,,func,,unmatched,0.00,unmatched,PAL ELF not available for byte matching
scpCheckExistAliveSpider,0x00185A68,,func,,unmatched,0.00,unmatched,PAL ELF not available for byte matching
scpLockMaxRotate,0x00185AE8,,func,,unmatched,0.00,unmatched,PAL ELF not available for byte matching
scpUnlockMaxRotate,0x00185B10,,func,,unmatched,0.00,unmatched,PAL ELF not available for byte matching
scpGetRotObjectCurrentRot,0x00185B38,,func,,unmatched,0.00,unmatched,PAL ELF not available for byte matching
scpCheckDisconnectWallStart,0x00185B78,,func,,unmatched,0.00,unmatched,PAL ELF not available for byte matching
scpCheckDisconnectWallEnd,0x00185B98,,func,,unmatched,0.00,unmatched,PAL ELF not available for byte matching
scpTriggerIgnore,0x00185BC8,,func,,unmatched,0.00,unmatched,PAL ELF not available for byte matching
scpDoorTypeUpMain,0x00185CA0,,func,,unmatched,0.00,unmatched,PAL ELF not available for byte matching
actSt25aQueenAppear,0x00185CD0,,func,,unmatched,0.00,unmatched,PAL ELF not available for byte matching
actSt25aQueenAppearChk,0x00185E60,,func,,unmatched,0.00,unmatched,PAL ELF not available for byte matching
actConte11,0x00185F58,,func,,unmatched,0.00,unmatched,PAL ELF not available for byte matching
actSt25aQueenTalkChk,0x00186220,,func,,unmatched,0.00,unmatched,PAL ELF not available for byte matching
actConte12,0x00186750,,func,,unmatched,0.00,unmatched,PAL ELF not available for byte matching
actConte12Jimaku,0x00186C40,,func,,unmatched,0.00,unmatched,PAL ELF not available for byte matching
actSt25aQueenDeadChk,0x00186E88,,func,,unmatched,0.00,unmatched,PAL ELF not available for byte matching
actConte13Jimaku,0x001872F8,,func,,unmatched,0.00,unmatched,PAL ELF not available for byte matching
BoySekikaTexScroll,0x001874A0,,func,,unmatched,0.00,unmatched,PAL ELF not available for byte matching
actSt25aElevChk,0x001874D0,,func,,unmatched,0.00,unmatched,PAL ELF not available for byte matching
actSt25aGenerator,0x00187770,,func,,unmatched,0.00,unmatched,PAL ELF not available for byte matching
actSt25aQueenBefore,0x00187798,,func,,unmatched,0.00,unmatched,PAL ELF not available for byte matching
actSt25aQueenTalk,0x00187818,,func,,unmatched,0.00,unmatched,PAL ELF not available for byte matching
actSt25aQueenDeadReady,0x001878A8,,func,,unmatched,0.00,unmatched,PAL ELF not available for byte matching
actSt25aQueenDead,0x00187910,,func,,unmatched,0.00,unmatched,PAL ELF not available for byte matching
actItouQueenAttack,0x00187978,,func,,unmatched,0.00,unmatched,PAL ELF not available for byte matching
actSt25aElev,0x001879E0,,func,,unmatched,0.00,unmatched,PAL ELF not available for byte matching
actSwordEff,0x00187AA8,,func,,unmatched,0.00,unmatched,PAL ELF not available for byte matching
actSwordEffXL,0x00187AE8,,func,,unmatched,0.00,unmatched,PAL ELF not available for byte matching
actSt25aQueenBeforeChk,0x00187B50,,func,,unmatched,0.00,unmatched,PAL ELF not available for byte matching
actConte11Jimaku,0x00187BC8,,func,,unmatched,0.00,unmatched,PAL ELF not available for byte matching
actSt25aQueenDeadReadyChk,0x00187D30,,func,,unmatched,0.00,unmatched,PAL ELF not available for byte matching
actSt25aQueenDeadEvent,0x00187DE0,,func,,unmatched,0.00,unmatched,PAL ELF not available for byte matching
actItouQueenAttackChk,0x00187DF0,,func,,unmatched,0.00,unmatched,PAL ELF not available for byte matching
actSt25aElevCharaChk,0x00187E78,,func,,unmatched,0.00,unmatched,PAL ELF not available for byte matching
warpGirlOutStage,0x00187F00,,func,,unmatched,0.00,unmatched,PAL ELF not available for byte matching
warpGirlInStage,0x00188158,,func,,unmatched,0.00,unmatched,PAL ELF not available for byte matching
warpGirlInit,0x00188278,,func,,unmatched,0.00,unmatched,PAL ELF not available for byte matching
inner_check,0x00188280,,func,,unmatched,0.00,unmatched,PAL ELF not available for byte matching
MakeAttackPack_Actor,0x00188490,,func,,unmatched,0.00,unmatched,PAL ELF not available for byte matching
AttackCheckSameGroup,0x00188808,,func,,unmatched,0.00,unmatched,PAL ELF not available for byte matching
AttackMail,0x001889B0,,func,,unmatched,0.00,unmatched,PAL ELF not available for byte matching
AttackCheckHit,0x00188C80,,func,,unmatched,0.00,unmatched,PAL ELF not available for byte matching
AttackGenerate,0x00189108,,func,,unmatched,0.00,unmatched,PAL ELF not available for byte matching
EnemyAttackCenter,0x00189398,,func,,unmatched,0.00,unmatched,PAL ELF not available for byte matching
BoyAttackCenter,0x001893A0,,func,,unmatched,0.00,unmatched,PAL ELF not available for byte matching
CommonAttackCenter,0x001893A8,,func,,unmatched,0.00,unmatched,PAL ELF not available for byte matching
_AttackCenter,0x001893D8,,func,,unmatched,0.00,unmatched,PAL ELF not available for byte matching
AttackCenter_WithDir,0x00189580,,func,,unmatched,0.00,unmatched,PAL ELF not available for byte matching
brainAddLevelGirl,0x00189738,,func,,unmatched,0.00,unmatched,PAL ELF not available for byte matching
brainInit,0x00189758,,func,,unmatched,0.00,unmatched,PAL ELF not available for byte matching
OverrideBrainStatusByGObj,0x001897B0,,func,,unmatched,0.00,unmatched,PAL ELF not available for byte matching
brainStatusDefaultSet,0x00189800,,func,,unmatched,0.00,unmatched,PAL ELF not available for byte matching
brainLevelProcess,0x00189948,,func,,unmatched,0.00,unmatched,PAL ELF not available for byte matching
brainGetTarget,0x00189BE0,,func,,unmatched,0.00,unmatched,PAL ELF not available for byte matching
brainStatusDel,0x00189F48,,func,,unmatched,0.00,unmatched,PAL ELF not available for byte matching
brainGetLevel,0x00189F50,,func,,unmatched,0.00,unmatched,PAL ELF not available for byte matching
brainClsTargetLevel,0x00189F78,,func,,unmatched,0.00,unmatched,PAL ELF not available for byte matching
brainInitGirlSet,0x0018A050,,func,,unmatched,0.00,unmatched,PAL ELF not available for byte matching
brainAddLevelGirlDetail,0x0018A0C8,,func,,unmatched,0.00,unmatched,PAL ELF not available for byte matching
brainAddLevelGop,0x0018A128,,func,,unmatched,0.00,unmatched,PAL ELF not available for byte matching
brainSubLevelGop,0x0018A198,,func,,unmatched,0.00,unmatched,PAL ELF not available for byte matching
brainSetLevelGop,0x0018A210,,func,,unmatched,0.00,unmatched,PAL ELF not available for byte matching
brainDecTargetTimer,0x0018A2B0,,func,,unmatched,0.00,unmatched,PAL ELF not available for byte matching
brainSetSpMode,0x0018A340,,func,,unmatched,0.00,unmatched,PAL ELF not available for byte matching
brainLockGirl,0x0018A350,,func,,unmatched,0.00,unmatched,PAL ELF not available for byte matching
brainUnlockGirl,0x0018A360,,func,,unmatched,0.00,unmatched,PAL ELF not available for byte matching
brainAddLevel,0x0018A370,,func,,unmatched,0.00,unmatched,PAL ELF not available for byte matching
brainSetLevel,0x0018A3C0,,func,,unmatched,0.00,unmatched,PAL ELF not available for byte matching
brainCheckView,0x0018A448,,func,,unmatched,0.00,unmatched,PAL ELF not available for byte matching
EnterMenu,0x0018A478,,func,,unmatched,0.00,unmatched,PAL ELF not available for byte matching
saveEditedDataBinary,0x0018A530,,func,,unmatched,0.00,unmatched,PAL ELF not available for byte matching
saveEditedData,0x0018A678,,func,,unmatched,0.00,unmatched,PAL ELF not available for byte matching
gif_test,0x0018A970,,func,,unmatched,0.00,unmatched,PAL ELF not available for byte matching
DebugDispBox,0x0018AA58,,func,,unmatched,0.00,unmatched,PAL ELF not available for byte matching
DispCameraGroup,0x0018B0C0,,func,,unmatched,0.00,unmatched,PAL ELF not available for byte matching
drawXZArrow,0x0018B890,,func,,unmatched,0.00,unmatched,PAL ELF not available for byte matching
DispAxisArrow,0x0018B9E8,,func,,unmatched,0.00,unmatched,PAL ELF not available for byte matching
dispCameraPinType2,0x0018BBE0,,func,,unmatched,0.00,unmatched,PAL ELF not available for byte matching
CameraEdit_DispPinType2,0x0018BFF8,,func,,unmatched,0.00,unmatched,PAL ELF not available for byte matching
dispCameraGroupType2,0x0018C008,,func,,unmatched,0.00,unmatched,PAL ELF not available for byte matching
CameraEdit_DispBoxType2_Plane,0x0018C9E0,,func,,unmatched,0.00,unmatched,PAL ELF not available for byte matching
CameraEdit_DispBoxType2,0x0018CDB8,,func,,unmatched,0.00,unmatched,PAL ELF not available for byte matching
menuGroupSelect,0x0018CDC0,,func,,unmatched,0.00,unmatched,PAL ELF not available for byte matching
menuGroupEdit,0x0018D010,,func,,unmatched,0.00,unmatched,PAL ELF not available for byte matching
menuPinSelect,0x0018D400,,func,,unmatched,0.00,unmatched,PAL ELF not available for byte matching
menuPinEdit,0x0018D8C0,,func,,unmatched,0.00,unmatched,PAL ELF not available for byte matching
wakeup_cameraedit,0x0018E0D0,,func,,unmatched,0.00,unmatched,PAL ELF not available for byte matching
test_camedit,0x0018E150,,func,,unmatched,0.00,unmatched,PAL ELF not available for byte matching
_CameraEdit_del_box,0x0018E168,,func,,unmatched,0.00,unmatched,PAL ELF not available for byte matching
_CameraEdit_del_pin,0x0018E2C0,,func,,unmatched,0.00,unmatched,PAL ELF not available for byte matching
CameraEdit_add_box,0x0018E440,,func,,unmatched,0.00,unmatched,PAL ELF not available for byte matching
CameraEdit_add_pin,0x0018E728,,func,,unmatched,0.00,unmatched,PAL ELF not available for byte matching
CameraEdit_del_box,0x0018E9D8,,func,,unmatched,0.00,unmatched,PAL ELF not available for byte matching
CameraEdit_del_pin,0x0018EA10,,func,,unmatched,0.00,unmatched,PAL ELF not available for byte matching
CameraEdit_DispBox,0x0018EA58,,func,,unmatched,0.00,unmatched,PAL ELF not available for byte matching
CameraEdit_Reflect,0x0018EA60,,func,,unmatched,0.00,unmatched,PAL ELF not available for byte matching
CameraEdit_Save,0x0018EA70,,func,,unmatched,0.00,unmatched,PAL ELF not available for byte matching
debug_NMarker,0x0018EA80,,func,,unmatched,0.00,unmatched,PAL ELF not available for byte matching
debug_Marker,0x0018EAF8,,func,,unmatched,0.00,unmatched,PAL ELF not available for byte matching
debug_Arrow,0x0018EB00,,func,,unmatched,0.00,unmatched,PAL ELF not available for byte matching
InitCameraEditor,0x0018EB08,,func,,unmatched,0.00,unmatched,PAL ELF not available for byte matching
debug_CameraEditor,0x0018EB18,,func,,unmatched,0.00,unmatched,PAL ELF not available for byte matching
CameraEdit_reset_box,0x0018EB70,,func,,unmatched,0.00,unmatched,PAL ELF not available for byte matching
CameraEdit_reset_pin,0x0018ECC8,,func,,unmatched,0.00,unmatched,PAL ELF not available for byte matching
CameraEdit_reflect_box,0x0018EDE0,,func,,unmatched,0.00,unmatched,PAL ELF not available for byte matching
CameraEdit_reflect_pin,0x0018EF38,,func,,unmatched,0.00,unmatched,PAL ELF not available for byte matching
CameraEdit_BOX_NUMBER,0x0018F050,,func,,unmatched,0.00,unmatched,PAL ELF not available for byte matching
CameraEdit_PIN_NUMBER,0x0018F060,,func,,unmatched,0.00,unmatched,PAL ELF not available for byte matching
CameraEdit_PIN_NUMBER_ALL,0x0018F0A8,,func,,unmatched,0.00,unmatched,PAL ELF not available for byte matching
CameraEdit_BOX,0x0018F0E8,,func,,unmatched,0.00,unmatched,PAL ELF not available for byte matching
CameraEdit_PIN,0x0018F100,,func,,unmatched,0.00,unmatched,PAL ELF not available for byte matching
CameraEdit_DispPin,0x0018F128,,func,,unmatched,0.00,unmatched,PAL ELF not available for byte matching
ConvertCameraSetBuffer,0x0018F2A8,,func,,unmatched,0.00,unmatched,PAL ELF not available for byte matching
StickToTrans,0x0018F418,,func,,unmatched,0.00,unmatched,PAL ELF not available for byte matching
menu_2,0x0018F590,,func,,unmatched,0.00,unmatched,PAL ELF not available for byte matching
camEdit_group_select,0x0018F5F8,,func,,unmatched,0.00,unmatched,PAL ELF not available for byte matching
_CameraEdit_BOX,0x0018F668,,func,,unmatched,0.00,unmatched,PAL ELF not available for byte matching
_CameraEdit_PIN,0x0018F680,,func,,unmatched,0.00,unmatched,PAL ELF not available for byte matching
_CameraEdit_add_box,0x0018F6A8,,func,,unmatched,0.00,unmatched,PAL ELF not available for byte matching
_CameraEdit_add_pin,0x0018F820,,func,,unmatched,0.00,unmatched,PAL ELF not available for byte matching
CameraEdit_Enter,0x0018F978,,func,,unmatched,0.00,unmatched,PAL ELF not available for byte matching
CameraSetCameraSet,0x0018F980,,func,,unmatched,0.00,unmatched,PAL ELF not available for byte matching
CameraSetCameraSet_Default,0x0018F9E8,,func,,unmatched,0.00,unmatched,PAL ELF not available for byte matching
GetRootPositionForCamera,0x0018FA08,,func,,unmatched,0.00,unmatched,PAL ELF not available for byte matching
ico2camera_GetTargetPos,0x0018FA28,,func,,unmatched,0.00,unmatched,PAL ELF not available for byte matching
ico2camera_GetGroupNearest,0x0018FCA8,,func,,unmatched,0.00,unmatched,PAL ELF not available for byte matching
initMonitorCamera,0x0018FE28,,func,,unmatched,0.00,unmatched,PAL ELF not available for byte matching
monitorMonitorCamera,0x0018FE50,,func,,unmatched,0.00,unmatched,PAL ELF not available for byte matching
ChaseCamera,0x00190780,,func,,unmatched,0.00,unmatched,PAL ELF not available for byte matching
CameraMove,0x00190918,,func,,unmatched,0.00,unmatched,PAL ELF not available for byte matching
ReflectCameraSetBinary,0x00191290,,func,,unmatched,0.00,unmatched,PAL ELF not available for byte matching
InitIco2Camera,0x001915B0,,func,,unmatched,0.00,unmatched,PAL ELF not available for byte matching
GetTargetOffset,0x00191670,,func,,unmatched,0.00,unmatched,PAL ELF not available for byte matching
SetCameraMatrix_Ico2,0x00191850,,func,,unmatched,0.00,unmatched,PAL ELF not available for byte matching
ReadCameraSet,0x00191DE0,,func,,unmatched,0.00,unmatched,PAL ELF not available for byte matching
GetHandCameraStickInfo,0x00192A78,,func,,unmatched,0.00,unmatched,PAL ELF not available for byte matching
SetCameraZoomOffsetRatio,0x00192B60,,func,,unmatched,0.00,unmatched,PAL ELF not available for byte matching
GetCameraGroupCurrent,0x00192B68,,func,,unmatched,0.00,unmatched,PAL ELF not available for byte matching
GetCameraGroupFromGObj,0x00192B70,,func,,unmatched,0.00,unmatched,PAL ELF not available for byte matching
GetCameraGroupFromPosition,0x00192C48,,func,,unmatched,0.00,unmatched,PAL ELF not available for byte matching
AddPluralCameraSet,0x00192D10,,func,,unmatched,0.00,unmatched,PAL ELF not available for byte matching
InitPluralCameraSet,0x00192DC0,,func,,unmatched,0.00,unmatched,PAL ELF not available for byte matching
GetPluralCameraSet,0x00192DC8,,func,,unmatched,0.00,unmatched,PAL ELF not available for byte matching
MakeCameraSetBinary,0x00192E70,,func,,unmatched,0.00,unmatched,PAL ELF not available for byte matching
GetSizeOfCameraSetBinary,0x001930E8,,func,,unmatched,0.00,unmatched,PAL ELF not available for byte matching
SetCameraTargetPosition,0x00193130,,func,,unmatched,0.00,unmatched,PAL ELF not available for byte matching
SetWSMatrix,0x001931C8,,func,,unmatched,0.00,unmatched,PAL ELF not available for byte matching
ConvertCameraSet,0x00193200,,func,,unmatched,0.00,unmatched,PAL ELF not available for byte matching
MakeMatrixFromCameraSet2,0x00193350,,func,,unmatched,0.00,unmatched,PAL ELF not available for byte matching
MakeCameraMatrix,0x00193400,,func,,unmatched,0.00,unmatched,PAL ELF not available for byte matching
CameraEditManual,0x00193510,,func,,unmatched,0.00,unmatched,PAL ELF not available for byte matching
DebugCameraManual,0x001939B8,,func,,unmatched,0.00,unmatched,PAL ELF not available for byte matching
DebugCameraSemiAuto,0x001939F0,,func,,unmatched,0.00,unmatched,PAL ELF not available for byte matching
BackToGameCamera,0x00193AB0,,func,,unmatched,0.00,unmatched,PAL ELF not available for byte matching
GetCameraInfomationFromGlobalPosition,0x00193BB8,,func,,unmatched,0.00,unmatched,PAL ELF not available for byte matching
InitCamera,0x00193BE8,,func,,unmatched,0.00,unmatched,PAL ELF not available for byte matching
SetCameraMatrix,0x00193D70,,func,,unmatched,0.00,unmatched,PAL ELF not available for byte matching
Camctrl_ExitEveRock,0x00194870,,func,,unmatched,0.00,unmatched,PAL ELF not available for byte matching
Camctrl_SetTarget,0x001948A0,,func,,unmatched,0.00,unmatched,PAL ELF not available for byte matching
GetCameraDefaultTargetGObj,0x001948D0,,func,,unmatched,0.00,unmatched,PAL ELF not available for byte matching
CameraSetTargetGObj,0x00194908,,func,,unmatched,0.00,unmatched,PAL ELF not available for byte matching
CameraChangeTargetParallel,0x00194918,,func,,unmatched,0.00,unmatched,PAL ELF not available for byte matching
CameraGetTarget,0x001949D8,,func,,unmatched,0.00,unmatched,PAL ELF not available for byte matching
CameraGetTargets,0x001949E0,,func,,unmatched,0.00,unmatched,PAL ELF not available for byte matching
CameraSetMode,0x001949F8,,func,,unmatched,0.00,unmatched,PAL ELF not available for byte matching
CameraGetMode,0x00194A08,,func,,unmatched,0.00,unmatched,PAL ELF not available for byte matching
CameraGetOtherObjOffset,0x00194A10,,func,,unmatched,0.00,unmatched,PAL ELF not available for byte matching
InsertCamera_Set,0x00194AF8,,func,,unmatched,0.00,unmatched,PAL ELF not available for byte matching
InsertCamera_SetNoraml,0x00194BA0,,func,,unmatched,0.00,unmatched,PAL ELF not available for byte matching
InsertCamera_SetDetail,0x00194C50,,func,,unmatched,0.00,unmatched,PAL ELF not available for byte matching
InsertCamera_Exec,0x00194D28,,func,,unmatched,0.00,unmatched,PAL ELF not available for byte matching
GetCurrentCameraSet2,0x00194DA8,,func,,unmatched,0.00,unmatched,PAL ELF not available for byte matching
SetCameraFlag_LwsCutBack,0x00194DB8,,func,,unmatched,0.00,unmatched,PAL ELF not available for byte matching
SetCameraFlag_GamecamCutBack,0x00194DC8,,func,,unmatched,0.00,unmatched,PAL ELF not available for byte matching
SetHandCameraLimitInDemo,0x00194DD8,,func,,unmatched,0.00,unmatched,PAL ELF not available for byte matching
ResetHandCameraLimitInDemo,0x00194DE8,,func,,unmatched,0.00,unmatched,PAL ELF not available for byte matching
SetZoomMaxValInDemo,0x00194E08,,func,,unmatched,0.00,unmatched,PAL ELF not available for byte matching
ResetZoomMaxValInDemo,0x00194E10,,func,,unmatched,0.00,unmatched,PAL ELF not available for byte matching
UpdateHandCameraLimitP,0x00194E20,,func,,unmatched,0.00,unmatched,PAL ELF not available for byte matching
UpdateHandCameraLimitV,0x00194E38,,func,,unmatched,0.00,unmatched,PAL ELF not available for byte matching
UpdateZoomMaxVallInDemo,0x00194E50,,func,,unmatched,0.00,unmatched,PAL ELF not available for byte matching
InsertCamera_isEnable,0x00194E68,,func,,unmatched,0.00,unmatched,PAL ELF not available for byte matching
CameraSetCameraPosition,0x00194E78,,func,,unmatched,0.00,unmatched,PAL ELF not available for byte matching
CameraSetTargetPos,0x00194ED0,,func,,unmatched,0.00,unmatched,PAL ELF not available for byte matching
GetCameraPos,0x00194ED8,,func,,unmatched,0.00,unmatched,PAL ELF not available for byte matching
GetCameraInfo_tmp,0x00194EF8,,func,,unmatched,0.00,unmatched,PAL ELF not available for byte matching
testcamerazoom,0x00194F48,,func,,unmatched,0.00,unmatched,PAL ELF not available for byte matching
SetMonitorCameraInitializeFlag,0x00194F58,,func,,unmatched,0.00,unmatched,PAL ELF not available for byte matching
InitCameraSetManager,0x00194F68,,func,,unmatched,0.00,unmatched,PAL ELF not available for byte matching
UpdateRootPosition,0x00194F70,,func,,unmatched,0.00,unmatched,PAL ELF not available for byte matching
StartPendulum,0x00195078,,func,,unmatched,0.00,unmatched,PAL ELF not available for byte matching
collisionCheck,0x00195318,,func,,unmatched,0.00,unmatched,PAL ELF not available for byte matching
chain_simulate_term_simple,0x00195468,,func,,unmatched,0.00,unmatched,PAL ELF not available for byte matching
chain_simulate_term_ropeturn,0x001955B8,,func,,unmatched,0.00,unmatched,PAL ELF not available for byte matching
chain_simulate_term_loop,0x00195628,,func,,unmatched,0.00,unmatched,PAL ELF not available for byte matching
chain_simulate_term_swingready,0x001956F0,,func,,unmatched,0.00,unmatched,PAL ELF not available for byte matching
chain_simulate_term_swingstart,0x00195818,,func,,unmatched,0.00,unmatched,PAL ELF not available for byte matching
chain_simulate_term_moveup,0x00195A58,,func,,unmatched,0.00,unmatched,PAL ELF not available for byte matching
chain_simulate_term_free,0x00195BF8,,func,,unmatched,0.00,unmatched,PAL ELF not available for byte matching
chain_simulate_term_down,0x00195CC0,,func,,unmatched,0.00,unmatched,PAL ELF not available for byte matching
chain_simulate_hangstart,0x00195EB0,,func,,unmatched,0.00,unmatched,PAL ELF not available for byte matching
chain_simulate_term,0x00195F68,,func,,unmatched,0.00,unmatched,PAL ELF not available for byte matching
chain_simulate_stop,0x00195FC0,,func,,unmatched,0.00,unmatched,PAL ELF not available for byte matching
chain_simulate_free,0x00196078,,func,,unmatched,0.00,unmatched,PAL ELF not available for byte matching
correct_vector,0x00196170,,func,,unmatched,0.00,unmatched,PAL ELF not available for byte matching
pendulum_Process,0x00196300,,func,,unmatched,0.00,unmatched,PAL ELF not available for byte matching
InitChainGeo,0x00196728,,func,,unmatched,0.00,unmatched,PAL ELF not available for byte matching
chain_set_charachara,0x00196CE8,,func,,unmatched,0.00,unmatched,PAL ELF not available for byte matching
ChainGeo,0x00196E40,,func,,unmatched,0.00,unmatched,PAL ELF not available for byte matching
ChainDL,0x00197878,,func,,unmatched,0.00,unmatched,PAL ELF not available for byte matching
GetPositionOnTheChain,0x001979D0,,func,,unmatched,0.00,unmatched,PAL ELF not available for byte matching
PlumbPointUpdateChain,0x00197B20,,func,,unmatched,0.00,unmatched,PAL ELF not available for byte matching
TestChainUpDown,0x00197CA8,,func,,unmatched,0.00,unmatched,PAL ELF not available for byte matching
SetChainRootUpdateMode,0x001985D8,,func,,unmatched,0.00,unmatched,PAL ELF not available for byte matching
HoldChain,0x00198630,,func,,unmatched,0.00,unmatched,PAL ELF not available for byte matching
ReleaseChain,0x00198660,,func,,unmatched,0.00,unmatched,PAL ELF not available for byte matching
GetChainPendulum,0x00198670,,func,,unmatched,0.00,unmatched,PAL ELF not available for byte matching
IncreasePdlChain,0x001986B0,,func,,unmatched,0.00,unmatched,PAL ELF not available for byte matching
DecreasePdlChain,0x001986C8,,func,,unmatched,0.00,unmatched,PAL ELF not available for byte matching
PlumbOrientUpdateChain,0x001986F8,,func,,unmatched,0.00,unmatched,PAL ELF not available for byte matching
isBottomOfChain,0x00198720,,func,,unmatched,0.00,unmatched,PAL ELF not available for byte matching
isStopChain,0x00198740,,func,,unmatched,0.00,unmatched,PAL ELF not available for byte matching
GetChainClimbOrient,0x00198750,,func,,unmatched,0.00,unmatched,PAL ELF not available for byte matching
CheckChainClimbablePos,0x00198778,,func,,unmatched,0.00,unmatched,PAL ELF not available for byte matching
GetChainClimbCollision,0x001987A0,,func,,unmatched,0.00,unmatched,PAL ELF not available for byte matching
SetChainParentGObj,0x001987C8,,func,,unmatched,0.00,unmatched,PAL ELF not available for byte matching
GetChainDirCorrectVal,0x001987D8,,func,,unmatched,0.00,unmatched,PAL ELF not available for byte matching
GetRootPositionHandExtra,0x00198810,,func,,unmatched,0.00,unmatched,PAL ELF not available for byte matching
InitPendulum,0x00198880,,func,,unmatched,0.00,unmatched,PAL ELF not available for byte matching
LockChainGeo,0x001989B8,,func,,unmatched,0.00,unmatched,PAL ELF not available for byte matching
UnLockChainGeo,0x001989D0,,func,,unmatched,0.00,unmatched,PAL ELF not available for byte matching
GetChainHangRange,0x001989E0,,func,,unmatched,0.00,unmatched,PAL ELF not available for byte matching
GetChainLength,0x001989F0,,func,,unmatched,0.00,unmatched,PAL ELF not available for byte matching
EnableChainHang,0x00198A18,,func,,unmatched,0.00,unmatched,PAL ELF not available for byte matching
UnableChainHang,0x00198A30,,func,,unmatched,0.00,unmatched,PAL ELF not available for byte matching
IsAbleChainHang,0x00198A40,,func,,unmatched,0.00,unmatched,PAL ELF not available for byte matching
ChainPositionReset,0x00198A50,,func,,unmatched,0.00,unmatched,PAL ELF not available for byte matching
_GetCorrectOrientOfChain,0x00198AF8,,func,,unmatched,0.00,unmatched,PAL ELF not available for byte matching
chain_sub_simulate,0x00198C20,,func,,unmatched,0.00,unmatched,PAL ELF not available for byte matching
chain_sub_pendulum,0x00198DF8,,func,,unmatched,0.00,unmatched,PAL ELF not available for byte matching
GetChainNearestNodePosition,0x00198E88,,func,,unmatched,0.00,unmatched,PAL ELF not available for byte matching
eBrainProcess,0x00198F70,,func,,unmatched,0.00,unmatched,PAL ELF not available for byte matching
eBrainGetTargetGeneratorFromLabel,0x001991B0,,func,,unmatched,0.00,unmatched,PAL ELF not available for byte matching
eBrainGetTarget,0x00199370,,func,,unmatched,0.00,unmatched,PAL ELF not available for byte matching
eBrainInit,0x00199CE8,,func,,unmatched,0.00,unmatched,PAL ELF not available for byte matching
eBrainStatusSet,0x00199D30,,func,,unmatched,0.00,unmatched,PAL ELF not available for byte matching
eBrainSendMes,0x00199DE0,,func,,unmatched,0.00,unmatched,PAL ELF not available for byte matching
GetStageFromLabel,0x00199EE0,,func,,unmatched,0.00,unmatched,PAL ELF not available for byte matching
eBrainGetTargetGeneratorFromLabelStage,0x00199FB0,,func,,unmatched,0.00,unmatched,PAL ELF not available for byte matching
EnemyCtrlBeforeFunc,0x0019A0C0,,func,,unmatched,0.00,unmatched,PAL ELF not available for byte matching
InitEnemyCtrlGeo,0x0019A148,,func,,unmatched,0.00,unmatched,PAL ELF not available for byte matching
IsSelectID_EnemyCtrl,0x0019A160,,func,,unmatched,0.00,unmatched,PAL ELF not available for byte matching
fightSoundProcessMain,0x0019A1B0,,func,,unmatched,0.00,unmatched,PAL ELF not available for byte matching
fightSoundProcess,0x0019A390,,func,,unmatched,0.00,unmatched,PAL ELF not available for byte matching
fightSoundProcessRequestPause,0x0019A480,,func,,unmatched,0.00,unmatched,PAL ELF not available for byte matching
fightSoundClose,0x0019A490,,func,,unmatched,0.00,unmatched,PAL ELF not available for byte matching
fightSoundProcessRequestStart,0x0019A4C8,,func,,unmatched,0.00,unmatched,PAL ELF not available for byte matching
fightSoundProcessRequestStatus,0x0019A4D0,,func,,unmatched,0.00,unmatched,PAL ELF not available for byte matching
fightSoundPlayChk,0x0019A4D8,,func,,unmatched,0.00,unmatched,PAL ELF not available for byte matching
CheckGeneratorCollision,0x0019A4E8,,func,,unmatched,0.00,unmatched,PAL ELF not available for byte matching
GetGeneratorSafePosition,0x0019A638,,func,,unmatched,0.00,unmatched,PAL ELF not available for byte matching
switch_MainStatus,0x0019A8B8,,func,,unmatched,0.00,unmatched,PAL ELF not available for byte matching
endfunc_BGA,0x0019A9D0,,func,,unmatched,0.00,unmatched,PAL ELF not available for byte matching
IsNeedGeneratorHard,0x0019AB38,,func,,unmatched,0.00,unmatched,PAL ELF not available for byte matching
CallEnemy,0x0019AE28,,func,,unmatched,0.00,unmatched,PAL ELF not available for byte matching
Generator_QuickCall,0x0019B078,,func,,unmatched,0.00,unmatched,PAL ELF not available for byte matching
Generator_Delete,0x0019B0B8,,func,,unmatched,0.00,unmatched,PAL ELF not available for byte matching
GetMotherGenerator,0x0019B0C0,,func,,unmatched,0.00,unmatched,PAL ELF not available for byte matching
ReadGeneratorPacket,0x0019B270,,func,,unmatched,0.00,unmatched,PAL ELF not available for byte matching
MakeGeneratorPacket,0x0019B358,,func,,unmatched,0.00,unmatched,PAL ELF not available for byte matching
generatorBeforeFunc,0x0019B408,,func,,unmatched,0.00,unmatched,PAL ELF not available for byte matching
GeneratorGeo,0x0019B600,,func,,unmatched,0.00,unmatched,PAL ELF not available for byte matching
GeneratorDL,0x0019BAE0,,func,,unmatched,0.00,unmatched,PAL ELF not available for byte matching
InitGeneratorGeo,0x0019BC10,,func,,unmatched,0.00,unmatched,PAL ELF not available for byte matching
Generator_Call,0x0019BD00,,func,,unmatched,0.00,unmatched,PAL ELF not available for byte matching
Generator_ResetCount,0x0019BD18,,func,,unmatched,0.00,unmatched,PAL ELF not available for byte matching
Generator_Mask,0x0019BD30,,func,,unmatched,0.00,unmatched,PAL ELF not available for byte matching
Generator_MaskOff,0x0019BD48,,func,,unmatched,0.00,unmatched,PAL ELF not available for byte matching
SetMotherGenerator,0x0019BD58,,func,,unmatched,0.00,unmatched,PAL ELF not available for byte matching
Generator_Init,0x0019BE18,,func,,unmatched,0.00,unmatched,PAL ELF not available for byte matching
GetbufpGeneratorPacket,0x0019BEB0,,func,,unmatched,0.00,unmatched,PAL ELF not available for byte matching
GetsizeGeneratorPacket,0x0019BEC0,,func,,unmatched,0.00,unmatched,PAL ELF not available for byte matching
RestoreGeneratorGeo,0x0019BEC8,,func,,unmatched,0.00,unmatched,PAL ELF not available for byte matching
RestoreGeneratorExtGeo,0x0019BEE8,,func,,unmatched,0.00,unmatched,PAL ELF not available for byte matching
MemoryGenerator,0x0019BF40,,func,,unmatched,0.00,unmatched,PAL ELF not available for byte matching
IsEnableCallEnemy,0x0019BF60,,func,,unmatched,0.00,unmatched,PAL ELF not available for byte matching
DirectCallEnemy,0x0019C060,,func,,unmatched,0.00,unmatched,PAL ELF not available for byte matching
LockEnemyGenerate,0x0019C1D0,,func,,unmatched,0.00,unmatched,PAL ELF not available for byte matching
UnlockEnemyGenerate,0x0019C218,,func,,unmatched,0.00,unmatched,PAL ELF not available for byte matching
RestoreReviveCount,0x0019C2A8,,func,,unmatched,0.00,unmatched,PAL ELF not available for byte matching
ReturnEnemyToGenerator,0x0019C330,,func,,unmatched,0.00,unmatched,PAL ELF not available for byte matching
GeneratorWorkEnd,0x0019C3B0,,func,,unmatched,0.00,unmatched,PAL ELF not available for byte matching
SearchActiveGenerator,0x0019C3C8,,func,,unmatched,0.00,unmatched,PAL ELF not available for byte matching
ResetReviveCountEnemy,0x0019C430,,func,,unmatched,0.00,unmatched,PAL ELF not available for byte matching
SetInfoSpKidnapGenerator,0x0019C450,,func,,unmatched,0.00,unmatched,PAL ELF not available for byte matching
SetInfoSpKidnapEnemy,0x0019C460,,func,,unmatched,0.00,unmatched,PAL ELF not available for byte matching
IsOpenGenerator,0x0019C490,,func,,unmatched,0.00,unmatched,PAL ELF not available for byte matching
IsEnableCallEnemyByTargetGObj,0x0019C4E8,,func,,unmatched,0.00,unmatched,PAL ELF not available for byte matching
_InterGV,0x0019C560,,func,,unmatched,0.00,unmatched,PAL ELF not available for byte matching
GetMatrixDirectionToZ,0x0019C5F0,,func,,unmatched,0.00,unmatched,PAL ELF not available for byte matching
_InterRotGV,0x0019C758,,func,,unmatched,0.00,unmatched,PAL ELF not available for byte matching
_DistxzSqGV,0x0019C8A0,,func,,unmatched,0.00,unmatched,PAL ELF not available for byte matching
_DistSqGV,0x0019C8D8,,func,,unmatched,0.00,unmatched,PAL ELF not available for byte matching
_DistGV,0x0019C908,,func,,unmatched,0.00,unmatched,PAL ELF not available for byte matching
_DistxzGV,0x0019C940,,func,,unmatched,0.00,unmatched,PAL ELF not available for byte matching
_MoveGV,0x0019C980,,func,,unmatched,0.00,unmatched,PAL ELF not available for byte matching
_RotyGV,0x0019CA48,,func,,unmatched,0.00,unmatched,PAL ELF not available for byte matching
_AbsRotyGV,0x0019CAD0,,func,,unmatched,0.00,unmatched,PAL ELF not available for byte matching
_ApplyRyGV,0x0019CAF8,,func,,unmatched,0.00,unmatched,PAL ELF not available for byte matching
_GetDirection,0x0019CB70,,func,,unmatched,0.00,unmatched,PAL ELF not available for byte matching
_RotGV,0x0019CBB8,,func,,unmatched,0.00,unmatched,PAL ELF not available for byte matching
_RotGVF,0x0019CC58,,func,,unmatched,0.00,unmatched,PAL ELF not available for byte matching
_OrientXZGV,0x0019CD10,,func,,unmatched,0.00,unmatched,PAL ELF not available for byte matching
_OrientGV,0x0019CD48,,func,,unmatched,0.00,unmatched,PAL ELF not available for byte matching
_FrontGV,0x0019CD80,,func,,unmatched,0.00,unmatched,PAL ELF not available for byte matching
SwapGV,0x0019CDE8,,func,,unmatched,0.00,unmatched,PAL ELF not available for byte matching
GetCorrectDistance,0x0019CE30,,func,,unmatched,0.00,unmatched,PAL ELF not available for byte matching
RoundDegGV,0x0019CEA0,,func,,unmatched,0.00,unmatched,PAL ELF not available for byte matching
AlignDegGV,0x0019CEF8,,func,,unmatched,0.00,unmatched,PAL ELF not available for byte matching
RotateAccordingToStick_PatternThree,0x0019CF48,,func,,unmatched,0.00,unmatched,PAL ELF not available for byte matching
SetCurrentInfo,0x0019D138,,func,,unmatched,0.00,unmatched,PAL ELF not available for byte matching
HandyCamera_TargetMoveType,0x0019D2C0,,func,,unmatched,0.00,unmatched,PAL ELF not available for byte matching
HandCameraCorrect,0x0019D4A8,,func,,unmatched,0.00,unmatched,PAL ELF not available for byte matching
ClearHandCameraCorrect,0x0019D528,,func,,unmatched,0.00,unmatched,PAL ELF not available for byte matching
InitHandCameraCorrect,0x0019D590,,func,,unmatched,0.00,unmatched,PAL ELF not available for byte matching
SetLimitHandCameraCorrect,0x0019D610,,func,,unmatched,0.00,unmatched,PAL ELF not available for byte matching
CreateKyomiGObj,0x0019D628,,func,,unmatched,0.00,unmatched,PAL ELF not available for byte matching
LwsKyomiGeo,0x0019D7B0,,func,,unmatched,0.00,unmatched,PAL ELF not available for byte matching
MakeHintSaveInfo,0x0019D8F8,,func,,unmatched,0.00,unmatched,PAL ELF not available for byte matching
ReadHintSaveInfo,0x0019DA38,,func,,unmatched,0.00,unmatched,PAL ELF not available for byte matching
SetParamKyomiGObj,0x0019DBA8,,func,,unmatched,0.00,unmatched,PAL ELF not available for byte matching
FinishHint,0x0019DC60,,func,,unmatched,0.00,unmatched,PAL ELF not available for byte matching
SleepHint,0x0019DC80,,func,,unmatched,0.00,unmatched,PAL ELF not available for byte matching
WakeupHint,0x0019DCA0,,func,,unmatched,0.00,unmatched,PAL ELF not available for byte matching
IsTopHint,0x0019DCC8,,func,,unmatched,0.00,unmatched,PAL ELF not available for byte matching
DebugHintStart,0x0019DCF8,,func,,unmatched,0.00,unmatched,PAL ELF not available for byte matching
GetSizeHintSaveInfo,0x0019DD20,,func,,unmatched,0.00,unmatched,PAL ELF not available for byte matching
GetBuffHintSaveInfo,0x0019DD28,,func,,unmatched,0.00,unmatched,PAL ELF not available for byte matching
Hint_Init,0x0019DD38,,func,,unmatched,0.00,unmatched,PAL ELF not available for byte matching
InitMailAdditionalData,0x0019DDA0,,func,,unmatched,0.00,unmatched,PAL ELF not available for byte matching
ActSendMail_WithAdditionalData,0x0019DDB0,,func,,unmatched,0.00,unmatched,PAL ELF not available for byte matching
GetMailAdditionalData,0x0019DEB0,,func,,unmatched,0.00,unmatched,PAL ELF not available for byte matching
ClearMailAdditionalData,0x0019DF58,,func,,unmatched,0.00,unmatched,PAL ELF not available for byte matching
before_DrawPolygon,0x0019DFC0,,func,,unmatched,0.00,unmatched,PAL ELF not available for byte matching
after_DrawPolygon,0x0019DFE8,,func,,unmatched,0.00,unmatched,PAL ELF not available for byte matching
_IsInScreen2,0x0019DFF0,,func,,unmatched,0.00,unmatched,PAL ELF not available for byte matching
before_DrawLine,0x0019E108,,func,,unmatched,0.00,unmatched,PAL ELF not available for byte matching
after_DrawLine,0x0019E130,,func,,unmatched,0.00,unmatched,PAL ELF not available for byte matching
DrawPolygon,0x0019E138,,func,,unmatched,0.00,unmatched,PAL ELF not available for byte matching
do_DrawLine,0x0019E1D0,,func,,unmatched,0.00,unmatched,PAL ELF not available for byte matching
IsPointIsInScreen,0x0019E2C8,,func,,unmatched,0.00,unmatched,PAL ELF not available for byte matching
interp_vector_sa,0x0019E340,,func,,unmatched,0.00,unmatched,PAL ELF not available for byte matching
birdBeforeFunc,0x0019E4A0,,func,,unmatched,0.00,unmatched,PAL ELF not available for byte matching
trans_bird,0x0019E6C8,,func,,unmatched,0.00,unmatched,PAL ELF not available for byte matching
subBirdBrainMain,0x0019E7F8,,func,,unmatched,0.00,unmatched,PAL ELF not available for byte matching
Debug_WireString_Bird,0x0019FC30,,func,,unmatched,0.00,unmatched,PAL ELF not available for byte matching
Debug_StickControl,0x0019FD30,,func,,unmatched,0.00,unmatched,PAL ELF not available for byte matching
BirdGeo,0x0019FE30,,func,,unmatched,0.00,unmatched,PAL ELF not available for byte matching
BirdDL,0x0019FE38,,func,,unmatched,0.00,unmatched,PAL ELF not available for byte matching
_ACTSendMailToBird,0x0019FE98,,func,,unmatched,0.00,unmatched,PAL ELF not available for byte matching
vector_angle_degree,0x0019FEA0,,func,,unmatched,0.00,unmatched,PAL ELF not available for byte matching
subBirdControl,0x0019FF18,,func,,unmatched,0.00,unmatched,PAL ELF not available for byte matching
subBirdCollision,0x0019FF50,,func,,unmatched,0.00,unmatched,PAL ELF not available for byte matching
actBirdStart,0x0019FF78,,func,,unmatched,0.00,unmatched,PAL ELF not available for byte matching
InitBirdGeo,0x0019FFF8,,func,,unmatched,0.00,unmatched,PAL ELF not available for byte matching
BirdAI,0x001A00E8,,func,,unmatched,0.00,unmatched,PAL ELF not available for byte matching
_ACTSendMailToBirdAll,0x001A00F0,,func,,unmatched,0.00,unmatched,PAL ELF not available for byte matching
GatherEffect_SetGoal,0x001A0160,,func,,unmatched,0.00,unmatched,PAL ELF not available for byte matching
GatherEffect_Proc,0x001A01A8,,func,,unmatched,0.00,unmatched,PAL ELF not available for byte matching
GatherEffect_Set,0x001A0490,,func,,unmatched,0.00,unmatched,PAL ELF not available for byte matching
GatherEffect_InqEnd,0x001A0560,,func,,unmatched,0.00,unmatched,PAL ELF not available for byte matching
effect_end_func,0x001A05D0,,func,,unmatched,0.00,unmatched,PAL ELF not available for byte matching
bossCtrlBeforeFunc,0x001A0668,,func,,unmatched,0.00,unmatched,PAL ELF not available for byte matching
BossEnemyFunc,0x001A07F0,,func,,unmatched,0.00,unmatched,PAL ELF not available for byte matching
gene_enemy,0x001A08F8,,func,,unmatched,0.00,unmatched,PAL ELF not available for byte matching
BossCtrlGeo,0x001A0D90,,func,,unmatched,0.00,unmatched,PAL ELF not available for byte matching
itou_boss_gflag_init,0x001A0DB0,,func,,unmatched,0.00,unmatched,PAL ELF not available for byte matching
BossCtrlDL,0x001A0DC8,,func,,unmatched,0.00,unmatched,PAL ELF not available for byte matching
InqCapsuleGhostBossStage,0x001A0ED8,,func,,unmatched,0.00,unmatched,PAL ELF not available for byte matching
actBossCtrlStart,0x001A0F08,,func,,unmatched,0.00,unmatched,PAL ELF not available for byte matching
InitBossCtrlGeo,0x001A0FE0,,func,,unmatched,0.00,unmatched,PAL ELF not available for byte matching
CapsuleGhostBossStart,0x001A10F0,,func,,unmatched,0.00,unmatched,PAL ELF not available for byte matching
InqCapsuleGhostBossEnd,0x001A1100,,func,,unmatched,0.00,unmatched,PAL ELF not available for byte matching
gene_eff_end_func,0x001A11C0,,func,,unmatched,0.00,unmatched,PAL ELF not available for byte matching
itouGFlagInit,0x001A11E8,,func,,unmatched,0.00,unmatched,PAL ELF not available for byte matching
itouGflagLoad,0x001A11F0,,func,,unmatched,0.00,unmatched,PAL ELF not available for byte matching
itouGflagSave,0x001A11F8,,func,,unmatched,0.00,unmatched,PAL ELF not available for byte matching
m33_to_quat,0x001A1200,,func,,unmatched,0.00,unmatched,PAL ELF not available for byte matching
lw_pos_to_ico_pos,0x001A1440,,func,,unmatched,0.00,unmatched,PAL ELF not available for byte matching
apply_matrix_w1,0x001A1470,,func,,unmatched,0.00,unmatched,PAL ELF not available for byte matching
ico_m33_to_quat,0x001A14A0,,func,,unmatched,0.00,unmatched,PAL ELF not available for byte matching
pbga_start,0x001A14D8,,func,,unmatched,0.00,unmatched,PAL ELF not available for byte matching
set_vertex,0x001A1520,,func,,unmatched,0.00,unmatched,PAL ELF not available for byte matching
DrawLightning2,0x001A1938,,func,,unmatched,0.00,unmatched,PAL ELF not available for byte matching
DrawLightningN,0x001A23E8,,func,,unmatched,0.00,unmatched,PAL ELF not available for byte matching
apply_m34,0x001A2558,,func,,unmatched,0.00,unmatched,PAL ELF not available for byte matching
DrawLightning,0x001A2580,,func,,unmatched,0.00,unmatched,PAL ELF not available for byte matching
lightning_test,0x001A2688,,func,,unmatched,0.00,unmatched,PAL ELF not available for byte matching
cmpr,0x001A2760,,func,,unmatched,0.00,unmatched,PAL ELF not available for byte matching
scale_m34,0x001A2770,,func,,unmatched,0.00,unmatched,PAL ELF not available for byte matching
queen_effect_end_func,0x001A27D0,,func,,unmatched,0.00,unmatched,PAL ELF not available for byte matching
queenBeforeFunc,0x001A2828,,func,,unmatched,0.00,unmatched,PAL ELF not available for byte matching
queen_gene_enemy,0x001A2A10,,func,,unmatched,0.00,unmatched,PAL ELF not available for byte matching
subQueenBrainMain,0x001A2D60,,func,,unmatched,0.00,unmatched,PAL ELF not available for byte matching
queen_Debug_StickControl,0x001A34D8,,func,,unmatched,0.00,unmatched,PAL ELF not available for byte matching
InitQueenGeo,0x001A35D8,,func,,unmatched,0.00,unmatched,PAL ELF not available for byte matching
QueenGeo,0x001A36E0,,func,,unmatched,0.00,unmatched,PAL ELF not available for byte matching
QueenDL,0x001A3790,,func,,unmatched,0.00,unmatched,PAL ELF not available for byte matching
QueenBarrierGeo,0x001A3810,,func,,unmatched,0.00,unmatched,PAL ELF not available for byte matching
QueenBarrierDL,0x001A3C40,,func,,unmatched,0.00,unmatched,PAL ELF not available for byte matching
QueenBallGeo,0x001A3C88,,func,,unmatched,0.00,unmatched,PAL ELF not available for byte matching
QueenBallDL,0x001A4460,,func,,unmatched,0.00,unmatched,PAL ELF not available for byte matching
actQueenStart,0x001A4620,,func,,unmatched,0.00,unmatched,PAL ELF not available for byte matching
QueenStartAttack,0x001A46B0,,func,,unmatched,0.00,unmatched,PAL ELF not available for byte matching
QueenInqDead,0x001A4710,,func,,unmatched,0.00,unmatched,PAL ELF not available for byte matching
QueenBoysWeaponPower,0x001A4738,,func,,unmatched,0.00,unmatched,PAL ELF not available for byte matching
QueenBarrierRadius,0x001A4760,,func,,unmatched,0.00,unmatched,PAL ELF not available for byte matching
QueenBarrierInqBreakable,0x001A4770,,func,,unmatched,0.00,unmatched,PAL ELF not available for byte matching
queenBarrierBeforeFunc,0x001A47C0,,func,,unmatched,0.00,unmatched,PAL ELF not available for byte matching
InqQueenBarrierExist,0x001A4888,,func,,unmatched,0.00,unmatched,PAL ELF not available for byte matching
InitQueenBarrierGeo,0x001A48D0,,func,,unmatched,0.00,unmatched,PAL ELF not available for byte matching
QueenBallRadius,0x001A4968,,func,,unmatched,0.00,unmatched,PAL ELF not available for byte matching
GetQueenBallThickness,0x001A4988,,func,,unmatched,0.00,unmatched,PAL ELF not available for byte matching
queenBallBeforeFunc,0x001A4998,,func,,unmatched,0.00,unmatched,PAL ELF not available for byte matching
InitQueenBallGeo,0x001A4A90,,func,,unmatched,0.00,unmatched,PAL ELF not available for byte matching
subQueenControl,0x001A4B18,,func,,unmatched,0.00,unmatched,PAL ELF not available for byte matching
MakeRefractTexture,0x001A4B68,,func,,unmatched,0.00,unmatched,PAL ELF not available for byte matching
queen_barrier_set_damage,0x001A4E48,,func,,unmatched,0.00,unmatched,PAL ELF not available for byte matching
makeRefractST,0x001A4E60,,func,,unmatched,0.00,unmatched,PAL ELF not available for byte matching
queen_barrier_disp_proc,0x001A50B8,,func,,unmatched,0.00,unmatched,PAL ELF not available for byte matching
queen_barrier_disp_init,0x001A53A0,,func,,unmatched,0.00,unmatched,PAL ELF not available for byte matching
queen_barrier_anim,0x001A55E0,,func,,unmatched,0.00,unmatched,PAL ELF not available for byte matching
GetStageDifferenceMatrix,0x001A5618,,func,,unmatched,0.00,unmatched,PAL ELF not available for byte matching
StageOrientGet2,0x001A57E8,,func,,unmatched,0.00,unmatched,PAL ELF not available for byte matching
OtherStagePositionGet,0x001A5A00,,func,,unmatched,0.00,unmatched,PAL ELF not available for byte matching
StageOrientInit,0x001A5B98,,func,,unmatched,0.00,unmatched,PAL ELF not available for byte matching
StageOrientGet,0x001A5C88,,func,,unmatched,0.00,unmatched,PAL ELF not available for byte matching
switchThread,0x001A5DB8,,func,,unmatched,0.00,unmatched,PAL ELF not available for byte matching
proceedAudio,0x001A5DC0,,func,,unmatched,0.00,unmatched,PAL ELF not available for byte matching
readMpeg,0x001A5DD0,,func,,unmatched,0.00,unmatched,PAL ELF not available for byte matching
initAll,0x001A60C0,,func,,unmatched,0.00,unmatched,PAL ELF not available for byte matching
termAll,0x001A63C8,,func,,unmatched,0.00,unmatched,PAL ELF not available for byte matching
movie_init,0x001A64C0,,func,,unmatched,0.00,unmatched,PAL ELF not available for byte matching
movie_end,0x001A6698,,func,,unmatched,0.00,unmatched,PAL ELF not available for byte matching
movie_proc,0x001A67A8,,func,,unmatched,0.00,unmatched,PAL ELF not available for byte matching
readBufCreate,0x001A6810,,func,,unmatched,0.00,unmatched,PAL ELF not available for byte matching
readBufDelete,0x001A68C0,,func,,unmatched,0.00,unmatched,PAL ELF not available for byte matching
readBufBeginPut,0x001A68C8,,func,,unmatched,0.00,unmatched,PAL ELF not available for byte matching
readBufEndPut,0x001A68F8,,func,,unmatched,0.00,unmatched,PAL ELF not available for byte matching
readBufBeginGet,0x001A6938,,func,,unmatched,0.00,unmatched,PAL ELF not available for byte matching
readBufEndGet,0x001A6980,,func,,unmatched,0.00,unmatched,PAL ELF not available for byte matching
strFileOpen,0x001A69A0,,func,,unmatched,0.00,unmatched,PAL ELF not available for byte matching
strFileClose,0x001A69D8,,func,,unmatched,0.00,unmatched,PAL ELF not available for byte matching
strFileRead,0x001A69F8,,func,,unmatched,0.00,unmatched,PAL ELF not available for byte matching
videoDec_free_buf,0x001A6A18,,func,,unmatched,0.00,unmatched,PAL ELF not available for byte matching
videoDecCreate,0x001A6A20,,func,,unmatched,0.00,unmatched,PAL ELF not available for byte matching
videoDecBeginPut,0x001A6B68,,func,,unmatched,0.00,unmatched,PAL ELF not available for byte matching
videoDecEndPut,0x001A6B70,,func,,unmatched,0.00,unmatched,PAL ELF not available for byte matching
videoDecFlush,0x001A6B78,,func,,unmatched,0.00,unmatched,PAL ELF not available for byte matching
videoCallback,0x001A6C40,,func,,unmatched,0.00,unmatched,PAL ELF not available for byte matching
decBitStrm0,0x001A6D68,,func,,unmatched,0.00,unmatched,PAL ELF not available for byte matching
videoDecFree,0x001A6F80,,func,,unmatched,0.00,unmatched,PAL ELF not available for byte matching
videoDecDelete,0x001A6F90,,func,,unmatched,0.00,unmatched,PAL ELF not available for byte matching
videoDecSetStream,0x001A6FD0,,func,,unmatched,0.00,unmatched,PAL ELF not available for byte matching
videoDecAbort,0x001A6FF0,,func,,unmatched,0.00,unmatched,PAL ELF not available for byte matching
videoDecGetState,0x001A7000,,func,,unmatched,0.00,unmatched,PAL ELF not available for byte matching
videoDecIsFlushed,0x001A7008,,func,,unmatched,0.00,unmatched,PAL ELF not available for byte matching
videoDecMain,0x001A7058,,func,,unmatched,0.00,unmatched,PAL ELF not available for byte matching
mpegError,0x001A70A8,,func,,unmatched,0.00,unmatched,PAL ELF not available for byte matching
mpegNodata,0x001A70D0,,func,,unmatched,0.00,unmatched,PAL ELF not available for byte matching
mpegStopDMA,0x001A7100,,func,,unmatched,0.00,unmatched,PAL ELF not available for byte matching
mpegRestartDMA,0x001A7120,,func,,unmatched,0.00,unmatched,PAL ELF not available for byte matching
mpegTS,0x001A7140,,func,,unmatched,0.00,unmatched,PAL ELF not available for byte matching
voBuf_free_buf,0x001A7180,,func,,unmatched,0.00,unmatched,PAL ELF not available for byte matching
voBufCreate,0x001A71B0,,func,,unmatched,0.00,unmatched,PAL ELF not available for byte matching
voBufDelete,0x001A7310,,func,,unmatched,0.00,unmatched,PAL ELF not available for byte matching
voBufFree,0x001A7318,,func,,unmatched,0.00,unmatched,PAL ELF not available for byte matching
voBufReset,0x001A7328,,func,,unmatched,0.00,unmatched,PAL ELF not available for byte matching
voBufIsFull,0x001A7338,,func,,unmatched,0.00,unmatched,PAL ELF not available for byte matching
voBufIncCount,0x001A7350,,func,,unmatched,0.00,unmatched,PAL ELF not available for byte matching
voBufGetData,0x001A73C8,,func,,unmatched,0.00,unmatched,PAL ELF not available for byte matching
voBufGetTag,0x001A7400,,func,,unmatched,0.00,unmatched,PAL ELF not available for byte matching
voBufDecCount,0x001A7458,,func,,unmatched,0.00,unmatched,PAL ELF not available for byte matching
initGeometryState,0x001A7478,,func,,unmatched,0.00,unmatched,PAL ELF not available for byte matching
initMatrixDObj,0x001A79B8,,func,,unmatched,0.00,unmatched,PAL ELF not available for byte matching
allocObjectData,0x001A7B60,,func,,unmatched,0.00,unmatched,PAL ELF not available for byte matching
initInitialInverseMatrix,0x001A7D40,,func,,unmatched,0.00,unmatched,PAL ELF not available for byte matching
initPolygonState,0x001A7D88,,func,,unmatched,0.00,unmatched,PAL ELF not available for byte matching
CSVSYSTEM_InitDObj,0x001A8140,,func,,unmatched,0.00,unmatched,PAL ELF not available for byte matching
FreeDObj,0x001A8318,,func,,unmatched,0.00,unmatched,PAL ELF not available for byte matching
LinkParentOfDObj,0x001A8320,,func,,unmatched,0.00,unmatched,PAL ELF not available for byte matching
UnlinkParentOfDObj,0x001A8368,,func,,unmatched,0.00,unmatched,PAL ELF not available for byte matching
stop_free_resources,0x001A83A0,,func,,unmatched,0.00,unmatched,PAL ELF not available for byte matching
stage_initialize,0x001A84E0,,func,,unmatched,0.00,unmatched,PAL ELF not available for byte matching
exit_stage,0x001A8590,,func,,unmatched,0.00,unmatched,PAL ELF not available for byte matching
start_stage_Load_thread,0x001A85E0,,func,,unmatched,0.00,unmatched,PAL ELF not available for byte matching
stgmgrNextStagePreLoad,0x001A8728,,func,,unmatched,0.00,unmatched,PAL ELF not available for byte matching
stgmgrNextStagePreLoadEntry,0x001A8960,,func,,unmatched,0.00,unmatched,PAL ELF not available for byte matching
StageManager,0x001A8AA8,,func,,unmatched,0.00,unmatched,PAL ELF not available for byte matching
stgmgrForceSwitch,0x001A8D98,,func,,unmatched,0.00,unmatched,PAL ELF not available for byte matching
stgmgrForceSwitchWithFade,0x001A8DC8,,func,,unmatched,0.00,unmatched,PAL ELF not available for byte matching
stgmgrForceSwitchWithFadeColor,0x001A8DD8,,func,,unmatched,0.00,unmatched,PAL ELF not available for byte matching
stgmgrNextStagePreLoadForceStageSet,0x001A8E40,,func,,unmatched,0.00,unmatched,PAL ELF not available for byte matching
stgmgrNextStagePreLoadDistBoyMode,0x001A8E58,,func,,unmatched,0.00,unmatched,PAL ELF not available for byte matching
stgmgrNextStagePreLoadForceNoCancel,0x001A8E68,,func,,unmatched,0.00,unmatched,PAL ELF not available for byte matching
CheckPoint,0x001A8E70,,func,,unmatched,0.00,unmatched,PAL ELF not available for byte matching
stgmgrNextStagePreLoadDiskNotReady,0x001A8EC0,,func,,unmatched,0.00,unmatched,PAL ELF not available for byte matching
backStageProcessOutStage,0x001A8ED0,,func,,unmatched,0.00,unmatched,PAL ELF not available for byte matching
backStageProcessMain,0x001A9400,,func,,unmatched,0.00,unmatched,PAL ELF not available for byte matching
routeSetPos,0x001A9628,,func,,unmatched,0.00,unmatched,PAL ELF not available for byte matching
backStageProcessInStage,0x001A9868,,func,,unmatched,0.00,unmatched,PAL ELF not available for byte matching
backStageSave,0x001A9CE8,,func,,unmatched,0.00,unmatched,PAL ELF not available for byte matching
backStageLoad,0x001A9D90,,func,,unmatched,0.00,unmatched,PAL ELF not available for byte matching
backStageProcessInit,0x001A9E38,,func,,unmatched,0.00,unmatched,PAL ELF not available for byte matching
backStageDebugTimeZero,0x001A9E50,,func,,unmatched,0.00,unmatched,PAL ELF not available for byte matching
backStageTsuresariReturn,0x001A9E58,,func,,unmatched,0.00,unmatched,PAL ELF not available for byte matching
InitCharFileManager,0x001A9E60,,func,,unmatched,0.00,unmatched,PAL ELF not available for byte matching
ResetCharFileManager,0x001A9EE0,,func,,unmatched,0.00,unmatched,PAL ELF not available for byte matching
ReadModelFile,0x001A9F68,,func,,unmatched,0.00,unmatched,PAL ELF not available for byte matching
ReadVolumeModelFile,0x001AA138,,func,,unmatched,0.00,unmatched,PAL ELF not available for byte matching
ReadShadowModelFile,0x001AA308,,func,,unmatched,0.00,unmatched,PAL ELF not available for byte matching
ReadTextureFile,0x001AA4E8,,func,,unmatched,0.00,unmatched,PAL ELF not available for byte matching
ReadSkeltonFile,0x001AA688,,func,,unmatched,0.00,unmatched,PAL ELF not available for byte matching
ReadCollisionFile,0x001AA8E0,,func,,unmatched,0.00,unmatched,PAL ELF not available for byte matching
ReadStageAnimationFile,0x001AAC50,,func,,unmatched,0.00,unmatched,PAL ELF not available for byte matching
ReadMotionFile,0x001AAD58,,func,,unmatched,0.00,unmatched,PAL ELF not available for byte matching
ReadParticleEffectFile,0x001AAFA0,,func,,unmatched,0.00,unmatched,PAL ELF not available for byte matching
ReadSoundBdFile,0x001AB038,,func,,unmatched,0.00,unmatched,PAL ELF not available for byte matching
ReadSoundHdFile,0x001AB1E8,,func,,unmatched,0.00,unmatched,PAL ELF not available for byte matching
ReadShockFile,0x001AB3C8,,func,,unmatched,0.00,unmatched,PAL ELF not available for byte matching
ReadCamerasetFile,0x001AB4D8,,func,,unmatched,0.00,unmatched,PAL ELF not available for byte matching
ReadEndCheckFile,0x001AB5A8,,func,,unmatched,0.00,unmatched,PAL ELF not available for byte matching
ReadStageSettingFile,0x001AB620,,func,,unmatched,0.00,unmatched,PAL ELF not available for byte matching
CSVSYSTEM_ReadCharFiles,0x001AB6C0,,func,,unmatched,0.00,unmatched,PAL ELF not available for byte matching
ReadSoundSqFile,0x001AB978,,func,,unmatched,0.00,unmatched,PAL ELF not available for byte matching
ReadSoundAdpcmFile,0x001ABAE0,,func,,unmatched,0.00,unmatched,PAL ELF not available for byte matching
GetPObjAddress,0x001ABC20,,func,,unmatched,0.00,unmatched,PAL ELF not available for byte matching
debug_Assert,0x001ABC40,,func,,unmatched,0.00,unmatched,PAL ELF not available for byte matching
debug_openLog,0x001ABCD8,,func,,unmatched,0.00,unmatched,PAL ELF not available for byte matching
debug_LogPrintf,0x001ABCF0,,func,,unmatched,0.00,unmatched,PAL ELF not available for byte matching
debug_SaveDebugOptionFile,0x001ABD48,,func,,unmatched,0.00,unmatched,PAL ELF not available for byte matching
debug_GetDebugOption,0x001ABE68,,func,,unmatched,0.00,unmatched,PAL ELF not available for byte matching
debug_SetDmaCallback,0x001AC088,,func,,unmatched,0.00,unmatched,PAL ELF not available for byte matching
debug_VariableInit,0x001AC0D0,,func,,unmatched,0.00,unmatched,PAL ELF not available for byte matching
debug_Init,0x001AC258,,func,,unmatched,0.00,unmatched,PAL ELF not available for byte matching
debug_Load,0x001AC2B0,,func,,unmatched,0.00,unmatched,PAL ELF not available for byte matching
debug_MakeFont,0x001AC890,,func,,unmatched,0.00,unmatched,PAL ELF not available for byte matching
debug_MakeBackImage,0x001ACBC8,,func,,unmatched,0.00,unmatched,PAL ELF not available for byte matching
debug_PrintCharacter,0x001ACD68,,func,,unmatched,0.00,unmatched,PAL ELF not available for byte matching
debug_PrintFont,0x001AD058,,func,,unmatched,0.00,unmatched,PAL ELF not available for byte matching
debug_FlushFontWindow,0x001AD1B0,,func,,unmatched,0.00,unmatched,PAL ELF not available for byte matching
debug_FlushFont,0x001AD380,,func,,unmatched,0.00,unmatched,PAL ELF not available for byte matching
debug_brainBar,0x001AD630,,func,,unmatched,0.00,unmatched,PAL ELF not available for byte matching
debug_MakeBarString,0x001AD9A0,,func,,unmatched,0.00,unmatched,PAL ELF not available for byte matching
debug_DrawBar,0x001ADB60,,func,,unmatched,0.00,unmatched,PAL ELF not available for byte matching
debug_DispBar,0x001AE958,,func,,unmatched,0.00,unmatched,PAL ELF not available for byte matching
debug_ResizeSnapShot,0x001AEB10,,func,,unmatched,0.00,unmatched,PAL ELF not available for byte matching
debug_WriteBMP,0x001AED70,,func,,unmatched,0.00,unmatched,PAL ELF not available for byte matching
debug_SnapShot,0x001AEEF0,,func,,unmatched,0.00,unmatched,PAL ELF not available for byte matching
debug_DispQW,0x001AF2B8,,func,,unmatched,0.00,unmatched,PAL ELF not available for byte matching
debug_Printf,0x001AF4A0,,func,,unmatched,0.00,unmatched,PAL ELF not available for byte matching
debug_Printf2,0x001AF510,,func,,unmatched,0.00,unmatched,PAL ELF not available for byte matching
debug_PrintFontWindow,0x001AF580,,func,,unmatched,0.00,unmatched,PAL ELF not available for byte matching
debug_PrintfDummy,0x001AF850,,func,,unmatched,0.00,unmatched,PAL ELF not available for byte matching
debug_PrintFontWindowDummy,0x001AF870,,func,,unmatched,0.00,unmatched,PAL ELF not available for byte matching
debug_StdPrintfDummy,0x001AF898,,func,,unmatched,0.00,unmatched,PAL ELF not available for byte matching
debug_PrintFontf,0x001AF8C0,,func,,unmatched,0.00,unmatched,PAL ELF not available for byte matching
debug_PrintMatrix,0x001AFA78,,func,,unmatched,0.00,unmatched,PAL ELF not available for byte matching
debug_DispVu1FReg,0x001AFB28,,func,,unmatched,0.00,unmatched,PAL ELF not available for byte matching
debug_Mode,0x001AFCE0,,func,,unmatched,0.00,unmatched,PAL ELF not available for byte matching
debug_SelectCsvWindowVal,0x001B0128,,func,,unmatched,0.00,unmatched,PAL ELF not available for byte matching
getLineBuffer,0x001B0290,,func,,unmatched,0.00,unmatched,PAL ELF not available for byte matching
getBuffer,0x001B02A8,,func,,unmatched,0.00,unmatched,PAL ELF not available for byte matching
debug_SelectCsvWindow,0x001B02B8,,func,,unmatched,0.00,unmatched,PAL ELF not available for byte matching
debug_SelectStageMain,0x001B0540,,func,,unmatched,0.00,unmatched,PAL ELF not available for byte matching
debug_SelectStage,0x001B0620,,func,,unmatched,0.00,unmatched,PAL ELF not available for byte matching
debug_mcRetErrCheck,0x001B0860,,func,,unmatched,0.00,unmatched,PAL ELF not available for byte matching
debug_selectFile,0x001B0990,,func,,unmatched,0.00,unmatched,PAL ELF not available for byte matching
debug_mcSaveMainBlock,0x001B0B40,,func,,unmatched,0.00,unmatched,PAL ELF not available for byte matching
debug_mcLoadMainBlock,0x001B0D20,,func,,unmatched,0.00,unmatched,PAL ELF not available for byte matching
debug_mcDeleteFile,0x001B0F68,,func,,unmatched,0.00,unmatched,PAL ELF not available for byte matching
debug_MemoryCard,0x001B10E0,,func,,unmatched,0.00,unmatched,PAL ELF not available for byte matching
debug_SETest,0x001B1360,,func,,unmatched,0.00,unmatched,PAL ELF not available for byte matching
debug_SESlotDisp,0x001B1600,,func,,unmatched,0.00,unmatched,PAL ELF not available for byte matching
debugCdvdLoadInfoSegDispFunc,0x001B17B0,,func,,unmatched,0.00,unmatched,PAL ELF not available for byte matching
debug_SelectActGobj,0x001B18A0,,func,,unmatched,0.00,unmatched,PAL ELF not available for byte matching
debug_DispBox,0x001B19E0,,func,,unmatched,0.00,unmatched,PAL ELF not available for byte matching
debug_DispBall,0x001B1DE0,,func,,unmatched,0.00,unmatched,PAL ELF not available for byte matching
debug_CollisionTest,0x001B2140,,func,,unmatched,0.00,unmatched,PAL ELF not available for byte matching
debug_Menu,0x001B2598,,func,,unmatched,0.00,unmatched,PAL ELF not available for byte matching
debug_Menu_off,0x001B27F8,,func,,unmatched,0.00,unmatched,PAL ELF not available for byte matching
debug_BeginTimer,0x001B2800,,func,,unmatched,0.00,unmatched,PAL ELF not available for byte matching
debug_GetTimerSec,0x001B2828,,func,,unmatched,0.00,unmatched,PAL ELF not available for byte matching
debug_GetTimerCount,0x001B28F8,,func,,unmatched,0.00,unmatched,PAL ELF not available for byte matching
debug_ClearFontWindow,0x001B2958,,func,,unmatched,0.00,unmatched,PAL ELF not available for byte matching
debug_ResizeFontWindowHeight,0x001B2990,,func,,unmatched,0.00,unmatched,PAL ELF not available for byte matching
debug_SetBar,0x001B2998,,func,,unmatched,0.00,unmatched,PAL ELF not available for byte matching
debug_SetBar2,0x001B2A50,,func,,unmatched,0.00,unmatched,PAL ELF not available for byte matching
debug_ResetBar,0x001B2B08,,func,,unmatched,0.00,unmatched,PAL ELF not available for byte matching
debug_DispVu1IReg,0x001B2B30,,func,,unmatched,0.00,unmatched,PAL ELF not available for byte matching
debug_DispVu1SReg,0x001B2BD8,,func,,unmatched,0.00,unmatched,PAL ELF not available for byte matching
debug_DispMatrix,0x001B2C80,,func,,unmatched,0.00,unmatched,PAL ELF not available for byte matching
debug_SetBarDummy,0x001B2CC8,,func,,unmatched,0.00,unmatched,PAL ELF not available for byte matching
debug_SelectCsvWindowWithLine,0x001B2CD0,,func,,unmatched,0.00,unmatched,PAL ELF not available for byte matching
debug_TryToGetStartStage,0x001B2F58,,func,,unmatched,0.00,unmatched,PAL ELF not available for byte matching
debugSceOpen,0x001B2F60,,func,,unmatched,0.00,unmatched,PAL ELF not available for byte matching
debugSceClose,0x001B2FC0,,func,,unmatched,0.00,unmatched,PAL ELF not available for byte matching
debugSceCloseFdNew,0x001B2FF0,,func,,unmatched,0.00,unmatched,PAL ELF not available for byte matching
debug_CloseLog,0x001B3028,,func,,unmatched,0.00,unmatched,PAL ELF not available for byte matching
debugCdvdLoadInfoSegInit,0x001B3030,,func,,unmatched,0.00,unmatched,PAL ELF not available for byte matching
debugCdvdLoadInfoSegAdd,0x001B3078,,func,,unmatched,0.00,unmatched,PAL ELF not available for byte matching
debugCdvdLoadInfoSegCls,0x001B30A8,,func,,unmatched,0.00,unmatched,PAL ELF not available for byte matching
gsResetFunc,0x001B30D0,,func,,unmatched,0.00,unmatched,PAL ELF not available for byte matching
ChangeGirlControlMode,0x001B30F8,,func,,unmatched,0.00,unmatched,PAL ELF not available for byte matching
debug_CallbackGsFinish,0x001B3110,,func,,unmatched,0.00,unmatched,PAL ELF not available for byte matching
debug_SaveStartStageFile,0x001B3128,,func,,unmatched,0.00,unmatched,PAL ELF not available for byte matching
_debug_SelectCsvWindow,0x001B31D8,,func,,unmatched,0.00,unmatched,PAL ELF not available for byte matching
debug_SelectCsvWindowWithLineColor,0x001B3480,,func,,unmatched,0.00,unmatched,PAL ELF not available for byte matching
debug_mcFormat,0x001B3728,,func,,unmatched,0.00,unmatched,PAL ELF not available for byte matching
debug_mcUnformat,0x001B3810,,func,,unmatched,0.00,unmatched,PAL ELF not available for byte matching
debug_saveNumFunc,0x001B38F8,,func,,unmatched,0.00,unmatched,PAL ELF not available for byte matching
debug_mcTest,0x001B3928,,func,,unmatched,0.00,unmatched,PAL ELF not available for byte matching
debug_STAFFROLLTest,0x001B3948,,func,,unmatched,0.00,unmatched,PAL ELF not available for byte matching
debug_SETest_color,0x001B3970,,func,,unmatched,0.00,unmatched,PAL ELF not available for byte matching
debug_reverbTest,0x001B39B0,,func,,unmatched,0.00,unmatched,PAL ELF not available for byte matching
debug_AdpcmTest,0x001B3A50,,func,,unmatched,0.00,unmatched,PAL ELF not available for byte matching
debugCdvdLoadInfoSegDisp,0x001B3AE0,,func,,unmatched,0.00,unmatched,PAL ELF not available for byte matching
debug_GameOver,0x001B3BD8,,func,,unmatched,0.00,unmatched,PAL ELF not available for byte matching
debug_EndingDemo,0x001B3BF8,,func,,unmatched,0.00,unmatched,PAL ELF not available for byte matching
debug_BackStageTest,0x001B3C18,,func,,unmatched,0.00,unmatched,PAL ELF not available for byte matching
debug_tsuresariTimeZero,0x001B3C40,,func,,unmatched,0.00,unmatched,PAL ELF not available for byte matching
debug_hintStart,0x001B3C60,,func,,unmatched,0.00,unmatched,PAL ELF not available for byte matching
debug_SelectPad2ControlGobj,0x001B3CC0,,func,,unmatched,0.00,unmatched,PAL ELF not available for byte matching
debug_FreeCamera,0x001B3DE0,,func,,unmatched,0.00,unmatched,PAL ELF not available for byte matching
CloseVif1DirectPacket,0x001B3E20,,func,,unmatched,0.00,unmatched,PAL ELF not available for byte matching
SendVif1DirectPacket,0x001B3E60,,func,,unmatched,0.00,unmatched,PAL ELF not available for byte matching
RestoreNormalDrawEnvironment,0x001B3EB8,,func,,unmatched,0.00,unmatched,PAL ELF not available for byte matching
SetTextureWithFrameBuffer,0x001B3F28,,func,,unmatched,0.00,unmatched,PAL ELF not available for byte matching
SetTexDrawEnvironment,0x001B3FE8,,func,,unmatched,0.00,unmatched,PAL ELF not available for byte matching
SetDrawnTextureEnvironment,0x001B4090,,func,,unmatched,0.00,unmatched,PAL ELF not available for byte matching
SetDrawEnvironment,0x001B4158,,func,,unmatched,0.00,unmatched,PAL ELF not available for byte matching
drawSprite,0x001B4218,,func,,unmatched,0.00,unmatched,PAL ELF not available for byte matching
PutFont,0x001B45B0,,func,,unmatched,0.00,unmatched,PAL ELF not available for byte matching
resetPath,0x001B49A0,,func,,unmatched,0.00,unmatched,PAL ELF not available for byte matching
resetGs,0x001B4A40,,func,,unmatched,0.00,unmatched,PAL ELF not available for byte matching
putString,0x001B4A68,,func,,unmatched,0.00,unmatched,PAL ELF not available for byte matching
drawWin,0x001B4C20,,func,,unmatched,0.00,unmatched,PAL ELF not available for byte matching
saveBack,0x001B4DE8,,func,,unmatched,0.00,unmatched,PAL ELF not available for byte matching
baseFunc,0x001B4E30,,func,,unmatched,0.00,unmatched,PAL ELF not available for byte matching
syncGs,0x001B4F20,,func,,unmatched,0.00,unmatched,PAL ELF not available for byte matching
initLineTraceTable,0x001B4FA0,,func,,unmatched,0.00,unmatched,PAL ELF not available for byte matching
traceLine,0x001B5170,,func,,unmatched,0.00,unmatched,PAL ELF not available for byte matching
dispSource,0x001B5510,,func,,unmatched,0.00,unmatched,PAL ELF not available for byte matching
display,0x001B57B8,,func,,unmatched,0.00,unmatched,PAL ELF not available for byte matching
debugEEExceptionMain,0x001B5BD0,,func,,unmatched,0.00,unmatched,PAL ELF not available for byte matching
debugIOPExceptionMain,0x001B6020,,func,,unmatched,0.00,unmatched,PAL ELF not available for byte matching
debug_SetExceptionMessage,0x001B6150,,func,,unmatched,0.00,unmatched,PAL ELF not available for byte matching
debugExceptionInit,0x001B61B0,,func,,unmatched,0.00,unmatched,PAL ELF not available for byte matching
debugIOPExceptionInit,0x001B6228,,func,,unmatched,0.00,unmatched,PAL ELF not available for byte matching
debug_assertMessage,0x001B6230,,func,,unmatched,0.00,unmatched,PAL ELF not available for byte matching
debug_assert,0x001B6250,,func,,unmatched,0.00,unmatched,PAL ELF not available for byte matching
OpenVif1DirectPacket,0x001B6270,,func,,unmatched,0.00,unmatched,PAL ELF not available for byte matching
SetPrimColor,0x001B62D8,,func,,unmatched,0.00,unmatched,PAL ELF not available for byte matching
SetPrimColorTex,0x001B63D0,,func,,unmatched,0.00,unmatched,PAL ELF not available for byte matching
debug_TargetGObj,0x001B64F0,,func,,unmatched,0.00,unmatched,PAL ELF not available for byte matching
init_debug_menu,0x001B6658,,func,,unmatched,0.00,unmatched,PAL ELF not available for byte matching
debug_TargetGObj_Func,0x001B6670,,func,,unmatched,0.00,unmatched,PAL ELF not available for byte matching
gamesysObjInfoInit,0x001B66A8,,func,,unmatched,0.00,unmatched,PAL ELF not available for byte matching
gamesysObjInfoSave,0x001B6700,,func,,unmatched,0.00,unmatched,PAL ELF not available for byte matching
gamesysObjInfoLoad,0x001B6798,,func,,unmatched,0.00,unmatched,PAL ELF not available for byte matching
gamesysObjInfoEmptyAreaSearch,0x001B67E8,,func,,unmatched,0.00,unmatched,PAL ELF not available for byte matching
gamesysObjInfoBaseSet,0x001B69C0,,func,,unmatched,0.00,unmatched,PAL ELF not available for byte matching
gamesysBackStageProcess,0x001B6C70,,func,,unmatched,0.00,unmatched,PAL ELF not available for byte matching
gamesysMemoryHandlerWrite,0x001B6CA0,,func,,unmatched,0.00,unmatched,PAL ELF not available for byte matching
gamesysGeneratorInfoSave,0x001B6CF8,,func,,unmatched,0.00,unmatched,PAL ELF not available for byte matching
gamesysGeneratorInfoLoad,0x001B6D40,,func,,unmatched,0.00,unmatched,PAL ELF not available for byte matching
gamesysHintInfoSave,0x001B6DA8,,func,,unmatched,0.00,unmatched,PAL ELF not available for byte matching
gamesysHintInfoLoad,0x001B6DF0,,func,,unmatched,0.00,unmatched,PAL ELF not available for byte matching
gamesysCharacterInfoSave,0x001B6E58,,func,,unmatched,0.00,unmatched,PAL ELF not available for byte matching
gamesysCharacterInfoLoad,0x001B6EA0,,func,,unmatched,0.00,unmatched,PAL ELF not available for byte matching
gamesysNObjInfoInit,0x001B6F08,,func,,unmatched,0.00,unmatched,PAL ELF not available for byte matching
gamesysObjInfoStageInitFlagCls,0x001B6F48,,func,,unmatched,0.00,unmatched,PAL ELF not available for byte matching
gamesysObjInfoStageInitPosSaveUnlock,0x001B6F80,,func,,unmatched,0.00,unmatched,PAL ELF not available for byte matching
gamesysObjInfoPosSetStage,0x001B6FB8,,func,,unmatched,0.00,unmatched,PAL ELF not available for byte matching
gamesysObjInfoUniqDataSet,0x001B6FF8,,func,,unmatched,0.00,unmatched,PAL ELF not available for byte matching
gamesysObjInfoPosNewStageSet,0x001B7060,,func,,unmatched,0.00,unmatched,PAL ELF not available for byte matching
gamesysObjInfoGet,0x001B7188,,func,,unmatched,0.00,unmatched,PAL ELF not available for byte matching
gamesysObjInfoCls,0x001B7290,,func,,unmatched,0.00,unmatched,PAL ELF not available for byte matching
gamesysGirlStageGet,0x001B73A0,,func,,unmatched,0.00,unmatched,PAL ELF not available for byte matching
gamesysGetGirlStageIDAndPosition,0x001B73C8,,func,,unmatched,0.00,unmatched,PAL ELF not available for byte matching
gamesysStageExitTimeSet,0x001B7418,,func,,unmatched,0.00,unmatched,PAL ELF not available for byte matching
gamesysMemoryHandlerRead,0x001B7438,,func,,unmatched,0.00,unmatched,PAL ELF not available for byte matching
gamesysMemorySave,0x001B7488,,func,,unmatched,0.00,unmatched,PAL ELF not available for byte matching
gamesysMemoryLoad,0x001B74E0,,func,,unmatched,0.00,unmatched,PAL ELF not available for byte matching
gamesysVersionLoad,0x001B7540,,func,,unmatched,0.00,unmatched,PAL ELF not available for byte matching
gamesysVersionSave,0x001B7588,,func,,unmatched,0.00,unmatched,PAL ELF not available for byte matching
ParentSimpleObjGeo,0x001B75E8,,func,,unmatched,0.00,unmatched,PAL ELF not available for byte matching
ParentSimpleObjDL,0x001B75F0,,func,,unmatched,0.00,unmatched,PAL ELF not available for byte matching
InitParentSimpleObjGeo,0x001B75F8,,func,,unmatched,0.00,unmatched,PAL ELF not available for byte matching
disp_memory_partition_bar,0x001B7600,,func,,unmatched,0.00,unmatched,PAL ELF not available for byte matching
disp_memory_partition,0x001B7BE8,,func,,unmatched,0.00,unmatched,PAL ELF not available for byte matching
ExecIcoMisc,0x001B7D28,,func,,unmatched,0.00,unmatched,PAL ELF not available for byte matching
InitIcoMisc,0x001B8040,,func,,unmatched,0.00,unmatched,PAL ELF not available for byte matching
DispIcoMisc,0x001B8568,,func,,unmatched,0.00,unmatched,PAL ELF not available for byte matching
ExitIcoMisc,0x001B8730,,func,,unmatched,0.00,unmatched,PAL ELF not available for byte matching
kanbanReqAdd,0x001B8738,,func,,unmatched,0.00,unmatched,PAL ELF not available for byte matching
kanban_init_textures_of_specified_property,0x001B8868,,func,,unmatched,0.00,unmatched,PAL ELF not available for byte matching
kanbanInit,0x001B8A10,,func,,unmatched,0.00,unmatched,PAL ELF not available for byte matching
kanban_display_texture,0x001B8B10,,func,,unmatched,0.00,unmatched,PAL ELF not available for byte matching
fade_exec,0x001B8DE0,,func,,unmatched,0.00,unmatched,PAL ELF not available for byte matching
display_layout,0x001B8F28,,func,,unmatched,0.00,unmatched,PAL ELF not available for byte matching
kanbanReqDel,0x001B90D8,,func,,unmatched,0.00,unmatched,PAL ELF not available for byte matching
kanbanReqDelFade,0x001B9110,,func,,unmatched,0.00,unmatched,PAL ELF not available for byte matching
kanbanReqAllDel,0x001B9130,,func,,unmatched,0.00,unmatched,PAL ELF not available for byte matching
kanbanReqAllDelFade,0x001B9168,,func,,unmatched,0.00,unmatched,PAL ELF not available for byte matching
kanbanExec,0x001B91A0,,func,,unmatched,0.00,unmatched,PAL ELF not available for byte matching
kanbanBootMcCheck,0x001B92D0,,func,,unmatched,0.00,unmatched,PAL ELF not available for byte matching
kanbanBootMain,0x001B9920,,func,,unmatched,0.00,unmatched,PAL ELF not available for byte matching
kanbanBootInit,0x001B9A78,,func,,unmatched,0.00,unmatched,PAL ELF not available for byte matching
kanbanBootStart,0x001B9A98,,func,,unmatched,0.00,unmatched,PAL ELF not available for byte matching
POSITIVE_SE,0x001B9AA8,,func,,unmatched,0.00,unmatched,PAL ELF not available for byte matching
NEGATIVE_SE,0x001B9AC0,,func,,unmatched,0.00,unmatched,PAL ELF not available for byte matching
CUR_SE,0x001B9AD8,,func,,unmatched,0.00,unmatched,PAL ELF not available for byte matching
la_TESTFUNCTION,0x001B9AF0,,func,,unmatched,0.00,unmatched,PAL ELF not available for byte matching
_la_mcard_error_check,0x001B9B00,,func,,unmatched,0.00,unmatched,PAL ELF not available for byte matching
_la_memory_card_check,0x001B9BF8,,func,,unmatched,0.00,unmatched,PAL ELF not available for byte matching
_la_set_current_port_2,0x001B9F88,,func,,unmatched,0.00,unmatched,PAL ELF not available for byte matching
_la_set_current_port_lock_2,0x001BA2E0,,func,,unmatched,0.00,unmatched,PAL ELF not available for byte matching
_la_set_current_port_new,0x001BA4A8,,func,,unmatched,0.00,unmatched,PAL ELF not available for byte matching
la_vibe_select,0x001BA660,,func,,unmatched,0.00,unmatched,PAL ELF not available for byte matching
la_title_continue_or_new,0x001BA870,,func,,unmatched,0.00,unmatched,PAL ELF not available for byte matching
la_title_new_game_only,0x001BAA60,,func,,unmatched,0.00,unmatched,PAL ELF not available for byte matching
la_mc_file_select,0x001BAC08,,func,,unmatched,0.00,unmatched,PAL ELF not available for byte matching
_la_mask_preview_info,0x001BAE88,,func,,unmatched,0.00,unmatched,PAL ELF not available for byte matching
_la_set_preview_info,0x001BAF48,,func,,unmatched,0.00,unmatched,PAL ELF not available for byte matching
la_load_game_memory_card_check,0x001BB238,,func,,unmatched,0.00,unmatched,PAL ELF not available for byte matching
la_mc_load_file_select,0x001BB3A8,,func,,unmatched,0.00,unmatched,PAL ELF not available for byte matching
la_load_confirm_no_memory_card,0x001BB668,,func,,unmatched,0.00,unmatched,PAL ELF not available for byte matching
la_load_confirm_no_data,0x001BB7B0,,func,,unmatched,0.00,unmatched,PAL ELF not available for byte matching
la_load_start_check,0x001BB8D0,,func,,unmatched,0.00,unmatched,PAL ELF not available for byte matching
la_load_processing,0x001BB9E0,,func,,unmatched,0.00,unmatched,PAL ELF not available for byte matching
la_mc_confirm_save_file,0x001BBE18,,func,,unmatched,0.00,unmatched,PAL ELF not available for byte matching
la_save_game_memory_card_check,0x001BC030,,func,,unmatched,0.00,unmatched,PAL ELF not available for byte matching
progressive_bar,0x001BC210,,func,,unmatched,0.00,unmatched,PAL ELF not available for byte matching
la_mc_save_file_select,0x001BC408,,func,,unmatched,0.00,unmatched,PAL ELF not available for byte matching
la_save_start_check,0x001BC6E8,,func,,unmatched,0.00,unmatched,PAL ELF not available for byte matching
la_save_confirm_overwrite,0x001BC868,,func,,unmatched,0.00,unmatched,PAL ELF not available for byte matching
la_format_confirm,0x001BCA10,,func,,unmatched,0.00,unmatched,PAL ELF not available for byte matching
la_system_save_processing,0x001BCBA8,,func,,unmatched,0.00,unmatched,PAL ELF not available for byte matching
la_save_processing,0x001BCED0,,func,,unmatched,0.00,unmatched,PAL ELF not available for byte matching
la_end_confirm,0x001BD288,,func,,unmatched,0.00,unmatched,PAL ELF not available for byte matching
la_delete_processing,0x001BD408,,func,,unmatched,0.00,unmatched,PAL ELF not available for byte matching
la_game_loop,0x001BD500,,func,,unmatched,0.00,unmatched,PAL ELF not available for byte matching
la_game_over_continue,0x001BD660,,func,,unmatched,0.00,unmatched,PAL ELF not available for byte matching
la_key_config,0x001BD860,,func,,unmatched,0.00,unmatched,PAL ELF not available for byte matching
la_game_option,0x001BDCB8,,func,,unmatched,0.00,unmatched,PAL ELF not available for byte matching
la_adjust_screen,0x001BE058,,func,,unmatched,0.00,unmatched,PAL ELF not available for byte matching
la_boot_memory_card_check,0x001BE190,,func,,unmatched,0.00,unmatched,PAL ELF not available for byte matching
la_boot_no_memory_card,0x001BE1D8,,func,,unmatched,0.00,unmatched,PAL ELF not available for byte matching
la_boot_no_free_area,0x001BE208,,func,,unmatched,0.00,unmatched,PAL ELF not available for byte matching
la_boot_confirm_memory_card,0x001BE238,,func,,unmatched,0.00,unmatched,PAL ELF not available for byte matching
la_scei_logo,0x001BE270,,func,,unmatched,0.00,unmatched,PAL ELF not available for byte matching
la_title_demo,0x001BE2D8,,func,,unmatched,0.00,unmatched,PAL ELF not available for byte matching
la_mc_preview_info,0x001BE2E0,,func,,unmatched,0.00,unmatched,PAL ELF not available for byte matching
la_mc_current_slot,0x001BE320,,func,,unmatched,0.00,unmatched,PAL ELF not available for byte matching
la_mc_load_current_slot_select,0x001BE358,,func,,unmatched,0.00,unmatched,PAL ELF not available for byte matching
la_mc_save_current_slot_select,0x001BE3E8,,func,,unmatched,0.00,unmatched,PAL ELF not available for byte matching
la_general_mc_confirm,0x001BE478,,func,,unmatched,0.00,unmatched,PAL ELF not available for byte matching
la_save_confirm_no_memory_card,0x001BE4B0,,func,,unmatched,0.00,unmatched,PAL ELF not available for byte matching
la_save_confirm_no_free_area,0x001BE5A0,,func,,unmatched,0.00,unmatched,PAL ELF not available for byte matching
la_format_processing,0x001BE6A0,,func,,unmatched,0.00,unmatched,PAL ELF not available for byte matching
la_save_confirm_complete,0x001BE780,,func,,unmatched,0.00,unmatched,PAL ELF not available for byte matching
la_save_confirm_fail,0x001BE870,,func,,unmatched,0.00,unmatched,PAL ELF not available for byte matching
la_format_confirm_fail,0x001BE878,,func,,unmatched,0.00,unmatched,PAL ELF not available for byte matching
la_delete_start_check,0x001BE880,,func,,unmatched,0.00,unmatched,PAL ELF not available for byte matching
la_delete_confirm,0x001BE930,,func,,unmatched,0.00,unmatched,PAL ELF not available for byte matching
la_delete_confirm_complete,0x001BE988,,func,,unmatched,0.00,unmatched,PAL ELF not available for byte matching
la_delete_confirm_fail,0x001BE9C8,,func,,unmatched,0.00,unmatched,PAL ELF not available for byte matching
la_game_loading,0x001BE9D0,,func,,unmatched,0.00,unmatched,PAL ELF not available for byte matching
la_playtime_count,0x001BE9E8,,func,,unmatched,0.00,unmatched,PAL ELF not available for byte matching
la_game_demo,0x001BEA10,,func,,unmatched,0.00,unmatched,PAL ELF not available for byte matching
la_game_demo_pause,0x001BEAD0,,func,,unmatched,0.00,unmatched,PAL ELF not available for byte matching
la_game_pause,0x001BEB18,,func,,unmatched,0.00,unmatched,PAL ELF not available for byte matching
la_switching_stage,0x001BEBC8,,func,,unmatched,0.00,unmatched,PAL ELF not available for byte matching
la_save_confirm_yesno,0x001BEC08,,func,,unmatched,0.00,unmatched,PAL ELF not available for byte matching
PSH_POSITIVE_OR_NEGATIVE,0x001BEC40,,func,,unmatched,0.00,unmatched,PAL ELF not available for byte matching
keyconfig_reset,0x001BEC80,,func,,unmatched,0.00,unmatched,PAL ELF not available for byte matching
la_mc_saved_file_select,0x001BEDA0,,func,,unmatched,0.00,unmatched,PAL ELF not available for byte matching
display_texture_fade_cancel_chk,0x001BEEA8,,func,,unmatched,0.00,unmatched,PAL ELF not available for byte matching
lt_analog2Pad,0x001BF130,,func,,unmatched,0.00,unmatched,PAL ELF not available for byte matching
default_item_select,0x001BF220,,func,,unmatched,0.00,unmatched,PAL ELF not available for byte matching
texture_fading,0x001BF610,,func,,unmatched,0.00,unmatched,PAL ELF not available for byte matching
lt_display_texture,0x001BF960,,func,,unmatched,0.00,unmatched,PAL ELF not available for byte matching
display_primary_texture_layout,0x001C03E0,,func,,unmatched,0.00,unmatched,PAL ELF not available for byte matching
exec_layout_texture,0x001C06C8,,func,,unmatched,0.00,unmatched,PAL ELF not available for byte matching
lt_init_textures_of_specified_property,0x001C09A8,,func,,unmatched,0.00,unmatched,PAL ELF not available for byte matching
init_layout_texture,0x001C0B38,,func,,unmatched,0.00,unmatched,PAL ELF not available for byte matching
lt_switch_layout,0x001C0CB8,,func,,unmatched,0.00,unmatched,PAL ELF not available for byte matching
lt_current_property_item,0x001C0D28,,func,,unmatched,0.00,unmatched,PAL ELF not available for byte matching
lt_link_layout,0x001C0D30,,func,,unmatched,0.00,unmatched,PAL ELF not available for byte matching
lt_prev_layout,0x001C0DE8,,func,,unmatched,0.00,unmatched,PAL ELF not available for byte matching
lt_next_layout,0x001C0E88,,func,,unmatched,0.00,unmatched,PAL ELF not available for byte matching
lt_mask_property,0x001C0F20,,func,,unmatched,0.00,unmatched,PAL ELF not available for byte matching
lt_default_mask_property,0x001C0F58,,func,,unmatched,0.00,unmatched,PAL ELF not available for byte matching
lt_fade_status,0x001C0F90,,func,,unmatched,0.00,unmatched,PAL ELF not available for byte matching
lt_set_item_select_func,0x001C0F98,,func,,unmatched,0.00,unmatched,PAL ELF not available for byte matching
lt_set_fade_mode,0x001C0FA0,,func,,unmatched,0.00,unmatched,PAL ELF not available for byte matching
GetRealModelId,0x001C0FA8,,func,,unmatched,0.00,unmatched,PAL ELF not available for byte matching
InitStageLight,0x001C1118,,func,,unmatched,0.00,unmatched,PAL ELF not available for byte matching
initSceneGObj,0x001C1490,,func,,unmatched,0.00,unmatched,PAL ELF not available for byte matching
initParentLink,0x001C1920,,func,,unmatched,0.00,unmatched,PAL ELF not available for byte matching
initWayData,0x001C1A70,,func,,unmatched,0.00,unmatched,PAL ELF not available for byte matching
InitSceneObjects,0x001C1A78,,func,,unmatched,0.00,unmatched,PAL ELF not available for byte matching
HotInitSceneObjects,0x001C1CC0,,func,,unmatched,0.00,unmatched,PAL ELF not available for byte matching
ChangeStageStartInfo,0x001C1D68,,func,,unmatched,0.00,unmatched,PAL ELF not available for byte matching
CreateLayoutedGObj,0x001C1D88,,func,,unmatched,0.00,unmatched,PAL ELF not available for byte matching
MoveNextStage_Set,0x001C1E50,,func,,unmatched,0.00,unmatched,PAL ELF not available for byte matching
test_nextstage_firstwalk_set,0x001C1EB0,,func,,unmatched,0.00,unmatched,PAL ELF not available for byte matching
GetStageStartInfo,0x001C1EC0,,func,,unmatched,0.00,unmatched,PAL ELF not available for byte matching
MoveNextStage_Clear,0x001C1F48,,func,,unmatched,0.00,unmatched,PAL ELF not available for byte matching
staffRollStart,0x001C1F58,,func,,unmatched,0.00,unmatched,PAL ELF not available for byte matching
staffRollScroll,0x001C2000,,func,,unmatched,0.00,unmatched,PAL ELF not available for byte matching
staffRollNameOut,0x001C2178,,func,,unmatched,0.00,unmatched,PAL ELF not available for byte matching
staffRollMain,0x001C22B8,,func,,unmatched,0.00,unmatched,PAL ELF not available for byte matching
staffRollWide,0x001C24B0,,func,,unmatched,0.00,unmatched,PAL ELF not available for byte matching
InitAP1,0x001C2510,,func,,unmatched,0.00,unmatched,PAL ELF not available for byte matching
yAxisRotFitting,0x001C2AD0,,func,,unmatched,0.00,unmatched,PAL ELF not available for byte matching
zAxisRotFitting,0x001C2BB8,,func,,unmatched,0.00,unmatched,PAL ELF not available for byte matching
fitToCol,0x001C2CA0,,func,,unmatched,0.00,unmatched,PAL ELF not available for byte matching
walkMot,0x001C32A0,,func,,unmatched,0.00,unmatched,PAL ELF not available for byte matching
rolling,0x001C3428,,func,,unmatched,0.00,unmatched,PAL ELF not available for byte matching
calcSubMission,0x001C3780,,func,,unmatched,0.00,unmatched,PAL ELF not available for byte matching
updateMatrix,0x001C3E68,,func,,unmatched,0.00,unmatched,PAL ELF not available for byte matching
resetPositionInfo,0x001C40B8,,func,,unmatched,0.00,unmatched,PAL ELF not available for byte matching
AP1Geo,0x001C4108,,func,,unmatched,0.00,unmatched,PAL ELF not available for byte matching
AP1DL,0x001C4308,,func,,unmatched,0.00,unmatched,PAL ELF not available for byte matching
GetAP1SpecType,0x001C4398,,func,,unmatched,0.00,unmatched,PAL ELF not available for byte matching
SetAP1VisualState,0x001C43A8,,func,,unmatched,0.00,unmatched,PAL ELF not available for byte matching
AP1Turn,0x001C43B8,,func,,unmatched,0.00,unmatched,PAL ELF not available for byte matching
AP1MotReqForce,0x001C4440,,func,,unmatched,0.00,unmatched,PAL ELF not available for byte matching
AP1MotReq,0x001C4488,,func,,unmatched,0.00,unmatched,PAL ELF not available for byte matching
AP1JumpReq,0x001C44C8,,func,,unmatched,0.00,unmatched,PAL ELF not available for byte matching
MakeAP1GObj,0x001C4548,,func,,unmatched,0.00,unmatched,PAL ELF not available for byte matching
GetAP1Mode,0x001C4598,,func,,unmatched,0.00,unmatched,PAL ELF not available for byte matching
standMot,0x001C45C0,,func,,unmatched,0.00,unmatched,PAL ELF not available for byte matching
rollingMot,0x001C4610,,func,,unmatched,0.00,unmatched,PAL ELF not available for byte matching
attackMotInit,0x001C4658,,func,,unmatched,0.00,unmatched,PAL ELF not available for byte matching
attackMot,0x001C4700,,func,,unmatched,0.00,unmatched,PAL ELF not available for byte matching
standAI,0x001C4788,,func,,unmatched,0.00,unmatched,PAL ELF not available for byte matching
walkAI,0x001C4940,,func,,unmatched,0.00,unmatched,PAL ELF not available for byte matching
hehehe,0x001C4CD0,,func,,unmatched,0.00,unmatched,PAL ELF not available for byte matching
SleepAP1,0x001C4CF0,,func,,unmatched,0.00,unmatched,PAL ELF not available for byte matching
WakeUpAP1,0x001C4D38,,func,,unmatched,0.00,unmatched,PAL ELF not available for byte matching
subAP1BrainMain,0x001C4DC0,,func,,unmatched,0.00,unmatched,PAL ELF not available for byte matching
hitProc,0x001C5250,,func,,unmatched,0.00,unmatched,PAL ELF not available for byte matching
SetAP1DeadStatus,0x001C5258,,func,,unmatched,0.00,unmatched,PAL ELF not available for byte matching
AP1BeforeFunc,0x001C52A0,,func,,unmatched,0.00,unmatched,PAL ELF not available for byte matching
actAP1Start,0x001C5570,,func,,unmatched,0.00,unmatched,PAL ELF not available for byte matching
IsActCharDead,0x001C56A0,,func,,unmatched,0.00,unmatched,PAL ELF not available for byte matching
SetAP1HostGObj,0x001C56C0,,func,,unmatched,0.00,unmatched,PAL ELF not available for byte matching
SetAP1PriorLevel,0x001C56D0,,func,,unmatched,0.00,unmatched,PAL ELF not available for byte matching
GetAP1AIMode,0x001C56E0,,func,,unmatched,0.00,unmatched,PAL ELF not available for byte matching
jumpAI,0x001C5720,,func,,unmatched,0.00,unmatched,PAL ELF not available for byte matching
attackAI,0x001C5748,,func,,unmatched,0.00,unmatched,PAL ELF not available for byte matching
subAP1Control,0x001C5770,,func,,unmatched,0.00,unmatched,PAL ELF not available for byte matching
SetActressLight,0x001C5780,,func,,unmatched,0.00,unmatched,PAL ELF not available for byte matching
AttackCheckBoundaryBeforeFunc,0x001C5848,,func,,unmatched,0.00,unmatched,PAL ELF not available for byte matching
InitAttackCheckBoundaryManagerGeo,0x001C59D0,,func,,unmatched,0.00,unmatched,PAL ELF not available for byte matching
AttackCheckBoundaryManagerGeo,0x001C5C88,,func,,unmatched,0.00,unmatched,PAL ELF not available for byte matching
AttackCheckBoundaryManagerDL,0x001C5CF8,,func,,unmatched,0.00,unmatched,PAL ELF not available for byte matching
InitAttackCheckBoundaryGeo,0x001C5D00,,func,,unmatched,0.00,unmatched,PAL ELF not available for byte matching
AttackCheckBoundaryGeo,0x001C5D50,,func,,unmatched,0.00,unmatched,PAL ELF not available for byte matching
AttackCheckBoundaryDL,0x001C5D78,,func,,unmatched,0.00,unmatched,PAL ELF not available for byte matching
actAttackCheckBoundaryStart,0x001C5E28,,func,,unmatched,0.00,unmatched,PAL ELF not available for byte matching
GetAttackCheckBoundaryRadius,0x001C5E80,,func,,unmatched,0.00,unmatched,PAL ELF not available for byte matching
CreateAttackCheckBoundary,0x001C5E90,,func,,unmatched,0.00,unmatched,PAL ELF not available for byte matching
GetAttackCheckBoundaryManagerStatus,0x001C5F38,,func,,unmatched,0.00,unmatched,PAL ELF not available for byte matching
SetAttackCheckBoundaryAttribute,0x001C5F48,,func,,unmatched,0.00,unmatched,PAL ELF not available for byte matching
switchOnSE,0x001C5F58,,func,,unmatched,0.00,unmatched,PAL ELF not available for byte matching
switchReleaseSE,0x001C5F60,,func,,unmatched,0.00,unmatched,PAL ELF not available for byte matching
GetFloorLeverGlobalHoldPoint,0x001C5F68,,func,,unmatched,0.00,unmatched,PAL ELF not available for byte matching
FloorLeverTriStateGeo,0x001C5FE0,,func,,unmatched,0.00,unmatched,PAL ELF not available for byte matching
FloorLeverGeo,0x001C6058,,func,,unmatched,0.00,unmatched,PAL ELF not available for byte matching
FloorLeverDL,0x001C62E8,,func,,unmatched,0.00,unmatched,PAL ELF not available for byte matching
GetWallLeverGlobalHoldPoint,0x001C6368,,func,,unmatched,0.00,unmatched,PAL ELF not available for byte matching
WallLeverGeo,0x001C63E0,,func,,unmatched,0.00,unmatched,PAL ELF not available for byte matching
WallLeverDL,0x001C66A0,,func,,unmatched,0.00,unmatched,PAL ELF not available for byte matching
CheckReadyAllSwitches,0x001C6720,,func,,unmatched,0.00,unmatched,PAL ELF not available for byte matching
landingSE,0x001C6850,,func,,unmatched,0.00,unmatched,PAL ELF not available for byte matching
fallDownStartSE,0x001C6858,,func,,unmatched,0.00,unmatched,PAL ELF not available for byte matching
pushStartSE,0x001C6860,,func,,unmatched,0.00,unmatched,PAL ELF not available for byte matching
pullStartSE,0x001C6868,,func,,unmatched,0.00,unmatched,PAL ELF not available for byte matching
wallHitSE,0x001C6870,,func,,unmatched,0.00,unmatched,PAL ELF not available for byte matching
initFallDown,0x001C6878,,func,,unmatched,0.00,unmatched,PAL ELF not available for byte matching
checkFieldContact,0x001C69A0,,func,,unmatched,0.00,unmatched,PAL ELF not available for byte matching
execNormalMove,0x001C6AF0,,func,,unmatched,0.00,unmatched,PAL ELF not available for byte matching
execAutoMove,0x001C7010,,func,,unmatched,0.00,unmatched,PAL ELF not available for byte matching
AlignBox,0x001C7150,,func,,unmatched,0.00,unmatched,PAL ELF not available for byte matching
initWheels,0x001C72E0,,func,,unmatched,0.00,unmatched,PAL ELF not available for byte matching
dispWheels,0x001C7540,,func,,unmatched,0.00,unmatched,PAL ELF not available for byte matching
getNearestPosition,0x001C7648,,func,,unmatched,0.00,unmatched,PAL ELF not available for byte matching
onPathInitialize,0x001C7948,,func,,unmatched,0.00,unmatched,PAL ELF not available for byte matching
onPath,0x001C7B30,,func,,unmatched,0.00,unmatched,PAL ELF not available for byte matching
playAnimationCore,0x001C8090,,func,,unmatched,0.00,unmatched,PAL ELF not available for byte matching
MoveFloatingBox,0x001C81C8,,func,,unmatched,0.00,unmatched,PAL ELF not available for byte matching
avoidCharGObj,0x001C84D0,,func,,unmatched,0.00,unmatched,PAL ELF not available for byte matching
execFloating,0x001C8620,,func,,unmatched,0.00,unmatched,PAL ELF not available for byte matching
initFloating,0x001C8BE0,,func,,unmatched,0.00,unmatched,PAL ELF not available for byte matching
_checkItemBreak,0x001C8CA8,,func,,unmatched,0.00,unmatched,PAL ELF not available for byte matching
initLanding,0x001C8E08,,func,,unmatched,0.00,unmatched,PAL ELF not available for byte matching
execFallDown,0x001C8F00,,func,,unmatched,0.00,unmatched,PAL ELF not available for byte matching
inertiaMove,0x001C90F0,,func,,unmatched,0.00,unmatched,PAL ELF not available for byte matching
action,0x001C9270,,func,,unmatched,0.00,unmatched,PAL ELF not available for byte matching
GetBoxHoldPoint,0x001C9448,,func,,unmatched,0.00,unmatched,PAL ELF not available for byte matching
_checkItemCollision,0x001C9688,,func,,unmatched,0.00,unmatched,PAL ELF not available for byte matching
moveBoxAutoMatic,0x001C97E0,,func,,unmatched,0.00,unmatched,PAL ELF not available for byte matching
MoveBoxWithHoldPoint,0x001C99A8,,func,,unmatched,0.00,unmatched,PAL ELF not available for byte matching
ReInitBoxGeo,0x001CA088,,func,,unmatched,0.00,unmatched,PAL ELF not available for byte matching
InitBoxGeo,0x001CA160,,func,,unmatched,0.00,unmatched,PAL ELF not available for byte matching
BoxGeo,0x001CA5C8,,func,,unmatched,0.00,unmatched,PAL ELF not available for byte matching
GetBoxMode,0x001CA638,,func,,unmatched,0.00,unmatched,PAL ELF not available for byte matching
CanHoldBox,0x001CA648,,func,,unmatched,0.00,unmatched,PAL ELF not available for byte matching
BoxDL,0x001CA660,,func,,unmatched,0.00,unmatched,PAL ELF not available for byte matching
GetBoxGlobalHoldPoint,0x001CA6D8,,func,,unmatched,0.00,unmatched,PAL ELF not available for byte matching
IsThisBoxTruck,0x001CA720,,func,,unmatched,0.00,unmatched,PAL ELF not available for byte matching
ExecBoxMoveStartReaction,0x001CA730,,func,,unmatched,0.00,unmatched,PAL ELF not available for byte matching
ExecBoxMoveEndReaction,0x001CA798,,func,,unmatched,0.00,unmatched,PAL ELF not available for byte matching
BoxGeoRestore,0x001CA820,,func,,unmatched,0.00,unmatched,PAL ELF not available for byte matching
BoxExtGeoRestore,0x001CA8C8,,func,,unmatched,0.00,unmatched,PAL ELF not available for byte matching
BoxMemoryFunc,0x001CA8D0,,func,,unmatched,0.00,unmatched,PAL ELF not available for byte matching
InitSwitchGeo,0x001CA8D8,,func,,unmatched,0.00,unmatched,PAL ELF not available for byte matching
SwitchGeo,0x001CA8E0,,func,,unmatched,0.00,unmatched,PAL ELF not available for byte matching
SwitchDL,0x001CA8E8,,func,,unmatched,0.00,unmatched,PAL ELF not available for byte matching
SetSwitchTriggerFunc,0x001CA8F0,,func,,unmatched,0.00,unmatched,PAL ELF not available for byte matching
SetSwitchState,0x001CA900,,func,,unmatched,0.00,unmatched,PAL ELF not available for byte matching
SetFloorLeverWithNodePoint,0x001CA948,,func,,unmatched,0.00,unmatched,PAL ELF not available for byte matching
CanFloorLeverPull,0x001CAA40,,func,,unmatched,0.00,unmatched,PAL ELF not available for byte matching
InitFloorLeverGeo,0x001CAA58,,func,,unmatched,0.00,unmatched,PAL ELF not available for byte matching
GetFloorLeverAngle,0x001CAB68,,func,,unmatched,0.00,unmatched,PAL ELF not available for byte matching
SetWallLeverWithNodePoint,0x001CAB78,,func,,unmatched,0.00,unmatched,PAL ELF not available for byte matching
CanWallLeverPull,0x001CAC70,,func,,unmatched,0.00,unmatched,PAL ELF not available for byte matching
IsWallLeverStatus,0x001CAC88,,func,,unmatched,0.00,unmatched,PAL ELF not available for byte matching
InitWallLeverGeo,0x001CACD0,,func,,unmatched,0.00,unmatched,PAL ELF not available for byte matching
GetWallLeverAngle,0x001CADE0,,func,,unmatched,0.00,unmatched,PAL ELF not available for byte matching
initParentize,0x001CADF0,,func,,unmatched,0.00,unmatched,PAL ELF not available for byte matching
getAlign,0x001CAE70,,func,,unmatched,0.00,unmatched,PAL ELF not available for byte matching
GetDistanceOfGObj,0x001CAED8,,func,,unmatched,0.00,unmatched,PAL ELF not available for byte matching
moveXPlus,0x001CAF40,,func,,unmatched,0.00,unmatched,PAL ELF not available for byte matching
moveXMinus,0x001CB000,,func,,unmatched,0.00,unmatched,PAL ELF not available for byte matching
moveZPlus,0x001CB0C8,,func,,unmatched,0.00,unmatched,PAL ELF not available for byte matching
moveZMinus,0x001CB188,,func,,unmatched,0.00,unmatched,PAL ELF not available for byte matching
BoxRideFunc,0x001CB250,,func,,unmatched,0.00,unmatched,PAL ELF not available for byte matching
boy_dispClothes,0x001CB2E0,,func,,unmatched,0.00,unmatched,PAL ELF not available for byte matching
boy_execClothes,0x001CB380,,func,,unmatched,0.00,unmatched,PAL ELF not available for byte matching
InitLightLineGeo,0x001CB510,,func,,unmatched,0.00,unmatched,PAL ELF not available for byte matching
LightLineDL,0x001CB838,,func,,unmatched,0.00,unmatched,PAL ELF not available for byte matching
InitBoyGeo,0x001CBC28,,func,,unmatched,0.00,unmatched,PAL ELF not available for byte matching
synchronizeMotionOutputOriginForGirl,0x001CBF90,,func,,unmatched,0.00,unmatched,PAL ELF not available for byte matching
actionOfWater,0x001CC120,,func,,unmatched,0.00,unmatched,PAL ELF not available for byte matching
BoyGeo,0x001CC290,,func,,unmatched,0.00,unmatched,PAL ELF not available for byte matching
dispSubParts,0x001CC368,,func,,unmatched,0.00,unmatched,PAL ELF not available for byte matching
boy_dispCrown,0x001CC428,,func,,unmatched,0.00,unmatched,PAL ELF not available for byte matching
BoyDL,0x001CC4D8,,func,,unmatched,0.00,unmatched,PAL ELF not available for byte matching
SelectBoyCrown,0x001CC620,,func,,unmatched,0.00,unmatched,PAL ELF not available for byte matching
LightLineGeo,0x001CC630,,func,,unmatched,0.00,unmatched,PAL ELF not available for byte matching
SetBoyStonizedVisual,0x001CC6F8,,func,,unmatched,0.00,unmatched,PAL ELF not available for byte matching
CageRideFunc,0x001CC740,,func,,unmatched,0.00,unmatched,PAL ELF not available for byte matching
SetCageFixGeometry,0x001CC878,,func,,unmatched,0.00,unmatched,PAL ELF not available for byte matching
InitCageGeo,0x001CC8C0,,func,,unmatched,0.00,unmatched,PAL ELF not available for byte matching
HotInitCageGeo,0x001CCCE8,,func,,unmatched,0.00,unmatched,PAL ELF not available for byte matching
CageGeo,0x001CCE58,,func,,unmatched,0.00,unmatched,PAL ELF not available for byte matching
CageDL,0x001CD380,,func,,unmatched,0.00,unmatched,PAL ELF not available for byte matching
GetCageChainPoint,0x001CD3B0,,func,,unmatched,0.00,unmatched,PAL ELF not available for byte matching
SetCageVelocityFriction,0x001CD440,,func,,unmatched,0.00,unmatched,PAL ELF not available for byte matching
StabilizeAllLayoutedCage,0x001CD450,,func,,unmatched,0.00,unmatched,PAL ELF not available for byte matching
SetCageChainHangableFlag,0x001CD498,,func,,unmatched,0.00,unmatched,PAL ELF not available for byte matching
CageFixGeo,0x001CD4A8,,func,,unmatched,0.00,unmatched,PAL ELF not available for byte matching
CageFixDL,0x001CD528,,func,,unmatched,0.00,unmatched,PAL ELF not available for byte matching
InitCageFixGeo,0x001CD570,,func,,unmatched,0.00,unmatched,PAL ELF not available for byte matching
InitCandleGeo,0x001CD578,,func,,unmatched,0.00,unmatched,PAL ELF not available for byte matching
CandleGeo,0x001CD6B8,,func,,unmatched,0.00,unmatched,PAL ELF not available for byte matching
CandleDL,0x001CD7F8,,func,,unmatched,0.00,unmatched,PAL ELF not available for byte matching
DeleteLayoutedCandleParticleEffect,0x001CD840,,func,,unmatched,0.00,unmatched,PAL ELF not available for byte matching
_deleteLayoutedCandleParticleEffect,0x001CD908,,func,,unmatched,0.00,unmatched,PAL ELF not available for byte matching
ChandelierGeo,0x001CD9A8,,func,,unmatched,0.00,unmatched,PAL ELF not available for byte matching
ChandelierDL,0x001CDA40,,func,,unmatched,0.00,unmatched,PAL ELF not available for byte matching
InitChandelierGeo,0x001CDA88,,func,,unmatched,0.00,unmatched,PAL ELF not available for byte matching
actClipCollisionCore,0x001CDA90,,func,,unmatched,0.00,unmatched,PAL ELF not available for byte matching
CreateClipCollisionManagerGObj,0x001CDCB0,,func,,unmatched,0.00,unmatched,PAL ELF not available for byte matching
RequestClipCollision,0x001CDCF0,,func,,unmatched,0.00,unmatched,PAL ELF not available for byte matching
clipColMan_thStart,0x001CDD30,,func,,unmatched,0.00,unmatched,PAL ELF not available for byte matching
TestDispChainAnimation,0x001CDD48,,func,,unmatched,0.00,unmatched,PAL ELF not available for byte matching
GetChainExWeightGlobalPos,0x001CDF40,,func,,unmatched,0.00,unmatched,PAL ELF not available for byte matching
GetChainAnimation,0x001CE8C0,,func,,unmatched,0.00,unmatched,PAL ELF not available for byte matching
SetChainExtendedWeight,0x001CEDC8,,func,,unmatched,0.00,unmatched,PAL ELF not available for byte matching
GetClothAnimation,0x001CEEF8,,func,,unmatched,0.00,unmatched,PAL ELF not available for byte matching
GetClothAnimationFix4Points,0x001CFC88,,func,,unmatched,0.00,unmatched,PAL ELF not available for byte matching
clipCylinderCollision,0x001D00D8,,func,,unmatched,0.00,unmatched,PAL ELF not available for byte matching
InitChains,0x001D03A8,,func,,unmatched,0.00,unmatched,PAL ELF not available for byte matching
InitClothes,0x001D0688,,func,,unmatched,0.00,unmatched,PAL ELF not available for byte matching
InitClothesNoShade,0x001D0AB8,,func,,unmatched,0.00,unmatched,PAL ELF not available for byte matching
DispClothMesh,0x001D0EE8,,func,,unmatched,0.00,unmatched,PAL ELF not available for byte matching
DispMeshWire,0x001D0FA8,,func,,unmatched,0.00,unmatched,PAL ELF not available for byte matching
DispCloth4D,0x001D11E8,,func,,unmatched,0.00,unmatched,PAL ELF not available for byte matching
DispCloth4DWithAdd,0x001D12E0,,func,,unmatched,0.00,unmatched,PAL ELF not available for byte matching
getCloth4D_preProcess,0x001D13D8,,func,,unmatched,0.00,unmatched,PAL ELF not available for byte matching
getCloth4D,0x001D1EE8,,func,,unmatched,0.00,unmatched,PAL ELF not available for byte matching
getCloth4D_postProcess,0x001D30D8,,func,,unmatched,0.00,unmatched,PAL ELF not available for byte matching
_getCloth4D,0x001D3340,,func,,unmatched,0.00,unmatched,PAL ELF not available for byte matching
GetCloth4D,0x001D35A8,,func,,unmatched,0.00,unmatched,PAL ELF not available for byte matching
GetCloth4DWithDetail,0x001D35C8,,func,,unmatched,0.00,unmatched,PAL ELF not available for byte matching
GetCloth4DWithTight,0x001D35E0,,func,,unmatched,0.00,unmatched,PAL ELF not available for byte matching
InitCloth4D,0x001D35F0,,func,,unmatched,0.00,unmatched,PAL ELF not available for byte matching
GetChainNodeGlobalQuaternion,0x001D3AD8,,func,,unmatched,0.00,unmatched,PAL ELF not available for byte matching
MoveChainExtendedWeight,0x001D3B80,,func,,unmatched,0.00,unmatched,PAL ELF not available for byte matching
InitChainVelocity,0x001D3B98,,func,,unmatched,0.00,unmatched,PAL ELF not available for byte matching
DeleteChainExtendedWeight,0x001D3CA0,,func,,unmatched,0.00,unmatched,PAL ELF not available for byte matching
GetChainNodeID,0x001D3CC8,,func,,unmatched,0.00,unmatched,PAL ELF not available for byte matching
ResetClothAnimation,0x001D3CE0,,func,,unmatched,0.00,unmatched,PAL ELF not available for byte matching
GetChainExWeightGlobalQuaternion,0x001D3DC0,,func,,unmatched,0.00,unmatched,PAL ELF not available for byte matching
GetChainCollision,0x001D3E88,,func,,unmatched,0.00,unmatched,PAL ELF not available for byte matching
FSqrtInv,0x001D3F68,,func,,unmatched,0.00,unmatched,PAL ELF not available for byte matching
getXZLength,0x001D3F88,,func,,unmatched,0.00,unmatched,PAL ELF not available for byte matching
getXZInvLength,0x001D3FB0,,func,,unmatched,0.00,unmatched,PAL ELF not available for byte matching
getXZLengthSquare,0x001D3FD8,,func,,unmatched,0.00,unmatched,PAL ELF not available for byte matching
subAndGetInvLength,0x001D3FF8,,func,,unmatched,0.00,unmatched,PAL ELF not available for byte matching
scaleAndAddVectorXYZ,0x001D4030,,func,,unmatched,0.00,unmatched,PAL ELF not available for byte matching
scaleVectorXZ,0x001D4058,,func,,unmatched,0.00,unmatched,PAL ELF not available for byte matching
tensionMoveNoReduce,0x001D4078,,func,,unmatched,0.00,unmatched,PAL ELF not available for byte matching
tensionMove,0x001D40D0,,func,,unmatched,0.00,unmatched,PAL ELF not available for byte matching
getCrossPoint,0x001D4138,,func,,unmatched,0.00,unmatched,PAL ELF not available for byte matching
checkOverThePlane,0x001D41F8,,func,,unmatched,0.00,unmatched,PAL ELF not available for byte matching
checkFrontAcross,0x001D4238,,func,,unmatched,0.00,unmatched,PAL ELF not available for byte matching
LockZAnimation,0x001D42A8,,func,,unmatched,0.00,unmatched,PAL ELF not available for byte matching
getCloth4D_PlaneClip,0x001D4330,,func,,unmatched,0.00,unmatched,PAL ELF not available for byte matching
InitClothTestGeo,0x001D4458,,func,,unmatched,0.00,unmatched,PAL ELF not available for byte matching
ClothTestGeo,0x001D44A8,,func,,unmatched,0.00,unmatched,PAL ELF not available for byte matching
ClothTestDL,0x001D44B0,,func,,unmatched,0.00,unmatched,PAL ELF not available for byte matching
draw,0x001D44B8,,func,,unmatched,0.00,unmatched,PAL ELF not available for byte matching
drawHT,0x001D47C0,,func,,unmatched,0.00,unmatched,PAL ELF not available for byte matching
renderViewCoordZSphere,0x001D4CB0,,func,,unmatched,0.00,unmatched,PAL ELF not available for byte matching
sonic,0x001D4F68,,func,,unmatched,0.00,unmatched,PAL ELF not available for byte matching
darkVolume,0x001D5F90,,func,,unmatched,0.00,unmatched,PAL ELF not available for byte matching
SetDarkVolumeEffect,0x001D6AA8,,func,,unmatched,0.00,unmatched,PAL ELF not available for byte matching
DispGameOverEffect,0x001D6AC0,,func,,unmatched,0.00,unmatched,PAL ELF not available for byte matching
GetGameOverEffectCenterPosition,0x001D6D20,,func,,unmatched,0.00,unmatched,PAL ELF not available for byte matching
InitGameOverEffect,0x001D6D30,,func,,unmatched,0.00,unmatched,PAL ELF not available for byte matching
SetupDarkVolume,0x001D6F00,,func,,unmatched,0.00,unmatched,PAL ELF not available for byte matching
DarkVolumeGeo,0x001D6F18,,func,,unmatched,0.00,unmatched,PAL ELF not available for byte matching
InitDarkVolumeGeo,0x001D6F60,,func,,unmatched,0.00,unmatched,PAL ELF not available for byte matching
DarkVolumeDL,0x001D6F78,,func,,unmatched,0.00,unmatched,PAL ELF not available for byte matching
ExecGameOverEffect,0x001D6F80,,func,,unmatched,0.00,unmatched,PAL ELF not available for byte matching
StartGameOverEffect,0x001D6F88,,func,,unmatched,0.00,unmatched,PAL ELF not available for byte matching
StartQueenAttackEffect,0x001D7020,,func,,unmatched,0.00,unmatched,PAL ELF not available for byte matching
ResetGameOverEffect,0x001D7078,,func,,unmatched,0.00,unmatched,PAL ELF not available for byte matching
_dispParam,0x001D7088,,func,,unmatched,0.00,unmatched,PAL ELF not available for byte matching
editParam,0x001D7248,,func,,unmatched,0.00,unmatched,PAL ELF not available for byte matching
dispXZYZCircle,0x001D7670,,func,,unmatched,0.00,unmatched,PAL ELF not available for byte matching
dispCircle2,0x001D7A38,,func,,unmatched,0.00,unmatched,PAL ELF not available for byte matching
setQ,0x001D7C70,,func,,unmatched,0.00,unmatched,PAL ELF not available for byte matching
dispEffectToolField,0x001D7CC0,,func,,unmatched,0.00,unmatched,PAL ELF not available for byte matching
EditTarget,0x001D7F98,,func,,unmatched,0.00,unmatched,PAL ELF not available for byte matching
saveEffectData,0x001D81D0,,func,,unmatched,0.00,unmatched,PAL ELF not available for byte matching
moveEffectToolGeometry,0x001D82B8,,func,,unmatched,0.00,unmatched,PAL ELF not available for byte matching
execEffectTool,0x001D84B0,,func,,unmatched,0.00,unmatched,PAL ELF not available for byte matching
exitEffectTool,0x001D8690,,func,,unmatched,0.00,unmatched,PAL ELF not available for byte matching
EffectTool,0x001D86D8,,func,,unmatched,0.00,unmatched,PAL ELF not available for byte matching
setEnemyParticleObject,0x001D87C0,,func,,unmatched,0.00,unmatched,PAL ELF not available for byte matching
setEnemyObject,0x001D8BB8,,func,,unmatched,0.00,unmatched,PAL ELF not available for byte matching
dispEnemyObject,0x001D8D30,,func,,unmatched,0.00,unmatched,PAL ELF not available for byte matching
EnemyCheckHit,0x001D9038,,func,,unmatched,0.00,unmatched,PAL ELF not available for byte matching
CheckEnemyHit,0x001D9230,,func,,unmatched,0.00,unmatched,PAL ELF not available for byte matching
InitEnemyGeo,0x001D9428,,func,,unmatched,0.00,unmatched,PAL ELF not available for byte matching
EnemyGeo,0x001D9600,,func,,unmatched,0.00,unmatched,PAL ELF not available for byte matching
DisplayEnemy,0x001D9850,,func,,unmatched,0.00,unmatched,PAL ELF not available for byte matching
EnemyDL,0x001D98E8,,func,,unmatched,0.00,unmatched,PAL ELF not available for byte matching
DemoMotionGeo,0x001D9948,,func,,unmatched,0.00,unmatched,PAL ELF not available for byte matching
SetEnemyDissolve,0x001D9970,,func,,unmatched,0.00,unmatched,PAL ELF not available for byte matching
SetEnemyFlyXZAccel,0x001D99B8,,func,,unmatched,0.00,unmatched,PAL ELF not available for byte matching
SetEnemyFlyXZAccelAll,0x001D99C8,,func,,unmatched,0.00,unmatched,PAL ELF not available for byte matching
GetEnemyFlyXZAccel,0x001D9A18,,func,,unmatched,0.00,unmatched,PAL ELF not available for byte matching
EnemyAI,0x001D9A28,,func,,unmatched,0.00,unmatched,PAL ELF not available for byte matching
SetEnemyFootPrintSwitch,0x001D9A30,,func,,unmatched,0.00,unmatched,PAL ELF not available for byte matching
EnemySetfAppearAll,0x001D9A40,,func,,unmatched,0.00,unmatched,PAL ELF not available for byte matching
EnemySetfDisappearAll,0x001D9A90,,func,,unmatched,0.00,unmatched,PAL ELF not available for byte matching
EnemySetfDisappear,0x001D9AE0,,func,,unmatched,0.00,unmatched,PAL ELF not available for byte matching
enemySetParticleDie,0x001D9BB8,,func,,unmatched,0.00,unmatched,PAL ELF not available for byte matching
ReviveEnemyParticle,0x001D9C40,,func,,unmatched,0.00,unmatched,PAL ELF not available for byte matching
isExistEnemyParticle,0x001D9C60,,func,,unmatched,0.00,unmatched,PAL ELF not available for byte matching
EnemyGetNSafeParts,0x001D9C80,,func,,unmatched,0.00,unmatched,PAL ELF not available for byte matching
EnemyDeleteParticle,0x001D9CC8,,func,,unmatched,0.00,unmatched,PAL ELF not available for byte matching
SetEnemyHitGeometryAction,0x001D9DD0,,func,,unmatched,0.00,unmatched,PAL ELF not available for byte matching
InitDemoMotionGeo,0x001D9DE0,,func,,unmatched,0.00,unmatched,PAL ELF not available for byte matching
HotInitDemoMotionGeo,0x001D9E30,,func,,unmatched,0.00,unmatched,PAL ELF not available for byte matching
GetEnemyHitNodeFlag,0x001D9E78,,func,,unmatched,0.00,unmatched,PAL ELF not available for byte matching
RandomizeEnemy,0x001D9E88,,func,,unmatched,0.00,unmatched,PAL ELF not available for byte matching
SetEnemyWingRatio,0x001D9EB8,,func,,unmatched,0.00,unmatched,PAL ELF not available for byte matching
CanThisEnemyFly,0x001D9EC8,,func,,unmatched,0.00,unmatched,PAL ELF not available for byte matching
GetEnemyBattleType,0x001D9EF8,,func,,unmatched,0.00,unmatched,PAL ELF not available for byte matching
GetEnemyDefLife,0x001D9F28,,func,,unmatched,0.00,unmatched,PAL ELF not available for byte matching
GetEnemyDefDodgeRange,0x001D9F50,,func,,unmatched,0.00,unmatched,PAL ELF not available for byte matching
GetEnemyDefParaIndex,0x001D9F78,,func,,unmatched,0.00,unmatched,PAL ELF not available for byte matching
ResetEnemyPositionInfo,0x001D9FB0,,func,,unmatched,0.00,unmatched,PAL ELF not available for byte matching
setEnemyStonizedVisual,0x001DA050,,func,,unmatched,0.00,unmatched,PAL ELF not available for byte matching
UpdatePointBlur,0x001DA0A8,,func,,unmatched,0.00,unmatched,PAL ELF not available for byte matching
InitEnemyEye,0x001DA2B8,,func,,unmatched,0.00,unmatched,PAL ELF not available for byte matching
InitEnemyFootPrint,0x001DA5B0,,func,,unmatched,0.00,unmatched,PAL ELF not available for byte matching
ExecEnemyFootPrints,0x001DA870,,func,,unmatched,0.00,unmatched,PAL ELF not available for byte matching
EntryEnemyFootPrint,0x001DA9E8,,func,,unmatched,0.00,unmatched,PAL ELF not available for byte matching
DispEnemyFootPrints,0x001DAA98,,func,,unmatched,0.00,unmatched,PAL ELF not available for byte matching
InitPointBlur,0x001DAAB8,,func,,unmatched,0.00,unmatched,PAL ELF not available for byte matching
DispPointBlur,0x001DABF8,,func,,unmatched,0.00,unmatched,PAL ELF not available for byte matching
UpdateEnemyEye,0x001DAC58,,func,,unmatched,0.00,unmatched,PAL ELF not available for byte matching
DispEnemyEye,0x001DACC0,,func,,unmatched,0.00,unmatched,PAL ELF not available for byte matching
ResetEnemyEye,0x001DAD48,,func,,unmatched,0.00,unmatched,PAL ELF not available for byte matching
moveDataElements,0x001DAD60,,func,,unmatched,0.00,unmatched,PAL ELF not available for byte matching
SetFlag4PointFixID,0x001DAE80,,func,,unmatched,0.00,unmatched,PAL ELF not available for byte matching
InitFlagGeo,0x001DB0D0,,func,,unmatched,0.00,unmatched,PAL ELF not available for byte matching
FlagGeo,0x001DB8C0,,func,,unmatched,0.00,unmatched,PAL ELF not available for byte matching
FlagDL,0x001DB9E0,,func,,unmatched,0.00,unmatched,PAL ELF not available for byte matching
DispFlyInfo,0x001DBBE0,,func,,unmatched,0.00,unmatched,PAL ELF not available for byte matching
InitFlyInfo,0x001DBC08,,func,,unmatched,0.00,unmatched,PAL ELF not available for byte matching
InitFlyManager,0x001DBC20,,func,,unmatched,0.00,unmatched,PAL ELF not available for byte matching
GetFlyLimitHeight,0x001DBC28,,func,,unmatched,0.00,unmatched,PAL ELF not available for byte matching
GetFlyLimitClearance,0x001DBD20,,func,,unmatched,0.00,unmatched,PAL ELF not available for byte matching
playSE,0x001DBDE8,,func,,unmatched,0.00,unmatched,PAL ELF not available for byte matching
playSERandomID,0x001DBF18,,func,,unmatched,0.00,unmatched,PAL ELF not available for byte matching
playSEConditionID,0x001DC0E8,,func,,unmatched,0.00,unmatched,PAL ELF not available for byte matching
playEff,0x001DC208,,func,,unmatched,0.00,unmatched,PAL ELF not available for byte matching
execEff,0x001DC478,,func,,unmatched,0.00,unmatched,PAL ELF not available for byte matching
execVibCondition,0x001DC648,,func,,unmatched,0.00,unmatched,PAL ELF not available for byte matching
ExecFrameDependSequence,0x001DC6D8,,func,,unmatched,0.00,unmatched,PAL ELF not available for byte matching
executeSEPackageByGObj,0x001DC980,,func,,unmatched,0.00,unmatched,PAL ELF not available for byte matching
executeSEPackageWithNoGObj,0x001DCB38,,func,,unmatched,0.00,unmatched,PAL ELF not available for byte matching
ExecuteSEPackageWithGroupVariation,0x001DCC68,,func,,unmatched,0.00,unmatched,PAL ELF not available for byte matching
ExecuteSEPackage,0x001DCC88,,func,,unmatched,0.00,unmatched,PAL ELF not available for byte matching
ExecuteSEPackageWithVolumeRate,0x001DCC90,,func,,unmatched,0.00,unmatched,PAL ELF not available for byte matching
StopSEPackageWithGroupVariation,0x001DCCA0,,func,,unmatched,0.00,unmatched,PAL ELF not available for byte matching
StopSEPackage,0x001DCCB8,,func,,unmatched,0.00,unmatched,PAL ELF not available for byte matching
InitFrameDependSequence,0x001DCCC0,,func,,unmatched,0.00,unmatched,PAL ELF not available for byte matching
ExecuteDirectSEWithGroupVariation,0x001DCD80,,func,,unmatched,0.00,unmatched,PAL ELF not available for byte matching
ExecuteDirectSE,0x001DCE58,,func,,unmatched,0.00,unmatched,PAL ELF not available for byte matching
StopFDSVibration,0x001DCF30,,func,,unmatched,0.00,unmatched,PAL ELF not available for byte matching
execSE,0x001DCF90,,func,,unmatched,0.00,unmatched,PAL ELF not available for byte matching
checkWaterDepth,0x001DCFF8,,func,,unmatched,0.00,unmatched,PAL ELF not available for byte matching
checkModelDataID,0x001DD010,,func,,unmatched,0.00,unmatched,PAL ELF not available for byte matching
checkWeaponType,0x001DD028,,func,,unmatched,0.00,unmatched,PAL ELF not available for byte matching
execVib,0x001DD070,,func,,unmatched,0.00,unmatched,PAL ELF not available for byte matching
execWeaponLightOff,0x001DD0D8,,func,,unmatched,0.00,unmatched,PAL ELF not available for byte matching
girl_execClothes,0x001DD128,,func,,unmatched,0.00,unmatched,PAL ELF not available for byte matching
girl_dispCrown,0x001DD340,,func,,unmatched,0.00,unmatched,PAL ELF not available for byte matching
girl_dispClothes,0x001DD440,,func,,unmatched,0.00,unmatched,PAL ELF not available for byte matching
InitGirlGeo,0x001DD588,,func,,unmatched,0.00,unmatched,PAL ELF not available for byte matching
GirlGeo,0x001DD7A0,,func,,unmatched,0.00,unmatched,PAL ELF not available for byte matching
GirlAI,0x001DD968,,func,,unmatched,0.00,unmatched,PAL ELF not available for byte matching
debugWireStringGirl,0x001DDB70,,func,,unmatched,0.00,unmatched,PAL ELF not available for byte matching
GirlDL,0x001DDC48,,func,,unmatched,0.00,unmatched,PAL ELF not available for byte matching
SetGirlClothDispSwitch,0x001DDC80,,func,,unmatched,0.00,unmatched,PAL ELF not available for byte matching
SetGirlHairDispSwitch,0x001DDCD8,,func,,unmatched,0.00,unmatched,PAL ELF not available for byte matching
setGirlClothSetting,0x001DDCE8,,func,,unmatched,0.00,unmatched,PAL ELF not available for byte matching
GirlForceFieldDL,0x001DDD50,,func,,unmatched,0.00,unmatched,PAL ELF not available for byte matching
InitGirlForceFieldGeo,0x001DDE98,,func,,unmatched,0.00,unmatched,PAL ELF not available for byte matching
GirlForceFieldGeo,0x001DDF18,,func,,unmatched,0.00,unmatched,PAL ELF not available for byte matching
connectToTarget,0x001DE038,,func,,unmatched,0.00,unmatched,PAL ELF not available for byte matching
_handManager,0x001DE368,,func,,unmatched,0.00,unmatched,PAL ELF not available for byte matching
HandManager,0x001DE690,,func,,unmatched,0.00,unmatched,PAL ELF not available for byte matching
bombSparkStartSE,0x001DE7E8,,func,,unmatched,0.00,unmatched,PAL ELF not available for byte matching
bombSparkSE,0x001DE7F0,,func,,unmatched,0.00,unmatched,PAL ELF not available for byte matching
bombExplodeSE,0x001DE7F8,,func,,unmatched,0.00,unmatched,PAL ELF not available for byte matching
HoldItem,0x001DE800,,func,,unmatched,0.00,unmatched,PAL ELF not available for byte matching
avoidInsideOfWall,0x001DE900,,func,,unmatched,0.00,unmatched,PAL ELF not available for byte matching
ReleaseItem,0x001DE978,,func,,unmatched,0.00,unmatched,PAL ELF not available for byte matching
ThrowItem,0x001DE9E8,,func,,unmatched,0.00,unmatched,PAL ELF not available for byte matching
InitItemGeo,0x001DEAA0,,func,,unmatched,0.00,unmatched,PAL ELF not available for byte matching
carriedItemGeo,0x001DECA0,,func,,unmatched,0.00,unmatched,PAL ELF not available for byte matching
uncarriedItemGeo,0x001DF078,,func,,unmatched,0.00,unmatched,PAL ELF not available for byte matching
execBombGeo,0x001DFC48,,func,,unmatched,0.00,unmatched,PAL ELF not available for byte matching
ItemGeo,0x001DFE88,,func,,unmatched,0.00,unmatched,PAL ELF not available for byte matching
ItemDL,0x001DFF80,,func,,unmatched,0.00,unmatched,PAL ELF not available for byte matching
BreakItemFromOutside,0x001E00A0,,func,,unmatched,0.00,unmatched,PAL ELF not available for byte matching
CheckCarryableItem,0x001E01F8,,func,,unmatched,0.00,unmatched,PAL ELF not available for byte matching
GetItemKind,0x001E0228,,func,,unmatched,0.00,unmatched,PAL ELF not available for byte matching
GetCharHeldItem,0x001E0238,,func,,unmatched,0.00,unmatched,PAL ELF not available for byte matching
IsItemHoldable,0x001E0268,,func,,unmatched,0.00,unmatched,PAL ELF not available for byte matching
IsBombExplode,0x001E0280,,func,,unmatched,0.00,unmatched,PAL ELF not available for byte matching
GetBombTorchGObj,0x001E0298,,func,,unmatched,0.00,unmatched,PAL ELF not available for byte matching
ReviveAllCarryableItems,0x001E02C0,,func,,unmatched,0.00,unmatched,PAL ELF not available for byte matching
ReviveCarryableItemsWithBoundary,0x001E0368,,func,,unmatched,0.00,unmatched,PAL ELF not available for byte matching
ReviveAllCarryableItemsWithRandomVelocity,0x001E0460,,func,,unmatched,0.00,unmatched,PAL ELF not available for byte matching
CheckItemDead,0x001E0588,,func,,unmatched,0.00,unmatched,PAL ELF not available for byte matching
StopItemExplodeAnimationAll,0x001E05C0,,func,,unmatched,0.00,unmatched,PAL ELF not available for byte matching
BreakItemWithAttackHit,0x001E0658,,func,,unmatched,0.00,unmatched,PAL ELF not available for byte matching
ReviveAllCarryableItemsWithNonSleepFrame,0x001E0788,,func,,unmatched,0.00,unmatched,PAL ELF not available for byte matching
Draw2DLine,0x001E0840,,func,,unmatched,0.00,unmatched,PAL ELF not available for byte matching
Draw2DLineSeg_Start,0x001E0960,,func,,unmatched,0.00,unmatched,PAL ELF not available for byte matching
Draw2DLineSeg_Loop,0x001E0970,,func,,unmatched,0.00,unmatched,PAL ELF not available for byte matching
Draw2DLineG,0x001E0A10,,func,,unmatched,0.00,unmatched,PAL ELF not available for byte matching
_getLine,0x001E0BC8,,func,,unmatched,0.00,unmatched,PAL ELF not available for byte matching
DrawLine,0x001E0FD8,,func,,unmatched,0.00,unmatched,PAL ELF not available for byte matching
DrawLineG,0x001E1070,,func,,unmatched,0.00,unmatched,PAL ELF not available for byte matching
SetLodLevel,0x001E1158,,func,,unmatched,0.00,unmatched,PAL ELF not available for byte matching
pursueNodeList,0x001E1218,,func,,unmatched,0.00,unmatched,PAL ELF not available for byte matching
InitMotionFile,0x001E1310,,func,,unmatched,0.00,unmatched,PAL ELF not available for byte matching
InitMotionMemorySize,0x001E13E0,,func,,unmatched,0.00,unmatched,PAL ELF not available for byte matching
AddMotionMemorySize,0x001E13F0,,func,,unmatched,0.00,unmatched,PAL ELF not available for byte matching
GetMotionMemorySize,0x001E1418,,func,,unmatched,0.00,unmatched,PAL ELF not available for byte matching
ResetDynamicMotionManager,0x001E1430,,func,,unmatched,0.00,unmatched,PAL ELF not available for byte matching
ResetStatic2MotionManager,0x001E1478,,func,,unmatched,0.00,unmatched,PAL ELF not available for byte matching
CheckMotionIncludeFacialData,0x001E14B8,,func,,unmatched,0.00,unmatched,PAL ELF not available for byte matching
dispSquare2,0x001E14D0,,func,,unmatched,0.00,unmatched,PAL ELF not available for byte matching
limitHPAngleAndSetB,0x001E1588,,func,,unmatched,0.00,unmatched,PAL ELF not available for byte matching
avoidReverseInterpOnCurrentMatrix,0x001E1D10,,func,,unmatched,0.00,unmatched,PAL ELF not available for byte matching
avoidReverseInterpOnCurrentMatrixWithLimit,0x001E1E60,,func,,unmatched,0.00,unmatched,PAL ELF not available for byte matching
_getFinalMatrix,0x001E2010,,func,,unmatched,0.00,unmatched,PAL ELF not available for byte matching
EditRotEmphasys,0x001E4C60,,func,,unmatched,0.00,unmatched,PAL ELF not available for byte matching
getFinalMatrix,0x001E4E18,,func,,unmatched,0.00,unmatched,PAL ELF not available for byte matching
getFinalMatrixWithNaturalGeometry,0x001E4FE0,,func,,unmatched,0.00,unmatched,PAL ELF not available for byte matching
_calcNaturalGeometry,0x001E5140,,func,,unmatched,0.00,unmatched,PAL ELF not available for byte matching
findActPoint,0x001E51F0,,func,,unmatched,0.00,unmatched,PAL ELF not available for byte matching
checkActPointWithHeight,0x001E5338,,func,,unmatched,0.00,unmatched,PAL ELF not available for byte matching
clearCollisionStatus,0x001E5430,,func,,unmatched,0.00,unmatched,PAL ELF not available for byte matching
checkUpperWallState,0x001E54C8,,func,,unmatched,0.00,unmatched,PAL ELF not available for byte matching
checkWallSideState,0x001E5578,,func,,unmatched,0.00,unmatched,PAL ELF not available for byte matching
checkWallState,0x001E56C8,,func,,unmatched,0.00,unmatched,PAL ELF not available for byte matching
checkCliffState,0x001E5B68,,func,,unmatched,0.00,unmatched,PAL ELF not available for byte matching
_checkCliffAndWall,0x001E6148,,func,,unmatched,0.00,unmatched,PAL ELF not available for byte matching
checkCliffAndWallStateOfLastPlane,0x001E6478,,func,,unmatched,0.00,unmatched,PAL ELF not available for byte matching
checkCliffAndWallStateAtJump,0x001E6518,,func,,unmatched,0.00,unmatched,PAL ELF not available for byte matching
dispActNode,0x001E6570,,func,,unmatched,0.00,unmatched,PAL ELF not available for byte matching
dispLastNode,0x001E66D0,,func,,unmatched,0.00,unmatched,PAL ELF not available for byte matching
_wallHitReaction,0x001E6750,,func,,unmatched,0.00,unmatched,PAL ELF not available for byte matching
_wallCollisionPreProcess,0x001E6C20,,func,,unmatched,0.00,unmatched,PAL ELF not available for byte matching
getFieldCollision,0x001E6D78,,func,,unmatched,0.00,unmatched,PAL ELF not available for byte matching
setIKAndAdjustRootHeight,0x001E6EA8,,func,,unmatched,0.00,unmatched,PAL ELF not available for byte matching
landingFieldAction,0x001E7688,,func,,unmatched,0.00,unmatched,PAL ELF not available for byte matching
floorFitting,0x001E77C8,,func,,unmatched,0.00,unmatched,PAL ELF not available for byte matching
rootUpdateXZ,0x001E7898,,func,,unmatched,0.00,unmatched,PAL ELF not available for byte matching
rootUpdateXZ_MotPos,0x001E8998,,func,,unmatched,0.00,unmatched,PAL ELF not available for byte matching
adjustSideWall,0x001E8EC8,,func,,unmatched,0.00,unmatched,PAL ELF not available for byte matching
checkSideWall,0x001E9090,,func,,unmatched,0.00,unmatched,PAL ELF not available for byte matching
forceFallDown,0x001E9248,,func,,unmatched,0.00,unmatched,PAL ELF not available for byte matching
forceReset,0x001E9278,,func,,unmatched,0.00,unmatched,PAL ELF not available for byte matching
checkWallUpperWall,0x001E92A8,,func,,unmatched,0.00,unmatched,PAL ELF not available for byte matching
calcWallFittingGeometry,0x001E9308,,func,,unmatched,0.00,unmatched,PAL ELF not available for byte matching
rootUpdateHang,0x001E9438,,func,,unmatched,0.00,unmatched,PAL ELF not available for byte matching
rootUpdateSwim,0x001E9B60,,func,,unmatched,0.00,unmatched,PAL ELF not available for byte matching
avoidSideAdjustWall,0x001E9FD8,,func,,unmatched,0.00,unmatched,PAL ELF not available for byte matching
rootUpdateStepSolution,0x001EA118,,func,,unmatched,0.00,unmatched,PAL ELF not available for byte matching
rootUpdateTrueMotion,0x001EAC30,,func,,unmatched,0.00,unmatched,PAL ELF not available for byte matching
rootUpdateDirectPlayForStream,0x001EAD18,,func,,unmatched,0.00,unmatched,PAL ELF not available for byte matching
rootUpdateDirectPlay,0x001EAE08,,func,,unmatched,0.00,unmatched,PAL ELF not available for byte matching
rootUpdateNodeFix,0x001EB098,,func,,unmatched,0.00,unmatched,PAL ELF not available for byte matching
rootUpdateY,0x001EB2B0,,func,,unmatched,0.00,unmatched,PAL ELF not available for byte matching
rootUpdateY_Rope,0x001EB6F0,,func,,unmatched,0.00,unmatched,PAL ELF not available for byte matching
rootUpdateFly,0x001EB950,,func,,unmatched,0.00,unmatched,PAL ELF not available for byte matching
rootUpdateEnemyFly,0x001EBB68,,func,,unmatched,0.00,unmatched,PAL ELF not available for byte matching
_getGeometryOfMotion,0x001EBD70,,func,,unmatched,0.00,unmatched,PAL ELF not available for byte matching
execPositionReserver,0x001EC2C8,,func,,unmatched,0.00,unmatched,PAL ELF not available for byte matching
GetGeometryOfMotion,0x001EC5D0,,func,,unmatched,0.00,unmatched,PAL ELF not available for byte matching
GetMatrixOfMotion,0x001ECB00,,func,,unmatched,0.00,unmatched,PAL ELF not available for byte matching
motMan_dispSkeltonHierarchy,0x001ECE40,,func,,unmatched,0.00,unmatched,PAL ELF not available for byte matching
motMan_getInitialMatrix,0x001ED110,,func,,unmatched,0.00,unmatched,PAL ELF not available for byte matching
dispSkelton,0x001ED210,,func,,unmatched,0.00,unmatched,PAL ELF not available for byte matching
SkelTest,0x001ED268,,func,,unmatched,0.00,unmatched,PAL ELF not available for byte matching
SkelTestGeo,0x001ED2C0,,func,,unmatched,0.00,unmatched,PAL ELF not available for byte matching
SetHitCollisionDisplay,0x001ED380,,func,,unmatched,0.00,unmatched,PAL ELF not available for byte matching
ResetMotionProgramInterpInfo,0x001ED390,,func,,unmatched,0.00,unmatched,PAL ELF not available for byte matching
SetDirectMotionProgramInterpInfo,0x001ED400,,func,,unmatched,0.00,unmatched,PAL ELF not available for byte matching
getFinalMatrixCore,0x001ED480,,func,,unmatched,0.00,unmatched,PAL ELF not available for byte matching
pursueNaturalGeometry,0x001ED560,,func,,unmatched,0.00,unmatched,PAL ELF not available for byte matching
GetWallVector,0x001ED610,,func,,unmatched,0.00,unmatched,PAL ELF not available for byte matching
upperFieldCheck,0x001ED640,,func,,unmatched,0.00,unmatched,PAL ELF not available for byte matching
getGeometryOfMotion,0x001ED6A0,,func,,unmatched,0.00,unmatched,PAL ELF not available for byte matching
orientDebug,0x001ED758,,func,,unmatched,0.00,unmatched,PAL ELF not available for byte matching
GetNbMotionFrames,0x001ED9F0,,func,,unmatched,0.00,unmatched,PAL ELF not available for byte matching
GetMotionPlaySpeedRatio,0x001EDAF8,,func,,unmatched,0.00,unmatched,PAL ELF not available for byte matching
execFrameTrigger,0x001EDBD8,,func,,unmatched,0.00,unmatched,PAL ELF not available for byte matching
UpdateFrameCounter,0x001EDCA8,,func,,unmatched,0.00,unmatched,PAL ELF not available for byte matching
sendStateMail,0x001EE140,,func,,unmatched,0.00,unmatched,PAL ELF not available for byte matching
shiftMotionData,0x001EE4B8,,func,,unmatched,0.00,unmatched,PAL ELF not available for byte matching
shiftMotionOrientEndFunc,0x001EE900,,func,,unmatched,0.00,unmatched,PAL ELF not available for byte matching
shiftMotionOrientBeginFunc,0x001EEA00,,func,,unmatched,0.00,unmatched,PAL ELF not available for byte matching
ForTest_ForceShiftMotion,0x001EEDA8,,func,,unmatched,0.00,unmatched,PAL ELF not available for byte matching
normalMotionShift,0x001EEDB8,,func,,unmatched,0.00,unmatched,PAL ELF not available for byte matching
parallelMotionShift,0x001EF0D8,,func,,unmatched,0.00,unmatched,PAL ELF not available for byte matching
SetMotionRequest,0x001EF420,,func,,unmatched,0.00,unmatched,PAL ELF not available for byte matching
getNodeBlendedFloatingMotion,0x001EF7A0,,func,,unmatched,0.00,unmatched,PAL ELF not available for byte matching
getMotionGeometry,0x001EFA68,,func,,unmatched,0.00,unmatched,PAL ELF not available for byte matching
getShapeGeometry,0x001F0450,,func,,unmatched,0.00,unmatched,PAL ELF not available for byte matching
getStreamMotionGeometry,0x001F0770,,func,,unmatched,0.00,unmatched,PAL ELF not available for byte matching
getStreamBlendMotionGeometry,0x001F08A0,,func,,unmatched,0.00,unmatched,PAL ELF not available for byte matching
getStreamBlendShapeGeometry,0x001F0AB0,,func,,unmatched,0.00,unmatched,PAL ELF not available for byte matching
getStreamShapeGeometry,0x001F0C28,,func,,unmatched,0.00,unmatched,PAL ELF not available for byte matching
getStreamMotion,0x001F0D48,,func,,unmatched,0.00,unmatched,PAL ELF not available for byte matching
ExecMotionOrient,0x001F0E50,,func,,unmatched,0.00,unmatched,PAL ELF not available for byte matching
SetNodeRotationLimitDataTable,0x001F1008,,func,,unmatched,0.00,unmatched,PAL ELF not available for byte matching
GetMotionOrient,0x001F1348,,func,,unmatched,0.00,unmatched,PAL ELF not available for byte matching
getMotionOrient,0x001F13D0,,func,,unmatched,0.00,unmatched,PAL ELF not available for byte matching
CopyBlendMotionDataSource,0x001F1468,,func,,unmatched,0.00,unmatched,PAL ELF not available for byte matching
SetParallelMotionTableWithNoRequest,0x001F1588,,func,,unmatched,0.00,unmatched,PAL ELF not available for byte matching
SetParallelMotionTable,0x001F15B0,,func,,unmatched,0.00,unmatched,PAL ELF not available for byte matching
InitMotionOrient,0x001F1620,,func,,unmatched,0.00,unmatched,PAL ELF not available for byte matching
GetCurrentMotionDirectionAdjustFlag,0x001F16C0,,func,,unmatched,0.00,unmatched,PAL ELF not available for byte matching
ExecuteSlipProc,0x001F16E8,,func,,unmatched,0.00,unmatched,PAL ELF not available for byte matching
ExecutePauseSlipProc,0x001F17B8,,func,,unmatched,0.00,unmatched,PAL ELF not available for byte matching
setRootUpdateMode,0x001F17F0,,func,,unmatched,0.00,unmatched,PAL ELF not available for byte matching
setMotionSpeed,0x001F1800,,func,,unmatched,0.00,unmatched,PAL ELF not available for byte matching
dispMotFrameProgress,0x001F1C10,,func,,unmatched,0.00,unmatched,PAL ELF not available for byte matching
objMenuProc,0x001F1DC8,,func,,unmatched,0.00,unmatched,PAL ELF not available for byte matching
motKindMenuProc,0x001F1FA8,,func,,unmatched,0.00,unmatched,PAL ELF not available for byte matching
motOriMenuProc,0x001F23C0,,func,,unmatched,0.00,unmatched,PAL ELF not available for byte matching
modeMessage,0x001F2728,,func,,unmatched,0.00,unmatched,PAL ELF not available for byte matching
lookAtTest,0x001F29D8,,func,,unmatched,0.00,unmatched,PAL ELF not available for byte matching
MotionViewer,0x001F2E58,,func,,unmatched,0.00,unmatched,PAL ELF not available for byte matching
MoveColTestGeo,0x001F3668,,func,,unmatched,0.00,unmatched,PAL ELF not available for byte matching
MoveColTestDL,0x001F3840,,func,,unmatched,0.00,unmatched,PAL ELF not available for byte matching
InitMoveColTestGeo,0x001F3848,,func,,unmatched,0.00,unmatched,PAL ELF not available for byte matching
InitMultiBgaManager,0x001F38B8,,func,,unmatched,0.00,unmatched,PAL ELF not available for byte matching
EntryMultiBgaManager,0x001F3978,,func,,unmatched,0.00,unmatched,PAL ELF not available for byte matching
EntryMultiBgaManagerSensitive,0x001F39E0,,func,,unmatched,0.00,unmatched,PAL ELF not available for byte matching
DispMultiBgaManager,0x001F3A50,,func,,unmatched,0.00,unmatched,PAL ELF not available for byte matching
EntryMultiBgaManagerNoKind,0x001F3B10,,func,,unmatched,0.00,unmatched,PAL ELF not available for byte matching
DispMultiBgaManagerWithKind,0x001F3B80,,func,,unmatched,0.00,unmatched,PAL ELF not available for byte matching
setParticleEffectGeometry,0x001F3C48,,func,,unmatched,0.00,unmatched,PAL ELF not available for byte matching
_setParticleEffect,0x001F3C80,,func,,unmatched,0.00,unmatched,PAL ELF not available for byte matching
setParticleEffect,0x001F4040,,func,,unmatched,0.00,unmatched,PAL ELF not available for byte matching
execParticleEffect,0x001F42F8,,func,,unmatched,0.00,unmatched,PAL ELF not available for byte matching
dispParticleEffect,0x001F4988,,func,,unmatched,0.00,unmatched,PAL ELF not available for byte matching
SetParticleEffectByPartition,0x001F4CA8,,func,,unmatched,0.00,unmatched,PAL ELF not available for byte matching
SetParticleEffectGeometry,0x001F4E48,,func,,unmatched,0.00,unmatched,PAL ELF not available for byte matching
SetParticleEffectUpperLimit,0x001F4E88,,func,,unmatched,0.00,unmatched,PAL ELF not available for byte matching
ExecParticleEffect,0x001F4EC8,,func,,unmatched,0.00,unmatched,PAL ELF not available for byte matching
ResetParticleEffectPackages,0x001F5080,,func,,unmatched,0.00,unmatched,PAL ELF not available for byte matching
SetParticleEffectPackage,0x001F51A0,,func,,unmatched,0.00,unmatched,PAL ELF not available for byte matching
InitParticleEffects,0x001F5268,,func,,unmatched,0.00,unmatched,PAL ELF not available for byte matching
ExecParticleEffects,0x001F52D8,,func,,unmatched,0.00,unmatched,PAL ELF not available for byte matching
DispParticleEffects,0x001F5310,,func,,unmatched,0.00,unmatched,PAL ELF not available for byte matching
DeleteParticleEffect,0x001F5368,,func,,unmatched,0.00,unmatched,PAL ELF not available for byte matching
SetParticleEffectPauseFlag,0x001F53F8,,func,,unmatched,0.00,unmatched,PAL ELF not available for byte matching
SetParticleEffect,0x001F5418,,func,,unmatched,0.00,unmatched,PAL ELF not available for byte matching
SetParticleEffectActiveSensing,0x001F5438,,func,,unmatched,0.00,unmatched,PAL ELF not available for byte matching
GetParticleEffectPackage,0x001F54A8,,func,,unmatched,0.00,unmatched,PAL ELF not available for byte matching
DeleteParticleEffectsByPackage,0x001F54C0,,func,,unmatched,0.00,unmatched,PAL ELF not available for byte matching
DeleteParticleEffectsByID,0x001F5558,,func,,unmatched,0.00,unmatched,PAL ELF not available for byte matching
GetParticleEffectData,0x001F5600,,func,,unmatched,0.00,unmatched,PAL ELF not available for byte matching
DisableParticleEffectGeometryControl,0x001F5620,,func,,unmatched,0.00,unmatched,PAL ELF not available for byte matching
GetParticleIDWithName,0x001F5640,,func,,unmatched,0.00,unmatched,PAL ELF not available for byte matching
GetParticleLoopFlag,0x001F56B0,,func,,unmatched,0.00,unmatched,PAL ELF not available for byte matching
ParticleEffects_SetAllGoal,0x001F56E0,,func,,unmatched,0.00,unmatched,PAL ELF not available for byte matching
SetParticleEffectClipEnableFlag,0x001F5750,,func,,unmatched,0.00,unmatched,PAL ELF not available for byte matching
SetParticleEffectDrainLevel,0x001F5778,,func,,unmatched,0.00,unmatched,PAL ELF not available for byte matching
ParticleLayoutGeo,0x001F57A0,,func,,unmatched,0.00,unmatched,PAL ELF not available for byte matching
InitParticleLayoutGeo,0x001F57E0,,func,,unmatched,0.00,unmatched,PAL ELF not available for byte matching
ParticleLayoutDL,0x001F5850,,func,,unmatched,0.00,unmatched,PAL ELF not available for byte matching
DeleteParticleLayout,0x001F5858,,func,,unmatched,0.00,unmatched,PAL ELF not available for byte matching
InitPuddleGeo,0x001F58A0,,func,,unmatched,0.00,unmatched,PAL ELF not available for byte matching
baseSetup,0x001F59E0,,func,,unmatched,0.00,unmatched,PAL ELF not available for byte matching
drawAreaSetup,0x001F5B00,,func,,unmatched,0.00,unmatched,PAL ELF not available for byte matching
drawAreaRestore,0x001F5CC8,,func,,unmatched,0.00,unmatched,PAL ELF not available for byte matching
leveldown,0x001F5DE0,,func,,unmatched,0.00,unmatched,PAL ELF not available for byte matching
copy,0x001F5EF8,,func,,unmatched,0.00,unmatched,PAL ELF not available for byte matching
drawRipple,0x001F6068,,func,,unmatched,0.00,unmatched,PAL ELF not available for byte matching
drawRipples,0x001F63A0,,func,,unmatched,0.00,unmatched,PAL ELF not available for byte matching
PuddleDL,0x001F64C0,,func,,unmatched,0.00,unmatched,PAL ELF not available for byte matching
PuddleGeo,0x001F6550,,func,,unmatched,0.00,unmatched,PAL ELF not available for byte matching
EntryRippleToPuddle,0x001F65E8,,func,,unmatched,0.00,unmatched,PAL ELF not available for byte matching
puddleRideFunc,0x001F6648,,func,,unmatched,0.00,unmatched,PAL ELF not available for byte matching
InitRopeGeo,0x001F66E8,,func,,unmatched,0.00,unmatched,PAL ELF not available for byte matching
SetRopeFixPoint,0x001F6B80,,func,,unmatched,0.00,unmatched,PAL ELF not available for byte matching
HoldRope,0x001F6B98,,func,,unmatched,0.00,unmatched,PAL ELF not available for byte matching
ropeGeo,0x001F6D38,,func,,unmatched,0.00,unmatched,PAL ELF not available for byte matching
RopeDL,0x001F6DE0,,func,,unmatched,0.00,unmatched,PAL ELF not available for byte matching
CheckRopeUpperWallClimbable,0x001F6FA8,,func,,unmatched,0.00,unmatched,PAL ELF not available for byte matching
ReleaseRope,0x001F6FB8,,func,,unmatched,0.00,unmatched,PAL ELF not available for byte matching
RopeGeo,0x001F6FC0,,func,,unmatched,0.00,unmatched,PAL ELF not available for byte matching
RopeFixGeo,0x001F7038,,func,,unmatched,0.00,unmatched,PAL ELF not available for byte matching
RopeFixDL,0x001F7078,,func,,unmatched,0.00,unmatched,PAL ELF not available for byte matching
InitRopeFixGeo,0x001F70C0,,func,,unmatched,0.00,unmatched,PAL ELF not available for byte matching
moveStartSE,0x001F70C8,,func,,unmatched,0.00,unmatched,PAL ELF not available for byte matching
moveEndSE,0x001F70D0,,func,,unmatched,0.00,unmatched,PAL ELF not available for byte matching
RotObjectGeo,0x001F7100,,func,,unmatched,0.00,unmatched,PAL ELF not available for byte matching
GetRotObjectHoldPoint,0x001F7130,,func,,unmatched,0.00,unmatched,PAL ELF not available for byte matching
MoveRotObjectWithHoldPoint,0x001F7228,,func,,unmatched,0.00,unmatched,PAL ELF not available for byte matching
ExecRotObjectMoveStartReaction,0x001F75A8,,func,,unmatched,0.00,unmatched,PAL ELF not available for byte matching
ExecRotObjectMoveEndReaction,0x001F75B0,,func,,unmatched,0.00,unmatched,PAL ELF not available for byte matching
SetRotObjectArmRadius,0x001F75B8,,func,,unmatched,0.00,unmatched,PAL ELF not available for byte matching
GetRotObjectGlobalHoldGeometry,0x001F75E0,,func,,unmatched,0.00,unmatched,PAL ELF not available for byte matching
InitRotObjectGeo,0x001F76F0,,func,,unmatched,0.00,unmatched,PAL ELF not available for byte matching
GetRotObjectGameSysObjInfoExtData,0x001F7838,,func,,unmatched,0.00,unmatched,PAL ELF not available for byte matching
RotObjectDL,0x001F7850,,func,,unmatched,0.00,unmatched,PAL ELF not available for byte matching
GetRotObjectRotCount,0x001F7928,,func,,unmatched,0.00,unmatched,PAL ELF not available for byte matching
GetRotObjectZPlusDirection,0x001F7948,,func,,unmatched,0.00,unmatched,PAL ELF not available for byte matching
RestoreRotObjectGeo,0x001F7A40,,func,,unmatched,0.00,unmatched,PAL ELF not available for byte matching
RestoreRotObjectExtGeo,0x001F7A48,,func,,unmatched,0.00,unmatched,PAL ELF not available for byte matching
MemoryRotObject,0x001F7A68,,func,,unmatched,0.00,unmatched,PAL ELF not available for byte matching
SetRotObjectLockFlag,0x001F7A88,,func,,unmatched,0.00,unmatched,PAL ELF not available for byte matching
InitSpiderLayoutGeo,0x001F7A98,,func,,unmatched,0.00,unmatched,PAL ELF not available for byte matching
WakeUpLayoutedSpiders,0x001F7C00,,func,,unmatched,0.00,unmatched,PAL ELF not available for byte matching
CallSpidersToReviveEnemy,0x001F7CA0,,func,,unmatched,0.00,unmatched,PAL ELF not available for byte matching
SpiderLayoutGeo,0x001F7E08,,func,,unmatched,0.00,unmatched,PAL ELF not available for byte matching
DispAllMemberOfSpider,0x001F81E8,,func,,unmatched,0.00,unmatched,PAL ELF not available for byte matching
SetSpiderGroupReviveStatus,0x001F8508,,func,,unmatched,0.00,unmatched,PAL ELF not available for byte matching
DeadAllSpiders,0x001F8548,,func,,unmatched,0.00,unmatched,PAL ELF not available for byte matching
GetAliveSpiders,0x001F85C0,,func,,unmatched,0.00,unmatched,PAL ELF not available for byte matching
DeleteSpiderFromLayoutGroup,0x001F8690,,func,,unmatched,0.00,unmatched,PAL ELF not available for byte matching
GetNearestOfLayoutSpiders,0x001F86B0,,func,,unmatched,0.00,unmatched,PAL ELF not available for byte matching
CheckSpidersInsideOfReviveRange,0x001F87E0,,func,,unmatched,0.00,unmatched,PAL ELF not available for byte matching
RestoreSpiderLayoutGeo,0x001F88D8,,func,,unmatched,0.00,unmatched,PAL ELF not available for byte matching
RestoreSpiderLayoutExtGeo,0x001F88E0,,func,,unmatched,0.00,unmatched,PAL ELF not available for byte matching
MemorySpiderLayout,0x001F8998,,func,,unmatched,0.00,unmatched,PAL ELF not available for byte matching
WakeUpSpidersFromGenerator,0x001F8A58,,func,,unmatched,0.00,unmatched,PAL ELF not available for byte matching
DeleteAllSpidersOfLayoutGroup,0x001F8B30,,func,,unmatched,0.00,unmatched,PAL ELF not available for byte matching
SleepSpiderGroup,0x001F8BC8,,func,,unmatched,0.00,unmatched,PAL ELF not available for byte matching
WakeupSpiderGroup,0x001F8C38,,func,,unmatched,0.00,unmatched,PAL ELF not available for byte matching
EntrySpiderGroupManager,0x001F8CA8,,func,,unmatched,0.00,unmatched,PAL ELF not available for byte matching
tryToRevive,0x001F8DE8,,func,,unmatched,0.00,unmatched,PAL ELF not available for byte matching
ExecSpiderGroupManager,0x001F8FE0,,func,,unmatched,0.00,unmatched,PAL ELF not available for byte matching
InitSpiderGroupManager,0x001F9210,,func,,unmatched,0.00,unmatched,PAL ELF not available for byte matching
EntryRevivedSpiderGroupManager,0x001F9238,,func,,unmatched,0.00,unmatched,PAL ELF not available for byte matching
DispAllSpiderGroups,0x001F9260,,func,,unmatched,0.00,unmatched,PAL ELF not available for byte matching
EntryToSpiderGroupManagerForReviveMaster,0x001F9308,,func,,unmatched,0.00,unmatched,PAL ELF not available for byte matching
getReviveEnemyGObj,0x001F9330,,func,,unmatched,0.00,unmatched,PAL ELF not available for byte matching
DispStageMultiBgaManager,0x001F9390,,func,,unmatched,0.00,unmatched,PAL ELF not available for byte matching
InitStageMultiBgaManager,0x001F9460,,func,,unmatched,0.00,unmatched,PAL ELF not available for byte matching
EntryStageMultiBgaManager,0x001F9500,,func,,unmatched,0.00,unmatched,PAL ELF not available for byte matching
EntryStageMultiBgaManagerSensitive,0x001F95D8,,func,,unmatched,0.00,unmatched,PAL ELF not available for byte matching
EntryStageMultiBgaManagerWithStay,0x001F96C0,,func,,unmatched,0.00,unmatched,PAL ELF not available for byte matching
EntryStageMultiBgaManagerSensitiveWithStay,0x001F97A0,,func,,unmatched,0.00,unmatched,PAL ELF not available for byte matching
blur,0x001F9890,,func,,unmatched,0.00,unmatched,PAL ELF not available for byte matching
auraInspireBefore,0x001F9A60,,func,,unmatched,0.00,unmatched,PAL ELF not available for byte matching
auraInspireAfter,0x001FA6E8,,func,,unmatched,0.00,unmatched,PAL ELF not available for byte matching
makeFullScreenFlareBefore,0x001FB258,,func,,unmatched,0.00,unmatched,PAL ELF not available for byte matching
makeFullScreenFlareAfter,0x001FBC48,,func,,unmatched,0.00,unmatched,PAL ELF not available for byte matching
pasteFullScreenFlare,0x001FBDF0,,func,,unmatched,0.00,unmatched,PAL ELF not available for byte matching
depthField,0x001FC3C0,,func,,unmatched,0.00,unmatched,PAL ELF not available for byte matching
GetSunWorldPos,0x001FCA50,,func,,unmatched,0.00,unmatched,PAL ELF not available for byte matching
MotionBlur,0x001FCA60,,func,,unmatched,0.00,unmatched,PAL ELF not available for byte matching
calcSun,0x001FCC60,,func,,unmatched,0.00,unmatched,PAL ELF not available for byte matching
colorSetting,0x001FCD20,,func,,unmatched,0.00,unmatched,PAL ELF not available for byte matching
dispPostInfo,0x001FCEE0,,func,,unmatched,0.00,unmatched,PAL ELF not available for byte matching
dispFeedInfo,0x001FD050,,func,,unmatched,0.00,unmatched,PAL ELF not available for byte matching
FullScreenEffectBefore,0x001FD148,,func,,unmatched,0.00,unmatched,PAL ELF not available for byte matching
FullScreenEffectAfter,0x001FD2F0,,func,,unmatched,0.00,unmatched,PAL ELF not available for byte matching
InitStaticBlur,0x001FD480,,func,,unmatched,0.00,unmatched,PAL ELF not available for byte matching
StaticBlur,0x001FD518,,func,,unmatched,0.00,unmatched,PAL ELF not available for byte matching
StaticBlurDL,0x001FD520,,func,,unmatched,0.00,unmatched,PAL ELF not available for byte matching
SetMotionBlur,0x001FD528,,func,,unmatched,0.00,unmatched,PAL ELF not available for byte matching
SetStaticBlur,0x001FD530,,func,,unmatched,0.00,unmatched,PAL ELF not available for byte matching
SetDepthFadeParam,0x001FD540,,func,,unmatched,0.00,unmatched,PAL ELF not available for byte matching
SetAuraInspireParam,0x001FD568,,func,,unmatched,0.00,unmatched,PAL ELF not available for byte matching
InitializeStaticBlur,0x001FD570,,func,,unmatched,0.00,unmatched,PAL ELF not available for byte matching
_initStaticBlur,0x001FD578,,func,,unmatched,0.00,unmatched,PAL ELF not available for byte matching
SetAuraEffect,0x001FD5F0,,func,,unmatched,0.00,unmatched,PAL ELF not available for byte matching
InitStormPackage,0x001FD5F8,,func,,unmatched,0.00,unmatched,PAL ELF not available for byte matching
ClipStormByVolume,0x001FD8B0,,func,,unmatched,0.00,unmatched,PAL ELF not available for byte matching
ClipStormByCamera,0x001FDA78,,func,,unmatched,0.00,unmatched,PAL ELF not available for byte matching
UpdateStormPackage,0x001FDC30,,func,,unmatched,0.00,unmatched,PAL ELF not available for byte matching
DispStormPackage,0x001FDDF8,,func,,unmatched,0.00,unmatched,PAL ELF not available for byte matching
StormTestGeo,0x001FE0D8,,func,,unmatched,0.00,unmatched,PAL ELF not available for byte matching
StormTestDL,0x001FE0E8,,func,,unmatched,0.00,unmatched,PAL ELF not available for byte matching
InitStormTestGeo,0x001FE100,,func,,unmatched,0.00,unmatched,PAL ELF not available for byte matching
_infoUpdate,0x001FE1A0,,func,,unmatched,0.00,unmatched,PAL ELF not available for byte matching
PlayStreamMotion,0x001FE680,,func,,unmatched,0.00,unmatched,PAL ELF not available for byte matching
ClearStreamMotionEntry,0x001FE6A0,,func,,unmatched,0.00,unmatched,PAL ELF not available for byte matching
_deleteStreamMotionManager,0x001FE700,,func,,unmatched,0.00,unmatched,PAL ELF not available for byte matching
DisableStreamMotionManagerAutomaticDelete,0x001FE860,,func,,unmatched,0.00,unmatched,PAL ELF not available for byte matching
getStreamMotionData,0x001FE870,,func,,unmatched,0.00,unmatched,PAL ELF not available for byte matching
getStreamMotionBlendData,0x001FE920,,func,,unmatched,0.00,unmatched,PAL ELF not available for byte matching
GetStreamMotionDataNext,0x001FE9F8,,func,,unmatched,0.00,unmatched,PAL ELF not available for byte matching
_transRingBuf,0x001FEA18,,func,,unmatched,0.00,unmatched,PAL ELF not available for byte matching
ExecStreamMotionManager,0x001FEAC0,,func,,unmatched,0.00,unmatched,PAL ELF not available for byte matching
MallocStreamMotionBuffer,0x001FECA0,,func,,unmatched,0.00,unmatched,PAL ELF not available for byte matching
StandbyStreamMotion,0x001FED38,,func,,unmatched,0.00,unmatched,PAL ELF not available for byte matching
StopStreamMotion,0x001FEE88,,func,,unmatched,0.00,unmatched,PAL ELF not available for byte matching
DeleteStreamMotionManager,0x001FEE90,,func,,unmatched,0.00,unmatched,PAL ELF not available for byte matching
EntryStreamMotion,0x001FEF50,,func,,unmatched,0.00,unmatched,PAL ELF not available for byte matching
GetDataSizeOfStreamMotion,0x001FEFA0,,func,,unmatched,0.00,unmatched,PAL ELF not available for byte matching
GetStreamMotionData,0x001FEFF0,,func,,unmatched,0.00,unmatched,PAL ELF not available for byte matching
InitStreamMotionManager,0x001FF080,,func,,unmatched,0.00,unmatched,PAL ELF not available for byte matching
CheckReadyStreamMotion,0x001FF090,,func,,unmatched,0.00,unmatched,PAL ELF not available for byte matching
SetStreamMotionFinishCallBackFunc,0x001FF0D0,,func,,unmatched,0.00,unmatched,PAL ELF not available for byte matching
FreeStreamMotionBuffer,0x001FF0F0,,func,,unmatched,0.00,unmatched,PAL ELF not available for byte matching
ClearAllStreamMotionEntry,0x001FF128,,func,,unmatched,0.00,unmatched,PAL ELF not available for byte matching
_closeHander,0x001FF1C8,,func,,unmatched,0.00,unmatched,PAL ELF not available for byte matching
_handler,0x001FF1E8,,func,,unmatched,0.00,unmatched,PAL ELF not available for byte matching
SugiLeafGeo2,0x001FF2B8,,func,,unmatched,0.00,unmatched,PAL ELF not available for byte matching
SugiLeafDL2,0x001FF490,,func,,unmatched,0.00,unmatched,PAL ELF not available for byte matching
InitSugiLeafGeo,0x001FF628,,func,,unmatched,0.00,unmatched,PAL ELF not available for byte matching
SugiLeafGeo,0x001FF680,,func,,unmatched,0.00,unmatched,PAL ELF not available for byte matching
InitSugiLeafGeo2,0x001FF738,,func,,unmatched,0.00,unmatched,PAL ELF not available for byte matching
torchOffSE,0x001FF7C0,,func,,unmatched,0.00,unmatched,PAL ELF not available for byte matching
LightTorchOn,0x001FF7F0,,func,,unmatched,0.00,unmatched,PAL ELF not available for byte matching
LightTorchOff,0x001FF978,,func,,unmatched,0.00,unmatched,PAL ELF not available for byte matching
torchDrainControl,0x001FFA60,,func,,unmatched,0.00,unmatched,PAL ELF not available for byte matching
moveTorch,0x001FFB08,,func,,unmatched,0.00,unmatched,PAL ELF not available for byte matching
setPauseFlag,0x001FFBC8,,func,,unmatched,0.00,unmatched,PAL ELF not available for byte matching
CheckTorchChainReactionReverse,0x001FFC70,,func,,unmatched,0.00,unmatched,PAL ELF not available for byte matching
procChainReaction,0x001FFDC8,,func,,unmatched,0.00,unmatched,PAL ELF not available for byte matching
TorchGeo,0x001FFF70,,func,,unmatched,0.00,unmatched,PAL ELF not available for byte matching
InitTorchGeo,0x00200120,,func,,unmatched,0.00,unmatched,PAL ELF not available for byte matching
TorchDL,0x00200228,,func,,unmatched,0.00,unmatched,PAL ELF not available for byte matching
IsTorchLightOn,0x00200230,,func,,unmatched,0.00,unmatched,PAL ELF not available for byte matching
CheckTorchChainReaction,0x00200240,,func,,unmatched,0.00,unmatched,PAL ELF not available for byte matching
SetTorchLife,0x00200330,,func,,unmatched,0.00,unmatched,PAL ELF not available for byte matching
SetTorchChainReactionFlag,0x00200348,,func,,unmatched,0.00,unmatched,PAL ELF not available for byte matching
UpdateRealTimeGeometryValue,0x00200358,,func,,unmatched,0.00,unmatched,PAL ELF not available for byte matching
AllocWaterDot,0x002003A8,,func,,unmatched,0.00,unmatched,PAL ELF not available for byte matching
setWaterDot,0x00200590,,func,,unmatched,0.00,unmatched,PAL ELF not available for byte matching
ExecWaterDot,0x00200660,,func,,unmatched,0.00,unmatched,PAL ELF not available for byte matching
DispWaterDot,0x00200810,,func,,unmatched,0.00,unmatched,PAL ELF not available for byte matching
InitializeWaterDot,0x002009A0,,func,,unmatched,0.00,unmatched,PAL ELF not available for byte matching
EntryWaterDot,0x002009E0,,func,,unmatched,0.00,unmatched,PAL ELF not available for byte matching
CreateWaySystemManagerGObj,0x00200AD0,,func,,unmatched,0.00,unmatched,PAL ELF not available for byte matching
RequestGetWayBegin,0x00200B10,,func,,unmatched,0.00,unmatched,PAL ELF not available for byte matching
actWaySystemCore,0x00200B50,,func,,unmatched,0.00,unmatched,PAL ELF not available for byte matching
waySysMan_thStart,0x00200BA0,,func,,unmatched,0.00,unmatched,PAL ELF not available for byte matching
torchOnOfWeaponSE,0x00200BB8,,func,,unmatched,0.00,unmatched,PAL ELF not available for byte matching
torchOffOfWeaponSE,0x00200BC0,,func,,unmatched,0.00,unmatched,PAL ELF not available for byte matching
weaponHitReactionSE,0x00200BF0,,func,,unmatched,0.00,unmatched,PAL ELF not available for byte matching
weaponFumbleSE,0x00200BF8,,func,,unmatched,0.00,unmatched,PAL ELF not available for byte matching
weaponStickSE,0x00200C00,,func,,unmatched,0.00,unmatched,PAL ELF not available for byte matching
ReleaseWeaponWithFumbleTargetPos,0x00200C08,,func,,unmatched,0.00,unmatched,PAL ELF not available for byte matching
ReleaseWeaponWithFumbleSequential,0x00200D30,,func,,unmatched,0.00,unmatched,PAL ELF not available for byte matching
calcDynamicPathGeometry,0x00201128,,func,,unmatched,0.00,unmatched,PAL ELF not available for byte matching
calcDynamicGeometry,0x00201338,,func,,unmatched,0.00,unmatched,PAL ELF not available for byte matching
getGeometry,0x002019B8,,func,,unmatched,0.00,unmatched,PAL ELF not available for byte matching
WeaponCurPos,0x00201B40,,func,,unmatched,0.00,unmatched,PAL ELF not available for byte matching
WeaponHitEffect,0x00201BA0,,func,,unmatched,0.00,unmatched,PAL ELF not available for byte matching
ExecWeaponHitReaction,0x00201BC0,,func,,unmatched,0.00,unmatched,PAL ELF not available for byte matching
checkHit,0x00201BC8,,func,,unmatched,0.00,unmatched,PAL ELF not available for byte matching
initializeQueenzSword,0x00201D00,,func,,unmatched,0.00,unmatched,PAL ELF not available for byte matching
InitWeaponGeo,0x00201F28,,func,,unmatched,0.00,unmatched,PAL ELF not available for byte matching
dispLaserSword,0x002022C8,,func,,unmatched,0.00,unmatched,PAL ELF not available for byte matching
dispInsectNet,0x002023F0,,func,,unmatched,0.00,unmatched,PAL ELF not available for byte matching
dispBlur,0x00202598,,func,,unmatched,0.00,unmatched,PAL ELF not available for byte matching
calcBlur,0x00202720,,func,,unmatched,0.00,unmatched,PAL ELF not available for byte matching
WeaponGeo,0x00202AE8,,func,,unmatched,0.00,unmatched,PAL ELF not available for byte matching
WeaponDL,0x00202E98,,func,,unmatched,0.00,unmatched,PAL ELF not available for byte matching
PickupWeapon,0x00202F48,,func,,unmatched,0.00,unmatched,PAL ELF not available for byte matching
CheckSwapableWeapon,0x00202FA0,,func,,unmatched,0.00,unmatched,PAL ELF not available for byte matching
ReleaseWeapon,0x002030A8,,func,,unmatched,0.00,unmatched,PAL ELF not available for byte matching
CheckWeaponKind,0x002030D8,,func,,unmatched,0.00,unmatched,PAL ELF not available for byte matching
LightTorchOnOfWeapon,0x002030E8,,func,,unmatched,0.00,unmatched,PAL ELF not available for byte matching
LightTorchOnOfWeaponWithNoSE,0x00203160,,func,,unmatched,0.00,unmatched,PAL ELF not available for byte matching
LightTorchOffOfWeapon,0x002031D8,,func,,unmatched,0.00,unmatched,PAL ELF not available for byte matching
GetTorchGObjOfWeapon,0x00203238,,func,,unmatched,0.00,unmatched,PAL ELF not available for byte matching
ReleaseWeaponWithFumble,0x00203260,,func,,unmatched,0.00,unmatched,PAL ELF not available for byte matching
InitWeaponFumbleSequence,0x002032E0,,func,,unmatched,0.00,unmatched,PAL ELF not available for byte matching
GetWeaponWeight,0x002032F8,,func,,unmatched,0.00,unmatched,PAL ELF not available for byte matching
SetWeaponTorchChainReactionFlagAll,0x00203328,,func,,unmatched,0.00,unmatched,PAL ELF not available for byte matching
InitDemoQueensSword,0x002033E0,,func,,unmatched,0.00,unmatched,PAL ELF not available for byte matching
ExecDemoQueensSword,0x002034C8,,func,,unmatched,0.00,unmatched,PAL ELF not available for byte matching
SetWeaponOffsetMode,0x002034E0,,func,,unmatched,0.00,unmatched,PAL ELF not available for byte matching
InitWindField,0x002034F0,,func,,unmatched,0.00,unmatched,PAL ELF not available for byte matching
drawSenpuukiHaneUnit,0x00203678,,func,,unmatched,0.00,unmatched,PAL ELF not available for byte matching
drawSenpuuki,0x00203810,,func,,unmatched,0.00,unmatched,PAL ELF not available for byte matching
ExecWindField,0x00203960,,func,,unmatched,0.00,unmatched,PAL ELF not available for byte matching
GetWindVector,0x00203BF0,,func,,unmatched,0.00,unmatched,PAL ELF not available for byte matching
dummyGetWindVector,0x00203C10,,func,,unmatched,0.00,unmatched,PAL ELF not available for byte matching
getParallelWindVector,0x00203C28,,func,,unmatched,0.00,unmatched,PAL ELF not available for byte matching
getRadiateWindVector,0x00203D38,,func,,unmatched,0.00,unmatched,PAL ELF not available for byte matching
StopWindField,0x00203DE8,,func,,unmatched,0.00,unmatched,PAL ELF not available for byte matching
drawLines,0x00203DF8,,func,,unmatched,0.00,unmatched,PAL ELF not available for byte matching
drawSenpuukiHane,0x00203E78,,func,,unmatched,0.00,unmatched,PAL ELF not available for byte matching
drawSenpuukiUnit,0x00203EF8,,func,,unmatched,0.00,unmatched,PAL ELF not available for byte matching
drawSenpuukiBase,0x00203F78,,func,,unmatched,0.00,unmatched,PAL ELF not available for byte matching
ExecWindManager,0x00203FF8,,func,,unmatched,0.00,unmatched,PAL ELF not available for byte matching
ReinitWindManager,0x00204078,,func,,unmatched,0.00,unmatched,PAL ELF not available for byte matching
SetWindManager,0x00204150,,func,,unmatched,0.00,unmatched,PAL ELF not available for byte matching
InitWindManager,0x002041D0,,func,,unmatched,0.00,unmatched,PAL ELF not available for byte matching
GetRegularizedWindSpeed,0x002042A8,,func,,unmatched,0.00,unmatched,PAL ELF not available for byte matching
InitWindMillGeo,0x00204388,,func,,unmatched,0.00,unmatched,PAL ELF not available for byte matching
WindMillGeo,0x002044F0,,func,,unmatched,0.00,unmatched,PAL ELF not available for byte matching
WindMillDL,0x002044F8,,func,,unmatched,0.00,unmatched,PAL ELF not available for byte matching
DispWireLetter,0x00204500,,func,,unmatched,0.00,unmatched,PAL ELF not available for byte matching
DispWireString,0x00204658,,func,,unmatched,0.00,unmatched,PAL ELF not available for byte matching
DefaultColorWireString,0x00204760,,func,,unmatched,0.00,unmatched,PAL ELF not available for byte matching
ChangeColorWireString,0x00204790,,func,,unmatched,0.00,unmatched,PAL ELF not available for byte matching
Draw2DBox,0x002047A8,,func,,unmatched,0.00,unmatched,PAL ELF not available for byte matching
outerProcess,0x00204888,,func,,unmatched,0.00,unmatched,PAL ELF not available for byte matching
simulate,0x002049B0,,func,,unmatched,0.00,unmatched,PAL ELF not available for byte matching
getAnimation,0x00204CE0,,func,,unmatched,0.00,unmatched,PAL ELF not available for byte matching
disp,0x00204EE8,,func,,unmatched,0.00,unmatched,PAL ELF not available for byte matching
GetWormRoute,0x00205260,,func,,unmatched,0.00,unmatched,PAL ELF not available for byte matching
InitWormGeo,0x00205470,,func,,unmatched,0.00,unmatched,PAL ELF not available for byte matching
GetWormCaptureVector,0x00205828,,func,,unmatched,0.00,unmatched,PAL ELF not available for byte matching
WormGeo,0x00205878,,func,,unmatched,0.00,unmatched,PAL ELF not available for byte matching
WormDL,0x00205B38,,func,,unmatched,0.00,unmatched,PAL ELF not available for byte matching
SetDirectWormTargetPos,0x00205B40,,func,,unmatched,0.00,unmatched,PAL ELF not available for byte matching
SetWormReduceRatio,0x00205C18,,func,,unmatched,0.00,unmatched,PAL ELF not available for byte matching
TraceWormRoute,0x00205C28,,func,,unmatched,0.00,unmatched,PAL ELF not available for byte matching
dma_init,0x00205DA8,,func,,unmatched,0.00,unmatched,PAL ELF not available for byte matching
matrix_init,0x00205E10,,func,,unmatched,0.00,unmatched,PAL ELF not available for byte matching
malloc_MemCpy,0x00205E20,,func,,unmatched,0.00,unmatched,PAL ELF not available for byte matching
malloc_SetPartition,0x00205E28,,func,,unmatched,0.00,unmatched,PAL ELF not available for byte matching
malloc_GetPartition,0x00205E30,,func,,unmatched,0.00,unmatched,PAL ELF not available for byte matching
mallocseki,0x00205E38,,func,,unmatched,0.00,unmatched,PAL ELF not available for byte matching
freeseki,0x00205F18,,func,,unmatched,0.00,unmatched,PAL ELF not available for byte matching
resetmallocseki,0x00205F38,,func,,unmatched,0.00,unmatched,PAL ELF not available for byte matching
mallocsekistage,0x00205F40,,func,,unmatched,0.00,unmatched,PAL ELF not available for byte matching
reallocseki,0x00205F88,,func,,unmatched,0.00,unmatched,PAL ELF not available for byte matching
bga_InitData,0x00205FB0,,func,,unmatched,0.00,unmatched,PAL ELF not available for byte matching
bga_initLightEnvelope,0x00206358,,func,,unmatched,0.00,unmatched,PAL ELF not available for byte matching
bga_ApplyDObject,0x00206670,,func,,unmatched,0.00,unmatched,PAL ELF not available for byte matching
bga_GetMotion,0x00206940,,func,,unmatched,0.00,unmatched,PAL ELF not available for byte matching
bga_GetMotionParticle,0x00207038,,func,,unmatched,0.00,unmatched,PAL ELF not available for byte matching
bga_GetMotionLightning,0x002076F8,,func,,unmatched,0.00,unmatched,PAL ELF not available for byte matching
bga_GetExtMotion,0x00207DD0,,func,,unmatched,0.00,unmatched,PAL ELF not available for byte matching
bga_GetGizmoMotion,0x00208058,,func,,unmatched,0.00,unmatched,PAL ELF not available for byte matching
bga_calcEnvelope,0x00208378,,func,,unmatched,0.00,unmatched,PAL ELF not available for byte matching
_RotTransCurrentMatrixYXZ,0x002087B8,,func,,unmatched,0.00,unmatched,PAL ELF not available for byte matching
bga_CalcObject,0x00208A88,,func,,unmatched,0.00,unmatched,PAL ELF not available for byte matching
bga_resetObjectCounter,0x00209368,,func,,unmatched,0.00,unmatched,PAL ELF not available for byte matching
bga_SetFrame,0x002095A8,,func,,unmatched,0.00,unmatched,PAL ELF not available for byte matching
bga_CalcAnimation,0x00209738,,func,,unmatched,0.00,unmatched,PAL ELF not available for byte matching
bga_CalcSdfCamera,0x00209A40,,func,,unmatched,0.00,unmatched,PAL ELF not available for byte matching
bga_addLightning,0x00209E50,,func,,unmatched,0.00,unmatched,PAL ELF not available for byte matching
bga_DispLightning,0x0020A0A8,,func,,unmatched,0.00,unmatched,PAL ELF not available for byte matching
bga_ResetCamera,0x0020A608,,func,,unmatched,0.00,unmatched,PAL ELF not available for byte matching
bga_GetCameraMatrix,0x0020A610,,func,,unmatched,0.00,unmatched,PAL ELF not available for byte matching
bga_InitSdfCamera,0x0020A658,,func,,unmatched,0.00,unmatched,PAL ELF not available for byte matching
bga_SetCamFrame,0x0020A6D0,,func,,unmatched,0.00,unmatched,PAL ELF not available for byte matching
bga_CheckAnimationFinish,0x0020A768,,func,,unmatched,0.00,unmatched,PAL ELF not available for byte matching
bga_CheckAnimationFrame,0x0020A7C0,,func,,unmatched,0.00,unmatched,PAL ELF not available for byte matching
bga_CheckAnimationFrameIn,0x0020A828,,func,,unmatched,0.00,unmatched,PAL ELF not available for byte matching
bga_CheckSdfCameraFinish,0x0020A8C8,,func,,unmatched,0.00,unmatched,PAL ELF not available for byte matching
bga_CheckSdfCameraFrame,0x0020A920,,func,,unmatched,0.00,unmatched,PAL ELF not available for byte matching
bga_CheckSdfCameraFrameIn,0x0020A978,,func,,unmatched,0.00,unmatched,PAL ELF not available for byte matching
bga_SetCameraForceOff,0x0020AA10,,func,,unmatched,0.00,unmatched,PAL ELF not available for byte matching
bga_InitBGA,0x0020AA20,,func,,unmatched,0.00,unmatched,PAL ELF not available for byte matching
bga_SetUniqAnimationFlag,0x0020AA30,,func,,unmatched,0.00,unmatched,PAL ELF not available for byte matching
bga_ResetAnimation,0x0020AA38,,func,,unmatched,0.00,unmatched,PAL ELF not available for byte matching
bga_GetZoom,0x0020AA88,,func,,unmatched,0.00,unmatched,PAL ELF not available for byte matching
font_CheckAlign,0x0020AA90,,func,,unmatched,0.00,unmatched,PAL ELF not available for byte matching
font_Print,0x0020AE78,,func,,unmatched,0.00,unmatched,PAL ELF not available for byte matching
font_GetWidth,0x0020B408,,func,,unmatched,0.00,unmatched,PAL ELF not available for byte matching
font_GetHeight,0x0020B410,,func,,unmatched,0.00,unmatched,PAL ELF not available for byte matching
font_Init,0x0020B438,,func,,unmatched,0.00,unmatched,PAL ELF not available for byte matching
dl_Init,0x0020B458,,func,,unmatched,0.00,unmatched,PAL ELF not available for byte matching
dl_Clear,0x0020B570,,func,,unmatched,0.00,unmatched,PAL ELF not available for byte matching
dl_Swap,0x0020B5E8,,func,,unmatched,0.00,unmatched,PAL ELF not available for byte matching
dl_PushPriority,0x0020B6F8,,func,,unmatched,0.00,unmatched,PAL ELF not available for byte matching
dl_PopPriority,0x0020B788,,func,,unmatched,0.00,unmatched,PAL ELF not available for byte matching
dl_Debug,0x0020B810,,func,,unmatched,0.00,unmatched,PAL ELF not available for byte matching
dl_CloseDma,0x0020B848,,func,,unmatched,0.00,unmatched,PAL ELF not available for byte matching
dl_Out,0x0020B988,,func,,unmatched,0.00,unmatched,PAL ELF not available for byte matching
dl_SetDLPriority,0x0020BA10,,func,,unmatched,0.00,unmatched,PAL ELF not available for byte matching
dl_OpenDma,0x0020BA38,,func,,unmatched,0.00,unmatched,PAL ELF not available for byte matching
dl_GetPri,0x0020BAD0,,func,,unmatched,0.00,unmatched,PAL ELF not available for byte matching
dpk_SwapBuffer,0x0020BAD8,,func,,unmatched,0.00,unmatched,PAL ELF not available for byte matching
dpk_Init,0x0020BB70,,func,,unmatched,0.00,unmatched,PAL ELF not available for byte matching
dpk_CheckBufferSize,0x0020BBA8,,func,,unmatched,0.00,unmatched,PAL ELF not available for byte matching
enemy_Initialize,0x0020BBD8,,func,,unmatched,0.00,unmatched,PAL ELF not available for byte matching
enemy_GetPositionTable,0x0020BF18,,func,,unmatched,0.00,unmatched,PAL ELF not available for byte matching
cut_gobj_camera_dl_link,0x0020BF58,,func,,unmatched,0.00,unmatched,PAL ELF not available for byte matching
isysGObjRemoveCameraDL,0x0020BFD0,,func,,unmatched,0.00,unmatched,PAL ELF not available for byte matching
add_gobj_to_tailCameraDL,0x0020BFD8,,func,,unmatched,0.00,unmatched,PAL ELF not available for byte matching
isysGObjMoveCameraDL,0x0020C0F8,,func,,unmatched,0.00,unmatched,PAL ELF not available for byte matching
isysGObjLinkCameraDL,0x0020C130,,func,,unmatched,0.00,unmatched,PAL ELF not available for byte matching
isysGObjLinkCameraDLAfterGObj,0x0020C1B0,,func,,unmatched,0.00,unmatched,PAL ELF not available for byte matching
isysGObjLinkCameraDLBeforeGObj,0x0020C208,,func,,unmatched,0.00,unmatched,PAL ELF not available for byte matching
isysGObjCameraDlInit,0x0020C260,,func,,unmatched,0.00,unmatched,PAL ELF not available for byte matching
isysGObjMoveCameraDLHead,0x0020C270,,func,,unmatched,0.00,unmatched,PAL ELF not available for byte matching
isysGObjLinkCameraDLHead,0x0020C340,,func,,unmatched,0.00,unmatched,PAL ELF not available for byte matching
isysObjMoveCameraDLAfterGObj,0x0020C3F0,,func,,unmatched,0.00,unmatched,PAL ELF not available for byte matching
isysObjMoveCameraDLBeforeGObj,0x0020C450,,func,,unmatched,0.00,unmatched,PAL ELF not available for byte matching
getDitchDistTbl,0x0020C4B0,,func,,unmatched,0.00,unmatched,PAL ELF not available for byte matching
GetDitchPosition,0x0020C808,,func,,unmatched,0.00,unmatched,PAL ELF not available for byte matching
DebugActOrientFlag,0x0020C8D0,,func,,unmatched,0.00,unmatched,PAL ELF not available for byte matching
ACTGetEnvironment,0x0020CB78,,func,,unmatched,0.00,unmatched,PAL ELF not available for byte matching
ACTSetEnvAllmighty,0x00211198,,func,,unmatched,0.00,unmatched,PAL ELF not available for byte matching
GetSofaPosition,0x002112C0,,func,,unmatched,0.00,unmatched,PAL ELF not available for byte matching
GetCollisCenterPositionSimple,0x00211340,,func,,unmatched,0.00,unmatched,PAL ELF not available for byte matching
CheckWallAttributeEdegWall,0x002113E8,,func,,unmatched,0.00,unmatched,PAL ELF not available for byte matching
DetourCheck,0x00211428,,func,,unmatched,0.00,unmatched,PAL ELF not available for byte matching
checkPositionIllegal,0x002116D0,,func,,unmatched,0.00,unmatched,PAL ELF not available for byte matching
ACTWayMove_BeginDetail,0x00211840,,func,,unmatched,0.00,unmatched,PAL ELF not available for byte matching
ACTWayMove_NextDetail,0x00211C60,,func,,unmatched,0.00,unmatched,PAL ELF not available for byte matching
ACTWayExec_Position,0x00212620,,func,,unmatched,0.00,unmatched,PAL ELF not available for byte matching
ACTWay_IsMustWalkFromWay,0x002128A8,,func,,unmatched,0.00,unmatched,PAL ELF not available for byte matching
ACTWay_SetBeginPositionIllegal,0x00212920,,func,,unmatched,0.00,unmatched,PAL ELF not available for byte matching
WayMove_CheckCollis,0x00212938,,func,,unmatched,0.00,unmatched,PAL ELF not available for byte matching
actChangeActBrain,0x002129A8,,func,,unmatched,0.00,unmatched,PAL ELF not available for byte matching
actChangeActMain,0x00212A38,,func,,unmatched,0.00,unmatched,PAL ELF not available for byte matching
actCreateMotionThread,0x00212B00,,func,,unmatched,0.00,unmatched,PAL ELF not available for byte matching
actCreateSubThread,0x00212B88,,func,,unmatched,0.00,unmatched,PAL ELF not available for byte matching
after_func_exec,0x00212C90,,func,,unmatched,0.00,unmatched,PAL ELF not available for byte matching
actInitialize_ext_charcter,0x00212E18,,func,,unmatched,0.00,unmatched,PAL ELF not available for byte matching
actInitialize_only_charcter,0x00212ED8,,func,,unmatched,0.00,unmatched,PAL ELF not available for byte matching
actInitialize,0x00212FD8,,func,,unmatched,0.00,unmatched,PAL ELF not available for byte matching
act_check_intr_list,0x002133C0,,func,,unmatched,0.00,unmatched,PAL ELF not available for byte matching
act_check_mail,0x002135A8,,func,,unmatched,0.00,unmatched,PAL ELF not available for byte matching
BeforeFunc,0x00213830,,func,,unmatched,0.00,unmatched,PAL ELF not available for byte matching
ACTDebugMove,0x00213F08,,func,,unmatched,0.00,unmatched,PAL ELF not available for byte matching
actInitialize_geo,0x002146E8,,func,,unmatched,0.00,unmatched,PAL ELF not available for byte matching
ACTReserveTarget,0x002146F0,,func,,unmatched,0.00,unmatched,PAL ELF not available for byte matching
_ACTRun,0x00214738,,func,,unmatched,0.00,unmatched,PAL ELF not available for byte matching
_ACTWait,0x00214780,,func,,unmatched,0.00,unmatched,PAL ELF not available for byte matching
actCreateSubThreadGOppArg,0x00214820,,func,,unmatched,0.00,unmatched,PAL ELF not available for byte matching
actSetInterrupt,0x00214858,,func,,unmatched,0.00,unmatched,PAL ELF not available for byte matching
ConvertStickToAbsCoord,0x00214860,,func,,unmatched,0.00,unmatched,PAL ELF not available for byte matching
ActSetStartBrainStatus,0x002148D8,,func,,unmatched,0.00,unmatched,PAL ELF not available for byte matching
actWaitCondition,0x002148F0,,func,,unmatched,0.00,unmatched,PAL ELF not available for byte matching
BeforeFunc2,0x002149B0,,func,,unmatched,0.00,unmatched,PAL ELF not available for byte matching
actDummy,0x00214B08,,func,,unmatched,0.00,unmatched,PAL ELF not available for byte matching
setMailTarget,0x00214B38,,func,,unmatched,0.00,unmatched,PAL ELF not available for byte matching
seMail,0x00214B68,,func,,unmatched,0.00,unmatched,PAL ELF not available for byte matching
seMailTargetDistCheck,0x00214CE0,,func,,unmatched,0.00,unmatched,PAL ELF not available for byte matching
add_wp_pos,0x00214D80,,func,,unmatched,0.00,unmatched,PAL ELF not available for byte matching
WayLengthOfPos_Pos,0x00214E20,,func,,unmatched,0.00,unmatched,PAL ELF not available for byte matching
WayPointWithRangeFromPos,0x00215030,,func,,unmatched,0.00,unmatched,PAL ELF not available for byte matching
WayPointWithRangeFromPos2,0x00215400,,func,,unmatched,0.00,unmatched,PAL ELF not available for byte matching
NearestEnemyFromGirl,0x00215990,,func,,unmatched,0.00,unmatched,PAL ELF not available for byte matching
NumOfWpPos,0x00215AB0,,func,,unmatched,0.00,unmatched,PAL ELF not available for byte matching
CopyWpPos,0x00215AB8,,func,,unmatched,0.00,unmatched,PAL ELF not available for byte matching
WayLengthOfGObj_Pos,0x00215B78,,func,,unmatched,0.00,unmatched,PAL ELF not available for byte matching
WayLengthOfGObj_GObj,0x00215BC8,,func,,unmatched,0.00,unmatched,PAL ELF not available for byte matching
WayPointWithRangeFromGObj,0x00215C20,,func,,unmatched,0.00,unmatched,PAL ELF not available for byte matching
wayKidnap_wpsort_compfnc,0x00215C68,,func,,unmatched,0.00,unmatched,PAL ELF not available for byte matching
CreateTempWayGroup,0x00215CA0,,func,,unmatched,0.00,unmatched,PAL ELF not available for byte matching
CreateBridge,0x00215F18,,func,,unmatched,0.00,unmatched,PAL ELF not available for byte matching
InitWayPointSystem,0x00215FA8,,func,,unmatched,0.00,unmatched,PAL ELF not available for byte matching
CreateWayGroup,0x00216020,,func,,unmatched,0.00,unmatched,PAL ELF not available for byte matching
DeleteWayGroup,0x002160B8,,func,,unmatched,0.00,unmatched,PAL ELF not available for byte matching
CloseWayGroup,0x00216138,,func,,unmatched,0.00,unmatched,PAL ELF not available for byte matching
CreateWayPoint,0x00216168,,func,,unmatched,0.00,unmatched,PAL ELF not available for byte matching
AddWayPoint,0x002161E0,,func,,unmatched,0.00,unmatched,PAL ELF not available for byte matching
AddWayPointTop,0x00216248,,func,,unmatched,0.00,unmatched,PAL ELF not available for byte matching
InsertWayPointAfter,0x00216290,,func,,unmatched,0.00,unmatched,PAL ELF not available for byte matching
DeleteWayPoint,0x002162C8,,func,,unmatched,0.00,unmatched,PAL ELF not available for byte matching
WayGroup_begin,0x002163A8,,func,,unmatched,0.00,unmatched,PAL ELF not available for byte matching
WayGroup_next,0x002163E8,,func,,unmatched,0.00,unmatched,PAL ELF not available for byte matching
WayBridge_begin,0x00216428,,func,,unmatched,0.00,unmatched,PAL ELF not available for byte matching
WayBridge_next,0x00216480,,func,,unmatched,0.00,unmatched,PAL ELF not available for byte matching
WayBridgeAll_begin,0x002164D8,,func,,unmatched,0.00,unmatched,PAL ELF not available for byte matching
WayBridgeAll_next,0x00216520,,func,,unmatched,0.00,unmatched,PAL ELF not available for byte matching
WayBridgeVar_begin,0x00216568,,func,,unmatched,0.00,unmatched,PAL ELF not available for byte matching
WayBridgeVar_next,0x002165C0,,func,,unmatched,0.00,unmatched,PAL ELF not available for byte matching
WayPoint_begin,0x00216618,,func,,unmatched,0.00,unmatched,PAL ELF not available for byte matching
WayPoint_next,0x00216658,,func,,unmatched,0.00,unmatched,PAL ELF not available for byte matching
WayPointList_begin,0x00216698,,func,,unmatched,0.00,unmatched,PAL ELF not available for byte matching
WayPointList_next,0x002166B8,,func,,unmatched,0.00,unmatched,PAL ELF not available for byte matching
waypoint_bidirectional_list,0x002166F8,,func,,unmatched,0.00,unmatched,PAL ELF not available for byte matching
SetWayGroupActive,0x00216750,,func,,unmatched,0.00,unmatched,PAL ELF not available for byte matching
CheckWayGroupActive,0x00216770,,func,,unmatched,0.00,unmatched,PAL ELF not available for byte matching
group_create,0x00216790,,func,,unmatched,0.00,unmatched,PAL ELF not available for byte matching
wayTool_group_select,0x002168F0,,func,,unmatched,0.00,unmatched,PAL ELF not available for byte matching
point_delete,0x00216C08,,func,,unmatched,0.00,unmatched,PAL ELF not available for byte matching
point_insert,0x00216D08,,func,,unmatched,0.00,unmatched,PAL ELF not available for byte matching
quick_load_wpfile,0x00216E28,,func,,unmatched,0.00,unmatched,PAL ELF not available for byte matching
ExtractWayData,0x00216F48,,func,,unmatched,0.00,unmatched,PAL ELF not available for byte matching
wp_print_out,0x00217188,,func,,unmatched,0.00,unmatched,PAL ELF not available for byte matching
draw_way_group,0x00217498,,func,,unmatched,0.00,unmatched,PAL ELF not available for byte matching
way_toolDL,0x002176B0,,func,,unmatched,0.00,unmatched,PAL ELF not available for byte matching
debug_WayTool,0x00217938,,func,,unmatched,0.00,unmatched,PAL ELF not available for byte matching
play_way,0x00217B58,,func,,unmatched,0.00,unmatched,PAL ELF not available for byte matching
point_nige,0x00217C38,,func,,unmatched,0.00,unmatched,PAL ELF not available for byte matching
quick_save_wpfile,0x00217CD0,,func,,unmatched,0.00,unmatched,PAL ELF not available for byte matching
cursor_control,0x00217D88,,func,,unmatched,0.00,unmatched,PAL ELF not available for byte matching
actDejaChk,0x00217E08,,func,,unmatched,0.00,unmatched,PAL ELF not available for byte matching
actDejaDemo,0x00217F68,,func,,unmatched,0.00,unmatched,PAL ELF not available for byte matching
actDejaAfter,0x00218388,,func,,unmatched,0.00,unmatched,PAL ELF not available for byte matching
actDejaAfterChk,0x002184D8,,func,,unmatched,0.00,unmatched,PAL ELF not available for byte matching
actDeja,0x00218600,,func,,unmatched,0.00,unmatched,PAL ELF not available for byte matching
actEnemySleep,0x002186B0,,func,,unmatched,0.00,unmatched,PAL ELF not available for byte matching
actE3WarningChk,0x002186D8,,func,,unmatched,0.00,unmatched,PAL ELF not available for byte matching
actE3Title,0x00218870,,func,,unmatched,0.00,unmatched,PAL ELF not available for byte matching
actE3TitleChk,0x00218A28,,func,,unmatched,0.00,unmatched,PAL ELF not available for byte matching
actE3TitleFrameChk,0x00218B20,,func,,unmatched,0.00,unmatched,PAL ELF not available for byte matching
actE3Inst1Chk,0x00218E50,,func,,unmatched,0.00,unmatched,PAL ELF not available for byte matching
actE3Capsule,0x00219058,,func,,unmatched,0.00,unmatched,PAL ELF not available for byte matching
actE3CapsuleDemoCancel,0x002191E0,,func,,unmatched,0.00,unmatched,PAL ELF not available for byte matching
actE3CapsuleDemo,0x00219388,,func,,unmatched,0.00,unmatched,PAL ELF not available for byte matching
actE3St13cInit,0x00219590,,func,,unmatched,0.00,unmatched,PAL ELF not available for byte matching
actE3CageFall,0x002195D0,,func,,unmatched,0.00,unmatched,PAL ELF not available for byte matching
actE3CageFallChk,0x002196D0,,func,,unmatched,0.00,unmatched,PAL ELF not available for byte matching
actE3CageFallDemo,0x00219840,,func,,unmatched,0.00,unmatched,PAL ELF not available for byte matching
actE3CageFallEffect,0x00219BE0,,func,,unmatched,0.00,unmatched,PAL ELF not available for byte matching
actE3St09aSekizo,0x00219FA0,,func,,unmatched,0.00,unmatched,PAL ELF not available for byte matching
actE3St09aSekizoChk,0x0021A0A0,,func,,unmatched,0.00,unmatched,PAL ELF not available for byte matching
actE3GateChk,0x0021A350,,func,,unmatched,0.00,unmatched,PAL ELF not available for byte matching
actE3GateDemo,0x0021A4C8,,func,,unmatched,0.00,unmatched,PAL ELF not available for byte matching
actE3GateJimaku,0x0021A820,,func,,unmatched,0.00,unmatched,PAL ELF not available for byte matching
actE3St01bInit,0x0021A9C8,,func,,unmatched,0.00,unmatched,PAL ELF not available for byte matching
actE3St09aBrgDown,0x0021A9D8,,func,,unmatched,0.00,unmatched,PAL ELF not available for byte matching
actE3Warning,0x0021AAF8,,func,,unmatched,0.00,unmatched,PAL ELF not available for byte matching
actE3Inst1,0x0021AB78,,func,,unmatched,0.00,unmatched,PAL ELF not available for byte matching
actE3Door,0x0021AC30,,func,,unmatched,0.00,unmatched,PAL ELF not available for byte matching
actE3CageFallReady,0x0021ACC8,,func,,unmatched,0.00,unmatched,PAL ELF not available for byte matching
actE3St13cIntro,0x0021AD40,,func,,unmatched,0.00,unmatched,PAL ELF not available for byte matching
actE3St13cGene1,0x0021ADB8,,func,,unmatched,0.00,unmatched,PAL ELF not available for byte matching
actE3St13cGene2,0x0021AE70,,func,,unmatched,0.00,unmatched,PAL ELF not available for byte matching
actE3Floor,0x0021AF10,,func,,unmatched,0.00,unmatched,PAL ELF not available for byte matching
actE3St01bEne,0x0021AF40,,func,,unmatched,0.00,unmatched,PAL ELF not available for byte matching
actE3St01bGene1,0x0021AFB8,,func,,unmatched,0.00,unmatched,PAL ELF not available for byte matching
actE3St01bGene2,0x0021B070,,func,,unmatched,0.00,unmatched,PAL ELF not available for byte matching
actE3St01bGene3,0x0021B120,,func,,unmatched,0.00,unmatched,PAL ELF not available for byte matching
actE3St09aBrg,0x0021B1D0,,func,,unmatched,0.00,unmatched,PAL ELF not available for byte matching
actE3Gate,0x0021B268,,func,,unmatched,0.00,unmatched,PAL ELF not available for byte matching
actE3CapsuleChk,0x0021B338,,func,,unmatched,0.00,unmatched,PAL ELF not available for byte matching
actE3CapsuleDemoEnd,0x0021B3C8,,func,,unmatched,0.00,unmatched,PAL ELF not available for byte matching
actE3DoorMain,0x0021B498,,func,,unmatched,0.00,unmatched,PAL ELF not available for byte matching
actE3DoorSwitch,0x0021B4D0,,func,,unmatched,0.00,unmatched,PAL ELF not available for byte matching
actE3DoorUp,0x0021B528,,func,,unmatched,0.00,unmatched,PAL ELF not available for byte matching
actE3St13cIntroChk,0x0021B5E0,,func,,unmatched,0.00,unmatched,PAL ELF not available for byte matching
actE3CageFallReadyChk,0x0021B660,,func,,unmatched,0.00,unmatched,PAL ELF not available for byte matching
actE3St01bEneChk,0x0021B6D0,,func,,unmatched,0.00,unmatched,PAL ELF not available for byte matching
actE3St09aGirlWay,0x0021B788,,func,,unmatched,0.00,unmatched,PAL ELF not available for byte matching
actE3St09aBrgMain,0x0021B818,,func,,unmatched,0.00,unmatched,PAL ELF not available for byte matching
actE3St09aBrgSwitch,0x0021B848,,func,,unmatched,0.00,unmatched,PAL ELF not available for byte matching
actEndDemo01,0x0021B8A0,,func,,unmatched,0.00,unmatched,PAL ELF not available for byte matching
actConte14_1,0x0021B9D0,,func,,unmatched,0.00,unmatched,PAL ELF not available for byte matching
actEndDemo02,0x0021BC80,,func,,unmatched,0.00,unmatched,PAL ELF not available for byte matching
actConte14_2,0x0021BDC0,,func,,unmatched,0.00,unmatched,PAL ELF not available for byte matching
actEndDemo06,0x0021C000,,func,,unmatched,0.00,unmatched,PAL ELF not available for byte matching
actConte14_6,0x0021C170,,func,,unmatched,0.00,unmatched,PAL ELF not available for byte matching
actEndDemo07,0x0021C280,,func,,unmatched,0.00,unmatched,PAL ELF not available for byte matching
actConte14_7,0x0021C370,,func,,unmatched,0.00,unmatched,PAL ELF not available for byte matching
actEndDemo10,0x0021C540,,func,,unmatched,0.00,unmatched,PAL ELF not available for byte matching
actConte14_10,0x0021C630,,func,,unmatched,0.00,unmatched,PAL ELF not available for byte matching
actConte14_13,0x0021C940,,func,,unmatched,0.00,unmatched,PAL ELF not available for byte matching
actStaff1,0x0021CA40,,func,,unmatched,0.00,unmatched,PAL ELF not available for byte matching
actStaff1Demo,0x0021CB28,,func,,unmatched,0.00,unmatched,PAL ELF not available for byte matching
actStaff2Demo,0x0021CE58,,func,,unmatched,0.00,unmatched,PAL ELF not available for byte matching
actStaff3Demo,0x0021D1F0,,func,,unmatched,0.00,unmatched,PAL ELF not available for byte matching
actEndDemo14,0x0021D500,,func,,unmatched,0.00,unmatched,PAL ELF not available for byte matching
actConte14_14,0x0021D630,,func,,unmatched,0.00,unmatched,PAL ELF not available for byte matching
actSt27aEnd,0x0021D858,,func,,unmatched,0.00,unmatched,PAL ELF not available for byte matching
actSt27aEndChk,0x0021D940,,func,,unmatched,0.00,unmatched,PAL ELF not available for byte matching
actSt27aEndDemo,0x0021DAD8,,func,,unmatched,0.00,unmatched,PAL ELF not available for byte matching
actEndLogoChk,0x0021DE18,,func,,unmatched,0.00,unmatched,PAL ELF not available for byte matching
actEndDemo03,0x0021DFD0,,func,,unmatched,0.00,unmatched,PAL ELF not available for byte matching
actEndDemo04,0x0021E0A8,,func,,unmatched,0.00,unmatched,PAL ELF not available for byte matching
actEndDemo05,0x0021E150,,func,,unmatched,0.00,unmatched,PAL ELF not available for byte matching
actEndDemo11,0x0021E1C8,,func,,unmatched,0.00,unmatched,PAL ELF not available for byte matching
actEndDemo12,0x0021E250,,func,,unmatched,0.00,unmatched,PAL ELF not available for byte matching
actEndDemo13,0x0021E2D8,,func,,unmatched,0.00,unmatched,PAL ELF not available for byte matching
actStaff2,0x0021E378,,func,,unmatched,0.00,unmatched,PAL ELF not available for byte matching
actStaff3,0x0021E438,,func,,unmatched,0.00,unmatched,PAL ELF not available for byte matching
actEndLogo,0x0021E4F0,,func,,unmatched,0.00,unmatched,PAL ELF not available for byte matching
actEndDemo01Chk,0x0021E558,,func,,unmatched,0.00,unmatched,PAL ELF not available for byte matching
actEndDemo02Chk,0x0021E5F8,,func,,unmatched,0.00,unmatched,PAL ELF not available for byte matching
actEndDemo03Chk,0x0021E680,,func,,unmatched,0.00,unmatched,PAL ELF not available for byte matching
actConte14_3,0x0021E708,,func,,unmatched,0.00,unmatched,PAL ELF not available for byte matching
actEndDemo04Chk,0x0021E780,,func,,unmatched,0.00,unmatched,PAL ELF not available for byte matching
actConte14_4,0x0021E808,,func,,unmatched,0.00,unmatched,PAL ELF not available for byte matching
actEndDemo05Chk,0x0021E880,,func,,unmatched,0.00,unmatched,PAL ELF not available for byte matching
actConte14_5,0x0021E8B0,,func,,unmatched,0.00,unmatched,PAL ELF not available for byte matching
actEndDemo06Chk,0x0021E930,,func,,unmatched,0.00,unmatched,PAL ELF not available for byte matching
actEndDemo07Chk,0x0021E9B8,,func,,unmatched,0.00,unmatched,PAL ELF not available for byte matching
actEndDemo10Chk,0x0021EA00,,func,,unmatched,0.00,unmatched,PAL ELF not available for byte matching
actConte14_10_Jimaku,0x0021EAA8,,func,,unmatched,0.00,unmatched,PAL ELF not available for byte matching
actEndDemo11Chk,0x0021EC38,,func,,unmatched,0.00,unmatched,PAL ELF not available for byte matching
actConte14_11,0x0021EC68,,func,,unmatched,0.00,unmatched,PAL ELF not available for byte matching
actEndDemo12Chk,0x0021ECF0,,func,,unmatched,0.00,unmatched,PAL ELF not available for byte matching
actConte14_12,0x0021ED20,,func,,unmatched,0.00,unmatched,PAL ELF not available for byte matching
actEndDemo13Chk,0x0021EDA8,,func,,unmatched,0.00,unmatched,PAL ELF not available for byte matching
actStaff1Chk,0x0021EDD8,,func,,unmatched,0.00,unmatched,PAL ELF not available for byte matching
actStaff2Chk,0x0021EE00,,func,,unmatched,0.00,unmatched,PAL ELF not available for byte matching
actStaff3Chk,0x0021EE38,,func,,unmatched,0.00,unmatched,PAL ELF not available for byte matching
actStaff3RollChk,0x0021EED8,,func,,unmatched,0.00,unmatched,PAL ELF not available for byte matching
actEndDemo14Chk,0x0021EF48,,func,,unmatched,0.00,unmatched,PAL ELF not available for byte matching
actEndingSave,0x0021EF78,,func,,unmatched,0.00,unmatched,PAL ELF not available for byte matching
actTitleCamera2,0x0021F060,,func,,unmatched,0.00,unmatched,PAL ELF not available for byte matching
actOpDemo01,0x0021F1E8,,func,,unmatched,0.00,unmatched,PAL ELF not available for byte matching
actTitleShortCut,0x0021F708,,func,,unmatched,0.00,unmatched,PAL ELF not available for byte matching
actTitleReadTimeDemo0,0x0021F860,,func,,unmatched,0.00,unmatched,PAL ELF not available for byte matching
actOpDemo01_2,0x00220048,,func,,unmatched,0.00,unmatched,PAL ELF not available for byte matching
actOpDemo01_2Chk,0x00220188,,func,,unmatched,0.00,unmatched,PAL ELF not available for byte matching
actOpDemo02,0x002204B8,,func,,unmatched,0.00,unmatched,PAL ELF not available for byte matching
actSt24aConte01_2,0x002205C8,,func,,unmatched,0.00,unmatched,PAL ELF not available for byte matching
actOpDemo03Chk,0x00220978,,func,,unmatched,0.00,unmatched,PAL ELF not available for byte matching
actSt13aConte01_3,0x00220AD8,,func,,unmatched,0.00,unmatched,PAL ELF not available for byte matching
actOpDemo03,0x00220E20,,func,,unmatched,0.00,unmatched,PAL ELF not available for byte matching
actSubMpegReturnPreload,0x00220EB8,,func,,unmatched,0.00,unmatched,PAL ELF not available for byte matching
actSt26aConte01_1_newgame,0x00220F38,,func,,unmatched,0.00,unmatched,PAL ELF not available for byte matching
actOpDemo02Chk,0x00220FC8,,func,,unmatched,0.00,unmatched,PAL ELF not available for byte matching
actSt24aConte01_2_Jimaku,0x002210B0,,func,,unmatched,0.00,unmatched,PAL ELF not available for byte matching
actSt00aInit,0x00221238,,func,,unmatched,0.00,unmatched,PAL ELF not available for byte matching
actSt00aEnd,0x00221308,,func,,unmatched,0.00,unmatched,PAL ELF not available for byte matching
actSt00aEneChk,0x00221340,,func,,unmatched,0.00,unmatched,PAL ELF not available for byte matching
actSt00aStairChk,0x00221488,,func,,unmatched,0.00,unmatched,PAL ELF not available for byte matching
actSt00aDoor2,0x00221748,,func,,unmatched,0.00,unmatched,PAL ELF not available for byte matching
actSt00aDoor2UpChk,0x00221850,,func,,unmatched,0.00,unmatched,PAL ELF not available for byte matching
actSt00aDoor2DownChk,0x002219E8,,func,,unmatched,0.00,unmatched,PAL ELF not available for byte matching
actSt00aDoor1,0x00221B80,,func,,unmatched,0.00,unmatched,PAL ELF not available for byte matching
actSt00aDoor1UpChk,0x00221C88,,func,,unmatched,0.00,unmatched,PAL ELF not available for byte matching
actSt00aDoor1DownChk,0x00221E18,,func,,unmatched,0.00,unmatched,PAL ELF not available for byte matching
actSt00aEne,0x00221FA8,,func,,unmatched,0.00,unmatched,PAL ELF not available for byte matching
actSt00aEnemy1,0x00222020,,func,,unmatched,0.00,unmatched,PAL ELF not available for byte matching
actSt00aEnemy2,0x002220C8,,func,,unmatched,0.00,unmatched,PAL ELF not available for byte matching
actSt00aStair,0x00222158,,func,,unmatched,0.00,unmatched,PAL ELF not available for byte matching
actSt00aAtr2,0x002221F0,,func,,unmatched,0.00,unmatched,PAL ELF not available for byte matching
actSt00aAtr2Chk,0x00222268,,func,,unmatched,0.00,unmatched,PAL ELF not available for byte matching
actSt00aStairChkSub,0x002222C0,,func,,unmatched,0.00,unmatched,PAL ELF not available for byte matching
actSt00aDoor2Event,0x00222370,,func,,unmatched,0.00,unmatched,PAL ELF not available for byte matching
actSt00aDoor2UpEffect,0x00222380,,func,,unmatched,0.00,unmatched,PAL ELF not available for byte matching
actSt00aDoor2DownEffect,0x00222460,,func,,unmatched,0.00,unmatched,PAL ELF not available for byte matching
actSt00aDoor1Event,0x00222540,,func,,unmatched,0.00,unmatched,PAL ELF not available for byte matching
actSt00aDoor1UpEffect,0x00222550,,func,,unmatched,0.00,unmatched,PAL ELF not available for byte matching
actSt00aDoor1DownEffect,0x00222630,,func,,unmatched,0.00,unmatched,PAL ELF not available for byte matching
actSt01bInit,0x00222710,,func,,unmatched,0.00,unmatched,PAL ELF not available for byte matching
actSt01bEneChk,0x00222790,,func,,unmatched,0.00,unmatched,PAL ELF not available for byte matching
actSt01bFloorChkSub,0x002228C0,,func,,unmatched,0.00,unmatched,PAL ELF not available for byte matching
actSt01bFloorChk,0x00222A18,,func,,unmatched,0.00,unmatched,PAL ELF not available for byte matching
actSt01bSekizo,0x00222C88,,func,,unmatched,0.00,unmatched,PAL ELF not available for byte matching
actSt01bEne,0x00222CF8,,func,,unmatched,0.00,unmatched,PAL ELF not available for byte matching
actSt01bEnemy1,0x00222D70,,func,,unmatched,0.00,unmatched,PAL ELF not available for byte matching
actSt01bEnemy2,0x00222E28,,func,,unmatched,0.00,unmatched,PAL ELF not available for byte matching
actSt01bEnemy3,0x00222ED0,,func,,unmatched,0.00,unmatched,PAL ELF not available for byte matching
actSt01bEnemy4,0x00222F60,,func,,unmatched,0.00,unmatched,PAL ELF not available for byte matching
actSt01bEnemy5,0x00222FD0,,func,,unmatched,0.00,unmatched,PAL ELF not available for byte matching
actSt01bEnemy6,0x00223040,,func,,unmatched,0.00,unmatched,PAL ELF not available for byte matching
actSt01bFloor,0x002230B0,,func,,unmatched,0.00,unmatched,PAL ELF not available for byte matching
actSt01bWay,0x00223128,,func,,unmatched,0.00,unmatched,PAL ELF not available for byte matching
actSt01bEnd,0x00223190,,func,,unmatched,0.00,unmatched,PAL ELF not available for byte matching
actSt01bSekizoEvent,0x00223198,,func,,unmatched,0.00,unmatched,PAL ELF not available for byte matching
actSt01bFloorEvent,0x002231A8,,func,,unmatched,0.00,unmatched,PAL ELF not available for byte matching
actSt01bWayOnChk,0x002231B8,,func,,unmatched,0.00,unmatched,PAL ELF not available for byte matching
actSt01bWayOffChk,0x00223268,,func,,unmatched,0.00,unmatched,PAL ELF not available for byte matching
actSt02aInit,0x00223318,,func,,unmatched,0.00,unmatched,PAL ELF not available for byte matching
actSt02aDoor,0x00223368,,func,,unmatched,0.00,unmatched,PAL ELF not available for byte matching
actSt02aDoorUpChk,0x00223470,,func,,unmatched,0.00,unmatched,PAL ELF not available for byte matching
actSt02aDoorDownChk,0x002235F8,,func,,unmatched,0.00,unmatched,PAL ELF not available for byte matching
actSt02aFenceOpen,0x00223780,,func,,unmatched,0.00,unmatched,PAL ELF not available for byte matching
actSt02WaterFallBoySplashCheck,0x00223930,,func,,unmatched,0.00,unmatched,PAL ELF not available for byte matching
actSt02aWaterFallReflactionEffect,0x00223A60,,func,,unmatched,0.00,unmatched,PAL ELF not available for byte matching
actSt02aWaterFallChk,0x00223C10,,func,,unmatched,0.00,unmatched,PAL ELF not available for byte matching
actSt02aGondolaUp,0x00223D60,,func,,unmatched,0.00,unmatched,PAL ELF not available for byte matching
actSt02aGondolaDown,0x00223EC8,,func,,unmatched,0.00,unmatched,PAL ELF not available for byte matching
actSt02aBox,0x00224028,,func,,unmatched,0.00,unmatched,PAL ELF not available for byte matching
actSt02aGondola,0x00224110,,func,,unmatched,0.00,unmatched,PAL ELF not available for byte matching
actSt02aFence,0x002241C0,,func,,unmatched,0.00,unmatched,PAL ELF not available for byte matching
actSt02aWaterFall,0x00224238,,func,,unmatched,0.00,unmatched,PAL ELF not available for byte matching
actSt02aBoxEvent2,0x002242D8,,func,,unmatched,0.00,unmatched,PAL ELF not available for byte matching
actSt02aEne,0x00224328,,func,,unmatched,0.00,unmatched,PAL ELF not available for byte matching
actSt02aEnemy1,0x002243A0,,func,,unmatched,0.00,unmatched,PAL ELF not available for byte matching
actSt02aEnemy2,0x00224430,,func,,unmatched,0.00,unmatched,PAL ELF not available for byte matching
actSt02aSekizo,0x002244E0,,func,,unmatched,0.00,unmatched,PAL ELF not available for byte matching
actSt02aWay,0x00224548,,func,,unmatched,0.00,unmatched,PAL ELF not available for byte matching
actSt02aTakiWay,0x002245F0,,func,,unmatched,0.00,unmatched,PAL ELF not available for byte matching
actSt02aSecretItem,0x00224668,,func,,unmatched,0.00,unmatched,PAL ELF not available for byte matching
actSt02aDoorEvent,0x002246E0,,func,,unmatched,0.00,unmatched,PAL ELF not available for byte matching
actSt02aDoorUpEffect,0x002246F0,,func,,unmatched,0.00,unmatched,PAL ELF not available for byte matching
actSt02aDoorDownEffect,0x002247D0,,func,,unmatched,0.00,unmatched,PAL ELF not available for byte matching
actSt02aFenceMain,0x002248B0,,func,,unmatched,0.00,unmatched,PAL ELF not available for byte matching
actSt02aFenceSwitch,0x002248E0,,func,,unmatched,0.00,unmatched,PAL ELF not available for byte matching
actSt02aFenceOpenSub,0x00224948,,func,,unmatched,0.00,unmatched,PAL ELF not available for byte matching
actSt02aGondolaMain,0x002249D8,,func,,unmatched,0.00,unmatched,PAL ELF not available for byte matching
actSt02aGondolaSwitch,0x00224A08,,func,,unmatched,0.00,unmatched,PAL ELF not available for byte matching
actSt02aEneChk,0x00224AB0,,func,,unmatched,0.00,unmatched,PAL ELF not available for byte matching
actSt02aSekizoEvent,0x00224B18,,func,,unmatched,0.00,unmatched,PAL ELF not available for byte matching
actSt02aWayOnChk,0x00224B28,,func,,unmatched,0.00,unmatched,PAL ELF not available for byte matching
actSt02aWayOffChk,0x00224C00,,func,,unmatched,0.00,unmatched,PAL ELF not available for byte matching
actSt02aTakiWayOnChk,0x00224CE0,,func,,unmatched,0.00,unmatched,PAL ELF not available for byte matching
actSt02aTakiWayOffChk,0x00224D98,,func,,unmatched,0.00,unmatched,PAL ELF not available for byte matching
actSt02aSecretItemChk,0x00224E58,,func,,unmatched,0.00,unmatched,PAL ELF not available for byte matching
actSt03tSwitchL,0x00224EA8,,func,,unmatched,0.00,unmatched,PAL ELF not available for byte matching
actSt03tSwitchLChk,0x00224F90,,func,,unmatched,0.00,unmatched,PAL ELF not available for byte matching
actSt03tSwitchLUpChk,0x002251F0,,func,,unmatched,0.00,unmatched,PAL ELF not available for byte matching
actSt03tSwitchR,0x00225388,,func,,unmatched,0.00,unmatched,PAL ELF not available for byte matching
actSt03tSwitchRChk,0x00225470,,func,,unmatched,0.00,unmatched,PAL ELF not available for byte matching
actSt03tSwitchRUpChk,0x00225668,,func,,unmatched,0.00,unmatched,PAL ELF not available for byte matching
actSt03tGene,0x00225800,,func,,unmatched,0.00,unmatched,PAL ELF not available for byte matching
actSt03tBoxA,0x002258C8,,func,,unmatched,0.00,unmatched,PAL ELF not available for byte matching
actSt03tBoxB,0x00225978,,func,,unmatched,0.00,unmatched,PAL ELF not available for byte matching
actSt03tInit,0x00225A30,,func,,unmatched,0.00,unmatched,PAL ELF not available for byte matching
actSt03tGirlUp,0x00225A90,,func,,unmatched,0.00,unmatched,PAL ELF not available for byte matching
actSt03tGirlCam,0x00225B18,,func,,unmatched,0.00,unmatched,PAL ELF not available for byte matching
actSt03tSekizo,0x00225B80,,func,,unmatched,0.00,unmatched,PAL ELF not available for byte matching
actSt03tWay,0x00225BE8,,func,,unmatched,0.00,unmatched,PAL ELF not available for byte matching
actSt03tEne,0x00225C90,,func,,unmatched,0.00,unmatched,PAL ELF not available for byte matching
actSt03tGirlPos,0x00225D08,,func,,unmatched,0.00,unmatched,PAL ELF not available for byte matching
actSt03tHint1Sleep,0x00225D88,,func,,unmatched,0.00,unmatched,PAL ELF not available for byte matching
actSt03tGirlCamEvent,0x00225DF0,,func,,unmatched,0.00,unmatched,PAL ELF not available for byte matching
actSt03tGirlCamStartChk,0x00225E00,,func,,unmatched,0.00,unmatched,PAL ELF not available for byte matching
actSt03tGirlCamEndChk,0x00225ED0,,func,,unmatched,0.00,unmatched,PAL ELF not available for byte matching
actSt03tSekizoEvent,0x00225F98,,func,,unmatched,0.00,unmatched,PAL ELF not available for byte matching
actSt03tEneChk,0x00225FA8,,func,,unmatched,0.00,unmatched,PAL ELF not available for byte matching
actSt03tWayOnChk,0x00226078,,func,,unmatched,0.00,unmatched,PAL ELF not available for byte matching
actSt03tWayOffChk,0x00226130,,func,,unmatched,0.00,unmatched,PAL ELF not available for byte matching
actSt03tGirlPosChk,0x002261E8,,func,,unmatched,0.00,unmatched,PAL ELF not available for byte matching
actSt03tGirlUpChk,0x00226240,,func,,unmatched,0.00,unmatched,PAL ELF not available for byte matching
actSt03tHint1OnChk,0x002262A8,,func,,unmatched,0.00,unmatched,PAL ELF not available for byte matching
actSt03tHint1OffChk,0x00226340,,func,,unmatched,0.00,unmatched,PAL ELF not available for byte matching
actSt04aGate,0x002263D8,,func,,unmatched,0.00,unmatched,PAL ELF not available for byte matching
actSt04aGateChk,0x002264E0,,func,,unmatched,0.00,unmatched,PAL ELF not available for byte matching
actSt04aConte06,0x00226B88,,func,,unmatched,0.00,unmatched,PAL ELF not available for byte matching
actSt04aConte06Jimaku,0x002271E8,,func,,unmatched,0.00,unmatched,PAL ELF not available for byte matching
actSt04aGateOpen,0x002274D0,,func,,unmatched,0.00,unmatched,PAL ELF not available for byte matching
actSt04aGateOpenChk,0x002275C8,,func,,unmatched,0.00,unmatched,PAL ELF not available for byte matching
actConte09,0x00227B20,,func,,unmatched,0.00,unmatched,PAL ELF not available for byte matching
actConte09Jimaku,0x00227FB0,,func,,unmatched,0.00,unmatched,PAL ELF not available for byte matching
actSt04aGateOpen2Chk,0x00228158,,func,,unmatched,0.00,unmatched,PAL ELF not available for byte matching
actConte09_2,0x002282B0,,func,,unmatched,0.00,unmatched,PAL ELF not available for byte matching
actSt04aGateOpen3,0x00228730,,func,,unmatched,0.00,unmatched,PAL ELF not available for byte matching
actSt04aGateOpen3Chk,0x00228830,,func,,unmatched,0.00,unmatched,PAL ELF not available for byte matching
actConte09_3,0x00228940,,func,,unmatched,0.00,unmatched,PAL ELF not available for byte matching
actSt04aGateLChk,0x002292D8,,func,,unmatched,0.00,unmatched,PAL ELF not available for byte matching
actSt04aGateRChk,0x002294B8,,func,,unmatched,0.00,unmatched,PAL ELF not available for byte matching
actSt04aTorch1,0x00229710,,func,,unmatched,0.00,unmatched,PAL ELF not available for byte matching
actSt04aTorch1Chk,0x00229A30,,func,,unmatched,0.00,unmatched,PAL ELF not available for byte matching
actSt04aTorchAllFlagfChk,0x00229C50,,func,,unmatched,0.00,unmatched,PAL ELF not available for byte matching
actSt04aTorchHintChk,0x00229F38,,func,,unmatched,0.00,unmatched,PAL ELF not available for byte matching
actSt04aGateL,0x0022A240,,func,,unmatched,0.00,unmatched,PAL ELF not available for byte matching
actSt04aGateR,0x0022A2E8,,func,,unmatched,0.00,unmatched,PAL ELF not available for byte matching
actSt04aTorchXL,0x0022A390,,func,,unmatched,0.00,unmatched,PAL ELF not available for byte matching
actSt04aDeadCam,0x0022A3D0,,func,,unmatched,0.00,unmatched,PAL ELF not available for byte matching
actSt04aGateOpen2,0x0022A4B0,,func,,unmatched,0.00,unmatched,PAL ELF not available for byte matching
actSt04aGateOpen2Ready,0x0022A538,,func,,unmatched,0.00,unmatched,PAL ELF not available for byte matching
actSt04aGirlSit,0x0022A5A0,,func,,unmatched,0.00,unmatched,PAL ELF not available for byte matching
actSt04aTorchHint,0x0022A608,,func,,unmatched,0.00,unmatched,PAL ELF not available for byte matching
actSt04aModel,0x0022A680,,func,,unmatched,0.00,unmatched,PAL ELF not available for byte matching
actSt04aEnvSe,0x0022A6F8,,func,,unmatched,0.00,unmatched,PAL ELF not available for byte matching
actSt04aEnvSeWakare1,0x0022A820,,func,,unmatched,0.00,unmatched,PAL ELF not available for byte matching
finishCallBackFunc,0x0022A948,,func,,unmatched,0.00,unmatched,PAL ELF not available for byte matching
actSt04aGateOpen2ReadyChk,0x0022AA18,,func,,unmatched,0.00,unmatched,PAL ELF not available for byte matching
actSt04aEnvSeWakare2,0x0022AAD8,,func,,unmatched,0.00,unmatched,PAL ELF not available for byte matching
actConte09_3Jimaku,0x0022AC00,,func,,unmatched,0.00,unmatched,PAL ELF not available for byte matching
actConte09_3_demoCancel,0x0022AD88,,func,,unmatched,0.00,unmatched,PAL ELF not available for byte matching
actSt04aGateLSub,0x0022ADA8,,func,,unmatched,0.00,unmatched,PAL ELF not available for byte matching
actSt04aGateRSub,0x0022AE10,,func,,unmatched,0.00,unmatched,PAL ELF not available for byte matching
actSt04aGirlSitChk,0x0022AE78,,func,,unmatched,0.00,unmatched,PAL ELF not available for byte matching
actSt04aModelOnChk,0x0022AF58,,func,,unmatched,0.00,unmatched,PAL ELF not available for byte matching
actSt04aModelOffChk,0x0022AFF0,,func,,unmatched,0.00,unmatched,PAL ELF not available for byte matching
actSt04bEnd,0x0022B088,,func,,unmatched,0.00,unmatched,PAL ELF not available for byte matching
actSt04bSekizoChk,0x0022B0D0,,func,,unmatched,0.00,unmatched,PAL ELF not available for byte matching
actSt04bEne1Chk,0x0022B408,,func,,unmatched,0.00,unmatched,PAL ELF not available for byte matching
actSt04bCrest01XL,0x0022B500,,func,,unmatched,0.00,unmatched,PAL ELF not available for byte matching
actSt04bDoorXL,0x0022B590,,func,,unmatched,0.00,unmatched,PAL ELF not available for byte matching
actSt04bMonyoDoorXL,0x0022B5D0,,func,,unmatched,0.00,unmatched,PAL ELF not available for byte matching
actSt04bSekizo,0x0022B630,,func,,unmatched,0.00,unmatched,PAL ELF not available for byte matching
actSt04bEne1,0x0022B6F0,,func,,unmatched,0.00,unmatched,PAL ELF not available for byte matching
actSt04bEnemy1,0x0022B768,,func,,unmatched,0.00,unmatched,PAL ELF not available for byte matching
actSt04bEnemy2,0x0022B808,,func,,unmatched,0.00,unmatched,PAL ELF not available for byte matching
actSt04bBallXL,0x0022B8A8,,func,,unmatched,0.00,unmatched,PAL ELF not available for byte matching
actSt04bSolarXL,0x0022B910,,func,,unmatched,0.00,unmatched,PAL ELF not available for byte matching
actSt04bSekizoEvent,0x0022B970,,func,,unmatched,0.00,unmatched,PAL ELF not available for byte matching
actSt04bGirlWay,0x0022B980,,func,,unmatched,0.00,unmatched,PAL ELF not available for byte matching
actSt04cEnd,0x0022BA00,,func,,unmatched,0.00,unmatched,PAL ELF not available for byte matching
actSt04cDoorDownChk,0x0022BA38,,func,,unmatched,0.00,unmatched,PAL ELF not available for byte matching
actSt04cIntroChk,0x0022BB40,,func,,unmatched,0.00,unmatched,PAL ELF not available for byte matching
actSt04lDoorChk,0x0022BCA0,,func,,unmatched,0.00,unmatched,PAL ELF not available for byte matching
actSt04cSolarXL,0x0022BED8,,func,,unmatched,0.00,unmatched,PAL ELF not available for byte matching
actSt04lDoor,0x0022BF28,,func,,unmatched,0.00,unmatched,PAL ELF not available for byte matching
actSt04cIntro,0x0022BFD8,,func,,unmatched,0.00,unmatched,PAL ELF not available for byte matching
actSt04cDoorDown,0x0022C050,,func,,unmatched,0.00,unmatched,PAL ELF not available for byte matching
actSt04cEne,0x0022C0C0,,func,,unmatched,0.00,unmatched,PAL ELF not available for byte matching
actSt04cEnemy1,0x0022C138,,func,,unmatched,0.00,unmatched,PAL ELF not available for byte matching
actSt04cEnemy2,0x0022C1C8,,func,,unmatched,0.00,unmatched,PAL ELF not available for byte matching
actSt04cWaterXL,0x0022C258,,func,,unmatched,0.00,unmatched,PAL ELF not available for byte matching
actSt04cDoorDownEvent,0x0022C2A8,,func,,unmatched,0.00,unmatched,PAL ELF not available for byte matching
actSt04cDoorDownEffect,0x0022C2B8,,func,,unmatched,0.00,unmatched,PAL ELF not available for byte matching
actSt04cEneChk,0x0022C3D0,,func,,unmatched,0.00,unmatched,PAL ELF not available for byte matching
actSt04cIntroChkSub,0x0022C440,,func,,unmatched,0.00,unmatched,PAL ELF not available for byte matching
actSt04lDoorEvent,0x0022C498,,func,,unmatched,0.00,unmatched,PAL ELF not available for byte matching
actSt04dDoor1,0x0022C4A8,,func,,unmatched,0.00,unmatched,PAL ELF not available for byte matching
actSt04dDoor1UpChk,0x0022C5B0,,func,,unmatched,0.00,unmatched,PAL ELF not available for byte matching
actSt04dDoor1DownChk,0x0022C708,,func,,unmatched,0.00,unmatched,PAL ELF not available for byte matching
actSt04dDoor2,0x0022C860,,func,,unmatched,0.00,unmatched,PAL ELF not available for byte matching
actSt04dDoor2UpChk,0x0022C968,,func,,unmatched,0.00,unmatched,PAL ELF not available for byte matching
actSt04dDoor2DownChk,0x0022CAC0,,func,,unmatched,0.00,unmatched,PAL ELF not available for byte matching
actSt04dDoor1Event,0x0022CC18,,func,,unmatched,0.00,unmatched,PAL ELF not available for byte matching
actSt04dDoor1UpEffect,0x0022CC28,,func,,unmatched,0.00,unmatched,PAL ELF not available for byte matching
actSt04dDoor1DownEffect,0x0022CD08,,func,,unmatched,0.00,unmatched,PAL ELF not available for byte matching
actSt04dDoor2Event,0x0022CDE8,,func,,unmatched,0.00,unmatched,PAL ELF not available for byte matching
actSt04dDoor2UpEffect,0x0022CDF8,,func,,unmatched,0.00,unmatched,PAL ELF not available for byte matching
actSt04dDoor2DownEffect,0x0022CED8,,func,,unmatched,0.00,unmatched,PAL ELF not available for byte matching
actSt04eWaterStop,0x0022CFB8,,func,,unmatched,0.00,unmatched,PAL ELF not available for byte matching
actSt04eHint1,0x0022D128,,func,,unmatched,0.00,unmatched,PAL ELF not available for byte matching
actSt04eHint1WakeUp,0x0022D1B0,,func,,unmatched,0.00,unmatched,PAL ELF not available for byte matching
actSt04eFuchi1,0x0022D230,,func,,unmatched,0.00,unmatched,PAL ELF not available for byte matching
actSt04eFuchi2,0x0022D2C8,,func,,unmatched,0.00,unmatched,PAL ELF not available for byte matching
actSt04eFuchi3,0x0022D360,,func,,unmatched,0.00,unmatched,PAL ELF not available for byte matching
actSt04eSe,0x0022D3F8,,func,,unmatched,0.00,unmatched,PAL ELF not available for byte matching
actSt04eWater,0x0022D460,,func,,unmatched,0.00,unmatched,PAL ELF not available for byte matching
actSt04eWaterMain,0x0022D520,,func,,unmatched,0.00,unmatched,PAL ELF not available for byte matching
actSt04eWaterSwitch,0x0022D550,,func,,unmatched,0.00,unmatched,PAL ELF not available for byte matching
actSt04eWaterFlagOn,0x0022D5A8,,func,,unmatched,0.00,unmatched,PAL ELF not available for byte matching
actSt04eWaterStopSub,0x0022D660,,func,,unmatched,0.00,unmatched,PAL ELF not available for byte matching
actSt04eHint1Chk,0x0022D6E0,,func,,unmatched,0.00,unmatched,PAL ELF not available for byte matching
actSt04eFuchi1Chk,0x0022D758,,func,,unmatched,0.00,unmatched,PAL ELF not available for byte matching
actSt04eFuchi2Chk,0x0022D830,,func,,unmatched,0.00,unmatched,PAL ELF not available for byte matching
actst04eFuchi3Chk,0x0022D908,,func,,unmatched,0.00,unmatched,PAL ELF not available for byte matching
actSt04eSeChk,0x0022D9E0,,func,,unmatched,0.00,unmatched,PAL ELF not available for byte matching
actSt04eHint1WakeUpChk,0x0022DAE8,,func,,unmatched,0.00,unmatched,PAL ELF not available for byte matching
actSt04cInit,0x0022DB38,,func,,unmatched,0.00,unmatched,PAL ELF not available for byte matching
actSt04dInit,0x0022DD20,,func,,unmatched,0.00,unmatched,PAL ELF not available for byte matching
actSt04eInit,0x0022DFF0,,func,,unmatched,0.00,unmatched,PAL ELF not available for byte matching
actSt04lBallTurnCommonSub,0x0022E088,,func,,unmatched,0.00,unmatched,PAL ELF not available for byte matching
actSt04lBallTurnCommon,0x0022E178,,func,,unmatched,0.00,unmatched,PAL ELF not available for byte matching
turnBall,0x0022E320,,func,,unmatched,0.00,unmatched,PAL ELF not available for byte matching
actSt04lCrest02,0x0022E370,,func,,unmatched,0.00,unmatched,PAL ELF not available for byte matching
actSt04lCrestSub,0x0022E450,,func,,unmatched,0.00,unmatched,PAL ELF not available for byte matching
actSt04lCrestMain,0x0022E558,,func,,unmatched,0.00,unmatched,PAL ELF not available for byte matching
actSt04lCrest2Sub,0x0022E778,,func,,unmatched,0.00,unmatched,PAL ELF not available for byte matching
actSt04lCrest2Main,0x0022E898,,func,,unmatched,0.00,unmatched,PAL ELF not available for byte matching
actSt04lCrest3Sub,0x0022EAE8,,func,,unmatched,0.00,unmatched,PAL ELF not available for byte matching
actSt04lCrest3Main,0x0022EBD0,,func,,unmatched,0.00,unmatched,PAL ELF not available for byte matching
actSt04eSolarBeamChk,0x0022EDA0,,func,,unmatched,0.00,unmatched,PAL ELF not available for byte matching
actSt04lStairSub,0x0022EF58,,func,,unmatched,0.00,unmatched,PAL ELF not available for byte matching
actSt04lStairChk,0x0022F198,,func,,unmatched,0.00,unmatched,PAL ELF not available for byte matching
actSt04lRope1Chk,0x0022F478,,func,,unmatched,0.00,unmatched,PAL ELF not available for byte matching
actSt04lRope2Chk,0x0022F5B8,,func,,unmatched,0.00,unmatched,PAL ELF not available for byte matching
actSt04lRope3Chk,0x0022F6F8,,func,,unmatched,0.00,unmatched,PAL ELF not available for byte matching
actSt04lRope4Chk,0x0022F838,,func,,unmatched,0.00,unmatched,PAL ELF not available for byte matching
actSt04lSekizoChk,0x0022F978,,func,,unmatched,0.00,unmatched,PAL ELF not available for byte matching
actSt04lGondolaChk,0x0022FC60,,func,,unmatched,0.00,unmatched,PAL ELF not available for byte matching
actSt04lMonyou01Chk,0x0022FFD0,,func,,unmatched,0.00,unmatched,PAL ELF not available for byte matching
actSt04lMonyou02Chk,0x00230130,,func,,unmatched,0.00,unmatched,PAL ELF not available for byte matching
actSt04lMonyou03Chk,0x00230288,,func,,unmatched,0.00,unmatched,PAL ELF not available for byte matching
actSt04lMonyou04Chk,0x002303E0,,func,,unmatched,0.00,unmatched,PAL ELF not available for byte matching
actSt04lMonyou05Chk,0x00230538,,func,,unmatched,0.00,unmatched,PAL ELF not available for byte matching
actSt04lMonyou06Chk,0x00230690,,func,,unmatched,0.00,unmatched,PAL ELF not available for byte matching
actSt04lMonyou07Chk,0x002307E8,,func,,unmatched,0.00,unmatched,PAL ELF not available for byte matching
actSt04lOriSub,0x00230940,,func,,unmatched,0.00,unmatched,PAL ELF not available for byte matching
actSt04lOriChk,0x00230A48,,func,,unmatched,0.00,unmatched,PAL ELF not available for byte matching
actSt04lOriRopeCutRChk,0x00230C60,,func,,unmatched,0.00,unmatched,PAL ELF not available for byte matching
actSt04lOriRopeCutLChk,0x00230E20,,func,,unmatched,0.00,unmatched,PAL ELF not available for byte matching
actSt04lOri2,0x00230FE0,,func,,unmatched,0.00,unmatched,PAL ELF not available for byte matching
actSt04lOri2Sub,0x002310C8,,func,,unmatched,0.00,unmatched,PAL ELF not available for byte matching
actSt04lOri2Chk,0x002311C0,,func,,unmatched,0.00,unmatched,PAL ELF not available for byte matching
actSt04lCrest01,0x00231380,,func,,unmatched,0.00,unmatched,PAL ELF not available for byte matching
actSt04lCrest03,0x00231420,,func,,unmatched,0.00,unmatched,PAL ELF not available for byte matching
actSt04lC1Ball,0x002314B8,,func,,unmatched,0.00,unmatched,PAL ELF not available for byte matching
actSt04lC2Ball,0x00231570,,func,,unmatched,0.00,unmatched,PAL ELF not available for byte matching
actSt04lC3Ball,0x00231628,,func,,unmatched,0.00,unmatched,PAL ELF not available for byte matching
actSt04lStair,0x002316E0,,func,,unmatched,0.00,unmatched,PAL ELF not available for byte matching
actSt04lBrg1,0x00231780,,func,,unmatched,0.00,unmatched,PAL ELF not available for byte matching
actSt04lBrg2,0x002317F8,,func,,unmatched,0.00,unmatched,PAL ELF not available for byte matching
actSt04lBrg1Way,0x00231878,,func,,unmatched,0.00,unmatched,PAL ELF not available for byte matching
actSt04lBrg2Way,0x002318F0,,func,,unmatched,0.00,unmatched,PAL ELF not available for byte matching
actSt04lRope1,0x00231968,,func,,unmatched,0.00,unmatched,PAL ELF not available for byte matching
actSt04lRope2,0x00231A10,,func,,unmatched,0.00,unmatched,PAL ELF not available for byte matching
actSt04lRope3,0x00231AB8,,func,,unmatched,0.00,unmatched,PAL ELF not available for byte matching
actSt04lRope4,0x00231B60,,func,,unmatched,0.00,unmatched,PAL ELF not available for byte matching
actSt04lSekizo,0x00231C08,,func,,unmatched,0.00,unmatched,PAL ELF not available for byte matching
actSt04lTuri,0x00231CA0,,func,,unmatched,0.00,unmatched,PAL ELF not available for byte matching
actSt04lOri,0x00231D40,,func,,unmatched,0.00,unmatched,PAL ELF not available for byte matching
actSt04lOriRopeCutR,0x00231DE8,,func,,unmatched,0.00,unmatched,PAL ELF not available for byte matching
actSt04lOriRopeCutL,0x00231E60,,func,,unmatched,0.00,unmatched,PAL ELF not available for byte matching
actSt04lSword,0x00231ED8,,func,,unmatched,0.00,unmatched,PAL ELF not available for byte matching
actSt04lGondola,0x00231F50,,func,,unmatched,0.00,unmatched,PAL ELF not available for byte matching
actSt04lMonyou01,0x00232018,,func,,unmatched,0.00,unmatched,PAL ELF not available for byte matching
actSt04lMonyou02,0x002320B8,,func,,unmatched,0.00,unmatched,PAL ELF not available for byte matching
actSt04lMonyou03,0x00232150,,func,,unmatched,0.00,unmatched,PAL ELF not available for byte matching
actSt04lMonyou04,0x002321E8,,func,,unmatched,0.00,unmatched,PAL ELF not available for byte matching
actSt04lMonyou05,0x00232280,,func,,unmatched,0.00,unmatched,PAL ELF not available for byte matching
actSt04lMonyou06,0x00232318,,func,,unmatched,0.00,unmatched,PAL ELF not available for byte matching
actSt04lMonyou07,0x002323B0,,func,,unmatched,0.00,unmatched,PAL ELF not available for byte matching
actSt04lCrest01XL,0x00232448,,func,,unmatched,0.00,unmatched,PAL ELF not available for byte matching
actSt04lCrest02XL,0x002324A8,,func,,unmatched,0.00,unmatched,PAL ELF not available for byte matching
actSt04lCrest03XL,0x00232508,,func,,unmatched,0.00,unmatched,PAL ELF not available for byte matching
actSt04lC2BallXL,0x00232568,,func,,unmatched,0.00,unmatched,PAL ELF not available for byte matching
actSt04lC3BallXL,0x002325E8,,func,,unmatched,0.00,unmatched,PAL ELF not available for byte matching
actSt04lTorch1_1,0x00232660,,func,,unmatched,0.00,unmatched,PAL ELF not available for byte matching
actSt04lTorch1_2,0x002326F8,,func,,unmatched,0.00,unmatched,PAL ELF not available for byte matching
actSt04lTorch2_1,0x00232790,,func,,unmatched,0.00,unmatched,PAL ELF not available for byte matching
actSt04lTorch2_2,0x00232838,,func,,unmatched,0.00,unmatched,PAL ELF not available for byte matching
actSt04lTorch3_1,0x002328E0,,func,,unmatched,0.00,unmatched,PAL ELF not available for byte matching
actSt04lTorch3_2,0x00232978,,func,,unmatched,0.00,unmatched,PAL ELF not available for byte matching
actSt04lTorch2_1XL,0x00232A10,,func,,unmatched,0.00,unmatched,PAL ELF not available for byte matching
actSt04lTorch2_2XL,0x00232AB8,,func,,unmatched,0.00,unmatched,PAL ELF not available for byte matching
actSt04lTorch3_1XL,0x00232B60,,func,,unmatched,0.00,unmatched,PAL ELF not available for byte matching
actSt04lTorch3_2XL,0x00232BA8,,func,,unmatched,0.00,unmatched,PAL ELF not available for byte matching
actSt04cDoorInit,0x00232BF0,,func,,unmatched,0.00,unmatched,PAL ELF not available for byte matching
actSt04dEnemy1,0x00232C78,,func,,unmatched,0.00,unmatched,PAL ELF not available for byte matching
actSt04dEnemy2,0x00232D00,,func,,unmatched,0.00,unmatched,PAL ELF not available for byte matching
actSt04dEnemy3,0x00232D88,,func,,unmatched,0.00,unmatched,PAL ELF not available for byte matching
actSt04eSolarBeam,0x00232DF0,,func,,unmatched,0.00,unmatched,PAL ELF not available for byte matching
actSt04lC1BallMain,0x00232EC0,,func,,unmatched,0.00,unmatched,PAL ELF not available for byte matching
actSt04lC1BallSwitch,0x00232EF0,,func,,unmatched,0.00,unmatched,PAL ELF not available for byte matching
actSt04lC1BallTurn,0x00232F48,,func,,unmatched,0.00,unmatched,PAL ELF not available for byte matching
actSt04lC2BallMain,0x00232FD0,,func,,unmatched,0.00,unmatched,PAL ELF not available for byte matching
actSt04lC2BallSwitch,0x00233000,,func,,unmatched,0.00,unmatched,PAL ELF not available for byte matching
actSt04lC2BallTurn,0x00233058,,func,,unmatched,0.00,unmatched,PAL ELF not available for byte matching
actSt04lC3BallMain,0x002330E0,,func,,unmatched,0.00,unmatched,PAL ELF not available for byte matching
actSt04lC3BallSwitch,0x00233110,,func,,unmatched,0.00,unmatched,PAL ELF not available for byte matching
actSt04lC3BallTurn,0x00233168,,func,,unmatched,0.00,unmatched,PAL ELF not available for byte matching
actSt04eSolarBeamChkSub,0x002331F0,,func,,unmatched,0.00,unmatched,PAL ELF not available for byte matching
actSt04lRope1Event,0x00233258,,func,,unmatched,0.00,unmatched,PAL ELF not available for byte matching
actSt04lRope2Event,0x00233268,,func,,unmatched,0.00,unmatched,PAL ELF not available for byte matching
actSt04lBrg1Event,0x00233278,,func,,unmatched,0.00,unmatched,PAL ELF not available for byte matching
actSt04lBrg1Chk,0x00233288,,func,,unmatched,0.00,unmatched,PAL ELF not available for byte matching
actSt04lRope3Event,0x00233340,,func,,unmatched,0.00,unmatched,PAL ELF not available for byte matching
actSt04lRope4Event,0x00233350,,func,,unmatched,0.00,unmatched,PAL ELF not available for byte matching
actSt04lBrg2Event,0x00233360,,func,,unmatched,0.00,unmatched,PAL ELF not available for byte matching
actSt04lBrg2Chk,0x00233370,,func,,unmatched,0.00,unmatched,PAL ELF not available for byte matching
actSt04lBrg1WayChk,0x00233430,,func,,unmatched,0.00,unmatched,PAL ELF not available for byte matching
actSt04lBrg2WayChk,0x00233478,,func,,unmatched,0.00,unmatched,PAL ELF not available for byte matching
actSt04lTuriEvent,0x002334D0,,func,,unmatched,0.00,unmatched,PAL ELF not available for byte matching
actSt04lTuriChk,0x002334E0,,func,,unmatched,0.00,unmatched,PAL ELF not available for byte matching
actSt04lGondolaCharaChk,0x00233598,,func,,unmatched,0.00,unmatched,PAL ELF not available for byte matching
actSt04lMonyou01Event,0x00233640,,func,,unmatched,0.00,unmatched,PAL ELF not available for byte matching
actSt04lMonyou02Event,0x00233650,,func,,unmatched,0.00,unmatched,PAL ELF not available for byte matching
actSt04lMonyou03Event,0x00233660,,func,,unmatched,0.00,unmatched,PAL ELF not available for byte matching
actSt04lMonyou04Event,0x00233670,,func,,unmatched,0.00,unmatched,PAL ELF not available for byte matching
actSt04lMonyou05Event,0x00233680,,func,,unmatched,0.00,unmatched,PAL ELF not available for byte matching
actSt04lMonyou06Event,0x00233690,,func,,unmatched,0.00,unmatched,PAL ELF not available for byte matching
actSt04lMonyou07Event,0x002336A0,,func,,unmatched,0.00,unmatched,PAL ELF not available for byte matching
actSt04lOriEvent,0x002336B0,,func,,unmatched,0.00,unmatched,PAL ELF not available for byte matching
actSt04lOri2Event,0x002336C0,,func,,unmatched,0.00,unmatched,PAL ELF not available for byte matching
actSt04lSwordChk,0x002336D0,,func,,unmatched,0.00,unmatched,PAL ELF not available for byte matching
actSt04lTorch1_1Chk,0x002336F8,,func,,unmatched,0.00,unmatched,PAL ELF not available for byte matching
actSt04lTorch1_2Chk,0x00233750,,func,,unmatched,0.00,unmatched,PAL ELF not available for byte matching
actSt04lTorch2_1Chk,0x002337A8,,func,,unmatched,0.00,unmatched,PAL ELF not available for byte matching
actSt04lTorch2_2Chk,0x00233800,,func,,unmatched,0.00,unmatched,PAL ELF not available for byte matching
actSt04lTorch3_1Chk,0x00233858,,func,,unmatched,0.00,unmatched,PAL ELF not available for byte matching
actSt04lTorch3_2Chk,0x002338B0,,func,,unmatched,0.00,unmatched,PAL ELF not available for byte matching
actSt04lTorch2_1XLChk,0x00233908,,func,,unmatched,0.00,unmatched,PAL ELF not available for byte matching
actSt04lTorch2_2XLChk,0x00233960,,func,,unmatched,0.00,unmatched,PAL ELF not available for byte matching
actSt05eEnd,0x002339B8,,func,,unmatched,0.00,unmatched,PAL ELF not available for byte matching
actSt05cInit,0x002339F0,,func,,unmatched,0.00,unmatched,PAL ELF not available for byte matching
actSt05dInit,0x00233BF8,,func,,unmatched,0.00,unmatched,PAL ELF not available for byte matching
actSt05eInit,0x00233EC8,,func,,unmatched,0.00,unmatched,PAL ELF not available for byte matching
actSt04rCrest02,0x00233F60,,func,,unmatched,0.00,unmatched,PAL ELF not available for byte matching
openGateSub,0x00234048,,func,,unmatched,0.00,unmatched,PAL ELF not available for byte matching
openGate,0x00234140,,func,,unmatched,0.00,unmatched,PAL ELF not available for byte matching
actSt04rCrest2Main,0x002342C8,,func,,unmatched,0.00,unmatched,PAL ELF not available for byte matching
actSt04rCrest3Main,0x002343E8,,func,,unmatched,0.00,unmatched,PAL ELF not available for byte matching
actSt04rSolarBeam,0x002344D8,,func,,unmatched,0.00,unmatched,PAL ELF not available for byte matching
actSt04rSolarBeamChk,0x00234650,,func,,unmatched,0.00,unmatched,PAL ELF not available for byte matching
actSt04rStairSub,0x00234830,,func,,unmatched,0.00,unmatched,PAL ELF not available for byte matching
actSt04rStairChk,0x00234A70,,func,,unmatched,0.00,unmatched,PAL ELF not available for byte matching
actSt04rSekizoChk,0x00234D58,,func,,unmatched,0.00,unmatched,PAL ELF not available for byte matching
actSt04rRope1Chk,0x00235040,,func,,unmatched,0.00,unmatched,PAL ELF not available for byte matching
actSt04rRope2Chk,0x00235180,,func,,unmatched,0.00,unmatched,PAL ELF not available for byte matching
actSt04rBrgCommon,0x002352C0,,func,,unmatched,0.00,unmatched,PAL ELF not available for byte matching
actSt04rRope3Chk,0x00235408,,func,,unmatched,0.00,unmatched,PAL ELF not available for byte matching
actSt04rRope4Chk,0x00235548,,func,,unmatched,0.00,unmatched,PAL ELF not available for byte matching
actSt04rMonyou01Chk,0x00235688,,func,,unmatched,0.00,unmatched,PAL ELF not available for byte matching
actSt04rMonyou02Chk,0x002357F8,,func,,unmatched,0.00,unmatched,PAL ELF not available for byte matching
actSt04rMonyou03Chk,0x00235968,,func,,unmatched,0.00,unmatched,PAL ELF not available for byte matching
actSt04rMonyou04Chk,0x00235AD8,,func,,unmatched,0.00,unmatched,PAL ELF not available for byte matching
actSt04rMonyou05Chk,0x00235C48,,func,,unmatched,0.00,unmatched,PAL ELF not available for byte matching
actSt04rMonyou06Chk,0x00235DB8,,func,,unmatched,0.00,unmatched,PAL ELF not available for byte matching
actSt04rMonyou07Chk,0x00235F28,,func,,unmatched,0.00,unmatched,PAL ELF not available for byte matching
actSt04rBarricadeChk,0x00236098,,func,,unmatched,0.00,unmatched,PAL ELF not available for byte matching
actSt04rGondolaChk,0x00236248,,func,,unmatched,0.00,unmatched,PAL ELF not available for byte matching
actSt04rSolarStageChange,0x00236600,,func,,unmatched,0.00,unmatched,PAL ELF not available for byte matching
actSt04rCrest01,0x00236678,,func,,unmatched,0.00,unmatched,PAL ELF not available for byte matching
actSt04rCrest03,0x00236718,,func,,unmatched,0.00,unmatched,PAL ELF not available for byte matching
actSt04rC1Ball,0x002367B8,,func,,unmatched,0.00,unmatched,PAL ELF not available for byte matching
actSt04rC2Ball,0x00236870,,func,,unmatched,0.00,unmatched,PAL ELF not available for byte matching
actSt04rC3Ball,0x00236928,,func,,unmatched,0.00,unmatched,PAL ELF not available for byte matching
actSt04rStair,0x002369E0,,func,,unmatched,0.00,unmatched,PAL ELF not available for byte matching
actSt04rBrg1,0x00236A80,,func,,unmatched,0.00,unmatched,PAL ELF not available for byte matching
actSt04rBrg2,0x00236AF8,,func,,unmatched,0.00,unmatched,PAL ELF not available for byte matching
actSt04rBrg1Way,0x00236B70,,func,,unmatched,0.00,unmatched,PAL ELF not available for byte matching
actSt04rBrg2Way,0x00236BE8,,func,,unmatched,0.00,unmatched,PAL ELF not available for byte matching
actSt04rRope1,0x00236C60,,func,,unmatched,0.00,unmatched,PAL ELF not available for byte matching
actSt04rRope2,0x00236D08,,func,,unmatched,0.00,unmatched,PAL ELF not available for byte matching
actSt04rRope3,0x00236DB0,,func,,unmatched,0.00,unmatched,PAL ELF not available for byte matching
actSt04rRope4,0x00236E58,,func,,unmatched,0.00,unmatched,PAL ELF not available for byte matching
actSt04rSekizo,0x00236F00,,func,,unmatched,0.00,unmatched,PAL ELF not available for byte matching
actSt04rBarricade,0x00236F98,,func,,unmatched,0.00,unmatched,PAL ELF not available for byte matching
actSt04rGondola,0x00237030,,func,,unmatched,0.00,unmatched,PAL ELF not available for byte matching
actSt04rCrest01XL,0x002370F8,,func,,unmatched,0.00,unmatched,PAL ELF not available for byte matching
actSt04rCrest02XL,0x00237158,,func,,unmatched,0.00,unmatched,PAL ELF not available for byte matching
actSt04rCrest03XL,0x002371B8,,func,,unmatched,0.00,unmatched,PAL ELF not available for byte matching
actSt04rC2BallXL,0x00237218,,func,,unmatched,0.00,unmatched,PAL ELF not available for byte matching
actSt04rC3BallXL,0x00237290,,func,,unmatched,0.00,unmatched,PAL ELF not available for byte matching
actSt04rTorch1_1,0x00237308,,func,,unmatched,0.00,unmatched,PAL ELF not available for byte matching
actSt04rTorch1_2,0x002373A0,,func,,unmatched,0.00,unmatched,PAL ELF not available for byte matching
actSt04rTorch2_1,0x00237438,,func,,unmatched,0.00,unmatched,PAL ELF not available for byte matching
actSt04rTorch2_2,0x002374D0,,func,,unmatched,0.00,unmatched,PAL ELF not available for byte matching
actSt04rTorch3_1,0x00237568,,func,,unmatched,0.00,unmatched,PAL ELF not available for byte matching
actSt04rTorch3_2,0x002375F0,,func,,unmatched,0.00,unmatched,PAL ELF not available for byte matching
actSt04rTorch2_1XL,0x00237678,,func,,unmatched,0.00,unmatched,PAL ELF not available for byte matching
actSt04rTorch2_2XL,0x00237720,,func,,unmatched,0.00,unmatched,PAL ELF not available for byte matching
actSt04rTorch3_1XL,0x002377C8,,func,,unmatched,0.00,unmatched,PAL ELF not available for byte matching
actSt04rTorch3_2XL,0x00237810,,func,,unmatched,0.00,unmatched,PAL ELF not available for byte matching
actSt04rMonyou01,0x00237858,,func,,unmatched,0.00,unmatched,PAL ELF not available for byte matching
actSt04rMonyou02,0x002378F0,,func,,unmatched,0.00,unmatched,PAL ELF not available for byte matching
actSt04rMonyou03,0x00237988,,func,,unmatched,0.00,unmatched,PAL ELF not available for byte matching
actSt04rMonyou04,0x00237A20,,func,,unmatched,0.00,unmatched,PAL ELF not available for byte matching
actSt04rMonyou05,0x00237AB8,,func,,unmatched,0.00,unmatched,PAL ELF not available for byte matching
actSt04rMonyou06,0x00237B50,,func,,unmatched,0.00,unmatched,PAL ELF not available for byte matching
actSt04rMonyou07,0x00237BE8,,func,,unmatched,0.00,unmatched,PAL ELF not available for byte matching
actSt05cDoorInit,0x00237C80,,func,,unmatched,0.00,unmatched,PAL ELF not available for byte matching
actSt04rC1BallMain,0x00237D08,,func,,unmatched,0.00,unmatched,PAL ELF not available for byte matching
actSt04rC1BallSwitch,0x00237D38,,func,,unmatched,0.00,unmatched,PAL ELF not available for byte matching
actSt04rC1BallTurn,0x00237D90,,func,,unmatched,0.00,unmatched,PAL ELF not available for byte matching
actSt04rC2BallMain,0x00237DC0,,func,,unmatched,0.00,unmatched,PAL ELF not available for byte matching
actSt04rC2BallSwitch,0x00237DF0,,func,,unmatched,0.00,unmatched,PAL ELF not available for byte matching
actSt04rC2BallTurn,0x00237E48,,func,,unmatched,0.00,unmatched,PAL ELF not available for byte matching
actSt04rC3BallMain,0x00237E78,,func,,unmatched,0.00,unmatched,PAL ELF not available for byte matching
actSt04rC3BallSwitch,0x00237EA8,,func,,unmatched,0.00,unmatched,PAL ELF not available for byte matching
actSt04rC3BallTurn,0x00237F00,,func,,unmatched,0.00,unmatched,PAL ELF not available for byte matching
actSt04rCrestMain,0x00237F30,,func,,unmatched,0.00,unmatched,PAL ELF not available for byte matching
actSt04rSolarStageChangeChk,0x00237FD8,,func,,unmatched,0.00,unmatched,PAL ELF not available for byte matching
actSt04rStairEvent,0x00238060,,func,,unmatched,0.00,unmatched,PAL ELF not available for byte matching
actSt04rRope1Event,0x00238070,,func,,unmatched,0.00,unmatched,PAL ELF not available for byte matching
actSt04rRope2Event,0x00238080,,func,,unmatched,0.00,unmatched,PAL ELF not available for byte matching
actSt04rBrg1Event,0x00238090,,func,,unmatched,0.00,unmatched,PAL ELF not available for byte matching
actSt04rBrg1Chk,0x002380A0,,func,,unmatched,0.00,unmatched,PAL ELF not available for byte matching
actSt04rBrg1Sub,0x00238148,,func,,unmatched,0.00,unmatched,PAL ELF not available for byte matching
actSt04rRope3Event,0x00238220,,func,,unmatched,0.00,unmatched,PAL ELF not available for byte matching
actSt04rRope4Event,0x00238230,,func,,unmatched,0.00,unmatched,PAL ELF not available for byte matching
actSt04rBrg2Event,0x00238240,,func,,unmatched,0.00,unmatched,PAL ELF not available for byte matching
actSt04rBrg2Chk,0x00238250,,func,,unmatched,0.00,unmatched,PAL ELF not available for byte matching
actSt04rBrg1WayChk,0x002382F8,,func,,unmatched,0.00,unmatched,PAL ELF not available for byte matching
actSt04rBrg2WayChk,0x00238340,,func,,unmatched,0.00,unmatched,PAL ELF not available for byte matching
actSt04rMonyou01Event,0x00238398,,func,,unmatched,0.00,unmatched,PAL ELF not available for byte matching
actSt04rMonyou02Event,0x002383A8,,func,,unmatched,0.00,unmatched,PAL ELF not available for byte matching
actSt04rMonyou03Event,0x002383B8,,func,,unmatched,0.00,unmatched,PAL ELF not available for byte matching
actSt04rMonyou04Event,0x002383C8,,func,,unmatched,0.00,unmatched,PAL ELF not available for byte matching
actSt04rMonyou05Event,0x002383D8,,func,,unmatched,0.00,unmatched,PAL ELF not available for byte matching
actSt04rMonyou06Event,0x002383E8,,func,,unmatched,0.00,unmatched,PAL ELF not available for byte matching
actSt04rMonyou07Event,0x002383F8,,func,,unmatched,0.00,unmatched,PAL ELF not available for byte matching
actSt04rBarricadeEvent,0x00238408,,func,,unmatched,0.00,unmatched,PAL ELF not available for byte matching
actSt04rGondolaCharaChk,0x00238418,,func,,unmatched,0.00,unmatched,PAL ELF not available for byte matching
actSt04rTorch1_1Chk,0x002384C0,,func,,unmatched,0.00,unmatched,PAL ELF not available for byte matching
actSt04rTorch1_2Chk,0x00238518,,func,,unmatched,0.00,unmatched,PAL ELF not available for byte matching
actSt04rTorch2_1Chk,0x00238570,,func,,unmatched,0.00,unmatched,PAL ELF not available for byte matching
actSt04rTorch2_2Chk,0x002385B8,,func,,unmatched,0.00,unmatched,PAL ELF not available for byte matching
actSt04rTorch3_1Chk,0x00238600,,func,,unmatched,0.00,unmatched,PAL ELF not available for byte matching
actSt04rTorch3_2Chk,0x00238648,,func,,unmatched,0.00,unmatched,PAL ELF not available for byte matching
actSt04rTorch2_1XLChk,0x00238690,,func,,unmatched,0.00,unmatched,PAL ELF not available for byte matching
actSt04rTorch2_2XLChk,0x002386E8,,func,,unmatched,0.00,unmatched,PAL ELF not available for byte matching
actSt05bCrest01XL,0x00238740,,func,,unmatched,0.00,unmatched,PAL ELF not available for byte matching
actSt05bSekizoChk,0x00238840,,func,,unmatched,0.00,unmatched,PAL ELF not available for byte matching
actSt05bDoorXL,0x00238B78,,func,,unmatched,0.00,unmatched,PAL ELF not available for byte matching
actSt05bMonyoDoorXL,0x00238BE8,,func,,unmatched,0.00,unmatched,PAL ELF not available for byte matching
actSt05bSekizo,0x00238C48,,func,,unmatched,0.00,unmatched,PAL ELF not available for byte matching
actSt05bBallXL,0x00238D08,,func,,unmatched,0.00,unmatched,PAL ELF not available for byte matching
actSt05bSolarXL,0x00238D70,,func,,unmatched,0.00,unmatched,PAL ELF not available for byte matching
actSt05bSekizoEvent,0x00238DD0,,func,,unmatched,0.00,unmatched,PAL ELF not available for byte matching
actSt05bGirlWay,0x00238DE0,,func,,unmatched,0.00,unmatched,PAL ELF not available for byte matching
actSt04rDoorDownChk,0x00238E60,,func,,unmatched,0.00,unmatched,PAL ELF not available for byte matching
actSt04rDoorChk,0x00238F78,,func,,unmatched,0.00,unmatched,PAL ELF not available for byte matching
actSt04rDoor2Chk,0x002391A0,,func,,unmatched,0.00,unmatched,PAL ELF not available for byte matching
actSt05cSolarXL,0x002393C8,,func,,unmatched,0.00,unmatched,PAL ELF not available for byte matching
actSt05cWaterXL,0x00239418,,func,,unmatched,0.00,unmatched,PAL ELF not available for byte matching
actSt04rDoor,0x00239468,,func,,unmatched,0.00,unmatched,PAL ELF not available for byte matching
actSt04rDoor2,0x00239510,,func,,unmatched,0.00,unmatched,PAL ELF not available for byte matching
actSt05cDoorDown,0x002395B8,,func,,unmatched,0.00,unmatched,PAL ELF not available for byte matching
actSt05cEne,0x00239628,,func,,unmatched,0.00,unmatched,PAL ELF not available for byte matching
actSt05cEnemy1,0x002396A0,,func,,unmatched,0.00,unmatched,PAL ELF not available for byte matching
actSt05cEnemy2,0x00239738,,func,,unmatched,0.00,unmatched,PAL ELF not available for byte matching
actSt05cCrestHint,0x002397C8,,func,,unmatched,0.00,unmatched,PAL ELF not available for byte matching
actSt05cDoorDownEvent,0x00239848,,func,,unmatched,0.00,unmatched,PAL ELF not available for byte matching
actSt05cDoorDownEffect,0x00239858,,func,,unmatched,0.00,unmatched,PAL ELF not available for byte matching
actSt05cEneChk,0x00239970,,func,,unmatched,0.00,unmatched,PAL ELF not available for byte matching
actSt04rDoorSub,0x002399E0,,func,,unmatched,0.00,unmatched,PAL ELF not available for byte matching
actSt04rDoor2Sub,0x00239A48,,func,,unmatched,0.00,unmatched,PAL ELF not available for byte matching
actSt05cCrestHintChk,0x00239AB0,,func,,unmatched,0.00,unmatched,PAL ELF not available for byte matching
actSt05dDoor2,0x00239B30,,func,,unmatched,0.00,unmatched,PAL ELF not available for byte matching
actSt05dDoor2UpChk,0x00239C38,,func,,unmatched,0.00,unmatched,PAL ELF not available for byte matching
actSt05dDoor2DownChk,0x00239D98,,func,,unmatched,0.00,unmatched,PAL ELF not available for byte matching
actSt05dEne,0x00239EF8,,func,,unmatched,0.00,unmatched,PAL ELF not available for byte matching
actSt05dEnemy1,0x00239FD8,,func,,unmatched,0.00,unmatched,PAL ELF not available for byte matching
actSt05dEnemy2,0x0023A0B0,,func,,unmatched,0.00,unmatched,PAL ELF not available for byte matching
actSt05dCrestHint,0x0023A140,,func,,unmatched,0.00,unmatched,PAL ELF not available for byte matching
actSt05dDoor2Event,0x0023A1C0,,func,,unmatched,0.00,unmatched,PAL ELF not available for byte matching
actSt05dDoor2UpEffect,0x0023A1D0,,func,,unmatched,0.00,unmatched,PAL ELF not available for byte matching
actSt05dDoor2DownEffect,0x0023A2B0,,func,,unmatched,0.00,unmatched,PAL ELF not available for byte matching
actSt05dEneChk,0x0023A390,,func,,unmatched,0.00,unmatched,PAL ELF not available for byte matching
actSt05dCrestHintChk,0x0023A400,,func,,unmatched,0.00,unmatched,PAL ELF not available for byte matching
actSt05eWaterStop,0x0023A480,,func,,unmatched,0.00,unmatched,PAL ELF not available for byte matching
actSt05eSolarChk,0x0023A5F0,,func,,unmatched,0.00,unmatched,PAL ELF not available for byte matching
actSt05eWater,0x0023A7E8,,func,,unmatched,0.00,unmatched,PAL ELF not available for byte matching
actSt05eSolar,0x0023A890,,func,,unmatched,0.00,unmatched,PAL ELF not available for byte matching
actSt05eWaterMain,0x0023A950,,func,,unmatched,0.00,unmatched,PAL ELF not available for byte matching
actSt05eWaterSwitch,0x0023A980,,func,,unmatched,0.00,unmatched,PAL ELF not available for byte matching
actSt05eWaterFlagOn,0x0023A9D8,,func,,unmatched,0.00,unmatched,PAL ELF not available for byte matching
actSt05eWaterStopSub,0x0023AA90,,func,,unmatched,0.00,unmatched,PAL ELF not available for byte matching
actSt06aInit,0x0023AB10,,func,,unmatched,0.00,unmatched,PAL ELF not available for byte matching
actSt06aSuimon,0x0023AB90,,func,,unmatched,0.00,unmatched,PAL ELF not available for byte matching
actSt06aSuimonChk,0x0023AC98,,func,,unmatched,0.00,unmatched,PAL ELF not available for byte matching
actSt06aDoor,0x0023AF28,,func,,unmatched,0.00,unmatched,PAL ELF not available for byte matching
actSt06aDoorUpChk,0x0023B030,,func,,unmatched,0.00,unmatched,PAL ELF not available for byte matching
actSt06aDoorDownChk,0x0023B1A8,,func,,unmatched,0.00,unmatched,PAL ELF not available for byte matching
actSt06aShutterOpen,0x0023B320,,func,,unmatched,0.00,unmatched,PAL ELF not available for byte matching
actSt06aBoxChk,0x0023B4C8,,func,,unmatched,0.00,unmatched,PAL ELF not available for byte matching
actSt06aStatueChk,0x0023B670,,func,,unmatched,0.00,unmatched,PAL ELF not available for byte matching
actSt06aHeadChk,0x0023B820,,func,,unmatched,0.00,unmatched,PAL ELF not available for byte matching
actSt06aJumpMove,0x0023BB28,,func,,unmatched,0.00,unmatched,PAL ELF not available for byte matching
actSt06aPistonFlagOnChk,0x0023BC98,,func,,unmatched,0.00,unmatched,PAL ELF not available for byte matching
actSt06aShutter,0x0023BDD0,,func,,unmatched,0.00,unmatched,PAL ELF not available for byte matching
actSt06aExit,0x0023BE88,,func,,unmatched,0.00,unmatched,PAL ELF not available for byte matching
actSt06aExitGirl,0x0023BEF0,,func,,unmatched,0.00,unmatched,PAL ELF not available for byte matching
actSt06aBox,0x0023BF58,,func,,unmatched,0.00,unmatched,PAL ELF not available for byte matching
actSt06aBox2,0x0023BFF0,,func,,unmatched,0.00,unmatched,PAL ELF not available for byte matching
actSt06aBox3,0x0023C078,,func,,unmatched,0.00,unmatched,PAL ELF not available for byte matching
actSt06aBoxEvent2,0x0023C100,,func,,unmatched,0.00,unmatched,PAL ELF not available for byte matching
actSt06aWay,0x0023C1A8,,func,,unmatched,0.00,unmatched,PAL ELF not available for byte matching
actSt06aWallWay,0x0023C210,,func,,unmatched,0.00,unmatched,PAL ELF not available for byte matching
actSt06aWallWay2,0x0023C2D0,,func,,unmatched,0.00,unmatched,PAL ELF not available for byte matching
actSt06aStatue,0x0023C390,,func,,unmatched,0.00,unmatched,PAL ELF not available for byte matching
actSt06aHead,0x0023C448,,func,,unmatched,0.00,unmatched,PAL ELF not available for byte matching
actSt06aTree,0x0023C508,,func,,unmatched,0.00,unmatched,PAL ELF not available for byte matching
actSt06aBallDelete,0x0023C5A0,,func,,unmatched,0.00,unmatched,PAL ELF not available for byte matching
actSt06aKyomi,0x0023C608,,func,,unmatched,0.00,unmatched,PAL ELF not available for byte matching
actSt06aJump,0x0023C670,,func,,unmatched,0.00,unmatched,PAL ELF not available for byte matching
actSt06aPiston,0x0023C738,,func,,unmatched,0.00,unmatched,PAL ELF not available for byte matching
actSt06aPistonFlag,0x0023C7A0,,func,,unmatched,0.00,unmatched,PAL ELF not available for byte matching
actSt06aSound,0x0023C808,,func,,unmatched,0.00,unmatched,PAL ELF not available for byte matching
actSt06aSound2,0x0023C880,,func,,unmatched,0.00,unmatched,PAL ELF not available for byte matching
actSt06aSuimonEvent,0x0023C8F8,,func,,unmatched,0.00,unmatched,PAL ELF not available for byte matching
actSt06aSuimonEffect,0x0023C908,,func,,unmatched,0.00,unmatched,PAL ELF not available for byte matching
actSt06aSuimonFlagOn,0x0023CA10,,func,,unmatched,0.00,unmatched,PAL ELF not available for byte matching
actSt06aSuimonSub,0x0023CAC8,,func,,unmatched,0.00,unmatched,PAL ELF not available for byte matching
actSt06aDoorEvent,0x0023CB40,,func,,unmatched,0.00,unmatched,PAL ELF not available for byte matching
actSt06aDoorUpEffect,0x0023CB50,,func,,unmatched,0.00,unmatched,PAL ELF not available for byte matching
actSt06aDoorDownEffect,0x0023CC30,,func,,unmatched,0.00,unmatched,PAL ELF not available for byte matching
actSt06aShutterMain,0x0023CD10,,func,,unmatched,0.00,unmatched,PAL ELF not available for byte matching
actSt06aShutterSwitch,0x0023CD48,,func,,unmatched,0.00,unmatched,PAL ELF not available for byte matching
actSt06aShutterOpenSub,0x0023CDA0,,func,,unmatched,0.00,unmatched,PAL ELF not available for byte matching
actSt06aExitChk,0x0023CE38,,func,,unmatched,0.00,unmatched,PAL ELF not available for byte matching
actSt06aExitGirlChk,0x0023CEB0,,func,,unmatched,0.00,unmatched,PAL ELF not available for byte matching
actSt06aBoxSub,0x0023CFA8,,func,,unmatched,0.00,unmatched,PAL ELF not available for byte matching
actSt06aBox2Chk,0x0023D060,,func,,unmatched,0.00,unmatched,PAL ELF not available for byte matching
actSt06aBox3Chk,0x0023D0D8,,func,,unmatched,0.00,unmatched,PAL ELF not available for byte matching
actSt06aBallDeleteChk,0x0023D138,,func,,unmatched,0.00,unmatched,PAL ELF not available for byte matching
actSt06aBoxEvent2InChk,0x0023D1A8,,func,,unmatched,0.00,unmatched,PAL ELF not available for byte matching
actSt06aBoxEvent2OutChk,0x0023D240,,func,,unmatched,0.00,unmatched,PAL ELF not available for byte matching
actSt06aWayOnChk,0x0023D2D8,,func,,unmatched,0.00,unmatched,PAL ELF not available for byte matching
actSt06aWayOffChk,0x0023D388,,func,,unmatched,0.00,unmatched,PAL ELF not available for byte matching
actSt06aWallWayOnChk,0x0023D438,,func,,unmatched,0.00,unmatched,PAL ELF not available for byte matching
actSt06aWallWayOffChk,0x0023D4E0,,func,,unmatched,0.00,unmatched,PAL ELF not available for byte matching
actSt06aWallWay2OnChk,0x0023D588,,func,,unmatched,0.00,unmatched,PAL ELF not available for byte matching
actSt06aWallWay2OffChk,0x0023D630,,func,,unmatched,0.00,unmatched,PAL ELF not available for byte matching
actSt06aTreeChk,0x0023D6D8,,func,,unmatched,0.00,unmatched,PAL ELF not available for byte matching
actSt06aKyomiOnChk,0x0023D7A0,,func,,unmatched,0.00,unmatched,PAL ELF not available for byte matching
actSt06aKyomiOffChk,0x0023D880,,func,,unmatched,0.00,unmatched,PAL ELF not available for byte matching
actSt06aJumpMain,0x0023D960,,func,,unmatched,0.00,unmatched,PAL ELF not available for byte matching
actSt06aJumpSwitch,0x0023D998,,func,,unmatched,0.00,unmatched,PAL ELF not available for byte matching
actSt06aJumpSub,0x0023D9F0,,func,,unmatched,0.00,unmatched,PAL ELF not available for byte matching
actSt06aPistonRideOnChk,0x0023DAB8,,func,,unmatched,0.00,unmatched,PAL ELF not available for byte matching
actSt06aPistonRideOffChk,0x0023DB48,,func,,unmatched,0.00,unmatched,PAL ELF not available for byte matching
actSt06aPistonFlagOffChk,0x0023DBF8,,func,,unmatched,0.00,unmatched,PAL ELF not available for byte matching
actSt06aSoundChk,0x0023DCD8,,func,,unmatched,0.00,unmatched,PAL ELF not available for byte matching
actSt06aSound2Chk,0x0023DD38,,func,,unmatched,0.00,unmatched,PAL ELF not available for byte matching
actSt07aInit,0x0023DDD0,,func,,unmatched,0.00,unmatched,PAL ELF not available for byte matching
actSt07aEnd,0x0023DED8,,func,,unmatched,0.00,unmatched,PAL ELF not available for byte matching
actSt07aChanChk,0x0023DF50,,func,,unmatched,0.00,unmatched,PAL ELF not available for byte matching
actSt07aChanEffect,0x0023E2E0,,func,,unmatched,0.00,unmatched,PAL ELF not available for byte matching
actSt07aTsuroChk,0x0023E498,,func,,unmatched,0.00,unmatched,PAL ELF not available for byte matching
actSt07aTsuroEffect,0x0023E7A8,,func,,unmatched,0.00,unmatched,PAL ELF not available for byte matching
actSt07aSekizoChk,0x0023EB60,,func,,unmatched,0.00,unmatched,PAL ELF not available for byte matching
actSt07aEne,0x0023EE78,,func,,unmatched,0.00,unmatched,PAL ELF not available for byte matching
actSt07aEneChk,0x0023EF60,,func,,unmatched,0.00,unmatched,PAL ELF not available for byte matching
actSt07aGene1,0x0023F0B8,,func,,unmatched,0.00,unmatched,PAL ELF not available for byte matching
actSt07aChan,0x0023F190,,func,,unmatched,0.00,unmatched,PAL ELF not available for byte matching
actSt07aChanReady,0x0023F248,,func,,unmatched,0.00,unmatched,PAL ELF not available for byte matching
actSt07aChanChain,0x0023F2C0,,func,,unmatched,0.00,unmatched,PAL ELF not available for byte matching
actSt07aTsuro,0x0023F348,,func,,unmatched,0.00,unmatched,PAL ELF not available for byte matching
actSt07aIntro,0x0023F3D0,,func,,unmatched,0.00,unmatched,PAL ELF not available for byte matching
actSt07aSekizo,0x0023F448,,func,,unmatched,0.00,unmatched,PAL ELF not available for byte matching
actSt07aGene2,0x0023F4E0,,func,,unmatched,0.00,unmatched,PAL ELF not available for byte matching
actSt07aGene3,0x0023F5B0,,func,,unmatched,0.00,unmatched,PAL ELF not available for byte matching
actSt07aEne2,0x0023F680,,func,,unmatched,0.00,unmatched,PAL ELF not available for byte matching
actSt07aGene2_1,0x0023F6F8,,func,,unmatched,0.00,unmatched,PAL ELF not available for byte matching
actSt07aGene2_2,0x0023F7B0,,func,,unmatched,0.00,unmatched,PAL ELF not available for byte matching
actSt07aGene2_3,0x0023F880,,func,,unmatched,0.00,unmatched,PAL ELF not available for byte matching
actSt07aChanReadyChk,0x0023F8F0,,func,,unmatched,0.00,unmatched,PAL ELF not available for byte matching
actSt07aChanChainChk,0x0023F960,,func,,unmatched,0.00,unmatched,PAL ELF not available for byte matching
actSt07ChanEvent,0x0023FA60,,func,,unmatched,0.00,unmatched,PAL ELF not available for byte matching
actSt07aChanFall,0x0023FA70,,func,,unmatched,0.00,unmatched,PAL ELF not available for byte matching
actSt07aChanMot,0x0023FB08,,func,,unmatched,0.00,unmatched,PAL ELF not available for byte matching
actSt07aChanWay1,0x0023FB60,,func,,unmatched,0.00,unmatched,PAL ELF not available for byte matching
actSt07aChanWay2,0x0023FBB8,,func,,unmatched,0.00,unmatched,PAL ELF not available for byte matching
actSt07TsuroEvent,0x0023FC10,,func,,unmatched,0.00,unmatched,PAL ELF not available for byte matching
actSt07aTsuroConte,0x0023FC20,,func,,unmatched,0.00,unmatched,PAL ELF not available for byte matching
actSt07aGirlWay,0x0023FCA0,,func,,unmatched,0.00,unmatched,PAL ELF not available for byte matching
actSt07aCamera2,0x0023FCF8,,func,,unmatched,0.00,unmatched,PAL ELF not available for byte matching
actSt07aIntroChk,0x0023FD08,,func,,unmatched,0.00,unmatched,PAL ELF not available for byte matching
actSt07aSekizoEvent,0x0023FDB8,,func,,unmatched,0.00,unmatched,PAL ELF not available for byte matching
actSt07aEne2Chk,0x0023FDC8,,func,,unmatched,0.00,unmatched,PAL ELF not available for byte matching
actSt08aEnd,0x0023FE40,,func,,unmatched,0.00,unmatched,PAL ELF not available for byte matching
actSt08aEne1Chk,0x0023FE78,,func,,unmatched,0.00,unmatched,PAL ELF not available for byte matching
actSt08aEne2Chk,0x0023FF98,,func,,unmatched,0.00,unmatched,PAL ELF not available for byte matching
actSt08aDoorUp,0x00240100,,func,,unmatched,0.00,unmatched,PAL ELF not available for byte matching
actSt08aHasiUpSub,0x00240260,,func,,unmatched,0.00,unmatched,PAL ELF not available for byte matching
actSt08aHasiUp,0x00240368,,func,,unmatched,0.00,unmatched,PAL ELF not available for byte matching
actSt08aTorchOnChk,0x002404F0,,func,,unmatched,0.00,unmatched,PAL ELF not available for byte matching
actSt08aTorchOffChk,0x00240628,,func,,unmatched,0.00,unmatched,PAL ELF not available for byte matching
actSt08aDoor,0x00240760,,func,,unmatched,0.00,unmatched,PAL ELF not available for byte matching
actSt08aEne1,0x00240808,,func,,unmatched,0.00,unmatched,PAL ELF not available for byte matching
actSt08aEne2,0x002408D0,,func,,unmatched,0.00,unmatched,PAL ELF not available for byte matching
actSt08aEnemy1,0x00240948,,func,,unmatched,0.00,unmatched,PAL ELF not available for byte matching
actSt08aEnemy2,0x002409F0,,func,,unmatched,0.00,unmatched,PAL ELF not available for byte matching
actSt08aEnemy3,0x00240A98,,func,,unmatched,0.00,unmatched,PAL ELF not available for byte matching
actSt08aEnemy4,0x00240B38,,func,,unmatched,0.00,unmatched,PAL ELF not available for byte matching
actSt08aIntro,0x00240BD8,,func,,unmatched,0.00,unmatched,PAL ELF not available for byte matching
actSt08aHint1,0x00240C50,,func,,unmatched,0.00,unmatched,PAL ELF not available for byte matching
actSt08aGirlPos,0x00240CD8,,func,,unmatched,0.00,unmatched,PAL ELF not available for byte matching
actSt08aHasi,0x00240D58,,func,,unmatched,0.00,unmatched,PAL ELF not available for byte matching
actSt08aTorch,0x00240E08,,func,,unmatched,0.00,unmatched,PAL ELF not available for byte matching
actSt08aInit,0x00240E70,,func,,unmatched,0.00,unmatched,PAL ELF not available for byte matching
actSt08aDoorMain,0x00240EE8,,func,,unmatched,0.00,unmatched,PAL ELF not available for byte matching
actSt08aDoorSwitch,0x00240F20,,func,,unmatched,0.00,unmatched,PAL ELF not available for byte matching
actSt08aDoorUpSub,0x00240F78,,func,,unmatched,0.00,unmatched,PAL ELF not available for byte matching
actSt08aIntroChk,0x00241028,,func,,unmatched,0.00,unmatched,PAL ELF not available for byte matching
actSt08aGirlPosChk,0x002410D0,,func,,unmatched,0.00,unmatched,PAL ELF not available for byte matching
actSt08aHint1Chk,0x00241138,,func,,unmatched,0.00,unmatched,PAL ELF not available for byte matching
actSt08aHasiMain,0x00241190,,func,,unmatched,0.00,unmatched,PAL ELF not available for byte matching
actSt08aHasiSwitch,0x002411C8,,func,,unmatched,0.00,unmatched,PAL ELF not available for byte matching
actSt08bKurenSwitch,0x00241220,,func,,unmatched,0.00,unmatched,PAL ELF not available for byte matching
actSt08bKurenLeft,0x002415F0,,func,,unmatched,0.00,unmatched,PAL ELF not available for byte matching
actSt08bKurenRight,0x00241708,,func,,unmatched,0.00,unmatched,PAL ELF not available for byte matching
actSt08bDoor,0x00241808,,func,,unmatched,0.00,unmatched,PAL ELF not available for byte matching
actSt08bDoorUpChk,0x00241910,,func,,unmatched,0.00,unmatched,PAL ELF not available for byte matching
actSt08bDoorDownChk,0x00241A88,,func,,unmatched,0.00,unmatched,PAL ELF not available for byte matching
actSt08bKuren,0x00241C00,,func,,unmatched,0.00,unmatched,PAL ELF not available for byte matching
actSt08bEne,0x00241C68,,func,,unmatched,0.00,unmatched,PAL ELF not available for byte matching
actSt08bEnemy1,0x00241CE0,,func,,unmatched,0.00,unmatched,PAL ELF not available for byte matching
actSt08bEnemy2,0x00241D70,,func,,unmatched,0.00,unmatched,PAL ELF not available for byte matching
actSt08bKurenMain,0x00241E00,,func,,unmatched,0.00,unmatched,PAL ELF not available for byte matching
actSt08aGirlYoro,0x00241E48,,func,,unmatched,0.00,unmatched,PAL ELF not available for byte matching
actSt08bDoorEvent,0x00241EA0,,func,,unmatched,0.00,unmatched,PAL ELF not available for byte matching
actSt08bDoorUpEffect,0x00241EB0,,func,,unmatched,0.00,unmatched,PAL ELF not available for byte matching
actSt08bDoorDownEffect,0x00241F90,,func,,unmatched,0.00,unmatched,PAL ELF not available for byte matching
actSt08bEneChk,0x00242070,,func,,unmatched,0.00,unmatched,PAL ELF not available for byte matching
actSt09aInit,0x002420D8,,func,,unmatched,0.00,unmatched,PAL ELF not available for byte matching
actSt09aElvDown,0x00242118,,func,,unmatched,0.00,unmatched,PAL ELF not available for byte matching
actSt09aBrgDown,0x00242208,,func,,unmatched,0.00,unmatched,PAL ELF not available for byte matching
actSt09aElv,0x00242398,,func,,unmatched,0.00,unmatched,PAL ELF not available for byte matching
actSt09aSekizo,0x00242430,,func,,unmatched,0.00,unmatched,PAL ELF not available for byte matching
actSt09aIntro,0x002424E0,,func,,unmatched,0.00,unmatched,PAL ELF not available for byte matching
actSt09aBrg,0x00242558,,func,,unmatched,0.00,unmatched,PAL ELF not available for byte matching
actSt09aHint1,0x002425D0,,func,,unmatched,0.00,unmatched,PAL ELF not available for byte matching
actSt09aHint2,0x00242658,,func,,unmatched,0.00,unmatched,PAL ELF not available for byte matching
actSt09aElvMain,0x002426E0,,func,,unmatched,0.00,unmatched,PAL ELF not available for byte matching
actSt09aElvSwitch,0x00242718,,func,,unmatched,0.00,unmatched,PAL ELF not available for byte matching
actSt09aElvUp,0x002427B0,,func,,unmatched,0.00,unmatched,PAL ELF not available for byte matching
actSt09aSekizoEvent,0x00242890,,func,,unmatched,0.00,unmatched,PAL ELF not available for byte matching
actSt09aIntroChk,0x002428A0,,func,,unmatched,0.00,unmatched,PAL ELF not available for byte matching
actSt09aBrgMain,0x00242920,,func,,unmatched,0.00,unmatched,PAL ELF not available for byte matching
actSt09aBrgSwitch,0x00242950,,func,,unmatched,0.00,unmatched,PAL ELF not available for byte matching
actSt09aBrgDownSub,0x002429A8,,func,,unmatched,0.00,unmatched,PAL ELF not available for byte matching
actSt09aHint1Chk,0x00242A90,,func,,unmatched,0.00,unmatched,PAL ELF not available for byte matching
actSt09aHint2Chk,0x00242AF0,,func,,unmatched,0.00,unmatched,PAL ELF not available for byte matching
actSt10lInit,0x00242B58,,func,,unmatched,0.00,unmatched,PAL ELF not available for byte matching
actSt10lFloorLeft,0x00242BD0,,func,,unmatched,0.00,unmatched,PAL ELF not available for byte matching
actSt10lFloorRight,0x00242E40,,func,,unmatched,0.00,unmatched,PAL ELF not available for byte matching
actSt10lGondolaUp,0x00243030,,func,,unmatched,0.00,unmatched,PAL ELF not available for byte matching
actSt10lGondolaDown,0x002431A8,,func,,unmatched,0.00,unmatched,PAL ELF not available for byte matching
actSt10lEneCam2Chk,0x00243330,,func,,unmatched,0.00,unmatched,PAL ELF not available for byte matching
actSt10lEneCam3Chk,0x002434C8,,func,,unmatched,0.00,unmatched,PAL ELF not available for byte matching
actSt10lChainMove,0x002435E8,,func,,unmatched,0.00,unmatched,PAL ELF not available for byte matching
actSt10lChain,0x002437C8,,func,,unmatched,0.00,unmatched,PAL ELF not available for byte matching
actSt10lFloor,0x00243878,,func,,unmatched,0.00,unmatched,PAL ELF not available for byte matching
actSt10lGondola,0x002438E0,,func,,unmatched,0.00,unmatched,PAL ELF not available for byte matching
actSt10lSekizo,0x00243990,,func,,unmatched,0.00,unmatched,PAL ELF not available for byte matching
actSt10lBox,0x002439F8,,func,,unmatched,0.00,unmatched,PAL ELF not available for byte matching
actSt10lEnemy1_1,0x00243A60,,func,,unmatched,0.00,unmatched,PAL ELF not available for byte matching
actSt10lEnemy1_2,0x00243B00,,func,,unmatched,0.00,unmatched,PAL ELF not available for byte matching
actSt10lEnemy2_1,0x00243B80,,func,,unmatched,0.00,unmatched,PAL ELF not available for byte matching
actSt10lEnemy2_2,0x00243C00,,func,,unmatched,0.00,unmatched,PAL ELF not available for byte matching
actSt10lEnemy2_3,0x00243C80,,func,,unmatched,0.00,unmatched,PAL ELF not available for byte matching
actSt10lEnemy3_1,0x00243D00,,func,,unmatched,0.00,unmatched,PAL ELF not available for byte matching
actSt10lEnemy3_2,0x00243D80,,func,,unmatched,0.00,unmatched,PAL ELF not available for byte matching
actSt10lEneCam1,0x00243E00,,func,,unmatched,0.00,unmatched,PAL ELF not available for byte matching
actSt10lEneCam2,0x00243E78,,func,,unmatched,0.00,unmatched,PAL ELF not available for byte matching
actSt10lEneCam3,0x00243EF0,,func,,unmatched,0.00,unmatched,PAL ELF not available for byte matching
actSt10lEneKill,0x00243F78,,func,,unmatched,0.00,unmatched,PAL ELF not available for byte matching
actSt10lBoxA,0x00243FF0,,func,,unmatched,0.00,unmatched,PAL ELF not available for byte matching
actSt10lBoxB,0x00244078,,func,,unmatched,0.00,unmatched,PAL ELF not available for byte matching
actSt10lGateXL,0x00244100,,func,,unmatched,0.00,unmatched,PAL ELF not available for byte matching
actSt10lFloorMain,0x00244150,,func,,unmatched,0.00,unmatched,PAL ELF not available for byte matching
actSt10lFloorSwitch,0x00244180,,func,,unmatched,0.00,unmatched,PAL ELF not available for byte matching
actSt10lGondolaMain,0x00244228,,func,,unmatched,0.00,unmatched,PAL ELF not available for byte matching
actSt10lGondolaSwitch,0x00244258,,func,,unmatched,0.00,unmatched,PAL ELF not available for byte matching
actSt10lEneCam1Chk,0x00244300,,func,,unmatched,0.00,unmatched,PAL ELF not available for byte matching
actSt10lBoxChk,0x00244380,,func,,unmatched,0.00,unmatched,PAL ELF not available for byte matching
actSt10lSekizoEvent,0x002443E0,,func,,unmatched,0.00,unmatched,PAL ELF not available for byte matching
actSt10lBoxAChk,0x002443F0,,func,,unmatched,0.00,unmatched,PAL ELF not available for byte matching
actSt10lBoxBChk,0x00244470,,func,,unmatched,0.00,unmatched,PAL ELF not available for byte matching
actSt10lChainMain,0x002444F0,,func,,unmatched,0.00,unmatched,PAL ELF not available for byte matching
actSt10lChainSwitch,0x00244520,,func,,unmatched,0.00,unmatched,PAL ELF not available for byte matching
actSt10lEneKillChk,0x00244578,,func,,unmatched,0.00,unmatched,PAL ELF not available for byte matching
actSt10rInit,0x00244620,,func,,unmatched,0.00,unmatched,PAL ELF not available for byte matching
actSt10rEnd,0x002446F8,,func,,unmatched,0.00,unmatched,PAL ELF not available for byte matching
actSt10rFloorChk,0x00244750,,func,,unmatched,0.00,unmatched,PAL ELF not available for byte matching
actSt10rFloorHitChk,0x00244908,,func,,unmatched,0.00,unmatched,PAL ELF not available for byte matching
actSt10rCageMain,0x00244A48,,func,,unmatched,0.00,unmatched,PAL ELF not available for byte matching
actSt10rTowerChk,0x00244C20,,func,,unmatched,0.00,unmatched,PAL ELF not available for byte matching
actSt10rTowerConte,0x00244E80,,func,,unmatched,0.00,unmatched,PAL ELF not available for byte matching
actSt10rChainMove,0x00245048,,func,,unmatched,0.00,unmatched,PAL ELF not available for byte matching
actSt10rFence,0x002451E8,,func,,unmatched,0.00,unmatched,PAL ELF not available for byte matching
actSt10rFenceDownChk,0x002453E8,,func,,unmatched,0.00,unmatched,PAL ELF not available for byte matching
actSt10rFenceUpChk,0x00245560,,func,,unmatched,0.00,unmatched,PAL ELF not available for byte matching
actSt10rFenceDownChk2,0x002456D0,,func,,unmatched,0.00,unmatched,PAL ELF not available for byte matching
actSt10rFenceUpChk2,0x00245848,,func,,unmatched,0.00,unmatched,PAL ELF not available for byte matching
actSt10rFloor,0x002459B8,,func,,unmatched,0.00,unmatched,PAL ELF not available for byte matching
actSt10rFloorHit,0x00245A38,,func,,unmatched,0.00,unmatched,PAL ELF not available for byte matching
actSt10rCage,0x00245AB0,,func,,unmatched,0.00,unmatched,PAL ELF not available for byte matching
actSt10rTower,0x00245B50,,func,,unmatched,0.00,unmatched,PAL ELF not available for byte matching
actSt10rTowerResque,0x00245BC8,,func,,unmatched,0.00,unmatched,PAL ELF not available for byte matching
actSt10rExit,0x00245C40,,func,,unmatched,0.00,unmatched,PAL ELF not available for byte matching
actSt10rChain,0x00245CA8,,func,,unmatched,0.00,unmatched,PAL ELF not available for byte matching
actSt10rSekizo,0x00245D50,,func,,unmatched,0.00,unmatched,PAL ELF not available for byte matching
actSt10rEne,0x00245DB8,,func,,unmatched,0.00,unmatched,PAL ELF not available for byte matching
actSt10rEnemy1,0x00245E30,,func,,unmatched,0.00,unmatched,PAL ELF not available for byte matching
actSt10rEnemy2,0x00245ED8,,func,,unmatched,0.00,unmatched,PAL ELF not available for byte matching
actSt10rElv,0x00245F48,,func,,unmatched,0.00,unmatched,PAL ELF not available for byte matching
actSt10rGateXL,0x00245FC8,,func,,unmatched,0.00,unmatched,PAL ELF not available for byte matching
actSt10rWay,0x00246018,,func,,unmatched,0.00,unmatched,PAL ELF not available for byte matching
actSt10rFloorSub,0x00246080,,func,,unmatched,0.00,unmatched,PAL ELF not available for byte matching
actSt10rCageSub,0x00246168,,func,,unmatched,0.00,unmatched,PAL ELF not available for byte matching
actSt10rGirlWay,0x00246208,,func,,unmatched,0.00,unmatched,PAL ELF not available for byte matching
actSt10rExitChk,0x00246260,,func,,unmatched,0.00,unmatched,PAL ELF not available for byte matching
actSt10rChainMain,0x00246330,,func,,unmatched,0.00,unmatched,PAL ELF not available for byte matching
actSt10rChainSwitch,0x00246360,,func,,unmatched,0.00,unmatched,PAL ELF not available for byte matching
actSt10rChainMoveSub,0x002463B8,,func,,unmatched,0.00,unmatched,PAL ELF not available for byte matching
actSt10rSekizoEvent,0x00246458,,func,,unmatched,0.00,unmatched,PAL ELF not available for byte matching
actSt10rEneChk,0x00246468,,func,,unmatched,0.00,unmatched,PAL ELF not available for byte matching
actSt10rWayOnChk,0x002464E0,,func,,unmatched,0.00,unmatched,PAL ELF not available for byte matching
actSt10rWayOffChk,0x00246590,,func,,unmatched,0.00,unmatched,PAL ELF not available for byte matching
actSt10rTowerResqueChk,0x00246640,,func,,unmatched,0.00,unmatched,PAL ELF not available for byte matching
actSt13aElevUpSub,0x00246718,,func,,unmatched,0.00,unmatched,PAL ELF not available for byte matching
actSt13aElevUp,0x00246870,,func,,unmatched,0.00,unmatched,PAL ELF not available for byte matching
actSt13aElevDown,0x002469D8,,func,,unmatched,0.00,unmatched,PAL ELF not available for byte matching
actSt13aElevDownSub,0x00246AC0,,func,,unmatched,0.00,unmatched,PAL ELF not available for byte matching
actSt13aElevDownChk,0x00246BC0,,func,,unmatched,0.00,unmatched,PAL ELF not available for byte matching
actSt13aSekizoChk,0x00246D68,,func,,unmatched,0.00,unmatched,PAL ELF not available for byte matching
actSt13aElev,0x00246F68,,func,,unmatched,0.00,unmatched,PAL ELF not available for byte matching
actSt13aSekizo,0x00247008,,func,,unmatched,0.00,unmatched,PAL ELF not available for byte matching
actSt13aCheck,0x002470A0,,func,,unmatched,0.00,unmatched,PAL ELF not available for byte matching
actSt13aChain,0x00247118,,func,,unmatched,0.00,unmatched,PAL ELF not available for byte matching
actSt13aElevMain,0x002471C0,,func,,unmatched,0.00,unmatched,PAL ELF not available for byte matching
actSt13aElevSwitch,0x002471F0,,func,,unmatched,0.00,unmatched,PAL ELF not available for byte matching
actSt13aCheckChk,0x00247258,,func,,unmatched,0.00,unmatched,PAL ELF not available for byte matching
actSt13aChainOK,0x00247288,,func,,unmatched,0.00,unmatched,PAL ELF not available for byte matching
actSt13aChainNG,0x00247338,,func,,unmatched,0.00,unmatched,PAL ELF not available for byte matching
actSt13bFloor,0x002473E8,,func,,unmatched,0.00,unmatched,PAL ELF not available for byte matching
actSt13bFloorChk,0x00247560,,func,,unmatched,0.00,unmatched,PAL ELF not available for byte matching
actSt13bConte02,0x00247650,,func,,unmatched,0.00,unmatched,PAL ELF not available for byte matching
actSt13bSekizoChk,0x00247FC8,,func,,unmatched,0.00,unmatched,PAL ELF not available for byte matching
actSt13bSekizo2Chk,0x002481C0,,func,,unmatched,0.00,unmatched,PAL ELF not available for byte matching
actSt13bMeetAgain,0x002483B8,,func,,unmatched,0.00,unmatched,PAL ELF not available for byte matching
actSt13bMeetAgainSub,0x002484D0,,func,,unmatched,0.00,unmatched,PAL ELF not available for byte matching
actSt13bMeetAgainChk,0x002485E8,,func,,unmatched,0.00,unmatched,PAL ELF not available for byte matching
actSt13bBoss,0x00248808,,func,,unmatched,0.00,unmatched,PAL ELF not available for byte matching
actSt13bBossChk,0x00248910,,func,,unmatched,0.00,unmatched,PAL ELF not available for byte matching
actSt13bBossAfterChk,0x00248AC8,,func,,unmatched,0.00,unmatched,PAL ELF not available for byte matching
actSt13bElevDownSub,0x00248CA0,,func,,unmatched,0.00,unmatched,PAL ELF not available for byte matching
actSt13bElevDown,0x00248DA8,,func,,unmatched,0.00,unmatched,PAL ELF not available for byte matching
actSt13bElevUp,0x00248F30,,func,,unmatched,0.00,unmatched,PAL ELF not available for byte matching
actSt13bElevUpChk,0x00249018,,func,,unmatched,0.00,unmatched,PAL ELF not available for byte matching
actSt13bDoorUp,0x002491C0,,func,,unmatched,0.00,unmatched,PAL ELF not available for byte matching
actSt13bElev2Chk,0x00249300,,func,,unmatched,0.00,unmatched,PAL ELF not available for byte matching
actSt13bSekizo,0x002495A8,,func,,unmatched,0.00,unmatched,PAL ELF not available for byte matching
actSt13bSekizo2,0x00249640,,func,,unmatched,0.00,unmatched,PAL ELF not available for byte matching
actSt13bBossAfter,0x002496D8,,func,,unmatched,0.00,unmatched,PAL ELF not available for byte matching
actSt13bStoneGirl,0x00249770,,func,,unmatched,0.00,unmatched,PAL ELF not available for byte matching
actSt13bElev,0x002497D8,,func,,unmatched,0.00,unmatched,PAL ELF not available for byte matching
actSt13bElev2,0x00249840,,func,,unmatched,0.00,unmatched,PAL ELF not available for byte matching
actSt13bDoor,0x00249908,,func,,unmatched,0.00,unmatched,PAL ELF not available for byte matching
actBossTest,0x002499A0,,func,,unmatched,0.00,unmatched,PAL ELF not available for byte matching
actSt13bConte02Jimaku,0x00249A20,,func,,unmatched,0.00,unmatched,PAL ELF not available for byte matching
actSt13bSekizo2Event,0x00249BA0,,func,,unmatched,0.00,unmatched,PAL ELF not available for byte matching
actConte10c,0x00249BB0,,func,,unmatched,0.00,unmatched,PAL ELF not available for byte matching
actSt13bElevMain,0x00249C60,,func,,unmatched,0.00,unmatched,PAL ELF not available for byte matching
actSt13bElevSwitch,0x00249C90,,func,,unmatched,0.00,unmatched,PAL ELF not available for byte matching
actSt13bElevUpSub,0x00249CE8,,func,,unmatched,0.00,unmatched,PAL ELF not available for byte matching
actSt13bDoorMain,0x00249DC0,,func,,unmatched,0.00,unmatched,PAL ELF not available for byte matching
actSt13bDoorSwitch,0x00249DF0,,func,,unmatched,0.00,unmatched,PAL ELF not available for byte matching
actSt13bDoorUpSub,0x00249E48,,func,,unmatched,0.00,unmatched,PAL ELF not available for byte matching
actSt13bElev2CharaChk,0x00249F00,,func,,unmatched,0.00,unmatched,PAL ELF not available for byte matching
actSt13b2Generator,0x00249F88,,func,,unmatched,0.00,unmatched,PAL ELF not available for byte matching
actSt13cInit,0x00249FB8,,func,,unmatched,0.00,unmatched,PAL ELF not available for byte matching
actSt13cEnd,0x00249FE8,,func,,unmatched,0.00,unmatched,PAL ELF not available for byte matching
actSt13cBmg1,0x0024A028,,func,,unmatched,0.00,unmatched,PAL ELF not available for byte matching
actSt13cBmg1Chk,0x0024A168,,func,,unmatched,0.00,unmatched,PAL ELF not available for byte matching
actSt13cConte04,0x0024A428,,func,,unmatched,0.00,unmatched,PAL ELF not available for byte matching
actSt13cConte04Jimaku,0x0024A568,,func,,unmatched,0.00,unmatched,PAL ELF not available for byte matching
actSt13cCage1stDownDemoCancel,0x0024A720,,func,,unmatched,0.00,unmatched,PAL ELF not available for byte matching
actSt13cCage1stDown,0x0024A8E8,,func,,unmatched,0.00,unmatched,PAL ELF not available for byte matching
actSt13cCageFall,0x0024AA70,,func,,unmatched,0.00,unmatched,PAL ELF not available for byte matching
actSt13cCageFallChk,0x0024ABC0,,func,,unmatched,0.00,unmatched,PAL ELF not available for byte matching
actSt13cConte05,0x0024B1E8,,func,,unmatched,0.00,unmatched,PAL ELF not available for byte matching
actSt13cConte05Jimaku,0x0024B6B8,,func,,unmatched,0.00,unmatched,PAL ELF not available for byte matching
actSt13cCageFallEffect,0x0024B880,,func,,unmatched,0.00,unmatched,PAL ELF not available for byte matching
actSt13cSekizoChk,0x0024BBF8,,func,,unmatched,0.00,unmatched,PAL ELF not available for byte matching
actSt13cGirlCarryChk,0x0024BED0,,func,,unmatched,0.00,unmatched,PAL ELF not available for byte matching
actSt13cHandChk,0x0024C048,,func,,unmatched,0.00,unmatched,PAL ELF not available for byte matching
actSt13cHandJimaku,0x0024C550,,func,,unmatched,0.00,unmatched,PAL ELF not available for byte matching
actSt13cSleep,0x0024C700,,func,,unmatched,0.00,unmatched,PAL ELF not available for byte matching
actSt13cCageDown,0x0024C778,,func,,unmatched,0.00,unmatched,PAL ELF not available for byte matching
actSt13cCageFallReady,0x0024C828,,func,,unmatched,0.00,unmatched,PAL ELF not available for byte matching
actSt13cEnemy,0x0024C8A0,,func,,unmatched,0.00,unmatched,PAL ELF not available for byte matching
actSt13cEnemyNull,0x0024C938,,func,,unmatched,0.00,unmatched,PAL ELF not available for byte matching
actSt13cSekizo,0x0024C9A0,,func,,unmatched,0.00,unmatched,PAL ELF not available for byte matching
actSt13cSekizoJimaku,0x0024CA50,,func,,unmatched,0.00,unmatched,PAL ELF not available for byte matching
actSt13cHand,0x0024CAC8,,func,,unmatched,0.00,unmatched,PAL ELF not available for byte matching
actSt13cGirlCarry,0x0024CB40,,func,,unmatched,0.00,unmatched,PAL ELF not available for byte matching
actSt13cRescue,0x0024CBB8,,func,,unmatched,0.00,unmatched,PAL ELF not available for byte matching
actSt13cBuki,0x0024CC40,,func,,unmatched,0.00,unmatched,PAL ELF not available for byte matching
actE3St13cSekizo,0x0024CCA8,,func,,unmatched,0.00,unmatched,PAL ELF not available for byte matching
actSt13cBmg1Event,0x0024CD40,,func,,unmatched,0.00,unmatched,PAL ELF not available for byte matching
actSt13cSleepEvent,0x0024CD50,,func,,unmatched,0.00,unmatched,PAL ELF not available for byte matching
actSt13cSleepChk,0x0024CD60,,func,,unmatched,0.00,unmatched,PAL ELF not available for byte matching
actSt13cCageDownMain,0x0024CE30,,func,,unmatched,0.00,unmatched,PAL ELF not available for byte matching
actSt13cCageDownSwitch,0x0024CE60,,func,,unmatched,0.00,unmatched,PAL ELF not available for byte matching
actSt13cCage1stDownDemo,0x0024CED0,,func,,unmatched,0.00,unmatched,PAL ELF not available for byte matching
actSt13cCageFallReadyChk,0x0024CF20,,func,,unmatched,0.00,unmatched,PAL ELF not available for byte matching
actSt13cCageFallEvent,0x0024CFA0,,func,,unmatched,0.00,unmatched,PAL ELF not available for byte matching
actE3St13cSekizoEvent,0x0024CFB0,,func,,unmatched,0.00,unmatched,PAL ELF not available for byte matching
actSt13cSekizoJimakuChk,0x0024CFC0,,func,,unmatched,0.00,unmatched,PAL ELF not available for byte matching
actSt13cSekizoJimakuEff,0x0024D030,,func,,unmatched,0.00,unmatched,PAL ELF not available for byte matching
actSt13cGirlCarryAgainChk,0x0024D1C0,,func,,unmatched,0.00,unmatched,PAL ELF not available for byte matching
actSt13cHandSub,0x0024D288,,func,,unmatched,0.00,unmatched,PAL ELF not available for byte matching
actSt13cRescueChk,0x0024D2C0,,func,,unmatched,0.00,unmatched,PAL ELF not available for byte matching
actSt13cBukiEvent,0x0024D368,,func,,unmatched,0.00,unmatched,PAL ELF not available for byte matching
actSt13cBukiChk,0x0024D378,,func,,unmatched,0.00,unmatched,PAL ELF not available for byte matching
actSt13dExit,0x0024D3D0,,func,,unmatched,0.00,unmatched,PAL ELF not available for byte matching
actSt13dExitR,0x0024D4B0,,func,,unmatched,0.00,unmatched,PAL ELF not available for byte matching
actSt13dExitL,0x0024D580,,func,,unmatched,0.00,unmatched,PAL ELF not available for byte matching
actSt13dInit,0x0024D650,,func,,unmatched,0.00,unmatched,PAL ELF not available for byte matching
actSt17aDoor,0x0024D658,,func,,unmatched,0.00,unmatched,PAL ELF not available for byte matching
actSt17aDoorUpChk,0x0024D7A8,,func,,unmatched,0.00,unmatched,PAL ELF not available for byte matching
actSt17aDoorDownChk,0x0024D948,,func,,unmatched,0.00,unmatched,PAL ELF not available for byte matching
actSt17aHasiChk,0x0024DAD8,,func,,unmatched,0.00,unmatched,PAL ELF not available for byte matching
actSt17aHasiEffect,0x0024DE10,,func,,unmatched,0.00,unmatched,PAL ELF not available for byte matching
actSt17aIntroCancel,0x0024E0E0,,func,,unmatched,0.00,unmatched,PAL ELF not available for byte matching
actLinkTest,0x0024E1F0,,func,,unmatched,0.00,unmatched,PAL ELF not available for byte matching
actSt17aSekizo,0x0024E258,,func,,unmatched,0.00,unmatched,PAL ELF not available for byte matching
actSt17aHasi,0x0024E2C0,,func,,unmatched,0.00,unmatched,PAL ELF not available for byte matching
actSt17aIntro,0x0024E388,,func,,unmatched,0.00,unmatched,PAL ELF not available for byte matching
actSt17aHint1,0x0024E400,,func,,unmatched,0.00,unmatched,PAL ELF not available for byte matching
actSt17aFall,0x0024E488,,func,,unmatched,0.00,unmatched,PAL ELF not available for byte matching
actSt17aSekizoEvent,0x0024E500,,func,,unmatched,0.00,unmatched,PAL ELF not available for byte matching
actLinkTestChk,0x0024E510,,func,,unmatched,0.00,unmatched,PAL ELF not available for byte matching
actSt17aDoorEvent,0x0024E568,,func,,unmatched,0.00,unmatched,PAL ELF not available for byte matching
actSt17aDoorUpEffect,0x0024E578,,func,,unmatched,0.00,unmatched,PAL ELF not available for byte matching
actSt17aDoorDownEffect,0x0024E658,,func,,unmatched,0.00,unmatched,PAL ELF not available for byte matching
actSt17aHasiEvent,0x0024E738,,func,,unmatched,0.00,unmatched,PAL ELF not available for byte matching
actSt17aIntroChk,0x0024E748,,func,,unmatched,0.00,unmatched,PAL ELF not available for byte matching
actSt17aGirlWay,0x0024E7F8,,func,,unmatched,0.00,unmatched,PAL ELF not available for byte matching
actSt17aHint1Chk,0x0024E848,,func,,unmatched,0.00,unmatched,PAL ELF not available for byte matching
actSt17aFallChk,0x0024E8B0,,func,,unmatched,0.00,unmatched,PAL ELF not available for byte matching
actSt17bTest,0x0024E928,,func,,unmatched,0.00,unmatched,PAL ELF not available for byte matching
actSt17bCheck,0x0024E958,,func,,unmatched,0.00,unmatched,PAL ELF not available for byte matching
actSt17bCheckChk,0x0024EA00,,func,,unmatched,0.00,unmatched,PAL ELF not available for byte matching
actSt18aEnd,0x0024EA30,,func,,unmatched,0.00,unmatched,PAL ELF not available for byte matching
actSt18aIntroChk,0x0024EA68,,func,,unmatched,0.00,unmatched,PAL ELF not available for byte matching
actSt18aSwitchLChk,0x0024EBB0,,func,,unmatched,0.00,unmatched,PAL ELF not available for byte matching
actSt18aSwitchLUpChk,0x0024EDE8,,func,,unmatched,0.00,unmatched,PAL ELF not available for byte matching
actSt18aSwitchRChk,0x0024EF28,,func,,unmatched,0.00,unmatched,PAL ELF not available for byte matching
actSt18aSwitchRUpChk,0x0024F160,,func,,unmatched,0.00,unmatched,PAL ELF not available for byte matching
actSt18aDoorChk,0x0024F2A0,,func,,unmatched,0.00,unmatched,PAL ELF not available for byte matching
actSt18aDoorDownChk,0x0024F468,,func,,unmatched,0.00,unmatched,PAL ELF not available for byte matching
actSt18aEnemy1_1,0x0024F578,,func,,unmatched,0.00,unmatched,PAL ELF not available for byte matching
actSt18aEnemy2_1,0x0024F670,,func,,unmatched,0.00,unmatched,PAL ELF not available for byte matching
actSt18aIntro,0x0024F740,,func,,unmatched,0.00,unmatched,PAL ELF not available for byte matching
actSt18aDoor,0x0024F7B8,,func,,unmatched,0.00,unmatched,PAL ELF not available for byte matching
actSt18aSwitchL,0x0024F880,,func,,unmatched,0.00,unmatched,PAL ELF not available for byte matching
actSt18aSwitchR,0x0024F948,,func,,unmatched,0.00,unmatched,PAL ELF not available for byte matching
actSt18aEne,0x0024FA10,,func,,unmatched,0.00,unmatched,PAL ELF not available for byte matching
actSt18aEnemy1_2,0x0024FA88,,func,,unmatched,0.00,unmatched,PAL ELF not available for byte matching
actSt18aEne2,0x0024FB40,,func,,unmatched,0.00,unmatched,PAL ELF not available for byte matching
actSt18aEnemy2_2,0x0024FBB8,,func,,unmatched,0.00,unmatched,PAL ELF not available for byte matching
actSt18aCamera,0x0024FC70,,func,,unmatched,0.00,unmatched,PAL ELF not available for byte matching
actSt18aDoorChkSub,0x0024FC80,,func,,unmatched,0.00,unmatched,PAL ELF not available for byte matching
actSt18aEneChk,0x0024FD40,,func,,unmatched,0.00,unmatched,PAL ELF not available for byte matching
actSt18aEne2Chk,0x0024FDB0,,func,,unmatched,0.00,unmatched,PAL ELF not available for byte matching
actSt19aOriUp,0x0024FE38,,func,,unmatched,0.00,unmatched,PAL ELF not available for byte matching
actSt19aHaguruma,0x00250008,,func,,unmatched,0.00,unmatched,PAL ELF not available for byte matching
actSt19aHagurumaChk,0x00250158,,func,,unmatched,0.00,unmatched,PAL ELF not available for byte matching
actSt19aPipeChk,0x00250430,,func,,unmatched,0.00,unmatched,PAL ELF not available for byte matching
actSt19aChainDown,0x00250628,,func,,unmatched,0.00,unmatched,PAL ELF not available for byte matching
actSt19bIntro,0x00250788,,func,,unmatched,0.00,unmatched,PAL ELF not available for byte matching
actSt19aOri,0x002508E0,,func,,unmatched,0.00,unmatched,PAL ELF not available for byte matching
actSt19aOriXL,0x00250990,,func,,unmatched,0.00,unmatched,PAL ELF not available for byte matching
actSt19aPipe,0x002509E8,,func,,unmatched,0.00,unmatched,PAL ELF not available for byte matching
actSt19aPipeXL,0x00250AA0,,func,,unmatched,0.00,unmatched,PAL ELF not available for byte matching
actSt19aChain,0x00250B00,,func,,unmatched,0.00,unmatched,PAL ELF not available for byte matching
actSt19aOriMain,0x00250B98,,func,,unmatched,0.00,unmatched,PAL ELF not available for byte matching
actSt19aOriSwitch,0x00250BD0,,func,,unmatched,0.00,unmatched,PAL ELF not available for byte matching
actSt19aChainMain,0x00250C28,,func,,unmatched,0.00,unmatched,PAL ELF not available for byte matching
actSt19aChainSwitch,0x00250C60,,func,,unmatched,0.00,unmatched,PAL ELF not available for byte matching
actSt19aChainDownSub,0x00250CD0,,func,,unmatched,0.00,unmatched,PAL ELF not available for byte matching
actSt20aInit,0x00250D80,,func,,unmatched,0.00,unmatched,PAL ELF not available for byte matching
actSt20aEnd,0x00250DD8,,func,,unmatched,0.00,unmatched,PAL ELF not available for byte matching
actSt20aBridgeDown,0x00250E60,,func,,unmatched,0.00,unmatched,PAL ELF not available for byte matching
actSt20aGondolaDown,0x00250FF8,,func,,unmatched,0.00,unmatched,PAL ELF not available for byte matching
actSt20aGondolaUp,0x00251180,,func,,unmatched,0.00,unmatched,PAL ELF not available for byte matching
actSt20aFence,0x002512F8,,func,,unmatched,0.00,unmatched,PAL ELF not available for byte matching
actSt20aFenceDownChk,0x002514E8,,func,,unmatched,0.00,unmatched,PAL ELF not available for byte matching
actSt20aFenceUpChk,0x00251648,,func,,unmatched,0.00,unmatched,PAL ELF not available for byte matching
actSt20aFenceDownChk2,0x002517A8,,func,,unmatched,0.00,unmatched,PAL ELF not available for byte matching
actSt20aFenceUpChk2,0x00251908,,func,,unmatched,0.00,unmatched,PAL ELF not available for byte matching
actSt20aBridge,0x00251A68,,func,,unmatched,0.00,unmatched,PAL ELF not available for byte matching
actSt20aGondola,0x00251AE0,,func,,unmatched,0.00,unmatched,PAL ELF not available for byte matching
actSt20aExit,0x00251B90,,func,,unmatched,0.00,unmatched,PAL ELF not available for byte matching
actSt20aElv,0x00251BF8,,func,,unmatched,0.00,unmatched,PAL ELF not available for byte matching
actSt20aEne,0x00251C78,,func,,unmatched,0.00,unmatched,PAL ELF not available for byte matching
actSt20aEnemy1,0x00251CF0,,func,,unmatched,0.00,unmatched,PAL ELF not available for byte matching
actSt20aEnemy2,0x00251D98,,func,,unmatched,0.00,unmatched,PAL ELF not available for byte matching
actSt20aEnemy3,0x00251E40,,func,,unmatched,0.00,unmatched,PAL ELF not available for byte matching
actSt20aHint1,0x00251EB0,,func,,unmatched,0.00,unmatched,PAL ELF not available for byte matching
actSt20aGirlPos,0x00251F38,,func,,unmatched,0.00,unmatched,PAL ELF not available for byte matching
actSt20aBridgeMain,0x00251FB8,,func,,unmatched,0.00,unmatched,PAL ELF not available for byte matching
actSt20aBridgeSwitch,0x00251FF0,,func,,unmatched,0.00,unmatched,PAL ELF not available for byte matching
actSt20aBridgeDownSub,0x00252048,,func,,unmatched,0.00,unmatched,PAL ELF not available for byte matching
actSt20aGondolaMain,0x00252100,,func,,unmatched,0.00,unmatched,PAL ELF not available for byte matching
actSt20aGondolaSwitch,0x00252148,,func,,unmatched,0.00,unmatched,PAL ELF not available for byte matching
actSt20aExitChk,0x002521F0,,func,,unmatched,0.00,unmatched,PAL ELF not available for byte matching
actSt20aEneChk,0x002522C0,,func,,unmatched,0.00,unmatched,PAL ELF not available for byte matching
actSt20aGirlPosChk,0x00252338,,func,,unmatched,0.00,unmatched,PAL ELF not available for byte matching
actSt20aHint1Chk,0x002523A0,,func,,unmatched,0.00,unmatched,PAL ELF not available for byte matching
actSt22aLightningVolime,0x00252418,,func,,unmatched,0.00,unmatched,PAL ELF not available for byte matching
actSt22aIntro,0x002524D8,,func,,unmatched,0.00,unmatched,PAL ELF not available for byte matching
actSt22aIntroChk,0x00252700,,func,,unmatched,0.00,unmatched,PAL ELF not available for byte matching
actSt22aIntroSub,0x002529A8,,func,,unmatched,0.00,unmatched,PAL ELF not available for byte matching
actSt24aSwordChk,0x00252AC0,,func,,unmatched,0.00,unmatched,PAL ELF not available for byte matching
actSt24aDemoCamChk,0x00252D30,,func,,unmatched,0.00,unmatched,PAL ELF not available for byte matching
actSt24aSword,0x00252E70,,func,,unmatched,0.00,unmatched,PAL ELF not available for byte matching
actSt24aSaku,0x00252F00,,func,,unmatched,0.00,unmatched,PAL ELF not available for byte matching
actSt24aDemoCam,0x00252F40,,func,,unmatched,0.00,unmatched,PAL ELF not available for byte matching
actSt24aSwordSub,0x00252FB8,,func,,unmatched,0.00,unmatched,PAL ELF not available for byte matching
actSt47aInit,0x00253090,,func,,unmatched,0.00,unmatched,PAL ELF not available for byte matching
actSt47aEnd,0x00253138,,func,,unmatched,0.00,unmatched,PAL ELF not available for byte matching
actSt47aSekizo1Chk,0x00253170,,func,,unmatched,0.00,unmatched,PAL ELF not available for byte matching
actSt47aHane1Down,0x002534D0,,func,,unmatched,0.00,unmatched,PAL ELF not available for byte matching
actSt47aHane1Up,0x00253690,,func,,unmatched,0.00,unmatched,PAL ELF not available for byte matching
actSt47aHane2Down,0x00253890,,func,,unmatched,0.00,unmatched,PAL ELF not available for byte matching
actSt47aHane2Up,0x00253A50,,func,,unmatched,0.00,unmatched,PAL ELF not available for byte matching
actSt47aRope,0x00253C30,,func,,unmatched,0.00,unmatched,PAL ELF not available for byte matching
actSt47aRopeChk,0x00253D00,,func,,unmatched,0.00,unmatched,PAL ELF not available for byte matching
actSt47aBarricadeChk,0x00253F20,,func,,unmatched,0.00,unmatched,PAL ELF not available for byte matching
actSt47aEnemy1,0x00254048,,func,,unmatched,0.00,unmatched,PAL ELF not available for byte matching
actSt47aTorch,0x00254110,,func,,unmatched,0.00,unmatched,PAL ELF not available for byte matching
actSt47aSekizo1,0x002541C0,,func,,unmatched,0.00,unmatched,PAL ELF not available for byte matching
actSt47aSekizo2,0x00254280,,func,,unmatched,0.00,unmatched,PAL ELF not available for byte matching
actSt47aHane1,0x002542E0,,func,,unmatched,0.00,unmatched,PAL ELF not available for byte matching
actSt47aHane2,0x00254350,,func,,unmatched,0.00,unmatched,PAL ELF not available for byte matching
actSt47aBarricade,0x002543B8,,func,,unmatched,0.00,unmatched,PAL ELF not available for byte matching
actSt47aExit,0x00254468,,func,,unmatched,0.00,unmatched,PAL ELF not available for byte matching
actSt47aExit2,0x002544D0,,func,,unmatched,0.00,unmatched,PAL ELF not available for byte matching
actSt47aEne,0x00254548,,func,,unmatched,0.00,unmatched,PAL ELF not available for byte matching
actSt47aEnemy2,0x002545C0,,func,,unmatched,0.00,unmatched,PAL ELF not available for byte matching
actSt47aEnemy3,0x00254650,,func,,unmatched,0.00,unmatched,PAL ELF not available for byte matching
actSt47aEnemy4,0x002546E0,,func,,unmatched,0.00,unmatched,PAL ELF not available for byte matching
actSt47aHint2On,0x00254748,,func,,unmatched,0.00,unmatched,PAL ELF not available for byte matching
actSt47aSekizo1Event,0x002547C8,,func,,unmatched,0.00,unmatched,PAL ELF not available for byte matching
actSt47aGirlWay,0x002547D8,,func,,unmatched,0.00,unmatched,PAL ELF not available for byte matching
actSt47aSekizo2Event,0x00254860,,func,,unmatched,0.00,unmatched,PAL ELF not available for byte matching
actSt47aHane1Main,0x00254870,,func,,unmatched,0.00,unmatched,PAL ELF not available for byte matching
actSt47aHane1Switch,0x002548A0,,func,,unmatched,0.00,unmatched,PAL ELF not available for byte matching
actSt47aHane1_1Girl,0x00254948,,func,,unmatched,0.00,unmatched,PAL ELF not available for byte matching
actSt47aHane1_2Girl,0x00254998,,func,,unmatched,0.00,unmatched,PAL ELF not available for byte matching
actSt47aHane2Main,0x002549E8,,func,,unmatched,0.00,unmatched,PAL ELF not available for byte matching
actSt47aHane2Switch,0x00254A18,,func,,unmatched,0.00,unmatched,PAL ELF not available for byte matching
actSt47aHane2Girl,0x00254AC0,,func,,unmatched,0.00,unmatched,PAL ELF not available for byte matching
actSt47aRopeSub,0x00254B10,,func,,unmatched,0.00,unmatched,PAL ELF not available for byte matching
actSt47aBarricadeEvent,0x00254BC0,,func,,unmatched,0.00,unmatched,PAL ELF not available for byte matching
actSt47aExitChk,0x00254BD0,,func,,unmatched,0.00,unmatched,PAL ELF not available for byte matching
actSt47aExit2Chk,0x00254C48,,func,,unmatched,0.00,unmatched,PAL ELF not available for byte matching
actSt47aEneChk,0x00254C80,,func,,unmatched,0.00,unmatched,PAL ELF not available for byte matching
actSt47aHint2OnChk,0x00254CF0,,func,,unmatched,0.00,unmatched,PAL ELF not available for byte matching
actExplode,0x00254D40,,func,,unmatched,0.00,unmatched,PAL ELF not available for byte matching
actSplash1,0x00254DA8,,func,,unmatched,0.00,unmatched,PAL ELF not available for byte matching
actSplash2,0x00254E10,,func,,unmatched,0.00,unmatched,PAL ELF not available for byte matching
actWave,0x00254E78,,func,,unmatched,0.00,unmatched,PAL ELF not available for byte matching
actSpider,0x00254EE0,,func,,unmatched,0.00,unmatched,PAL ELF not available for byte matching
actDevilLightning,0x00254F68,,func,,unmatched,0.00,unmatched,PAL ELF not available for byte matching
actQueenLightning,0x00254FB0,,func,,unmatched,0.00,unmatched,PAL ELF not available for byte matching
actSt17aTest,0x00254FF8,,func,,unmatched,0.00,unmatched,PAL ELF not available for byte matching
actSt27aWave,0x00255070,,func,,unmatched,0.00,unmatched,PAL ELF not available for byte matching
actExplodeChk,0x002550D8,,func,,unmatched,0.00,unmatched,PAL ELF not available for byte matching
actSplash1Chk,0x00255188,,func,,unmatched,0.00,unmatched,PAL ELF not available for byte matching
actSplash2Chk,0x00255238,,func,,unmatched,0.00,unmatched,PAL ELF not available for byte matching
actWaveChk,0x002552E8,,func,,unmatched,0.00,unmatched,PAL ELF not available for byte matching
actWave1,0x00255310,,func,,unmatched,0.00,unmatched,PAL ELF not available for byte matching
actSt27aWaveChk,0x00255398,,func,,unmatched,0.00,unmatched,PAL ELF not available for byte matching
actSt27aWave1,0x002553C0,,func,,unmatched,0.00,unmatched,PAL ELF not available for byte matching
actSpiderChk,0x00255448,,func,,unmatched,0.00,unmatched,PAL ELF not available for byte matching
actSt17aTestChk,0x002554B0,,func,,unmatched,0.00,unmatched,PAL ELF not available for byte matching
stageSEtaimatsu,0x00255520,,func,,unmatched,0.00,unmatched,PAL ELF not available for byte matching
stageSE04eriver,0x002556B0,,func,,unmatched,0.00,unmatched,PAL ELF not available for byte matching
stageSE06ariver,0x002558A8,,func,,unmatched,0.00,unmatched,PAL ELF not available for byte matching
stageSE10lstrong2,0x00255A00,,func,,unmatched,0.00,unmatched,PAL ELF not available for byte matching
stageSE19ataki,0x00255B48,,func,,unmatched,0.00,unmatched,PAL ELF not available for byte matching
stageSE02astrong,0x00255D68,,func,,unmatched,0.00,unmatched,PAL ELF not available for byte matching
stageSE02ataki,0x00255E88,,func,,unmatched,0.00,unmatched,PAL ELF not available for byte matching
stageSE02atakib,0x00255EE0,,func,,unmatched,0.00,unmatched,PAL ELF not available for byte matching
stageSE03tsuiro,0x00255F40,,func,,unmatched,0.00,unmatched,PAL ELF not available for byte matching
stageSE03tnotSuiro,0x00255F78,,func,,unmatched,0.00,unmatched,PAL ELF not available for byte matching
stageSE04agate,0x00255FB8,,func,,unmatched,0.00,unmatched,PAL ELF not available for byte matching
stageSE04bstrong,0x00256088,,func,,unmatched,0.00,unmatched,PAL ELF not available for byte matching
stageSE04ewind,0x002560E8,,func,,unmatched,0.00,unmatched,PAL ELF not available for byte matching
stageSE04eriverDown,0x00256178,,func,,unmatched,0.00,unmatched,PAL ELF not available for byte matching
stageSE06astrong,0x00256228,,func,,unmatched,0.00,unmatched,PAL ELF not available for byte matching
stageSE06abirdIn,0x00256338,,func,,unmatched,0.00,unmatched,PAL ELF not available for byte matching
stageSE06abirdOut,0x00256390,,func,,unmatched,0.00,unmatched,PAL ELF not available for byte matching
stageSE06ataimatsu,0x002563E8,,func,,unmatched,0.00,unmatched,PAL ELF not available for byte matching
stageSE08astrong,0x00256458,,func,,unmatched,0.00,unmatched,PAL ELF not available for byte matching
stageSE08astrong2,0x00256528,,func,,unmatched,0.00,unmatched,PAL ELF not available for byte matching
stageSE08anoise3,0x00256600,,func,,unmatched,0.00,unmatched,PAL ELF not available for byte matching
stageSE08ataimatsu,0x00256688,,func,,unmatched,0.00,unmatched,PAL ELF not available for byte matching
stageSE08bcrane,0x00256700,,func,,unmatched,0.00,unmatched,PAL ELF not available for byte matching
stageSE08brail,0x00256780,,func,,unmatched,0.00,unmatched,PAL ELF not available for byte matching
stageSE09asea,0x00256800,,func,,unmatched,0.00,unmatched,PAL ELF not available for byte matching
stageSE10lstrong,0x00256838,,func,,unmatched,0.00,unmatched,PAL ELF not available for byte matching
stageSE10rstrong,0x00256978,,func,,unmatched,0.00,unmatched,PAL ELF not available for byte matching
stageSE10rstrong2,0x00256A10,,func,,unmatched,0.00,unmatched,PAL ELF not available for byte matching
stageSE13arain,0x00256A70,,func,,unmatched,0.00,unmatched,PAL ELF not available for byte matching
stageSE13cNoise,0x00256AB0,,func,,unmatched,0.00,unmatched,PAL ELF not available for byte matching
stageSE13dterrace,0x00256AD8,,func,,unmatched,0.00,unmatched,PAL ELF not available for byte matching
stageSE13dstrong,0x00256B18,,func,,unmatched,0.00,unmatched,PAL ELF not available for byte matching
stageSE17astrong,0x00256BD0,,func,,unmatched,0.00,unmatched,PAL ELF not available for byte matching
stageSE18awind,0x00256C30,,func,,unmatched,0.00,unmatched,PAL ELF not available for byte matching
stageSE17brain,0x00256CC0,,func,,unmatched,0.00,unmatched,PAL ELF not available for byte matching
stageSE17bstrong,0x00256D50,,func,,unmatched,0.00,unmatched,PAL ELF not available for byte matching
stageSE17btaki,0x00256E28,,func,,unmatched,0.00,unmatched,PAL ELF not available for byte matching
stageSE19astrong,0x00256E48,,func,,unmatched,0.00,unmatched,PAL ELF not available for byte matching
stageSE19arain,0x00256EC0,,func,,unmatched,0.00,unmatched,PAL ELF not available for byte matching
stageSE20astrong,0x00256EE8,,func,,unmatched,0.00,unmatched,PAL ELF not available for byte matching
stageSE20astrong2,0x00256F68,,func,,unmatched,0.00,unmatched,PAL ELF not available for byte matching
stageSE22astrong,0x00256FC8,,func,,unmatched,0.00,unmatched,PAL ELF not available for byte matching
stageSE22arain,0x00257048,,func,,unmatched,0.00,unmatched,PAL ELF not available for byte matching
stageSE24astrong,0x002570E0,,func,,unmatched,0.00,unmatched,PAL ELF not available for byte matching
stageSE24arain,0x00257140,,func,,unmatched,0.00,unmatched,PAL ELF not available for byte matching
stageSE24ariver,0x00257168,,func,,unmatched,0.00,unmatched,PAL ELF not available for byte matching
stageSE47anoise,0x00257188,,func,,unmatched,0.00,unmatched,PAL ELF not available for byte matching
GetDataFileName,0x00257218,,func,,unmatched,0.00,unmatched,PAL ELF not available for byte matching
GetDataFileName2,0x00257260,,func,,unmatched,0.00,unmatched,PAL ELF not available for byte matching
ObjectBeforeFunc,0x00257310,,func,,unmatched,0.00,unmatched,PAL ELF not available for byte matching
ObjAction_CorrectGeo,0x00257318,,func,,unmatched,0.00,unmatched,PAL ELF not available for byte matching
ObjAction_Mail,0x00257398,,func,,unmatched,0.00,unmatched,PAL ELF not available for byte matching
ObjAction_MailCenter,0x00257400,,func,,unmatched,0.00,unmatched,PAL ELF not available for byte matching
ObjAction_Init,0x002574F8,,func,,unmatched,0.00,unmatched,PAL ELF not available for byte matching
audioDecCreate,0x00257550,,func,,unmatched,0.00,unmatched,PAL ELF not available for byte matching
audioDecEndPut,0x00257708,,func,,unmatched,0.00,unmatched,PAL ELF not available for byte matching
sendToIOP2area,0x00257828,,func,,unmatched,0.00,unmatched,PAL ELF not available for byte matching
audioDecSendToIOP,0x00257B58,,func,,unmatched,0.00,unmatched,PAL ELF not available for byte matching
pcmCallback,0x00257D30,,func,,unmatched,0.00,unmatched,PAL ELF not available for byte matching
audioDecDelete,0x00257E18,,func,,unmatched,0.00,unmatched,PAL ELF not available for byte matching
audioDecReset,0x00257EB8,,func,,unmatched,0.00,unmatched,PAL ELF not available for byte matching
audioDecIsPreset,0x00257F10,,func,,unmatched,0.00,unmatched,PAL ELF not available for byte matching
audioDecStart,0x00257F28,,func,,unmatched,0.00,unmatched,PAL ELF not available for byte matching
audioDecPause,0x00257FC0,,func,,unmatched,0.00,unmatched,PAL ELF not available for byte matching
audioDecResume,0x00257FF8,,func,,unmatched,0.00,unmatched,PAL ELF not available for byte matching
dispClear,0x00258090,,func,,unmatched,0.00,unmatched,PAL ELF not available for byte matching
setDispEnv,0x00258208,,func,,unmatched,0.00,unmatched,PAL ELF not available for byte matching
setImageSize,0x002583E8,,func,,unmatched,0.00,unmatched,PAL ELF not available for byte matching
sendDispEnv,0x002583F8,,func,,unmatched,0.00,unmatched,PAL ELF not available for byte matching
dispCreate,0x00258460,,func,,unmatched,0.00,unmatched,PAL ELF not available for byte matching
dispSetTags,0x00258518,,func,,unmatched,0.00,unmatched,PAL ELF not available for byte matching
dispSwitch,0x00258948,,func,,unmatched,0.00,unmatched,PAL ELF not available for byte matching
vblankHandler,0x00258980,,func,,unmatched,0.00,unmatched,PAL ELF not available for byte matching
dispDelete,0x00258B08,,func,,unmatched,0.00,unmatched,PAL ELF not available for byte matching
loadImage,0x00258B10,,func,,unmatched,0.00,unmatched,PAL ELF not available for byte matching
handler_endimage,0x00258B50,,func,,unmatched,0.00,unmatched,PAL ELF not available for byte matching
startDisplay,0x00258B88,,func,,unmatched,0.00,unmatched,PAL ELF not available for byte matching
endDisplay,0x00258BC8,,func,,unmatched,0.00,unmatched,PAL ELF not available for byte matching
setDMAscTag,0x00258BD8,,func,,unmatched,0.00,unmatched,PAL ELF not available for byte matching
setGIFtag,0x00258C30,,func,,unmatched,0.00,unmatched,PAL ELF not available for byte matching
setGIFad,0x00258C88,,func,,unmatched,0.00,unmatched,PAL ELF not available for byte matching
setTEXFLUSH,0x00258CB8,,func,,unmatched,0.00,unmatched,PAL ELF not available for byte matching
setTEX1_1,0x00258CD8,,func,,unmatched,0.00,unmatched,PAL ELF not available for byte matching
setTEX0_1,0x00258D58,,func,,unmatched,0.00,unmatched,PAL ELF not available for byte matching
setPRIM,0x00258E10,,func,,unmatched,0.00,unmatched,PAL ELF not available for byte matching
setUV,0x00258EA8,,func,,unmatched,0.00,unmatched,PAL ELF not available for byte matching
setRGBAQ,0x00258EF0,,func,,unmatched,0.00,unmatched,PAL ELF not available for byte matching
setXYZ2,0x00258F58,,func,,unmatched,0.00,unmatched,PAL ELF not available for byte matching
setFRAME_1,0x00258FA8,,func,,unmatched,0.00,unmatched,PAL ELF not available for byte matching
setTEST_1,0x00259008,,func,,unmatched,0.00,unmatched,PAL ELF not available for byte matching
setSCISSOR_1,0x00259098,,func,,unmatched,0.00,unmatched,PAL ELF not available for byte matching
setXYOFFSET_1,0x002590F0,,func,,unmatched,0.00,unmatched,PAL ELF not available for byte matching
setPRMODECONT,0x00259128,,func,,unmatched,0.00,unmatched,PAL ELF not available for byte matching
setPRMODE,0x00259158,,func,,unmatched,0.00,unmatched,PAL ELF not available for byte matching
setCLAMP_1,0x002591E8,,func,,unmatched,0.00,unmatched,PAL ELF not available for byte matching
setBITBLTBUF,0x00259260,,func,,unmatched,0.00,unmatched,PAL ELF not available for byte matching
setTRXPOS,0x00259298,,func,,unmatched,0.00,unmatched,PAL ELF not available for byte matching
setTRXREG,0x002592D0,,func,,unmatched,0.00,unmatched,PAL ELF not available for byte matching
setTRXDIR,0x00259308,,func,,unmatched,0.00,unmatched,PAL ELF not available for byte matching
ErrMessage,0x00259338,,func,,unmatched,0.00,unmatched,PAL ELF not available for byte matching
copy2area,0x00259348,,func,,unmatched,0.00,unmatched,PAL ELF not available for byte matching
viBuf_free_buf,0x00259480,,func,,unmatched,0.00,unmatched,PAL ELF not available for byte matching
viBufCreate,0x002594B8,,func,,unmatched,0.00,unmatched,PAL ELF not available for byte matching
viBufReset,0x00259678,,func,,unmatched,0.00,unmatched,PAL ELF not available for byte matching
viBufBeginPut,0x00259810,,func,,unmatched,0.00,unmatched,PAL ELF not available for byte matching
viBufEndPut,0x002598F8,,func,,unmatched,0.00,unmatched,PAL ELF not available for byte matching
viBufAddDMA,0x00259948,,func,,unmatched,0.00,unmatched,PAL ELF not available for byte matching
viBufStopDMA,0x00259BE8,,func,,unmatched,0.00,unmatched,PAL ELF not available for byte matching
viBufRestartDMA,0x00259D70,,func,,unmatched,0.00,unmatched,PAL ELF not available for byte matching
viBufFlush,0x0025A158,,func,,unmatched,0.00,unmatched,PAL ELF not available for byte matching
viBufModifyPts,0x0025A1A8,,func,,unmatched,0.00,unmatched,PAL ELF not available for byte matching
viBufGetTs,0x0025A318,,func,,unmatched,0.00,unmatched,PAL ELF not available for byte matching
viBufFree,0x0025A4A8,,func,,unmatched,0.00,unmatched,PAL ELF not available for byte matching
viBufDelete,0x0025A4B8,,func,,unmatched,0.00,unmatched,PAL ELF not available for byte matching
viBufCount,0x0025A578,,func,,unmatched,0.00,unmatched,PAL ELF not available for byte matching
viBufPutTs,0x0025A5C8,,func,,unmatched,0.00,unmatched,PAL ELF not available for byte matching
ResetGObjProc,0x0025A6B8,,func,,unmatched,0.00,unmatched,PAL ELF not available for byte matching
GetMaxGObj,0x0025A6C0,,func,,unmatched,0.00,unmatched,PAL ELF not available for byte matching
GetGObjP,0x0025A6C8,,func,,unmatched,0.00,unmatched,PAL ELF not available for byte matching
GetGObjId,0x0025A6E0,,func,,unmatched,0.00,unmatched,PAL ELF not available for byte matching
PrintGObjID,0x0025A728,,func,,unmatched,0.00,unmatched,PAL ELF not available for byte matching
InitCameraGObjs,0x0025A7A8,,func,,unmatched,0.00,unmatched,PAL ELF not available for byte matching
CreateGObj,0x0025A898,,func,,unmatched,0.00,unmatched,PAL ELF not available for byte matching
CreateGObjByFuncSet,0x0025A9F8,,func,,unmatched,0.00,unmatched,PAL ELF not available for byte matching
MakeBoundingBox,0x0025AB20,,func,,unmatched,0.00,unmatched,PAL ELF not available for byte matching
MakePacket,0x0025AE30,,func,,unmatched,0.00,unmatched,PAL ELF not available for byte matching
AllocPObj,0x0025AF48,,func,,unmatched,0.00,unmatched,PAL ELF not available for byte matching
InitPObj,0x0025B3F8,,func,,unmatched,0.00,unmatched,PAL ELF not available for byte matching
FreePObj,0x0025B558,,func,,unmatched,0.00,unmatched,PAL ELF not available for byte matching
DrawVObj,0x0025B578,,func,,unmatched,0.00,unmatched,PAL ELF not available for byte matching
SetVObjRT,0x0025B640,,func,,unmatched,0.00,unmatched,PAL ELF not available for byte matching
sceGsResetGraph,0x0025B680,,func,,unmatched,0.00,unmatched,PAL ELF not available for byte matching
sceGsGetGParam,0x0025B790,,func,,unmatched,0.00,unmatched,PAL ELF not available for byte matching
sceGsResetPath,0x0025B7A0,,func,,unmatched,0.00,unmatched,PAL ELF not available for byte matching
sceGsSetDefDispEnv,0x0025B808,,func,,unmatched,0.00,unmatched,PAL ELF not available for byte matching
sceGsPutDispEnv,0x0025BA78,,func,,unmatched,0.00,unmatched,PAL ELF not available for byte matching
sceGsSetDefDrawEnv,0x0025BB38,,func,,unmatched,0.00,unmatched,PAL ELF not available for byte matching
sceGsPutDrawEnv,0x0025BD20,,func,,unmatched,0.00,unmatched,PAL ELF not available for byte matching
sceGsSetDefDBuff,0x0025BE08,,func,,unmatched,0.00,unmatched,PAL ELF not available for byte matching
sceGsSwapDBuff,0x0025C0A0,,func,,unmatched,0.00,unmatched,PAL ELF not available for byte matching
sceGsSyncV,0x0025C100,,func,,unmatched,0.00,unmatched,PAL ELF not available for byte matching
sceGsSyncPath,0x0025C198,,func,,unmatched,0.00,unmatched,PAL ELF not available for byte matching
sceGsSetDefTexEnv,0x0025C4B0,,func,,unmatched,0.00,unmatched,PAL ELF not available for byte matching
sceGsSetDefAlphaEnv,0x0025C5C0,,func,,unmatched,0.00,unmatched,PAL ELF not available for byte matching
sceGsSetDefLoadImage,0x0025C620,,func,,unmatched,0.00,unmatched,PAL ELF not available for byte matching
sceGsSetDefStoreImage,0x0025C808,,func,,unmatched,0.00,unmatched,PAL ELF not available for byte matching
sceGsExecLoadImage,0x0025C948,,func,,unmatched,0.00,unmatched,PAL ELF not available for byte matching
sceGsExecStoreImage,0x0025CAC8,,func,,unmatched,0.00,unmatched,PAL ELF not available for byte matching
sceGsPutIMR,0x0025D158,,func,,unmatched,0.00,unmatched,PAL ELF not available for byte matching
sceGsSetHalfOffset,0x0025D198,,func,,unmatched,0.00,unmatched,PAL ELF not available for byte matching
sceGsGetIMR,0x0025D220,,func,,unmatched,0.00,unmatched,PAL ELF not available for byte matching
sceGszbufaddr,0x0025D240,,func,,unmatched,0.00,unmatched,PAL ELF not available for byte matching
sceGsSetDefClear,0x0025D308,,func,,unmatched,0.00,unmatched,PAL ELF not available for byte matching
sceVu0ApplyMatrix,0x0025D410,,func,,unmatched,0.00,unmatched,PAL ELF not available for byte matching
sceVu0MulMatrix,0x0025D440,,func,,unmatched,0.00,unmatched,PAL ELF not available for byte matching
sceVu0OuterProduct,0x0025D488,,func,,unmatched,0.00,unmatched,PAL ELF not available for byte matching
sceVu0InnerProduct,0x0025D4A8,,func,,unmatched,0.00,unmatched,PAL ELF not available for byte matching
sceVu0Normalize,0x0025D4D0,,func,,unmatched,0.00,unmatched,PAL ELF not available for byte matching
sceVu0TransposeMatrix,0x0025D508,,func,,unmatched,0.00,unmatched,PAL ELF not available for byte matching
sceVu0InversMatrix,0x0025D550,,func,,unmatched,0.00,unmatched,PAL ELF not available for byte matching
sceVu0DivVector,0x0025D5C0,,func,,unmatched,0.00,unmatched,PAL ELF not available for byte matching
sceVu0DivVectorXYZ,0x0025D5E0,,func,,unmatched,0.00,unmatched,PAL ELF not available for byte matching
sceVu0InterVector,0x0025D600,,func,,unmatched,0.00,unmatched,PAL ELF not available for byte matching
sceVu0AddVector,0x0025D628,,func,,unmatched,0.00,unmatched,PAL ELF not available for byte matching
sceVu0SubVector,0x0025D640,,func,,unmatched,0.00,unmatched,PAL ELF not available for byte matching
sceVu0MulVector,0x0025D658,,func,,unmatched,0.00,unmatched,PAL ELF not available for byte matching
sceVu0ScaleVector,0x0025D670,,func,,unmatched,0.00,unmatched,PAL ELF not available for byte matching
sceVu0TransMatrix,0x0025D688,,func,,unmatched,0.00,unmatched,PAL ELF not available for byte matching
sceVu0CopyVector,0x0025D6B8,,func,,unmatched,0.00,unmatched,PAL ELF not available for byte matching
sceVu0CopyMatrix,0x0025D6C8,,func,,unmatched,0.00,unmatched,PAL ELF not available for byte matching
sceVu0FTOI4Vector,0x0025D6F0,,func,,unmatched,0.00,unmatched,PAL ELF not available for byte matching
sceVu0FTOI0Vector,0x0025D700,,func,,unmatched,0.00,unmatched,PAL ELF not available for byte matching
sceVu0ITOF4Vector,0x0025D710,,func,,unmatched,0.00,unmatched,PAL ELF not available for byte matching
sceVu0ITOF0Vector,0x0025D720,,func,,unmatched,0.00,unmatched,PAL ELF not available for byte matching
sceVu0UnitMatrix,0x0025D730,,func,,unmatched,0.00,unmatched,PAL ELF not available for byte matching
_sceVu0ecossin,0x0025D758,,func,,unmatched,0.00,unmatched,PAL ELF not available for byte matching
sceVu0RotMatrixZ,0x0025D7D0,,func,,unmatched,0.00,unmatched,PAL ELF not available for byte matching
sceVu0RotMatrixX,0x0025D878,,func,,unmatched,0.00,unmatched,PAL ELF not available for byte matching
sceVu0RotMatrixY,0x0025D920,,func,,unmatched,0.00,unmatched,PAL ELF not available for byte matching
sceVu0RotMatrix,0x0025D9C8,,func,,unmatched,0.00,unmatched,PAL ELF not available for byte matching
sceVu0ClampVector,0x0025DA18,,func,,unmatched,0.00,unmatched,PAL ELF not available for byte matching
sceVu0CameraMatrix,0x0025DA40,,func,,unmatched,0.00,unmatched,PAL ELF not available for byte matching
sceVu0NormalLightMatrix,0x0025DAF0,,func,,unmatched,0.00,unmatched,PAL ELF not available for byte matching
sceVu0LightColorMatrix,0x0025DBB0,,func,,unmatched,0.00,unmatched,PAL ELF not available for byte matching
sceVu0ViewScreenMatrix,0x0025DC18,,func,,unmatched,0.00,unmatched,PAL ELF not available for byte matching
sceVu0DropShadowMatrix,0x0025DD20,,func,,unmatched,0.00,unmatched,PAL ELF not available for byte matching
sceVu0RotTransPersN,0x0025DEB0,,func,,unmatched,0.00,unmatched,PAL ELF not available for byte matching
sceVu0RotTransPers,0x0025DF08,,func,,unmatched,0.00,unmatched,PAL ELF not available for byte matching
sceVu0CopyVectorXYZ,0x0025DF50,,func,,unmatched,0.00,unmatched,PAL ELF not available for byte matching
sceVu0InterVectorXYZ,0x0025DF70,,func,,unmatched,0.00,unmatched,PAL ELF not available for byte matching
sceVu0ScaleVectorXYZ,0x0025DFA0,,func,,unmatched,0.00,unmatched,PAL ELF not available for byte matching
sceVu0ClipScreen,0x0025DFB8,,func,,unmatched,0.00,unmatched,PAL ELF not available for byte matching
sceVu0ClipScreen3,0x0025E000,,func,,unmatched,0.00,unmatched,PAL ELF not available for byte matching
sceVu0ClipAll,0x0025E060,,func,,unmatched,0.00,unmatched,PAL ELF not available for byte matching
sceVpu0Reset,0x0025E0F0,,func,,unmatched,0.00,unmatched,PAL ELF not available for byte matching
memclr,0x0025E150,,func,,unmatched,0.00,unmatched,PAL ELF not available for byte matching
sceDmaGetChan,0x0025E188,,func,,unmatched,0.00,unmatched,PAL ELF not available for byte matching
sceDmaReset,0x0025E1B0,,func,,unmatched,0.00,unmatched,PAL ELF not available for byte matching
sceDmaDebug,0x0025E290,,func,,unmatched,0.00,unmatched,PAL ELF not available for byte matching
sceDmaPutEnv,0x0025E2A0,,func,,unmatched,0.00,unmatched,PAL ELF not available for byte matching
sceDmaGetEnv,0x0025E478,,func,,unmatched,0.00,unmatched,PAL ELF not available for byte matching
sceDmaPutStallAddr,0x0025E4B0,,func,,unmatched,0.00,unmatched,PAL ELF not available for byte matching
sceDmaSend,0x0025E4D8,,func,,unmatched,0.00,unmatched,PAL ELF not available for byte matching
sceDmaSendN,0x0025E5B0,,func,,unmatched,0.00,unmatched,PAL ELF not available for byte matching
sceDmaSendI,0x0025E698,,func,,unmatched,0.00,unmatched,PAL ELF not available for byte matching
sceDmaRecv,0x0025E780,,func,,unmatched,0.00,unmatched,PAL ELF not available for byte matching
sceDmaRecvN,0x0025E848,,func,,unmatched,0.00,unmatched,PAL ELF not available for byte matching
sceDmaRecvI,0x0025E938,,func,,unmatched,0.00,unmatched,PAL ELF not available for byte matching
sceDmaSync,0x0025EA28,,func,,unmatched,0.00,unmatched,PAL ELF not available for byte matching
sceDmaWatch,0x0025EAF0,,func,,unmatched,0.00,unmatched,PAL ELF not available for byte matching
sceDmaPause,0x0025EBC0,,func,,unmatched,0.00,unmatched,PAL ELF not available for byte matching
sceDmaRestart,0x0025EBE0,,func,,unmatched,0.00,unmatched,PAL ELF not available for byte matching
sceVif1PkInit,0x0025EC00,,func,,unmatched,0.00,unmatched,PAL ELF not available for byte matching
sceVif1PkReset,0x0025EC10,,func,,unmatched,0.00,unmatched,PAL ELF not available for byte matching
sceVif1PkTerminate,0x0025EC20,,func,,unmatched,0.00,unmatched,PAL ELF not available for byte matching
sceVif1PkCnt,0x0025EC78,,func,,unmatched,0.00,unmatched,PAL ELF not available for byte matching
sceVif1PkEnd,0x0025ECD0,,func,,unmatched,0.00,unmatched,PAL ELF not available for byte matching
sceVif1PkOpenDirectCode,0x0025ED28,,func,,unmatched,0.00,unmatched,PAL ELF not available for byte matching
sceVif1PkCloseDirectCode,0x0025ED80,,func,,unmatched,0.00,unmatched,PAL ELF not available for byte matching
sceVif1PkOpenGifTag,0x0025EDB0,,func,,unmatched,0.00,unmatched,PAL ELF not available for byte matching
sceVif1PkCloseGifTag,0x0025EDC8,,func,,unmatched,0.00,unmatched,PAL ELF not available for byte matching
sceVif1PkAlign,0x0025EE70,,func,,unmatched,0.00,unmatched,PAL ELF not available for byte matching
sceVif1PkAddGsData,0x0025EEF0,,func,,unmatched,0.00,unmatched,PAL ELF not available for byte matching
sceResetttyinit,0x0025EF18,,func,,unmatched,0.00,unmatched,PAL ELF not available for byte matching
VSync,0x0025EF28,,func,,unmatched,0.00,unmatched,PAL ELF not available for byte matching
VSync2,0x0025EF68,,func,,unmatched,0.00,unmatched,PAL ELF not available for byte matching
write,0x0025EFC8,,func,,unmatched,0.00,unmatched,PAL ELF not available for byte matching
read,0x0025F048,,func,,unmatched,0.00,unmatched,PAL ELF not available for byte matching
open,0x0025F0C0,,func,,unmatched,0.00,unmatched,PAL ELF not available for byte matching
close,0x0025F0E8,,func,,unmatched,0.00,unmatched,PAL ELF not available for byte matching
ioctl,0x0025F0F0,,func,,unmatched,0.00,unmatched,PAL ELF not available for byte matching
lseek,0x0025F0F8,,func,,unmatched,0.00,unmatched,PAL ELF not available for byte matching
sbrk,0x0025F100,,func,,unmatched,0.00,unmatched,PAL ELF not available for byte matching
isatty,0x0025F1B0,,func,,unmatched,0.00,unmatched,PAL ELF not available for byte matching
fstat,0x0025F1B8,,func,,unmatched,0.00,unmatched,PAL ELF not available for byte matching
getpid,0x0025F1D0,,func,,unmatched,0.00,unmatched,PAL ELF not available for byte matching
kill,0x0025F1D8,,func,,unmatched,0.00,unmatched,PAL ELF not available for byte matching
stat,0x0025F200,,func,,unmatched,0.00,unmatched,PAL ELF not available for byte matching
unlink,0x0025F228,,func,,unmatched,0.00,unmatched,PAL ELF not available for byte matching
QueueInit,0x0025F250,,func,,unmatched,0.00,unmatched,PAL ELF not available for byte matching
QueuePeekWriteDone,0x0025F278,,func,,unmatched,0.00,unmatched,PAL ELF not available for byte matching
QueuePeekReadDone,0x0025F2B8,,func,,unmatched,0.00,unmatched,PAL ELF not available for byte matching
sceTtyHandler,0x0025F2F8,,func,,unmatched,0.00,unmatched,PAL ELF not available for byte matching
sceTtyWrite,0x0025F490,,func,,unmatched,0.00,unmatched,PAL ELF not available for byte matching
sceTtyRead,0x0025F5E0,,func,,unmatched,0.00,unmatched,PAL ELF not available for byte matching
sceTtyInit,0x0025F6B0,,func,,unmatched,0.00,unmatched,PAL ELF not available for byte matching
sceSifInitRpc,0x0025F770,,func,,unmatched,0.00,unmatched,PAL ELF not available for byte matching
sceSifExitRpc,0x0025F910,,func,,unmatched,0.00,unmatched,PAL ELF not available for byte matching
_sceRpcGetPacket,0x0025F938,,func,,unmatched,0.00,unmatched,PAL ELF not available for byte matching
_sceRpcFreePacket,0x0025F9E0,,func,,unmatched,0.00,unmatched,PAL ELF not available for byte matching
_sceRpcGetFPacket,0x0025FA00,,func,,unmatched,0.00,unmatched,PAL ELF not available for byte matching
_sceRpcGetFPacket2,0x0025FA30,,func,,unmatched,0.00,unmatched,PAL ELF not available for byte matching
_request_end,0x0025FA70,,func,,unmatched,0.00,unmatched,PAL ELF not available for byte matching
_request_rdata,0x0025FB28,,func,,unmatched,0.00,unmatched,PAL ELF not available for byte matching
sceSifGetOtherData,0x0025FB88,,func,,unmatched,0.00,unmatched,PAL ELF not available for byte matching
_search_svdata,0x0025FCE0,,func,,unmatched,0.00,unmatched,PAL ELF not available for byte matching
_request_bind,0x0025FD30,,func,,unmatched,0.00,unmatched,PAL ELF not available for byte matching
sceSifBindRpc,0x0025FDE0,,func,,unmatched,0.00,unmatched,PAL ELF not available for byte matching
_request_call,0x0025FF20,,func,,unmatched,0.00,unmatched,PAL ELF not available for byte matching
sceSifCallRpc,0x0025FFB0,,func,,unmatched,0.00,unmatched,PAL ELF not available for byte matching
sceSifCheckStatRpc,0x002601A0,,func,,unmatched,0.00,unmatched,PAL ELF not available for byte matching
sceSifSetRpcQueue,0x002601E0,,func,,unmatched,0.00,unmatched,PAL ELF not available for byte matching
sceSifRegisterRpc,0x00260278,,func,,unmatched,0.00,unmatched,PAL ELF not available for byte matching
sceSifRemoveRpc,0x00260348,,func,,unmatched,0.00,unmatched,PAL ELF not available for byte matching
sceSifRemoveRpcQueue,0x002603E0,,func,,unmatched,0.00,unmatched,PAL ELF not available for byte matching
sceSifGetNextRequest,0x00260470,,func,,unmatched,0.00,unmatched,PAL ELF not available for byte matching
sceSifExecRequest,0x002604C8,,func,,unmatched,0.00,unmatched,PAL ELF not available for byte matching
sceSifRpcLoop,0x00260690,,func,,unmatched,0.00,unmatched,PAL ELF not available for byte matching
_sceFsIobSemaMK,0x002606D0,,func,,unmatched,0.00,unmatched,PAL ELF not available for byte matching
new_iob,0x00260730,,func,,unmatched,0.00,unmatched,PAL ELF not available for byte matching
get_iob,0x002607B8,,func,,unmatched,0.00,unmatched,PAL ELF not available for byte matching
_sceFs_Rcv_Intr,0x00260828,,func,,unmatched,0.00,unmatched,PAL ELF not available for byte matching
_sceFsSemInit,0x00260BE0,,func,,unmatched,0.00,unmatched,PAL ELF not available for byte matching
_sceFsWaitS,0x00260C30,,func,,unmatched,0.00,unmatched,PAL ELF not available for byte matching
_sceFsSigSema,0x00260C60,,func,,unmatched,0.00,unmatched,PAL ELF not available for byte matching
sceFsInit,0x00260C70,,func,,unmatched,0.00,unmatched,PAL ELF not available for byte matching
_fs_version,0x00260E10,,func,,unmatched,0.00,unmatched,PAL ELF not available for byte matching
sceFsReset,0x00260EA0,,func,,unmatched,0.00,unmatched,PAL ELF not available for byte matching
sceOpen,0x00260ED8,,func,,unmatched,0.00,unmatched,PAL ELF not available for byte matching
sceClose,0x00261160,,func,,unmatched,0.00,unmatched,PAL ELF not available for byte matching
sceLseek,0x002612E0,,func,,unmatched,0.00,unmatched,PAL ELF not available for byte matching
sceRead,0x00261518,,func,,unmatched,0.00,unmatched,PAL ELF not available for byte matching
sceWrite,0x00261788,,func,,unmatched,0.00,unmatched,PAL ELF not available for byte matching
sceIoctl,0x00261A48,,func,,unmatched,0.00,unmatched,PAL ELF not available for byte matching
sceIoctl2,0x00261D98,,func,,unmatched,0.00,unmatched,PAL ELF not available for byte matching
_sceCallCode,0x00261F70,,func,,unmatched,0.00,unmatched,PAL ELF not available for byte matching
sceRemove,0x00262118,,func,,unmatched,0.00,unmatched,PAL ELF not available for byte matching
sceMkdir,0x00262138,,func,,unmatched,0.00,unmatched,PAL ELF not available for byte matching
sceRmdir,0x002622E8,,func,,unmatched,0.00,unmatched,PAL ELF not available for byte matching
sceFormat,0x00262308,,func,,unmatched,0.00,unmatched,PAL ELF not available for byte matching
sceAddDrv,0x00262578,,func,,unmatched,0.00,unmatched,PAL ELF not available for byte matching
sceDelDrv,0x00262698,,func,,unmatched,0.00,unmatched,PAL ELF not available for byte matching
sceDopen,0x002626B8,,func,,unmatched,0.00,unmatched,PAL ELF not available for byte matching
sceDclose,0x00262758,,func,,unmatched,0.00,unmatched,PAL ELF not available for byte matching
sceDread,0x002628C0,,func,,unmatched,0.00,unmatched,PAL ELF not available for byte matching
sceGetstat,0x00262A18,,func,,unmatched,0.00,unmatched,PAL ELF not available for byte matching
sceChstat,0x00262BB8,,func,,unmatched,0.00,unmatched,PAL ELF not available for byte matching
sceRename,0x00262DF8,,func,,unmatched,0.00,unmatched,PAL ELF not available for byte matching
sceChdir,0x00262FE8,,func,,unmatched,0.00,unmatched,PAL ELF not available for byte matching
sceSync,0x00263008,,func,,unmatched,0.00,unmatched,PAL ELF not available for byte matching
sceMount,0x002631A0,,func,,unmatched,0.00,unmatched,PAL ELF not available for byte matching
sceUmount,0x00263410,,func,,unmatched,0.00,unmatched,PAL ELF not available for byte matching
sceLseek64,0x00263430,,func,,unmatched,0.00,unmatched,PAL ELF not available for byte matching
sceDevctl,0x00263668,,func,,unmatched,0.00,unmatched,PAL ELF not available for byte matching
sceSymlink,0x00263898,,func,,unmatched,0.00,unmatched,PAL ELF not available for byte matching
sceReadlink,0x00263A78,,func,,unmatched,0.00,unmatched,PAL ELF not available for byte matching
sceSifInitIopHeap,0x00263C40,,func,,unmatched,0.00,unmatched,PAL ELF not available for byte matching
sceSifAllocIopHeap,0x00263CC8,,func,,unmatched,0.00,unmatched,PAL ELF not available for byte matching
sceSifFreeIopHeap,0x00263D38,,func,,unmatched,0.00,unmatched,PAL ELF not available for byte matching
sceSifLoadIopHeap,0x00263DB0,,func,,unmatched,0.00,unmatched,PAL ELF not available for byte matching
_lf_bind,0x00263EA0,,func,,unmatched,0.00,unmatched,PAL ELF not available for byte matching
_lf_version,0x00263FA0,,func,,unmatched,0.00,unmatched,PAL ELF not available for byte matching
sceSifLoadFileReset,0x00264030,,func,,unmatched,0.00,unmatched,PAL ELF not available for byte matching
_sceSifLoadModuleBuffer,0x00264068,,func,,unmatched,0.00,unmatched,PAL ELF not available for byte matching
sceSifLoadModuleBuffer,0x00264270,,func,,unmatched,0.00,unmatched,PAL ELF not available for byte matching
sceSifLoadStartModuleBuffer,0x00264290,,func,,unmatched,0.00,unmatched,PAL ELF not available for byte matching
_sceSifLoadModule,0x002642B0,,func,,unmatched,0.00,unmatched,PAL ELF not available for byte matching
sceSifLoadModule,0x002644D8,,func,,unmatched,0.00,unmatched,PAL ELF not available for byte matching
sceSifLoadStartModule,0x002644F8,,func,,unmatched,0.00,unmatched,PAL ELF not available for byte matching
_sceSifLoadElfPart,0x00264518,,func,,unmatched,0.00,unmatched,PAL ELF not available for byte matching
sceSifLoadElfPart,0x00264620,,func,,unmatched,0.00,unmatched,PAL ELF not available for byte matching
sceSifLoadElf,0x00264640,,func,,unmatched,0.00,unmatched,PAL ELF not available for byte matching
sceSifGetIopAddr,0x00264668,,func,,unmatched,0.00,unmatched,PAL ELF not available for byte matching
sceSifSetIopAddr,0x00264758,,func,,unmatched,0.00,unmatched,PAL ELF not available for byte matching
sceSifResetIop,0x00264838,,func,,unmatched,0.00,unmatched,PAL ELF not available for byte matching
sceSifIsAliveIop,0x00264968,,func,,unmatched,0.00,unmatched,PAL ELF not available for byte matching
sceSifSyncIop,0x00264990,,func,,unmatched,0.00,unmatched,PAL ELF not available for byte matching
sceSifRebootIop,0x002649D8,,func,,unmatched,0.00,unmatched,PAL ELF not available for byte matching
_DumpTLB,0x00264AE8,,func,,unmatched,0.00,unmatched,PAL ELF not available for byte matching
kPutTLBEntry,0x00264B80,,func,,unmatched,0.00,unmatched,PAL ELF not available for byte matching
kSetTLBEntry,0x00264C40,,func,,unmatched,0.00,unmatched,PAL ELF not available for byte matching
kGetTLBEntry,0x00264C88,,func,,unmatched,0.00,unmatched,PAL ELF not available for byte matching
kProbeTLBEntry,0x00264CD8,,func,,unmatched,0.00,unmatched,PAL ELF not available for byte matching
kExpandScratchPad,0x00264D28,,func,,unmatched,0.00,unmatched,PAL ELF not available for byte matching
SetTLBHandler,0x00264E58,,func,,unmatched,0.00,unmatched,PAL ELF not available for byte matching
SetDebugHandler,0x00264EB8,,func,,unmatched,0.00,unmatched,PAL ELF not available for byte matching
tlb_setup,0x00264F40,,func,,unmatched,0.00,unmatched,PAL ELF not available for byte matching
InitTLBFunctions,0x00264F50,,func,,unmatched,0.00,unmatched,PAL ELF not available for byte matching
PutTLBEntry,0x00264FA0,,func,,unmatched,0.00,unmatched,PAL ELF not available for byte matching
iPutTLBEntry,0x00264FB0,,func,,unmatched,0.00,unmatched,PAL ELF not available for byte matching
SetTLBEntry,0x00264FC0,,func,,unmatched,0.00,unmatched,PAL ELF not available for byte matching
iSetTLBEntry,0x00264FD0,,func,,unmatched,0.00,unmatched,PAL ELF not available for byte matching
GetTLBEntry,0x00264FE0,,func,,unmatched,0.00,unmatched,PAL ELF not available for byte matching
iGetTLBEntry,0x00264FF0,,func,,unmatched,0.00,unmatched,PAL ELF not available for byte matching
ProbeTLBEntry,0x00265000,,func,,unmatched,0.00,unmatched,PAL ELF not available for byte matching
iProbeTLBEntry,0x00265010,,func,,unmatched,0.00,unmatched,PAL ELF not available for byte matching
ExpandScratchPad,0x00265020,,func,,unmatched,0.00,unmatched,PAL ELF not available for byte matching
_kTLBException,0x00265040,,func,,unmatched,0.00,unmatched,PAL ELF not available for byte matching
_xlaunch,0x00265140,,func,,unmatched,0.00,unmatched,PAL ELF not available for byte matching
_kExitTLBHandler,0x00265180,,func,,unmatched,0.00,unmatched,PAL ELF not available for byte matching
_kDebugException,0x00265280,,func,,unmatched,0.00,unmatched,PAL ELF not available for byte matching
_set_sreg,0x002653A0,,func,,unmatched,0.00,unmatched,PAL ELF not available for byte matching
_change_addr,0x002653C0,,func,,unmatched,0.00,unmatched,PAL ELF not available for byte matching
sceSifGetSreg,0x002653D0,,func,,unmatched,0.00,unmatched,PAL ELF not available for byte matching
sceSifSetSreg,0x002653E8,,func,,unmatched,0.00,unmatched,PAL ELF not available for byte matching
sceSifGetDataTable,0x00265408,,func,,unmatched,0.00,unmatched,PAL ELF not available for byte matching
sceSifInitCmd,0x00265418,,func,,unmatched,0.00,unmatched,PAL ELF not available for byte matching
sceSifExitCmd,0x00265698,,func,,unmatched,0.00,unmatched,PAL ELF not available for byte matching
sceSifSetCmdBuffer,0x002656D0,,func,,unmatched,0.00,unmatched,PAL ELF not available for byte matching
sceSifSetSysCmdBuffer,0x002656E8,,func,,unmatched,0.00,unmatched,PAL ELF not available for byte matching
sceSifAddCmdHandler,0x00265700,,func,,unmatched,0.00,unmatched,PAL ELF not available for byte matching
sceSifRemoveCmdHandler,0x00265730,,func,,unmatched,0.00,unmatched,PAL ELF not available for byte matching
_sceSifSendCmd,0x00265758,,func,,unmatched,0.00,unmatched,PAL ELF not available for byte matching
sceSifSendCmd,0x00265890,,func,,unmatched,0.00,unmatched,PAL ELF not available for byte matching
isceSifSendCmd,0x002658D0,,func,,unmatched,0.00,unmatched,PAL ELF not available for byte matching
_sceSifCmdIntrHdlr,0x00265910,,func,,unmatched,0.00,unmatched,PAL ELF not available for byte matching
sceSifWriteBackDCache,0x00265A38,,func,,unmatched,0.00,unmatched,PAL ELF not available for byte matching
CB_DelayTh,0x00265AE8,,func,,unmatched,0.00,unmatched,PAL ELF not available for byte matching
sceCdDelayThread,0x00265B10,,func,,unmatched,0.00,unmatched,PAL ELF not available for byte matching
sceCdCallback,0x00265B78,,func,,unmatched,0.00,unmatched,PAL ELF not available for byte matching
_sceCd_cd_callback,0x00265BD0,,func,,unmatched,0.00,unmatched,PAL ELF not available for byte matching
_Cdvd_cbLoop,0x00265C70,,func,,unmatched,0.00,unmatched,PAL ELF not available for byte matching
sceCdInitEeCB,0x00265D30,,func,,unmatched,0.00,unmatched,PAL ELF not available for byte matching
_sceCd_cd_read_intr,0x00265E08,,func,,unmatched,0.00,unmatched,PAL ELF not available for byte matching
cmd_sem_init,0x00265EA8,,func,,unmatched,0.00,unmatched,PAL ELF not available for byte matching
cdvd_exit,0x00265F40,,func,,unmatched,0.00,unmatched,PAL ELF not available for byte matching
sceCdPOffCallback,0x00265FC0,,func,,unmatched,0.00,unmatched,PAL ELF not available for byte matching
_sceCd_Poff_Intr,0x00266030,,func,,unmatched,0.00,unmatched,PAL ELF not available for byte matching
PowerOffCB,0x00266070,,func,,unmatched,0.00,unmatched,PAL ELF not available for byte matching
sceCdSearchFile,0x002661F8,,func,,unmatched,0.00,unmatched,PAL ELF not available for byte matching
_sceCd_ncmd_prechk,0x002664F8,,func,,unmatched,0.00,unmatched,PAL ELF not available for byte matching
sceCdNcmdDiskReady,0x00266668,,func,,unmatched,0.00,unmatched,PAL ELF not available for byte matching
sceCdSync,0x00266700,,func,,unmatched,0.00,unmatched,PAL ELF not available for byte matching
sceCdSyncS,0x002667A0,,func,,unmatched,0.00,unmatched,PAL ELF not available for byte matching
_sceCd_scmd_prechk,0x00266810,,func,,unmatched,0.00,unmatched,PAL ELF not available for byte matching
sceCdInit,0x00266980,,func,,unmatched,0.00,unmatched,PAL ELF not available for byte matching
sceCdDiskReady,0x00266C60,,func,,unmatched,0.00,unmatched,PAL ELF not available for byte matching
sceCdMmode,0x00266E58,,func,,unmatched,0.00,unmatched,PAL ELF not available for byte matching
sceCdRead,0x00266F20,,func,,unmatched,0.00,unmatched,PAL ELF not available for byte matching
sceCdReadIOPm,0x00267100,,func,,unmatched,0.00,unmatched,PAL ELF not available for byte matching
sceCdGetDiskType,0x00267258,,func,,unmatched,0.00,unmatched,PAL ELF not available for byte matching
sceCdGetError,0x002672F0,,func,,unmatched,0.00,unmatched,PAL ELF not available for byte matching
sceCdStatus,0x00267388,,func,,unmatched,0.00,unmatched,PAL ELF not available for byte matching
sceCdBreak,0x00267440,,func,,unmatched,0.00,unmatched,PAL ELF not available for byte matching
sceCdReadClock,0x002674F8,,func,,unmatched,0.00,unmatched,PAL ELF not available for byte matching
sceCdStInit,0x002675F0,,func,,unmatched,0.00,unmatched,PAL ELF not available for byte matching
sceCdStStart,0x00267620,,func,,unmatched,0.00,unmatched,PAL ELF not available for byte matching
sceCdStSeekF,0x00267658,,func,,unmatched,0.00,unmatched,PAL ELF not available for byte matching
sceCdStSeek,0x00267688,,func,,unmatched,0.00,unmatched,PAL ELF not available for byte matching
sceCdStStop,0x002676B8,,func,,unmatched,0.00,unmatched,PAL ELF not available for byte matching
sceCdStRead,0x002676F0,,func,,unmatched,0.00,unmatched,PAL ELF not available for byte matching
sceCdStPause,0x00267878,,func,,unmatched,0.00,unmatched,PAL ELF not available for byte matching
sceCdStResume,0x002678C8,,func,,unmatched,0.00,unmatched,PAL ELF not available for byte matching
sceCdStStat,0x00267920,,func,,unmatched,0.00,unmatched,PAL ELF not available for byte matching
sceCdStream,0x00267968,,func,,unmatched,0.00,unmatched,PAL ELF not available for byte matching
_send_to_iop,0x00267AD0,,func,,unmatched,0.00,unmatched,PAL ELF not available for byte matching
scePadInit,0x00267C00,,func,,unmatched,0.00,unmatched,PAL ELF not available for byte matching
scePadInit2,0x00267D40,,func,,unmatched,0.00,unmatched,PAL ELF not available for byte matching
scePadEnd,0x00267DE0,,func,,unmatched,0.00,unmatched,PAL ELF not available for byte matching
scePadPortOpen,0x00267E60,,func,,unmatched,0.00,unmatched,PAL ELF not available for byte matching
scePadPortClose,0x00268048,,func,,unmatched,0.00,unmatched,PAL ELF not available for byte matching
scePadGetDmaStr,0x00268100,,func,,unmatched,0.00,unmatched,PAL ELF not available for byte matching
scePadGetFrameCount,0x00268160,,func,,unmatched,0.00,unmatched,PAL ELF not available for byte matching
scePadRead,0x002681B0,,func,,unmatched,0.00,unmatched,PAL ELF not available for byte matching
scePadGetState,0x00268230,,func,,unmatched,0.00,unmatched,PAL ELF not available for byte matching
scePadStateIntToStr,0x002682A8,,func,,unmatched,0.00,unmatched,PAL ELF not available for byte matching
scePadSetReqState,0x002682E0,,func,,unmatched,0.00,unmatched,PAL ELF not available for byte matching
scePadGetReqState,0x00268348,,func,,unmatched,0.00,unmatched,PAL ELF not available for byte matching
scePadReqIntToStr,0x00268398,,func,,unmatched,0.00,unmatched,PAL ELF not available for byte matching
scePadInfoAct,0x002683D0,,func,,unmatched,0.00,unmatched,PAL ELF not available for byte matching
scePadInfoComb,0x002684F0,,func,,unmatched,0.00,unmatched,PAL ELF not available for byte matching
scePadInfoMode,0x00268610,,func,,unmatched,0.00,unmatched,PAL ELF not available for byte matching
scePadSetMainMode,0x00268748,,func,,unmatched,0.00,unmatched,PAL ELF not available for byte matching
scePadSetActDirect,0x00268800,,func,,unmatched,0.00,unmatched,PAL ELF not available for byte matching
scePadSetActAlign,0x002688B8,,func,,unmatched,0.00,unmatched,PAL ELF not available for byte matching
scePadGetButtonMask,0x00268990,,func,,unmatched,0.00,unmatched,PAL ELF not available for byte matching
scePadSetButtonInfo,0x00268A48,,func,,unmatched,0.00,unmatched,PAL ELF not available for byte matching
scePadInfoPressMode,0x00268AF8,,func,,unmatched,0.00,unmatched,PAL ELF not available for byte matching
scePadEnterPressMode,0x00268B58,,func,,unmatched,0.00,unmatched,PAL ELF not available for byte matching
scePadExitPressMode,0x00268BB0,,func,,unmatched,0.00,unmatched,PAL ELF not available for byte matching
scePadSetVrefParam,0x00268C08,,func,,unmatched,0.00,unmatched,PAL ELF not available for byte matching
scePadGetPortMax,0x00268CD8,,func,,unmatched,0.00,unmatched,PAL ELF not available for byte matching
scePadGetSlotMax,0x00268D40,,func,,unmatched,0.00,unmatched,PAL ELF not available for byte matching
scePadGetModVersion,0x00268DA8,,func,,unmatched,0.00,unmatched,PAL ELF not available for byte matching
scePadSetWarningLevel,0x00268E10,,func,,unmatched,0.00,unmatched,PAL ELF not available for byte matching
sceMcInit,0x00268E78,,func,,unmatched,0.00,unmatched,PAL ELF not available for byte matching
_lmcGetClientPtr,0x00269030,,func,,unmatched,0.00,unmatched,PAL ELF not available for byte matching
sceMcChangeThreadPriority,0x00269060,,func,,unmatched,0.00,unmatched,PAL ELF not available for byte matching
sceMcGetSlotMax,0x00269118,,func,,unmatched,0.00,unmatched,PAL ELF not available for byte matching
sceMcOpen,0x002691D8,,func,,unmatched,0.00,unmatched,PAL ELF not available for byte matching
sceMcMkdir,0x00269310,,func,,unmatched,0.00,unmatched,PAL ELF not available for byte matching
sceMcClose,0x00269348,,func,,unmatched,0.00,unmatched,PAL ELF not available for byte matching
sceMcSeek,0x00269400,,func,,unmatched,0.00,unmatched,PAL ELF not available for byte matching
mceIntrReadFixAlign,0x002694D8,,func,,unmatched,0.00,unmatched,PAL ELF not available for byte matching
sceMcRead,0x00269568,,func,,unmatched,0.00,unmatched,PAL ELF not available for byte matching
sceMcWrite,0x00269688,,func,,unmatched,0.00,unmatched,PAL ELF not available for byte matching
mcHearAlarm,0x00269808,,func,,unmatched,0.00,unmatched,PAL ELF not available for byte matching
mcDelayThread,0x00269830,,func,,unmatched,0.00,unmatched,PAL ELF not available for byte matching
sceMcSync,0x00269878,,func,,unmatched,0.00,unmatched,PAL ELF not available for byte matching
mceGetInfoApdx,0x00269958,,func,,unmatched,0.00,unmatched,PAL ELF not available for byte matching
sceMcGetInfo,0x002699B0,,func,,unmatched,0.00,unmatched,PAL ELF not available for byte matching
sceMcGetDir,0x00269B38,,func,,unmatched,0.00,unmatched,PAL ELF not available for byte matching
mceStorePwd,0x00269C90,,func,,unmatched,0.00,unmatched,PAL ELF not available for byte matching
sceMcChdir,0x00269D18,,func,,unmatched,0.00,unmatched,PAL ELF not available for byte matching
sceMcFormat,0x00269E68,,func,,unmatched,0.00,unmatched,PAL ELF not available for byte matching
sceMcDelete,0x00269F30,,func,,unmatched,0.00,unmatched,PAL ELF not available for byte matching
sceMcFlush,0x0026A058,,func,,unmatched,0.00,unmatched,PAL ELF not available for byte matching
sceMcSetFileInfo,0x0026A110,,func,,unmatched,0.00,unmatched,PAL ELF not available for byte matching
sceMcRename,0x0026A2E8,,func,,unmatched,0.00,unmatched,PAL ELF not available for byte matching
sceMcUnformat,0x0026A450,,func,,unmatched,0.00,unmatched,PAL ELF not available for byte matching
sceMcGetEntSpace,0x0026A518,,func,,unmatched,0.00,unmatched,PAL ELF not available for byte matching
_type2id,0x0026A630,,func,,unmatched,0.00,unmatched,PAL ELF not available for byte matching
_id2type,0x0026A6B8,,func,,unmatched,0.00,unmatched,PAL ELF not available for byte matching
sceMpegDemuxPssRing,0x0026A8B8,,func,,unmatched,0.00,unmatched,PAL ELF not available for byte matching
sceMpegDemuxPss,0x0026ABA8,,func,,unmatched,0.00,unmatched,PAL ELF not available for byte matching
sceMpegAddStrCallback,0x0026ABC8,,func,,unmatched,0.00,unmatched,PAL ELF not available for byte matching
_pack_header,0x0026ACC0,,func,,unmatched,0.00,unmatched,PAL ELF not available for byte matching
_system_header,0x0026AE10,,func,,unmatched,0.00,unmatched,PAL ELF not available for byte matching
_PES_packet,0x0026AE80,,func,,unmatched,0.00,unmatched,PAL ELF not available for byte matching
sceMpegInit,0x0026B408,,func,,unmatched,0.00,unmatched,PAL ELF not available for byte matching
sceMpegCreate,0x0026B4A8,,func,,unmatched,0.00,unmatched,PAL ELF not available for byte matching
sceMpegDelete,0x0026B6E8,,func,,unmatched,0.00,unmatched,PAL ELF not available for byte matching
sceMpegAddBs,0x0026B6F0,,func,,unmatched,0.00,unmatched,PAL ELF not available for byte matching
sceMpegGetPicture,0x0026B728,,func,,unmatched,0.00,unmatched,PAL ELF not available for byte matching
sceMpegGetPictureRAW8,0x0026B770,,func,,unmatched,0.00,unmatched,PAL ELF not available for byte matching
sceMpegGetPictureRAW8xy,0x0026B7B8,,func,,unmatched,0.00,unmatched,PAL ELF not available for byte matching
sceMpegSetDecodeMode,0x0026B808,,func,,unmatched,0.00,unmatched,PAL ELF not available for byte matching
sceMpegGetDecodeMode,0x0026B820,,func,,unmatched,0.00,unmatched,PAL ELF not available for byte matching
sceMpegIsEnd,0x0026B840,,func,,unmatched,0.00,unmatched,PAL ELF not available for byte matching
sceMpegIsRefBuffEmpty,0x0026B850,,func,,unmatched,0.00,unmatched,PAL ELF not available for byte matching
sceMpegReset,0x0026B860,,func,,unmatched,0.00,unmatched,PAL ELF not available for byte matching
sceMpegClearRefBuff,0x0026B8A0,,func,,unmatched,0.00,unmatched,PAL ELF not available for byte matching
sceMpegAddCallback,0x0026B908,,func,,unmatched,0.00,unmatched,PAL ELF not available for byte matching
_dispatchMpegCallback,0x0026B930,,func,,unmatched,0.00,unmatched,PAL ELF not available for byte matching
_dispatchMpegCbNodata,0x0026B980,,func,,unmatched,0.00,unmatched,PAL ELF not available for byte matching
sceMpegSetDefaultPtsGap,0x0026B9A8,,func,,unmatched,0.00,unmatched,PAL ELF not available for byte matching
sceMpegResetDefaultPtsGap,0x0026B9C0,,func,,unmatched,0.00,unmatched,PAL ELF not available for byte matching
sceMpegSetImageBuff,0x0026B9D0,,func,,unmatched,0.00,unmatched,PAL ELF not available for byte matching
sceMpegDispWidth,0x0026B9E8,,func,,unmatched,0.00,unmatched,PAL ELF not available for byte matching
sceMpegDispHeight,0x0026B9F8,,func,,unmatched,0.00,unmatched,PAL ELF not available for byte matching
sceMpegDispCenterOffX,0x0026BA08,,func,,unmatched,0.00,unmatched,PAL ELF not available for byte matching
sceMpegDispCenterOffY,0x0026BA18,,func,,unmatched,0.00,unmatched,PAL ELF not available for byte matching
sceSetBrokenLink,0x0026BA28,,func,,unmatched,0.00,unmatched,PAL ELF not available for byte matching
sceSetPtm,0x0026BA38,,func,,unmatched,0.00,unmatched,PAL ELF not available for byte matching
_alalcInit,0x0026BA50,,func,,unmatched,0.00,unmatched,PAL ELF not available for byte matching
_alalcSetDynamic,0x0026BA68,,func,,unmatched,0.00,unmatched,PAL ELF not available for byte matching
_alalcFree,0x0026BA78,,func,,unmatched,0.00,unmatched,PAL ELF not available for byte matching
_alalcAlloc,0x0026BA88,,func,,unmatched,0.00,unmatched,PAL ELF not available for byte matching
_alalcRest,0x0026BAF0,,func,,unmatched,0.00,unmatched,PAL ELF not available for byte matching
_getpic,0x0026BB08,,func,,unmatched,0.00,unmatched,PAL ELF not available for byte matching
_decodeOrSkipFrame,0x0026BC90,,func,,unmatched,0.00,unmatched,PAL ELF not available for byte matching
_decodeOrSkip,0x0026BDB8,,func,,unmatched,0.00,unmatched,PAL ELF not available for byte matching
_decodeOrSkipField,0x0026BDF8,,func,,unmatched,0.00,unmatched,PAL ELF not available for byte matching
_sceMpegFlush,0x0026BF68,,func,,unmatched,0.00,unmatched,PAL ELF not available for byte matching
_initSeqAgain,0x0026BFD8,,func,,unmatched,0.00,unmatched,PAL ELF not available for byte matching
_lastFrame,0x0026BFE8,,func,,unmatched,0.00,unmatched,PAL ELF not available for byte matching
_clearOnce,0x0026C070,,func,,unmatched,0.00,unmatched,PAL ELF not available for byte matching
_clearEach,0x0026C0C0,,func,,unmatched,0.00,unmatched,PAL ELF not available for byte matching
_ErrMessage,0x0026C188,,func,,unmatched,0.00,unmatched,PAL ELF not available for byte matching
_Error1,0x0026C198,,func,,unmatched,0.00,unmatched,PAL ELF not available for byte matching
_Error,0x0026C1C8,,func,,unmatched,0.00,unmatched,PAL ELF not available for byte matching
_sendDataToIPU,0x0026C220,,func,,unmatched,0.00,unmatched,PAL ELF not available for byte matching
_RefImageInit,0x0026C2F8,,func,,unmatched,0.00,unmatched,PAL ELF not available for byte matching
_sequenceHeader,0x0026C318,,func,,unmatched,0.00,unmatched,PAL ELF not available for byte matching
_initSeq,0x0026C470,,func,,unmatched,0.00,unmatched,PAL ELF not available for byte matching
_initRefImages,0x0026C7B8,,func,,unmatched,0.00,unmatched,PAL ELF not available for byte matching
_setDefaultQM,0x0026C8A0,,func,,unmatched,0.00,unmatched,PAL ELF not available for byte matching
_sequenceExtension,0x0026C960,,func,,unmatched,0.00,unmatched,PAL ELF not available for byte matching
_sequenceDisplayExtension,0x0026CAC8,,func,,unmatched,0.00,unmatched,PAL ELF not available for byte matching
_sequenceScalableExtension,0x0026CB68,,func,,unmatched,0.00,unmatched,PAL ELF not available for byte matching
_unknown_extension,0x0026CB78,,func,,unmatched,0.00,unmatched,PAL ELF not available for byte matching
_pictureSpatialScalableExtension,0x0026CB88,,func,,unmatched,0.00,unmatched,PAL ELF not available for byte matching
_pictureTemporalScalableExtension,0x0026CB98,,func,,unmatched,0.00,unmatched,PAL ELF not available for byte matching
_defStopDMA,0x0026CBA8,,func,,unmatched,0.00,unmatched,PAL ELF not available for byte matching
_defRestartDMA,0x0026CBB8,,func,,unmatched,0.00,unmatched,PAL ELF not available for byte matching
_motionComp0,0x0026CBD0,,func,,unmatched,0.00,unmatched,PAL ELF not available for byte matching
_getAllRefs,0x0026CF08,,func,,unmatched,0.00,unmatched,PAL ELF not available for byte matching
_getRef0,0x0026D5B8,,func,,unmatched,0.00,unmatched,PAL ELF not available for byte matching
_doMC,0x0026D9D8,,func,,unmatched,0.00,unmatched,PAL ELF not available for byte matching
_rix_000,0x0026DB68,,func,,unmatched,0.00,unmatched,PAL ELF not available for byte matching
_ri0_000,0x0026DBE0,,func,,unmatched,0.00,unmatched,PAL ELF not available for byte matching
_rix_001,0x0026DC78,,func,,unmatched,0.00,unmatched,PAL ELF not available for byte matching
_ri0_001,0x0026DD30,,func,,unmatched,0.00,unmatched,PAL ELF not available for byte matching
_rix_010,0x0026DE00,,func,,unmatched,0.00,unmatched,PAL ELF not available for byte matching
_ri0_010,0x0026DEB0,,func,,unmatched,0.00,unmatched,PAL ELF not available for byte matching
_rix_011,0x0026DF68,,func,,unmatched,0.00,unmatched,PAL ELF not available for byte matching
_ri0_011,0x0026E060,,func,,unmatched,0.00,unmatched,PAL ELF not available for byte matching
_rix_100,0x0026E160,,func,,unmatched,0.00,unmatched,PAL ELF not available for byte matching
_ri0_100,0x0026E208,,func,,unmatched,0.00,unmatched,PAL ELF not available for byte matching
_rix_101,0x0026E2B8,,func,,unmatched,0.00,unmatched,PAL ELF not available for byte matching
_ri0_101,0x0026E3A0,,func,,unmatched,0.00,unmatched,PAL ELF not available for byte matching
_rix_110,0x0026E488,,func,,unmatched,0.00,unmatched,PAL ELF not available for byte matching
_ri0_110,0x0026E568,,func,,unmatched,0.00,unmatched,PAL ELF not available for byte matching
_rix_111,0x0026E638,,func,,unmatched,0.00,unmatched,PAL ELF not available for byte matching
_ri0_111,0x0026E760,,func,,unmatched,0.00,unmatched,PAL ELF not available for byte matching
_copyAddRefImage,0x0026E878,,func,,unmatched,0.00,unmatched,PAL ELF not available for byte matching
_copyRefImage,0x0026E8D8,,func,,unmatched,0.00,unmatched,PAL ELF not available for byte matching
_ipuSetMPEG1,0x0026E938,,func,,unmatched,0.00,unmatched,PAL ELF not available for byte matching
_waitBdecOut,0x0026E960,,func,,unmatched,0.00,unmatched,PAL ELF not available for byte matching
_dmVector,0x0026EB48,,func,,unmatched,0.00,unmatched,PAL ELF not available for byte matching
_dualPrimeVector,0x0026EB68,,func,,unmatched,0.00,unmatched,PAL ELF not available for byte matching
_mbAddressIncrement,0x0026ECF0,,func,,unmatched,0.00,unmatched,PAL ELF not available for byte matching
_pictureData0,0x0026EE00,,func,,unmatched,0.00,unmatched,PAL ELF not available for byte matching
_sliceA0,0x0026EF28,,func,,unmatched,0.00,unmatched,PAL ELF not available for byte matching
_slice0,0x0026F050,,func,,unmatched,0.00,unmatched,PAL ELF not available for byte matching
_skipMB0,0x0026F250,,func,,unmatched,0.00,unmatched,PAL ELF not available for byte matching
_decMB0,0x0026F320,,func,,unmatched,0.00,unmatched,PAL ELF not available for byte matching
_decode_motion_vector,0x0026F848,,func,,unmatched,0.00,unmatched,PAL ELF not available for byte matching
_motionVectors,0x0026F8D0,,func,,unmatched,0.00,unmatched,PAL ELF not available for byte matching
_motionVector,0x0026FA50,,func,,unmatched,0.00,unmatched,PAL ELF not available for byte matching
_sendIpuCommand,0x0026FB90,,func,,unmatched,0.00,unmatched,PAL ELF not available for byte matching
_waitIpuIdle,0x0026FBC0,,func,,unmatched,0.00,unmatched,PAL ELF not available for byte matching
_waitIpuIdle64,0x0026FC68,,func,,unmatched,0.00,unmatched,PAL ELF not available for byte matching
_ipuVdec,0x0026FD18,,func,,unmatched,0.00,unmatched,PAL ELF not available for byte matching
_peepBit,0x0026FED0,,func,,unmatched,0.00,unmatched,PAL ELF not available for byte matching
_flushBuf,0x00270008,,func,,unmatched,0.00,unmatched,PAL ELF not available for byte matching
_nextBit,0x00270120,,func,,unmatched,0.00,unmatched,PAL ELF not available for byte matching
_nextStartCode,0x00270288,,func,,unmatched,0.00,unmatched,PAL ELF not available for byte matching
_sliceB,0x002702F0,,func,,unmatched,0.00,unmatched,PAL ELF not available for byte matching
_nextHeader,0x00270360,,func,,unmatched,0.00,unmatched,PAL ELF not available for byte matching
_pictureHeader,0x00270488,,func,,unmatched,0.00,unmatched,PAL ELF not available for byte matching
_extensionAndUserData,0x00270558,,func,,unmatched,0.00,unmatched,PAL ELF not available for byte matching
_pictureCodingExtension,0x00270608,,func,,unmatched,0.00,unmatched,PAL ELF not available for byte matching
_extrainfo,0x00270838,,func,,unmatched,0.00,unmatched,PAL ELF not available for byte matching
_updateTempTackData,0x00270870,,func,,unmatched,0.00,unmatched,PAL ELF not available for byte matching
_groupOfPicturesHeader,0x00270950,,func,,unmatched,0.00,unmatched,PAL ELF not available for byte matching
_quantMatrixExtension,0x00270A38,,func,,unmatched,0.00,unmatched,PAL ELF not available for byte matching
_pictureDisplayExtension,0x00270AE8,,func,,unmatched,0.00,unmatched,PAL ELF not available for byte matching
_copyrightExtension,0x00270BD8,,func,,unmatched,0.00,unmatched,PAL ELF not available for byte matching
_decPicture,0x00270C88,,func,,unmatched,0.00,unmatched,PAL ELF not available for byte matching
_outputFrame,0x00270D68,,func,,unmatched,0.00,unmatched,PAL ELF not available for byte matching
_updateRefImage,0x00270E20,,func,,unmatched,0.00,unmatched,PAL ELF not available for byte matching
_isOutSizeOK,0x00271200,,func,,unmatched,0.00,unmatched,PAL ELF not available for byte matching
_cpr8,0x002712A0,,func,,unmatched,0.00,unmatched,PAL ELF not available for byte matching
_markOutput,0x00271490,,func,,unmatched,0.00,unmatched,PAL ELF not available for byte matching
_getPtsDtsFlags,0x002714C8,,func,,unmatched,0.00,unmatched,PAL ELF not available for byte matching
_dispRefImage,0x00271660,,func,,unmatched,0.00,unmatched,PAL ELF not available for byte matching
_dispRefImageField,0x00271778,,func,,unmatched,0.00,unmatched,PAL ELF not available for byte matching
_doCSC,0x00271938,,func,,unmatched,0.00,unmatched,PAL ELF not available for byte matching
_ch3dmaCSC,0x00271A20,,func,,unmatched,0.00,unmatched,PAL ELF not available for byte matching
_doCSC2,0x00271B68,,func,,unmatched,0.00,unmatched,PAL ELF not available for byte matching
_ch4dma,0x00271D28,,func,,unmatched,0.00,unmatched,PAL ELF not available for byte matching
_csc_storeRefImage,0x00271E00,,func,,unmatched,0.00,unmatched,PAL ELF not available for byte matching
_sysbitInit,0x00272058,,func,,unmatched,0.00,unmatched,PAL ELF not available for byte matching
_sysbitNext,0x00272090,,func,,unmatched,0.00,unmatched,PAL ELF not available for byte matching
_sysbitFlush,0x002720B0,,func,,unmatched,0.00,unmatched,PAL ELF not available for byte matching
_sysbitGet,0x00272148,,func,,unmatched,0.00,unmatched,PAL ELF not available for byte matching
_sysbitMarker,0x00272198,,func,,unmatched,0.00,unmatched,PAL ELF not available for byte matching
_sysbitJump,0x002721E0,,func,,unmatched,0.00,unmatched,PAL ELF not available for byte matching
_sysbitPtr,0x00272238,,func,,unmatched,0.00,unmatched,PAL ELF not available for byte matching
setD3_CHCR,0x00272268,,func,,unmatched,0.00,unmatched,PAL ELF not available for byte matching
libipu_setD4_CHCR,0x002722D0,,func,,unmatched,0.00,unmatched,PAL ELF not available for byte matching
sceIpuStopDMA,0x00272338,,func,,unmatched,0.00,unmatched,PAL ELF not available for byte matching
sceIpuRestartDMA,0x00272420,,func,,unmatched,0.00,unmatched,PAL ELF not available for byte matching
sceIpuSync,0x00272570,,func,,unmatched,0.00,unmatched,PAL ELF not available for byte matching
ipuinit_setD4_CHCR,0x002725D8,,func,,unmatched,0.00,unmatched,PAL ELF not available for byte matching
sceIpuInit,0x00272640,,func,,unmatched,0.00,unmatched,PAL ELF not available for byte matching
GetRomName,0x00272878,,func,,unmatched,0.00,unmatched,PAL ELF not available for byte matching
IsT10K,0x00272918,,func,,unmatched,0.00,unmatched,PAL ELF not available for byte matching
sceScfGetLanguage,0x00272958,,func,,unmatched,0.00,unmatched,PAL ELF not available for byte matching
sceScfSetT10kConfig,0x002729B8,,func,,unmatched,0.00,unmatched,PAL ELF not available for byte matching
sceScfGetAspect,0x002729D8,,func,,unmatched,0.00,unmatched,PAL ELF not available for byte matching
sceScfGetSpdif,0x00272A18,,func,,unmatched,0.00,unmatched,PAL ELF not available for byte matching
sceScfGetTimeZone,0x00272A58,,func,,unmatched,0.00,unmatched,PAL ELF not available for byte matching
sceScfGetDateNotation,0x00272AC0,,func,,unmatched,0.00,unmatched,PAL ELF not available for byte matching
sceScfGetSummerTime,0x00272B40,,func,,unmatched,0.00,unmatched,PAL ELF not available for byte matching
sceScfGetTimeNotation,0x00272BC0,,func,,unmatched,0.00,unmatched,PAL ELF not available for byte matching
tobcd,0x00272C40,,func,,unmatched,0.00,unmatched,PAL ELF not available for byte matching
frombcd,0x00272CA8,,func,,unmatched,0.00,unmatched,PAL ELF not available for byte matching
convertfrombcd,0x00272D00,,func,,unmatched,0.00,unmatched,PAL ELF not available for byte matching
converttobcd,0x00272D88,,func,,unmatched,0.00,unmatched,PAL ELF not available for byte matching
adddate,0x00272E10,,func,,unmatched,0.00,unmatched,PAL ELF not available for byte matching
subdate,0x00272EF8,,func,,unmatched,0.00,unmatched,PAL ELF not available for byte matching
addhour,0x00272FD0,,func,,unmatched,0.00,unmatched,PAL ELF not available for byte matching
subhour,0x00273040,,func,,unmatched,0.00,unmatched,PAL ELF not available for byte matching
AdjustTime,0x002730A8,,func,,unmatched,0.00,unmatched,PAL ELF not available for byte matching
sceScfGetGMTfromRTC,0x00273178,,func,,unmatched,0.00,unmatched,PAL ELF not available for byte matching
sceScfGetLocalTimefromRTC,0x002731C0,,func,,unmatched,0.00,unmatched,PAL ELF not available for byte matching
_SgGetSlotContext,0x00273228,,func,,unmatched,0.00,unmatched,PAL ELF not available for byte matching
_SgGetSeqContext,0x00273240,,func,,unmatched,0.00,unmatched,PAL ELF not available for byte matching
_SgGetComContext,0x00273258,,func,,unmatched,0.00,unmatched,PAL ELF not available for byte matching
_SgGetVabContext,0x00273268,,func,,unmatched,0.00,unmatched,PAL ELF not available for byte matching
_SgSetSeVolValue,0x00273280,,func,,unmatched,0.00,unmatched,PAL ELF not available for byte matching
_SgGetSeVolValue,0x00273298,,func,,unmatched,0.00,unmatched,PAL ELF not available for byte matching
_SgSetSeContext,0x002732B0,,func,,unmatched,0.00,unmatched,PAL ELF not available for byte matching
_SgGetHeadContext,0x002732C0,,func,,unmatched,0.00,unmatched,PAL ELF not available for byte matching
_SgGetIop2EeContext,0x002732D0,,func,,unmatched,0.00,unmatched,PAL ELF not available for byte matching
_SgGetPacketCntext,0x002732E0,,func,,unmatched,0.00,unmatched,PAL ELF not available for byte matching
_SgCalledTickProc,0x00273300,,func,,unmatched,0.00,unmatched,PAL ELF not available for byte matching
_SgSetPkAdd,0x002737E0,,func,,unmatched,0.00,unmatched,PAL ELF not available for byte matching
_SgSeMain,0x00273878,,func,,unmatched,0.00,unmatched,PAL ELF not available for byte matching
_SgBgmMain,0x00273C98,,func,,unmatched,0.00,unmatched,PAL ELF not available for byte matching
_SgSetRealtimeTickProc,0x00274138,,func,,unmatched,0.00,unmatched,PAL ELF not available for byte matching
_SgSetRealtimeVolume,0x00274840,,func,,unmatched,0.00,unmatched,PAL ELF not available for byte matching
_SgTableEnvAdd,0x00274A20,,func,,unmatched,0.00,unmatched,PAL ELF not available for byte matching
_SgSeqKeyOnSlot,0x00274BC0,,func,,unmatched,0.00,unmatched,PAL ELF not available for byte matching
_SgSeKeyOnSlot,0x00274CF8,,func,,unmatched,0.00,unmatched,PAL ELF not available for byte matching
_SgSeKeyOff,0x00274F30,,func,,unmatched,0.00,unmatched,PAL ELF not available for byte matching
_SgSeqKeyOff,0x00275078,,func,,unmatched,0.00,unmatched,PAL ELF not available for byte matching
_SgIntoKeyOn,0x00275180,,func,,unmatched,0.00,unmatched,PAL ELF not available for byte matching
_SgPitchTableVag,0x00275208,,func,,unmatched,0.00,unmatched,PAL ELF not available for byte matching
_SgSeqSeVolume,0x00275250,,func,,unmatched,0.00,unmatched,PAL ELF not available for byte matching
_SgPan,0x002753F0,,func,,unmatched,0.00,unmatched,PAL ELF not available for byte matching
_SgEndSeq,0x00275480,,func,,unmatched,0.00,unmatched,PAL ELF not available for byte matching
_SgTempoChange,0x00275550,,func,,unmatched,0.00,unmatched,PAL ELF not available for byte matching
_SgProgChange,0x002755E0,,func,,unmatched,0.00,unmatched,PAL ELF not available for byte matching
_SgContMod,0x00275670,,func,,unmatched,0.00,unmatched,PAL ELF not available for byte matching
_SgContModLoop,0x002757D0,,func,,unmatched,0.00,unmatched,PAL ELF not available for byte matching
_SgContPolta,0x00275948,,func,,unmatched,0.00,unmatched,PAL ELF not available for byte matching
_SgContVol,0x00275A98,,func,,unmatched,0.00,unmatched,PAL ELF not available for byte matching
_SgContPan,0x00275C50,,func,,unmatched,0.00,unmatched,PAL ELF not available for byte matching
_SgContDump,0x00275E70,,func,,unmatched,0.00,unmatched,PAL ELF not available for byte matching
_SgContSeLoop,0x00275F88,,func,,unmatched,0.00,unmatched,PAL ELF not available for byte matching
_SgContParam,0x00276048,,func,,unmatched,0.00,unmatched,PAL ELF not available for byte matching
_SgContLoopCount,0x002763C8,,func,,unmatched,0.00,unmatched,PAL ELF not available for byte matching
_SgContLoop,0x00276450,,func,,unmatched,0.00,unmatched,PAL ELF not available for byte matching
_SgBendForm,0x00276588,,func,,unmatched,0.00,unmatched,PAL ELF not available for byte matching
_SgDeltaTime,0x00276698,,func,,unmatched,0.00,unmatched,PAL ELF not available for byte matching
_SgSeqSeRrEnd,0x002766F0,,func,,unmatched,0.00,unmatched,PAL ELF not available for byte matching
_SgfadeParam,0x002768B0,,func,,unmatched,0.00,unmatched,PAL ELF not available for byte matching
_SgInit,0x002768E8,,func,,unmatched,0.00,unmatched,PAL ELF not available for byte matching
_SgSndn2Remote,0x00276A80,,func,,unmatched,0.00,unmatched,PAL ELF not available for byte matching
SgSndn2RemoteInit,0x00276AD0,,func,,unmatched,0.00,unmatched,PAL ELF not available for byte matching
SgSndn2RemoteSync,0x00276B60,,func,,unmatched,0.00,unmatched,PAL ELF not available for byte matching
SgInit,0x00276BA8,,func,,unmatched,0.00,unmatched,PAL ELF not available for byte matching
SgInitHot,0x00276BB0,,func,,unmatched,0.00,unmatched,PAL ELF not available for byte matching
SgQuit,0x00276BB8,,func,,unmatched,0.00,unmatched,PAL ELF not available for byte matching
SgCalledTickProc,0x00276C28,,func,,unmatched,0.00,unmatched,PAL ELF not available for byte matching
SgSetDigitalOutputMode,0x00276C58,,func,,unmatched,0.00,unmatched,PAL ELF not available for byte matching
SgDmaWrite,0x00276C70,,func,,unmatched,0.00,unmatched,PAL ELF not available for byte matching
SgDmaRead,0x00276CA0,,func,,unmatched,0.00,unmatched,PAL ELF not available for byte matching
_SgDmaCommon,0x00276CC8,,func,,unmatched,0.00,unmatched,PAL ELF not available for byte matching
SgGetDmaTransferStatus,0x00276D58,,func,,unmatched,0.00,unmatched,PAL ELF not available for byte matching
SgVabOpen,0x00276DE8,,func,,unmatched,0.00,unmatched,PAL ELF not available for byte matching
SgVabOpenFakeBody,0x00276E58,,func,,unmatched,0.00,unmatched,PAL ELF not available for byte matching
SgVabClose,0x00276F50,,func,,unmatched,0.00,unmatched,PAL ELF not available for byte matching
SgBgmOpen,0x002770B0,,func,,unmatched,0.00,unmatched,PAL ELF not available for byte matching
SgBgmClose,0x00277218,,func,,unmatched,0.00,unmatched,PAL ELF not available for byte matching
SgSetReverbEndAddr,0x002772A0,,func,,unmatched,0.00,unmatched,PAL ELF not available for byte matching
SgSetReverbType,0x002772B8,,func,,unmatched,0.00,unmatched,PAL ELF not available for byte matching
SgSetReverbDepth,0x002772D0,,func,,unmatched,0.00,unmatched,PAL ELF not available for byte matching
SgSetReverbDelaytime,0x002772E8,,func,,unmatched,0.00,unmatched,PAL ELF not available for byte matching
SgSetReverbFeedback,0x00277300,,func,,unmatched,0.00,unmatched,PAL ELF not available for byte matching
SgSetOutputMode,0x00277318,,func,,unmatched,0.00,unmatched,PAL ELF not available for byte matching
SgSetTickMode,0x00277340,,func,,unmatched,0.00,unmatched,PAL ELF not available for byte matching
SgGetSlotStatus,0x00277368,,func,,unmatched,0.00,unmatched,PAL ELF not available for byte matching
SgSetMasterVol,0x00277468,,func,,unmatched,0.00,unmatched,PAL ELF not available for byte matching
SgSetBgmVol,0x00277480,,func,,unmatched,0.00,unmatched,PAL ELF not available for byte matching
SgSetSeMasterVol,0x00277528,,func,,unmatched,0.00,unmatched,PAL ELF not available for byte matching
SgBgmPlay,0x002775B0,,func,,unmatched,0.00,unmatched,PAL ELF not available for byte matching
SgBgmStop,0x00277658,,func,,unmatched,0.00,unmatched,PAL ELF not available for byte matching
SgSetBgmTempo,0x002778C8,,func,,unmatched,0.00,unmatched,PAL ELF not available for byte matching
SgGetBgmTempo,0x00277970,,func,,unmatched,0.00,unmatched,PAL ELF not available for byte matching
SgGetBgmStatus,0x002779A0,,func,,unmatched,0.00,unmatched,PAL ELF not available for byte matching
SgGetBgmChStatus,0x00277A28,,func,,unmatched,0.00,unmatched,PAL ELF not available for byte matching
SgSetBgmPanpot,0x00277AD8,,func,,unmatched,0.00,unmatched,PAL ELF not available for byte matching
SgSePlay,0x00277BB8,,func,,unmatched,0.00,unmatched,PAL ELF not available for byte matching
SgSeStop,0x00277DE0,,func,,unmatched,0.00,unmatched,PAL ELF not available for byte matching
SgSeStopAll,0x00277F10,,func,,unmatched,0.00,unmatched,PAL ELF not available for byte matching
SgSetSeVolDirect,0x00277FB8,,func,,unmatched,0.00,unmatched,PAL ELF not available for byte matching
SgSetSePitchDirect,0x00278058,,func,,unmatched,0.00,unmatched,PAL ELF not available for byte matching
SgGetSpuSlotMalloc,0x002780C8,,func,,unmatched,0.00,unmatched,PAL ELF not available for byte matching
SgSetSpuSlotFree,0x002782A0,,func,,unmatched,0.00,unmatched,PAL ELF not available for byte matching
SgStAdpcmInit,0x002782E0,,func,,unmatched,0.00,unmatched,PAL ELF not available for byte matching
SgStAdpcmQuit,0x002782F8,,func,,unmatched,0.00,unmatched,PAL ELF not available for byte matching
SgStAdpcmOpen,0x00278310,,func,,unmatched,0.00,unmatched,PAL ELF not available for byte matching
SgStAdpcmClose,0x002783A0,,func,,unmatched,0.00,unmatched,PAL ELF not available for byte matching
SgStAdpcmChannelVolume,0x002783E0,,func,,unmatched,0.00,unmatched,PAL ELF not available for byte matching
SgStAdpcmChannelPitch,0x00278468,,func,,unmatched,0.00,unmatched,PAL ELF not available for byte matching
SgStAdpcmPlay,0x002784E0,,func,,unmatched,0.00,unmatched,PAL ELF not available for byte matching
SgStAdpcmStop,0x00278540,,func,,unmatched,0.00,unmatched,PAL ELF not available for byte matching
SgStAdpcmIopReadAddr,0x002785A0,,func,,unmatched,0.00,unmatched,PAL ELF not available for byte matching
SgStPcmInit,0x00278610,,func,,unmatched,0.00,unmatched,PAL ELF not available for byte matching
SgStPcmQuit,0x00278628,,func,,unmatched,0.00,unmatched,PAL ELF not available for byte matching
SgStPcmOpen,0x00278640,,func,,unmatched,0.00,unmatched,PAL ELF not available for byte matching
SgStPcmClose,0x002786B0,,func,,unmatched,0.00,unmatched,PAL ELF not available for byte matching
SgStPcmSetEffect,0x002786F0,,func,,unmatched,0.00,unmatched,PAL ELF not available for byte matching
SgStPcmPlay,0x00278708,,func,,unmatched,0.00,unmatched,PAL ELF not available for byte matching
SgStPcmStop,0x00278748,,func,,unmatched,0.00,unmatched,PAL ELF not available for byte matching
SgStPcmLseek,0x00278788,,func,,unmatched,0.00,unmatched,PAL ELF not available for byte matching
SgStPcmVolume,0x002787D8,,func,,unmatched,0.00,unmatched,PAL ELF not available for byte matching
SgStPcmIopReadAddr,0x00278828,,func,,unmatched,0.00,unmatched,PAL ELF not available for byte matching
SgStPcmBufMode,0x00278870,,func,,unmatched,0.00,unmatched,PAL ELF not available for byte matching
sinf,0x002788D8,,func,,unmatched,0.00,unmatched,PAL ELF not available for byte matching
acosf,0x002789C8,,func,,unmatched,0.00,unmatched,PAL ELF not available for byte matching
asinf,0x00278AC8,,func,,unmatched,0.00,unmatched,PAL ELF not available for byte matching
atan2f,0x00278BC8,,func,,unmatched,0.00,unmatched,PAL ELF not available for byte matching
fmodf,0x00278CF0,,func,,unmatched,0.00,unmatched,PAL ELF not available for byte matching
__ieee754_acosf,0x00278E30,,func,,unmatched,0.00,unmatched,PAL ELF not available for byte matching
__ieee754_asinf,0x00279260,,func,,unmatched,0.00,unmatched,PAL ELF not available for byte matching
__ieee754_atan2f,0x00279600,,func,,unmatched,0.00,unmatched,PAL ELF not available for byte matching
__ieee754_fmodf,0x002798E8,,func,,unmatched,0.00,unmatched,PAL ELF not available for byte matching
__ieee754_rem_pio2f,0x00279B38,,func,,unmatched,0.00,unmatched,PAL ELF not available for byte matching
__ieee754_sqrtf,0x00279F18,,func,,unmatched,0.00,unmatched,PAL ELF not available for byte matching
__kernel_cosf,0x0027A050,,func,,unmatched,0.00,unmatched,PAL ELF not available for byte matching
__kernel_rem_pio2f,0x0027A1A8,,func,,unmatched,0.00,unmatched,PAL ELF not available for byte matching
__kernel_sinf,0x0027AAF8,,func,,unmatched,0.00,unmatched,PAL ELF not available for byte matching
matherr,0x0027AC00,,func,,unmatched,0.00,unmatched,PAL ELF not available for byte matching
atanf,0x0027AC28,,func,,unmatched,0.00,unmatched,PAL ELF not available for byte matching
fabsf,0x0027AED0,,func,,unmatched,0.00,unmatched,PAL ELF not available for byte matching
floorf,0x0027AEF0,,func,,unmatched,0.00,unmatched,PAL ELF not available for byte matching
isnanf,0x0027AFD8,,func,,unmatched,0.00,unmatched,PAL ELF not available for byte matching
scalbnf,0x0027B000,,func,,unmatched,0.00,unmatched,PAL ELF not available for byte matching
copysignf,0x0027B160,,func,,unmatched,0.00,unmatched,PAL ELF not available for byte matching
__do_global_dtors,0x0027B190,,func,,unmatched,0.00,unmatched,PAL ELF not available for byte matching
__do_global_ctors,0x0027B1E8,,func,,unmatched,0.00,unmatched,PAL ELF not available for byte matching
__main,0x0027B298,,func,,unmatched,0.00,unmatched,PAL ELF not available for byte matching
__divdi3,0x0027B2B8,,func,,unmatched,0.00,unmatched,PAL ELF not available for byte matching
__fixunsdfdi,0x0027B9A8,,func,,unmatched,0.00,unmatched,PAL ELF not available for byte matching
__floatdidf,0x0027BA98,,func,,unmatched,0.00,unmatched,PAL ELF not available for byte matching
__moddi3,0x0027BB30,,func,,unmatched,0.00,unmatched,PAL ELF not available for byte matching
__muldi3,0x0027C198,,func,,unmatched,0.00,unmatched,PAL ELF not available for byte matching
__udivdi3,0x0027C1F8,,func,,unmatched,0.00,unmatched,PAL ELF not available for byte matching
__umoddi3,0x0027C7C8,,func,,unmatched,0.00,unmatched,PAL ELF not available for byte matching
__pack_d,0x0027CD08,,func,,unmatched,0.00,unmatched,PAL ELF not available for byte matching
__unpack_d,0x0027CE38,,func,,unmatched,0.00,unmatched,PAL ELF not available for byte matching
dp_fpadd_parts,0x0027CED8,,func,,unmatched,0.00,unmatched,PAL ELF not available for byte matching
dpadd,0x0027D118,,func,,unmatched,0.00,unmatched,PAL ELF not available for byte matching
dpsub,0x0027D170,,func,,unmatched,0.00,unmatched,PAL ELF not available for byte matching
dpmul,0x0027D1D8,,func,,unmatched,0.00,unmatched,PAL ELF not available for byte matching
dpdiv,0x0027D480,,func,,unmatched,0.00,unmatched,PAL ELF not available for byte matching
__fpcmp_parts_d,0x0027D5E8,,func,,unmatched,0.00,unmatched,PAL ELF not available for byte matching
dpcmp,0x0027D700,,func,,unmatched,0.00,unmatched,PAL ELF not available for byte matching
litodp,0x0027D750,,func,,unmatched,0.00,unmatched,PAL ELF not available for byte matching
dptoli,0x0027D808,,func,,unmatched,0.00,unmatched,PAL ELF not available for byte matching
dptoul,0x0027D8A0,,func,,unmatched,0.00,unmatched,PAL ELF not available for byte matching
__negdf2,0x0027D940,,func,,unmatched,0.00,unmatched,PAL ELF not available for byte matching
__make_dp,0x0027D978,,func,,unmatched,0.00,unmatched,PAL ELF not available for byte matching
dptofp,0x0027D9A8,,func,,unmatched,0.00,unmatched,PAL ELF not available for byte matching
__pack_f,0x0027DA00,,func,,unmatched,0.00,unmatched,PAL ELF not available for byte matching
__unpack_f,0x0027DB10,,func,,unmatched,0.00,unmatched,PAL ELF not available for byte matching
fp_fpadd_parts,0x0027DBA0,,func,,unmatched,0.00,unmatched,PAL ELF not available for byte matching
fpadd,0x0027DDD8,,func,,unmatched,0.00,unmatched,PAL ELF not available for byte matching
fpsub,0x0027DE30,,func,,unmatched,0.00,unmatched,PAL ELF not available for byte matching
fpmul,0x0027DE98,,func,,unmatched,0.00,unmatched,PAL ELF not available for byte matching
fpdiv,0x0027E090,,func,,unmatched,0.00,unmatched,PAL ELF not available for byte matching
__fpcmp_parts_f,0x0027E1F0,,func,,unmatched,0.00,unmatched,PAL ELF not available for byte matching
fpcmp,0x0027E308,,func,,unmatched,0.00,unmatched,PAL ELF not available for byte matching
sitofp,0x0027E358,,func,,unmatched,0.00,unmatched,PAL ELF not available for byte matching
fptosi,0x0027E410,,func,,unmatched,0.00,unmatched,PAL ELF not available for byte matching
fptoui,0x0027E4A0,,func,,unmatched,0.00,unmatched,PAL ELF not available for byte matching
__negsf2,0x0027E538,,func,,unmatched,0.00,unmatched,PAL ELF not available for byte matching
__make_fp,0x0027E570,,func,,unmatched,0.00,unmatched,PAL ELF not available for byte matching
fptodp,0x0027E5A0,,func,,unmatched,0.00,unmatched,PAL ELF not available for byte matching
__assert,0x0027E5E0,,func,,unmatched,0.00,unmatched,PAL ELF not available for byte matching
atoi,0x0027E618,,func,,unmatched,0.00,unmatched,PAL ELF not available for byte matching
__errno,0x0027E640,,func,,unmatched,0.00,unmatched,PAL ELF not available for byte matching
fiprintf,0x0027E650,,func,,unmatched,0.00,unmatched,PAL ELF not available for byte matching
memcmp,0x0027E684,,func,,unmatched,0.00,unmatched,PAL ELF not available for byte matching
memcpy,0x0027E718,,func,,unmatched,0.00,unmatched,PAL ELF not available for byte matching
memset,0x0027E7C8,,func,,unmatched,0.00,unmatched,PAL ELF not available for byte matching
_printf_r,0x0027E888,,func,,unmatched,0.00,unmatched,PAL ELF not available for byte matching
printf,0x0027E8C8,,func,,unmatched,0.00,unmatched,PAL ELF not available for byte matching
qsort,0x0027E918,,func,,unmatched,0.00,unmatched,PAL ELF not available for byte matching
srand,0x0027F340,,func,,unmatched,0.00,unmatched,PAL ELF not available for byte matching
rand,0x0027F350,,func,,unmatched,0.00,unmatched,PAL ELF not available for byte matching
_sprintf_r,0x0027F380,,func,,unmatched,0.00,unmatched,PAL ELF not available for byte matching
sprintf,0x0027F3E8,,func,,unmatched,0.00,unmatched,PAL ELF not available for byte matching
eofread,0x0027F458,,func,,unmatched,0.00,unmatched,PAL ELF not available for byte matching
sscanf,0x0027F460,,func,,unmatched,0.00,unmatched,PAL ELF not available for byte matching
strcat,0x0027F4E8,,func,,unmatched,0.00,unmatched,PAL ELF not available for byte matching
strcmp,0x0027F614,,func,,unmatched,0.00,unmatched,PAL ELF not available for byte matching
strcpy,0x0027F758,,func,,unmatched,0.00,unmatched,PAL ELF not available for byte matching
strlen,0x0027F86C,,func,,unmatched,0.00,unmatched,PAL ELF not available for byte matching
strncmp,0x0027F9A8,,func,,unmatched,0.00,unmatched,PAL ELF not available for byte matching
strncpy,0x0027FB60,,func,,unmatched,0.00,unmatched,PAL ELF not available for byte matching
strrchr,0x0027FD20,,func,,unmatched,0.00,unmatched,PAL ELF not available for byte matching
strstr,0x0027FD70,,func,,unmatched,0.00,unmatched,PAL ELF not available for byte matching
strtok,0x0027FDE0,,func,,unmatched,0.00,unmatched,PAL ELF not available for byte matching
strtok_r,0x0027FE08,,func,,unmatched,0.00,unmatched,PAL ELF not available for byte matching
_strtol_r,0x0027FEA8,,func,,unmatched,0.00,unmatched,PAL ELF not available for byte matching
strtol,0x002800E0,,func,,unmatched,0.00,unmatched,PAL ELF not available for byte matching
__isprint,0x00280118,,func,,unmatched,0.00,unmatched,PAL ELF not available for byte matching
__isbprintf,0x00280160,,func,,unmatched,0.00,unmatched,PAL ELF not available for byte matching
vfiprintf,0x00280218,,func,,unmatched,0.00,unmatched,PAL ELF not available for byte matching
_vfiprintf_r,0x00280290,,func,,unmatched,0.00,unmatched,PAL ELF not available for byte matching
__sprint,0x00280E60,,func,,unmatched,0.00,unmatched,PAL ELF not available for byte matching
__sbprintf,0x00280EA8,,func,,unmatched,0.00,unmatched,PAL ELF not available for byte matching
vfprintf,0x00280F60,,func,,unmatched,0.00,unmatched,PAL ELF not available for byte matching
_vfprintf_r,0x00280FD8,,func,,unmatched,0.00,unmatched,PAL ELF not available for byte matching
cvt,0x002824F0,,func,,unmatched,0.00,unmatched,PAL ELF not available for byte matching
exponent,0x002826A0,,func,,unmatched,0.00,unmatched,PAL ELF not available for byte matching
__svfscanf,0x00282780,,func,,unmatched,0.00,unmatched,PAL ELF not available for byte matching
__sccl,0x00283288,,func,,unmatched,0.00,unmatched,PAL ELF not available for byte matching
vsprintf,0x00283390,,func,,unmatched,0.00,unmatched,PAL ELF not available for byte matching
__swsetup,0x002833E8,,func,,unmatched,0.00,unmatched,PAL ELF not available for byte matching
abort,0x002834F8,,func,,unmatched,0.00,unmatched,PAL ELF not available for byte matching
atof,0x00283518,,func,,unmatched,0.00,unmatched,PAL ELF not available for byte matching
quorem,0x00283538,,func,,unmatched,0.00,unmatched,PAL ELF not available for byte matching
_dtoa_r,0x00283750,,func,,unmatched,0.00,unmatched,PAL ELF not available for byte matching
fflush,0x00284920,,func,,unmatched,0.00,unmatched,PAL ELF not available for byte matching
std,0x00284A28,,func,,unmatched,0.00,unmatched,PAL ELF not available for byte matching
__sfmoreglue,0x00284A80,,func,,unmatched,0.00,unmatched,PAL ELF not available for byte matching
__sfp,0x00284AF0,,func,,unmatched,0.00,unmatched,PAL ELF not available for byte matching
_cleanup_r,0x00284BD0,,func,,unmatched,0.00,unmatched,PAL ELF not available for byte matching
_cleanup,0x00284BE0,,func,,unmatched,0.00,unmatched,PAL ELF not available for byte matching
__sinit,0x00284BF0,,func,,unmatched,0.00,unmatched,PAL ELF not available for byte matching
fread,0x00284C80,,func,,unmatched,0.00,unmatched,PAL ELF not available for byte matching
_free_r,0x00284DA0,,func,,unmatched,0.00,unmatched,PAL ELF not available for byte matching
_malloc_trim_r,0x002850C0,,func,,unmatched,0.00,unmatched,PAL ELF not available for byte matching
__sfvwrite,0x00285230,,func,,unmatched,0.00,unmatched,PAL ELF not available for byte matching
_fwalk,0x00285608,,func,,unmatched,0.00,unmatched,PAL ELF not available for byte matching
_setlocale_r,0x002856A0,,func,,unmatched,0.00,unmatched,PAL ELF not available for byte matching
_localeconv_r,0x00285728,,func,,unmatched,0.00,unmatched,PAL ELF not available for byte matching
setlocale,0x00285738,,func,,unmatched,0.00,unmatched,PAL ELF not available for byte matching
localeconv,0x00285768,,func,,unmatched,0.00,unmatched,PAL ELF not available for byte matching
__smakebuf,0x00285790,,func,,unmatched,0.00,unmatched,PAL ELF not available for byte matching
malloc_extend_top,0x002858E0,,func,,unmatched,0.00,unmatched,PAL ELF not available for byte matching
_RotMatrixZ_02,0x0025D800,,label,,unmatched,0.00,unmatched,PAL ELF not available for byte matching
_RotMatrixX_02,0x0025D8A8,,label,,unmatched,0.00,unmatched,PAL ELF not available for byte matching
_RotMatrixY_02,0x0025D950,,label,,unmatched,0.00,unmatched,PAL ELF not available for byte matching
_maxval,0x0026E920,,func,,unmatched,0.00,unmatched,PAL ELF not available for byte matching
Screen4By3,0x0054CB62,,func,,unmatched,0.00,unmatched,PAL ELF not available for byte matching
DateNotation,0x0054CB63,,func,,unmatched,0.00,unmatched,PAL ELF not available for byte matching
SpdifModeEnabled,0x0054CB65,,func,,unmatched,0.00,unmatched,PAL ELF not available for byte matching
SummerTime,0x0054CB66,,func,,unmatched,0.00,unmatched,PAL ELF not available for byte matching
TimeNotation,0x0054CB67,,func,,unmatched,0.00,unmatched,PAL ELF not available for byte matching
D_0054e5b8,0x0054E5B8,,func,,unmatched,0.00,unmatched,PAL ELF not available for byte matching
D_0054ea48,0x0054EA48,,func,,unmatched,0.00,unmatched,PAL ELF not available for byte matching
D_0054f3d8,0x0054F3D8,,func,,unmatched,0.00,unmatched,PAL ELF not available for byte matching
D_0054f718,0x0054F718,,func,,unmatched,0.00,unmatched,PAL ELF not available for byte matching
D_0054fa50,0x0054FA50,,func,,unmatched,0.00,unmatched,PAL ELF not available for byte matching
D_0054ffe0,0x0054FFE0,,func,,unmatched,0.00,unmatched,PAL ELF not available for byte matching
D_005502f0,0x005502F0,,func,,unmatched,0.00,unmatched,PAL ELF not available for byte matching
D_00550c40,0x00550C40,,func,,unmatched,0.00,unmatched,PAL ELF not available for byte matching
D_005511a8,0x005511A8,,func,,unmatched,0.00,unmatched,PAL ELF not available for byte matching
D_005512a8,0x005512A8,,func,,unmatched,0.00,unmatched,PAL ELF not available for byte matching
D_005515b8,0x005515B8,,func,,unmatched,0.00,unmatched,PAL ELF not available for byte matching
D_00551708,0x00551708,,func,,unmatched,0.00,unmatched,PAL ELF not available for byte matching
D_00551820,0x00551820,,func,,unmatched,0.00,unmatched,PAL ELF not available for byte matching
D_00551bb0,0x00551BB0,,func,,unmatched,0.00,unmatched,PAL ELF not available for byte matching
D_00552c20,0x00552C20,,func,,unmatched,0.00,unmatched,PAL ELF not available for byte matching
D_00552f18,0x00552F18,,func,,unmatched,0.00,unmatched,PAL ELF not available for byte matching
D_00555170,0x00555170,,func,,unmatched,0.00,unmatched,PAL ELF not available for byte matching
D_005553b8,0x005553B8,,func,,unmatched,0.00,unmatched,PAL ELF not available for byte matching
D_00619348,0x00619348,,func,,unmatched,0.00,unmatched,PAL ELF not available for byte matching
D_0061b5b0,0x0061B5B0,,func,,unmatched,0.00,unmatched,PAL ELF not available for byte matching
D_0061bbc8,0x0061BBC8,,func,,unmatched,0.00,unmatched,PAL ELF not available for byte matching
D_0061be50,0x0061BE50,,func,,unmatched,0.00,unmatched,PAL ELF not available for byte matching
D_0061cf50,0x0061CF50,,func,,unmatched,0.00,unmatched,PAL ELF not available for byte matching
D_0061d0a0,0x0061D0A0,,func,,unmatched,0.00,unmatched,PAL ELF not available for byte matching
D_00620120,0x00620120,,func,,unmatched,0.00,unmatched,PAL ELF not available for byte matching
D_00620170,0x00620170,,func,,unmatched,0.00,unmatched,PAL ELF not available for byte matching
D_006201b8,0x006201B8,,func,,unmatched,0.00,unmatched,PAL ELF not available for byte matching
D_00620700,0x00620700,,func,,unmatched,0.00,unmatched,PAL ELF not available for byte matching
D_006208e0,0x006208E0,,func,,unmatched,0.00,unmatched,PAL ELF not available for byte matching
D_00620a10,0x00620A10,,func,,unmatched,0.00,unmatched,PAL ELF not available for byte matching
D_00620ff8,0x00620FF8,,func,,unmatched,0.00,unmatched,PAL ELF not available for byte matching
D_00621580,0x00621580,,func,,unmatched,0.00,unmatched,PAL ELF not available for byte matching
_ctype_,0x00637E69,,func,,unmatched,0.00,unmatched,PAL ELF not available for byte matching
InitialObjPointer,0x0063A810,,func,,unmatched,0.00,unmatched,PAL ELF not available for byte matching
space,0x0063B388,,func,,unmatched,0.00,unmatched,PAL ELF not available for byte matching
staffRollAlphaTemp,0x0063B66B,,func,,unmatched,0.00,unmatched,PAL ELF not available for byte matching
InitialIndData,0x0063B730,,func,,unmatched,0.00,unmatched,PAL ELF not available for byte matching
th,0x0063B858,,func,,unmatched,0.00,unmatched,PAL ELF not available for byte matching
phi,0x0063B85A,,func,,unmatched,0.00,unmatched,PAL ELF not available for byte matching
ios_partition_root,0x0063A428,,u32,,unmatched,0.00,unmatched,PAL ELF not available for byte matching
n_thread,0x0063A5F0,,u32,,unmatched,0.00,unmatched,PAL ELF not available for byte matching
__assert_cond_0,0x0063A5F8,,char,,unmatched,0.00,unmatched,PAL ELF not available for byte matching
iosThreadDestroyMgrMsgBuf,0x0063C1A0,,func,,unmatched,0.00,unmatched,PAL ELF not available for byte matching
D_0063C5D8,0x0063C5D8,,u32,,unmatched,0.00,unmatched,PAL ELF not available for byte matching
thread_table,0x006BCEE0,,func,,unmatched,0.00,unmatched,PAL ELF not available for byte matching
iosThreadDestroyMgrMsgQ,0x006BD2E0,,func,,unmatched,0.00,unmatched,PAL ELF not available for byte matching
iosThreadDestroyMgrThread,0x006BD310,,func,,unmatched,0.00,unmatched,PAL ELF not available for byte matching
iosThreadDestroyMgrStack,0x006BD380,,u8,,unmatched,0.00,unmatched,PAL ELF not available for byte matching
