symbol,pal_va,type,source_file
_start,1048584,func,__text__
_exit,1048760,func,__text__
_root,1048768,func,__text__
RFU000_FullReset,1048832,func,__text__
ResetEE,1048848,func,__text__
SetGsCrt,1048864,func,__text__
RFU003,1048880,func,__text__
Exit,1048896,func,__text__
ResumeIntrDispatch,1048912,func,__text__
LoadExecPS2,1048928,func,__text__
ExecPS2,1048944,func,__text__
RFU008,1048960,func,__text__
RFU009,1048976,func,__text__
AddSbusIntcHandler,1048992,func,__text__
RemoveSbusIntcHandler,1049008,func,__text__
Interrupt2Iop,1049024,func,__text__
SetVTLBRefillHandler,1049040,func,__text__
SetVCommonHandler,1049056,func,__text__
SetVInterruptHandler,1049072,func,__text__
AddIntcHandler,1049088,func,__text__
AddIntcHandler2,1049104,func,__text__
RemoveIntcHandler,1049120,func,__text__
AddDmacHandler,1049136,func,__text__
AddDmacHandler2,1049152,func,__text__
RemoveDmacHandler,1049168,func,__text__
_EnableIntc,1049184,func,__text__
_DisableIntc,1049200,func,__text__
_EnableDmac,1049216,func,__text__
_DisableDmac,1049232,func,__text__
SetAlarm,1049248,func,__text__
ReleaseAlarm,1049264,func,__text__
_iEnableIntc,1049280,func,__text__
_iDisableIntc,1049296,func,__text__
_iEnableDmac,1049312,func,__text__
_iDisableDmac,1049328,func,__text__
iSetAlarm,1049344,func,__text__
iReleaseAlarm,1049360,func,__text__
CreateThread,1049376,func,__text__
DeleteThread,1049392,func,__text__
StartThread,1049408,func,__text__
ExitThread,1049424,func,__text__
ExitDeleteThread,1049440,func,__text__
TerminateThread,1049456,func,__text__
iTerminateThread,1049472,func,__text__
DisableDispatchThread,1049488,func,__text__
EnableDispatchThread,1049504,func,__text__
ChangeThreadPriority,1049520,func,__text__
iChangeThreadPriority,1049536,func,__text__
RotateThreadReadyQueue,1049552,func,__text__
_iRotateThreadReadyQueue,1049568,func,__text__
ReleaseWaitThread,1049584,func,__text__
iReleaseWaitThread,1049600,func,__text__
GetThreadId,1049616,func,__text__
ReferThreadStatus,1049632,func,__text__
iReferThreadStatus,1049648,func,__text__
SleepThread,1049664,func,__text__
WakeupThread,1049680,func,__text__
_iWakeupThread,1049696,func,__text__
CancelWakeupThread,1049712,func,__text__
iCancelWakeupThread,1049728,func,__text__
SuspendThread,1049744,func,__text__
_iSuspendThread,1049760,func,__text__
ResumeThread,1049776,func,__text__
iResumeThread,1049792,func,__text__
JoinThread,1049808,func,__text__
SetupThread,1049824,func,__text__
SetupHeap,1049840,func,__text__
EndOfHeap,1049856,func,__text__
RFU063,1049872,func,__text__
CreateSema,1049888,func,__text__
DeleteSema,1049904,func,__text__
SignalSema,1049920,func,__text__
iSignalSema,1049936,func,__text__
WaitSema,1049952,func,__text__
PollSema,1049968,func,__text__
iPollSema,1049984,func,__text__
ReferSemaStatus,1050000,func,__text__
iReferSemaStatus,1050016,func,__text__
RFU073,1050032,func,__text__
SetOsdConfigParam,1050048,func,__text__
GetOsdConfigParam,1050064,func,__text__
GetGsHParam,1050080,func,__text__
GetGsVParam,1050096,func,__text__
SetGsHParam,1050112,func,__text__
SetGsVParam,1050128,func,__text__
CreateEventFlag,1050144,func,__text__
DeleteEventFlag,1050160,func,__text__
SetEventFlag,1050176,func,__text__
RFU083_iSetEventFlag,1050192,func,__text__
ClearEventFlag,1050208,func,__text__
RFU085_iClearEventFlag,1050224,func,__text__
RFU086_WaitEvnetFlag,1050240,func,__text__
RFU087_PollEvnetFlag,1050256,func,__text__
RFU088_iPollEvnetFlag,1050272,func,__text__
RFU089_ReferEventFlagStatus,1050288,func,__text__
RFU090_iReferEventFlagStatus,1050304,func,__text__
RFU091,1050320,func,__text__
EnableIntcHandler,1050336,func,__text__
iEnableIntcHandler,1050352,func,__text__
DisableIntcHandler,1050368,func,__text__
iDisableIntcHandler,1050384,func,__text__
EnableDmacHandler,1050400,func,__text__
iEnableDmacHandler,1050416,func,__text__
DisableDmacHandler,1050432,func,__text__
iDisableDmacHandler,1050448,func,__text__
KSeg0,1050464,func,__text__
EnableCache,1050480,func,__text__
DisableCache,1050496,func,__text__
GetCop0,1050512,func,__text__
FlushCache,1050528,func,__text__
CpuConfig,1050544,func,__text__
iGetCop0,1050560,func,__text__
iFlushCache,1050576,func,__text__
iCpuConfig,1050592,func,__text__
sceSifStopDma,1050608,func,__text__
SetCPUTimerHandler,1050624,func,__text__
SetCPUTimer,1050640,func,__text__
SetOsdConfigParam2,1050656,func,__text__
GetOsdConfigParam2,1050672,func,__text__
GsGetIMR,1050688,func,__text__
iGsGetIMR,1050704,func,__text__
GsPutIMR,1050720,func,__text__
iGsPutIMR,1050736,func,__text__
SetPgifHandler,1050752,func,__text__
SetVSyncFlag,1050768,func,__text__
RFU116_SetSyscall,1050784,func,__text__
_print,1050800,func,__text__
sceSifDmaStat,1050816,func,__text__
isceSifDmaStat,1050832,func,__text__
sceSifSetDma,1050848,func,__text__
isceSifSetDma,1050864,func,__text__
sceSifSetDChain,1050880,func,__text__
isceSifSetDChain,1050896,func,__text__
sceSifSetReg,1050912,func,__text__
sceSifGetReg,1050928,func,__text__
ExecOSD,1050944,func,__text__
Deci2Call,1050960,func,__text__
PSMode,1050976,func,__text__
MachineType,1050992,func,__text__
GetMemorySize,1051008,func,__text__
initsys_setup,1051024,func,__text__
InitSysCall,1051040,func,__text__
_InitSys,1051104,func,__text__
DisableIntc,1051144,func,__text__
EnableIntc,1051248,func,__text__
DisableDMAC,1051352,func,__text__
EnableDMAC,1051456,func,__text__
iEnableIntc,1051560,func,__text__
iDisableIntc,1051592,func,__text__
iEnableDmac,1051624,func,__text__
iDisableDmac,1051656,func,__text__
intr_setup,1051688,func,__text__
Copy,1051704,func,__text__
kCopy,1051720,func,__text__
GetEntryAddress,1051776,func,__text__
InitAlarm,1051792,func,__text__
topThread,1052008,func,__text__
InitThread,1052224,func,__text__
iWakeupThread,1052440,func,__text__
iRotateThreadReadyQueue,1052592,func,__text__
iSuspendThread,1052720,func,__text__
kputchar,1052872,func,__text__
deci2Putchar,1052928,func,__text__
serialPutchar,1053104,func,__text__
ftoi,1053160,func,__text__
printfloat,1053304,func,__text__
_printf,1053664,func,__text__
kprintf,1055144,func,__text__
scePrintf,1055200,func,__text__
DIntr,1055296,func,__text__
EIntr,1055368,func,__text__
sceDeci2Open,1055392,func,__text__
sceDeci2Close,1055464,func,__text__
sceDeci2ReqSend,1055504,func,__text__
sceDeci2Poll,1055552,func,__text__
sceDeci2ExRecv,1055592,func,__text__
sceDeci2ExSend,1055648,func,__text__
sceDeci2ExReqSend,1055704,func,__text__
sceDeci2ExLock,1055752,func,__text__
sceDeci2ExUnLock,1055792,func,__text__
kputs,1055832,func,__text__
Main,1055872,func,__text__
idle,1056696,func,__text__
scheduler,1057184,func,__text__
boot,1057672,func,__text__
Emergency_DestroyAllThread,1057888,func,__text__
movie_abort_check,1058048,func,__text__
demoEnd,1058112,func,__text__
main,1058120,func,__text__
EntryDelayFree,1058216,func,__text__
InitDelayFree,1058368,func,__text__
ExecDelayFree,1058520,func,__text__
GetRootQuaternionByDObj,1058776,func,__text__
UpdateRootMatrixByDObj,1058832,func,__text__
GetRootQuaternion,1058968,func,__text__
UpdateRootMatrix,1058976,func,__text__
SetRootBaseQuaternion,1058984,func,__text__
SetRootQuaternion,1059000,func,__text__
SetRootMatrixWithTransOffsetByDObj,1059128,func,__text__
SetRootMatrixWithTransOffset,1059256,func,__text__
GetRootMatrixRotOffsetByDObj,1059264,func,__text__
GetRootMatrixRotOffset,1059328,func,__text__
SetRootMatrixRotOffsetByDObj,1059336,func,__text__
SetRootMatrixRotOffset,1059456,func,__text__
SetDirectRootPositionNoFittingWithNodePoint,1059464,func,__text__
SetDirectRootPositionNoFittingWithNodePointXZ,1059928,func,__text__
SetDirectRootPositionWithNodePoint,1060392,func,__text__
LocalizeGeometry,1060432,func,__text__
GetGlobalDirectionOrient,1060840,func,__text__
GlobalizeGeometry,1060960,func,__text__
GetRootVelocity,1061208,func,__text__
GetInitialInverseMatrixByDObj,1061224,func,__text__
GetInitialInverseMatrix,1061416,func,__text__
GetInitialSkeltonMatrixByDObj,1061616,func,__text__
MakeCharGObjList,1061816,func,__text__
cylinderCollisionCheck,1062144,func,__text__
LocalizeDirectionOrient,1063704,func,__text__
GetCylinderCollision,1063824,func,__text__
GetCylinderCollisionWithExceptOwnCollision,1064080,func,__text__
CylinderCollision,1064344,func,__text__
CylinderCollisionWithControlDynamics,1064776,func,__text__
GetRootMatrixByDObj,1065224,func,__text__
GetRootMatrix,1065352,func,__text__
GetRootPositionByDObj,1065480,func,__text__
SetDirectRootPosition,1065608,func,__text__
SetDirectRootPositionNoFitting,1065896,func,__text__
SetRootPosition,1066176,func,__text__
GetRootPosition,1066320,func,__text__
GetRootOrient,1066456,func,__text__
LimitExistGeometry,1066624,func,__text__
GetRootMatrixTransOffsetByDObj,1066720,func,__text__
GetRootMatrixTransOffset,1066808,func,__text__
GetRootMotionOrient,1066896,func,__text__
GetRootMotionMatrix,1067104,func,__text__
GetProjectionPosOfPlane,1067280,func,__text__
GetProjectionOfPlane,1067400,func,__text__
GetProjectionOfPlaneWithKeepAway,1067528,func,__text__
GetCharGObjList,1067648,func,__text__
getInitialInverseMatrix,1067664,func,__text__
geoMan_getInitialMatrix,1067832,func,__text__
InitKeyInput,1068000,func,__text__
ExecKeyInput,1068232,func,__text__
InitMatrixDrive,1068856,func,__text__
MatrixDrive_PushMatrix,1068904,func,__text__
MatrixDrive_RotMatrixX,1068944,func,__text__
MatrixDrive_RotMatrixY,1069064,func,__text__
MatrixDrive_RotMatrixZ,1069184,func,__text__
MatrixDrive_ScaleMatrix,1069304,func,__text__
MatrixDrive_TurnViewMatrix,1069352,func,__text__
MatrixDrive_PushMatrixWithNoCopy,1069728,func,__text__
MatrixDrive_PopMatrix,1069744,func,__text__
MatrixDrive_GetMatrix,1069760,func,__text__
MatrixDrive_GetLastMatrix,1069784,func,__text__
MatrixDrive_TransMatrixV,1069808,func,__text__
MatrixDrive_TransMatrix,1069904,func,__text__
MatrixDrive_TurnObjectMatrix,1070040,func,__text__
MatrixDrive_TurnXObjectMatrixZY,1070288,func,__text__
MatrixDrive_TurnXObjectMatrixYZ,1070520,func,__text__
MatrixDrive_TurnYObjectMatrixXZ,1070752,func,__text__
MatrixDrive_TurnZObjectMatrixXY,1070984,func,__text__
MatrixDrive_GetTurnXAngleZY,1071216,func,__text__
MatrixDrive_GetTurnXAngleYZ,1071440,func,__text__
MatrixDrive_GetTurnYAngleXZ,1071664,func,__text__
MatrixDrive_GetTurnYEAngleXZ,1071888,func,__text__
MatrixDrive_GetTurnZAngleXY,1072128,func,__text__
MatrixDrive_GetTurnZAngleYX,1072352,func,__text__
MatrixDrive_GetTurnMinusZAngleXY,1072592,func,__text__
MatrixDrive_SetTransposeMatrix,1072824,func,__text__
CopyVector,1072968,func,__text__
CopyIVector,1072984,func,__text__
CopyMatrix,1073000,func,__text__
CopyMatrixUncached,1073040,func,__text__
AddVectorXYZ,1073088,func,__text__
SubVectorXYZ,1073112,func,__text__
UnitRotation,1073136,func,__text__
FSqrt,1073192,func,__text__
VectorLength,1073224,func,__text__
VectorLengthSquare,1073264,func,__text__
GetPointDistance,1073296,func,__text__
GetWaterReaction,1073368,func,__text__
dispPlane,1074096,func,__text__
GetOrientOfWallOfGObj,1075416,func,__text__
GetOrientOfCliffOfGObj,1075432,func,__text__
SetMotionDirection,1075448,func,__text__
_GetMotionDirection,1075632,func,__text__
SetMotionDirectionWithLimit,1075648,func,__text__
GetRootPosOfNextFrame,1076064,func,__text__
AdjustMotionHeightToField,1076136,func,__text__
GetLowerPlaneCollision,1076200,func,__text__
getLowerPlaneCollisionE,1076272,func,__text__
calcFootIK,1076344,func,__text__
InitMotionGeoInfo,1077424,func,__text__
motMan2_dispSkeltonHierarchy,1077992,func,__text__
DispSkelton,1078712,func,__text__
SlopeIKControl,1078840,func,__text__
GetPureVerticalPlaneOfCurrentPosition,1079656,func,__text__
getVerticalElementOfWallNormal,1080344,func,__text__
AdjustVerticalSidePlaneOfWall,1080424,func,__text__
GetPureVerticalPlane,1081144,func,__text__
_getS16MotRotElem,1081584,func,__text__
_getMotion,1082584,func,__text__
GetStreamMotion,1083536,func,__text__
CopyMotionWithNodeHrc,1084120,func,__text__
GetFloatingMotion,1084384,func,__text__
MakeMirrorMotion,1086944,func,__text__
GetFloatingShapeMotion,1087320,func,__text__
FeedbackWallWorkInfoToBrainSystem,1087896,func,__text__
GetMotionPointer,1087960,func,__text__
GetCollisionOfLastActiveField,1087976,func,__text__
CheckFieldContact,1087992,func,__text__
DebugDisp1Collision,1088432,func,__text__
DebugDisp1CollisionWithColor,1088680,func,__text__
SetMotionBlendlessNode,1088928,func,__text__
ClearMotionBlendlessNode,1089088,func,__text__
InitMotionStateInfo,1089152,func,__text__
GetSkeltonFocusNode,1089288,func,__text__
AdjustMotionHeightToNearestField,1089312,func,__text__
SetRootUpdateMode,1089520,func,__text__
ForMotionViewer_GetCurrentAnimationFrame,1089536,func,__text__
ForMotionViewer_GetCurrentMotion,1089552,func,__text__
EnableMotionOrientUpdate,1089568,func,__text__
DisableMotionOrientUpdate,1089584,func,__text__
CheckFloorAttribute,1089600,func,__text__
CheckWallAttribute,1089632,func,__text__
CheckPureWallAttribute,1089664,func,__text__
CheckPureCliffAttribute,1089696,func,__text__
GetStreamShapeMotion,1089728,func,__text__
GetDifferenceFromWallUpperField,1089816,func,__text__
GetDifferenceFromLastField,1089880,func,__text__
GetDifferenceFromLowerField,1089944,func,__text__
GetDifferenceFromWallLowerPlane,1090040,func,__text__
GetDifferenceFromWallUpperPlane,1090152,func,__text__
DisableChangeRootUpdateMode,1090264,func,__text__
EnableChangeRootUpdateMode,1090280,func,__text__
GetRopeHangablePos,1090296,func,__text__
GetMotionFrameFlag1,1090312,func,__text__
GetMotionFrameFlag2,1090328,func,__text__
GetHeightOfFieldPlaneDifference,1090344,func,__text__
GetHeightOfWallFromGObj,1090424,func,__text__
GetHeightOfCliffFromGObj,1090440,func,__text__
InitMotionRotElem,1090456,func,__text__
SetMotionNodeFixModeParameter,1090536,func,__text__
GetRootProjectionPosOfGObj,1090704,func,__text__
SetMotionPlaySpeedRatio,1090776,func,__text__
ClearMotionGeometryInfo,1090792,func,__text__
SetSkeltonDispSwitch,1090888,func,__text__
CopyMotion,1090896,func,__text__
GetMotionRootPos,1090960,func,__text__
GetMotion,1091032,func,__text__
GetBlendedMotion,1091472,func,__text__
GetFloatingMotionRootPos,1091960,func,__text__
GetShapeMotion,1092248,func,__text__
LockForceGroundParent,1092368,func,__text__
UnlockForceGroundParent,1092376,func,__text__
GetOutOutsideOfWall,1092384,func,__text__
AdjustRootPositionToVerticalSidePlaneOfWall,1092560,func,__text__
fitYToPlane,1092736,func,__text__
GetBlendedMotionRootPos,1092800,func,__text__
_getMotRotElem,1092888,func,__text__
falldownSE,1093056,func,__text__
copyToWork,1093064,func,__text__
flushWork,1093440,func,__text__
setNodePursueParticleEffectWithUpperLimit,1093688,func,__text__
SetFallDownSplash,1093840,func,__text__
GetPoolGlobalDrainVector,1094328,func,__text__
InitPoolGeo,1094344,func,__text__
updatePoolGeo,1095528,func,__text__
dispPool,1097960,func,__text__
PoolDL,1099144,func,__text__
InitLimitedPoolReflactionMesh,1099400,func,__text__
SetLayoutedPoolReflactionMesh,1099728,func,__text__
SetLimitedPoolReflactionMesh,1100560,func,__text__
DispLimitedPoolReflactionMesh,1101648,func,__text__
PoolGeo,1101880,func,__text__
GetPoolGlobalHeight,1101888,func,__text__
GetPoolGlobalHeightDetail,1101904,func,__text__
CheckPoolHasGridMesh,1102152,func,__text__
InitLayoutedPoolReflactionMesh,1102176,func,__text__
poolRideFunc,1102592,func,__text__
getWave,1102632,func,__text__
MultiCurrentQuaternion,1102760,func,__text__
InvertCurrentQuaternion,1102800,func,__text__
SetCurrentQuaternion,1102832,func,__text__
RotCurrentQuaternionX,1102864,func,__text__
RotCurrentQuaternionY,1102896,func,__text__
RotCurrentQuaternionZ,1102928,func,__text__
PushQuaternion,1102960,func,__text__
InitQuaternionDrive,1103080,func,__text__
SetIdentityQuaternion,1103096,func,__text__
GetMatrixFromQuaternion,1103112,func,__text__
GetQuaternionFromMatrix,1103808,func,__text__
CopyQuaternion,1103864,func,__text__
GetInverseQuaternion,1103872,func,__text__
RegularizeQuaternion,1103936,func,__text__
GetSlerpQuaternionNoRegularize,1104040,func,__text__
GetSlerpQuaternion,1104448,func,__text__
GetCurrentQuaternion,1104488,func,__text__
GetLastQuaternion,1104512,func,__text__
PushQuaternionWithNoCopy,1104536,func,__text__
PopQuaternion,1104624,func,__text__
SetQuaternionByAxisRotate,1104680,func,__text__
SetQuaternionByAxisRotateWithNoRegularize,1104792,func,__text__
SetQuaternionByAxisRotateEAngle,1104896,func,__text__
SetQuaternionByAxisRotateV,1105088,func,__text__
SetQuaternionByAxisRotateVWithNoRegularize,1105184,func,__text__
MultiQuaternion,1105280,func,__text__
DivQuaternion,1105344,func,__text__
GetMatrixFromQuaternionRotElem,1105416,func,__text__
GetMatrixFromQuaternionPos,1105544,func,__text__
MultiMatrixByQuaternion,1105720,func,__text__
GetMirrorQuaternion,1105792,func,__text__
RotQuaternionX,1106048,func,__text__
RotQuaternionY,1106208,func,__text__
RotQuaternionZ,1106368,func,__text__
RotQuaternionEAX,1106528,func,__text__
RotQuaternionEAZ,1106784,func,__text__
GetXUnitVectorOfQuaternion,1107040,func,__text__
GetYUnitVectorOfQuaternion,1107184,func,__text__
GetZUnitVectorOfQuaternion,1107328,func,__text__
GetDifferencialQuaternionWithNoRegularize,1107472,func,__text__
GetQuaternionMagnitude,1107664,func,__text__
SetQuaternionByCosineAxisRotateVWithNoRegularize,1107728,func,__text__
SetQuaternionByCosineAxisRotateV,1107872,func,__text__
SetQuaternionByAxisRotateVEAngle,1108016,func,__text__
GetQuaternionCosRadian,1108208,func,__text__
GetTableSin,1108248,func,__text__
GetTableCos,1108328,func,__text__
InitTableSin,1108416,func,__text__
GetTableArcSin,1108632,func,__text__
GetTableArcCos,1108776,func,__text__
GetTableArcTan2,1108944,func,__text__
p2o_MakePacket,1109016,func,__text__
p2o_DispShadowVolume,1109032,func,__text__
p2o_HideDispVU1,1109040,func,__text__
p2o_DispVU1DObj,1109088,func,__text__
p2o_DispVU1DObjMulti,1109096,func,__text__
p2o_DispVU1Multi,1109104,func,__text__
p2o_DispVU1MultiDefault,1109112,func,__text__
p2o_DispVU1,1109120,func,__text__
p2o_DispVU1Default,1109128,func,__text__
p2o_TransMicroProgram,1109136,func,__text__
p2o_SetDefaultEnviroment,1109152,func,__text__
file_init,1109160,func,__text__
file_LoadCDFile,1109768,func,__text__
file_LoadFile,1111600,func,__text__
gif_StartPacket,1111632,func,__text__
gif_EndPacket,1111720,func,__text__
gif_StartPacketPath1,1111944,func,__text__
gif_EndPacketPath1,1112032,func,__text__
gif_MakeLine2DOffset,1112312,func,__text__
gif_MakeSprite,1112608,func,__text__
gif_MakeSpriteOffset,1112992,func,__text__
gif_MakeSpriteWithStrip,1113400,func,__text__
gif_PointOffset,1114016,func,__text__
gif_Line,1114312,func,__text__
gif_Sprite,1114712,func,__text__
gif_SpriteSensitive,1115224,func,__text__
gif_SpriteOffset,1115640,func,__text__
gif_SpriteSensitiveOffset,1116168,func,__text__
gif_SpriteOrg,1116608,func,__text__
gif_SpriteSensitiveOrg,1117032,func,__text__
gif_SetDrawEnviroment,1117360,func,__text__
gif_DrawPolyF4,1117840,func,__text__
gif_DrawStripF,1118616,func,__text__
gif_DrawStripFST,1119064,func,__text__
gif_DrawStripG,1119584,func,__text__
gif_Draw2DStripG,1120104,func,__text__
gif_Draw2DUVStripG,1120576,func,__text__
gif_Init,1121096,func,__text__
gif_StartPacketPri,1121104,func,__text__
gif_StartPacketPriPath1,1121152,func,__text__
gif_SetGsReg,1121200,func,__text__
gif_CheckOpen,1121240,func,__text__
gif_MakePoint2D,1121248,func,__text__
gif_MakePoint2DOffset,1121448,func,__text__
gif_MakeLine2D,1121664,func,__text__
gif_MakeSpriteNoTexture,1121936,func,__text__
gif_MakeSpriteNoTextureOffset,1122184,func,__text__
gif_Point,1122456,func,__text__
gif_LineOffset,1122704,func,__text__
gif_SetAlpha,1122880,func,__text__
gif_MoveImage,1123040,func,__text__
gif_SetZTest,1123296,func,__text__
gif_SetZWrite,1123360,func,__text__
gif_SetHalfOffset,1123448,func,__text__
_IsInScreen,1123568,func,__text__
gsb_SetFrame,1123672,func,__text__
gsb_Init,1123920,func,__text__
gsb_Reduction,1124256,func,__text__
gsb_KeepFrameBuffer,1125608,func,__text__
gsb_fade,1126264,func,__text__
gsb_SetMotionBlur,1127160,func,__text__
gsb_scissorOnDemo,1127208,func,__text__
gsb_controlBrightness,1128112,func,__text__
gsb_antiAlias,1128440,func,__text__
gsb_setNormalReg,1129376,func,__text__
gsb_setSemitransReg,1129480,func,__text__
gsb_setSpecularReg,1129592,func,__text__
gsb_setParticleReg,1129712,func,__text__
gsb_MakeCommonMatrix,1129832,func,__text__
gsb_SetGsDefault,1130320,func,__text__
gsb_filmNoise,1130600,func,__text__
gsb_PostEffect,1130928,func,__text__
gsb_InitGSSystem,1131400,func,__text__
gsb_UpdateGSSystem,1131656,func,__text__
gsb_ResetGSSystem,1131984,func,__text__
gsb_SetVSMatrixSub,1132272,func,__text__
gsb_SetVSMatrix,1133528,func,__text__
gsb_ClipBox,1134168,func,__text__
appendLogFile,1134408,func,__text__
gsb_FilmNoiseTool,1134656,func,__text__
gsb_StageSettingTool,1136488,func,__text__
updateOtherEditingLockFlag,1138000,func,__text__
createLockFile,1138248,func,__text__
removeLockFile,1138464,func,__text__
gsb_StageSetting,1138680,func,__text__
gsb_SetBGColor,1139192,func,__text__
gsb_GetBGColor,1139280,func,__text__
gsb_ResetFilmNoise,1139328,func,__text__
gsb_SetZoom,1139512,func,__text__
gsb_SyncGSSystem,1139528,func,__text__
gsb_LoadStageSettings,1139632,func,__text__
gsb_SaveStageSettings,1139792,func,__text__
gsb_ClearFrameBuffer,1139968,func,__text__
gsb_ResetSnap,1139984,func,__text__
gsb_TakeSnap,1139992,func,__text__
lockOtherEditing,1140000,func,__text__
unlockOtherEditing,1140184,func,__text__
light_KillLinkLight,1140368,func,__text__
light_KillLinkAmbient,1140528,func,__text__
light_AddLight,1140688,func,__text__
light_getNearLight,1141464,func,__text__
light_getAmbientLight,1142592,func,__text__
light_MakeLightMatrix,1144224,func,__text__
light_DispVolume,1144448,func,__text__
light_GetColorAnalog,1145968,func,__text__
light_DrawCursor,1146704,func,__text__
light_Tool,1147600,func,__text__
light_InitLight,1150488,func,__text__
light_ResetLight,1150504,func,__text__
light_KillAllFixLight,1150512,func,__text__
light_KillAllAmbient,1150608,func,__text__
light_AddAmbientObject,1150696,func,__text__
light_resetFlatLight,1150808,func,__text__
_PushVu0Registers,1151000,func,__text__
_PopVu0Registers,1151232,func,__text__
_RemakeNormal,1151464,func,__text__
_Sqrt,1152232,func,__text__
_InitCurrentMatrix,1152264,func,__text__
_UnitCurrentMatrix,1152296,func,__text__
_PushCurrentMatrix,1152328,func,__text__
_PopCurrentMatrix,1152352,func,__text__
_TransCurrentMatrix,1152376,func,__text__
_SetTransCurrentMatrix,1152408,func,__text__
_ClearTransCurrentMatrix,1152424,func,__text__
_RotCurrentMatrixX,1152440,func,__text__
_RotCurrentMatrixY,1152632,func,__text__
_RotCurrentMatrixZ,1152824,func,__text__
_ScaleCurrentMatrix,1153016,func,__text__
_GetCurrentMatrix,1153160,func,__text__
_GetCurrentMatrixTrans,1153184,func,__text__
_SetCurrentMatrix,1153200,func,__text__
_MulCurrentMatrixR,1153224,func,__text__
_MulCurrentMatrixL,1153328,func,__text__
_ApplyCurrentMatrix,1153416,func,__text__
_RotTransPersCurrentMatrix,1153448,func,__text__
_TransposeCurrentMatrix,1153496,func,__text__
_TransposeRotationCurrentMatrix,1153576,func,__text__
_InverseCurrentMatrix,1153624,func,__text__
_NormalizeVector,1153704,func,__text__
_InnerProduct,1153752,func,__text__
_OuterProduct,1153800,func,__text__
_AddVector,1153832,func,__text__
_AddVectorXYZ,1153856,func,__text__
_SubVector,1153880,func,__text__
_SubVectorXYZ,1153904,func,__text__
_ScaleVector,1153928,func,__text__
_ScaleVectorXYZ,1153960,func,__text__
_ScaleVector2XYZ,1153992,func,__text__
_FTOI4Vector,1154024,func,__text__
_FTOI0Vector,1154048,func,__text__
_CopyVector,1154072,func,__text__
_CopyIVector,1154088,func,__text__
_UnitVector,1154104,func,__text__
_InterVector,1154120,func,__text__
_InterVectorXYZ,1154160,func,__text__
_GetNorm,1154200,func,__text__
_GetLength,1154248,func,__text__
_GetLengthXY,1154304,func,__text__
_GetLengthXZ,1154352,func,__text__
_CopyMatrix,1154400,func,__text__
_MulMatrix,1154440,func,__text__
_ApplyMatrix,1154560,func,__text__
_UnitMatrix,1154608,func,__text__
_UnitRotation,1154648,func,__text__
_TransposeMatrix,1154688,func,__text__
_InversMatrix,1154760,func,__text__
_ScaleMatrixV,1154872,func,__text__
_SetCameraMatrix,1155024,func,__text__
_MakeNormalLightMatrix,1155320,func,__text__
_MakeLightColorMatrix,1155544,func,__text__
_InitRandom,1155600,func,__text__
_GetRandom,1155632,func,__text__
_GetRandomVector,1155656,func,__text__
_GetRandomVector0,1155688,func,__text__
_RotTransCurrentMatrix,1155712,func,__text__
mc_SetBaseOffset,1155808,func,__text__
mc_SetMicroCode,1156144,func,__text__
mc_TransMicroCode,1156688,func,__text__
mc_Reset,1156896,func,__text__
mc_Init,1156960,func,__text__
pac_DispQW,1157024,func,__text__
pac_DumpPac,1157512,func,__text__
pac_MakeBoundingBox,1157912,func,__text__
pac_error,1158200,func,__text__
pac_makeNormalStrip,1158408,func,__text__
pac_GetWeight,1159528,func,__text__
pac_MakeClusterStrip,1160296,func,__text__
pac_openDmaTag,1161728,func,__text__
pac_SetVifCode,1161840,func,__text__
pac_SetVifEndCode,1161912,func,__text__
pac_SetGifTag,1161984,func,__text__
pac_closeTag,1162200,func,__text__
pac_continueTag,1162472,func,__text__
pac_CheckDivide,1162800,func,__text__
pac_countOneVertexPacketSize,1163200,func,__text__
pac_makeStrip,1163608,func,__text__
pac_setMaterialPacket,1164480,func,__text__
pac_makeMaterialTable,1164864,func,__text__
pac_makeMaterialTableLine,1165320,func,__text__
pac_getTextureInfo,1165752,func,__text__
pac_makeShapeTable,1166120,func,__text__
pac_makePacket,1167008,func,__text__
pac_MakePacket,1169160,func,__text__
pac_Dump,1169192,func,__text__
pac_Init,1169280,func,__text__
pac_DispVu1Memory,1169288,func,__text__
prim_InitFan2D,1169392,func,__text__
prim_SetFan2D,1170048,func,__text__
prim_DispFan2D,1170632,func,__text__
prim_makePacketMesh3D,1171504,func,__text__
prim_InitMesh3D,1172416,func,__text__
prim_makeNormal,1173080,func,__text__
prim_UpdateMesh3D,1174192,func,__text__
prim_DispMesh3D,1175496,func,__text__
prim_InitParticleByPartition,1175912,func,__text__
prim_DispParticle,1176784,func,__text__
prim_DeleteParticle,1177256,func,__text__
prim_DispWireYCylinder,1177728,func,__text__
prim_DispWireSphere,1178088,func,__text__
prim_DispWireBox,1178816,func,__text__
prim_InitParticle,1179344,func,__text__
reg_setShape,1179376,func,__text__
reg_dispBoxLine,1180440,func,__text__
reg_clipPacketBoundingBox,1180840,func,__text__
reg_transMicroCode,1181120,func,__text__
reg_chooseMicroCode,1181176,func,__text__
reg_chooseSpecularMicroCode,1181216,func,__text__
reg_chooseReflectionMicroCode,1181240,func,__text__
reg_setNMatrixPacket,1181704,func,__text__
reg_setMMatrixPacket,1182768,func,__text__
reg_setCMatrixPacket,1183976,func,__text__
_reg_disp,1184808,func,__text__
reg_transMaterialPacket,1184984,func,__text__
reg_setDissolve,1185064,func,__text__
reg_resetDissolve,1185584,func,__text__
reg_dispNObj,1185632,func,__text__
reg_dispMObj,1186568,func,__text__
reg_dispSObj,1187816,func,__text__
reg_dispCObj,1188648,func,__text__
reg_dispPoint,1189368,func,__text__
reg_dispLine,1190552,func,__text__
reg_dispPointLineObj,1191880,func,__text__
reg_DispAccessoryWithShadow,1193360,func,__text__
reg_RenderReflection,1194312,func,__text__
reg_DispEnemy,1195232,func,__text__
reg_DispMultiPri,1195976,func,__text__
reg_DispObj,1196960,func,__text__
reg_dispObj2,1197120,func,__text__
reg_SetScissorSw,1197128,func,__text__
reg_TransTexturePacket,1197136,func,__text__
reg_Init,1197184,func,__text__
reg_GetShinePri,1197192,func,__text__
shadow_Reset,1197272,func,__text__
shadow_Draw,1198960,func,__text__
shadow_Render,1202008,func,__text__
shadow_getShadowVectorAverage,1202040,func,__text__
shadow_EntryClusterShadow,1202120,func,__text__
shadow_EntryNormalShadow,1203240,func,__text__
__GetCameraPos,1204032,func,__text__
shadow_RenderVolume,1204144,func,__text__
shadow_RenderVolumeMulti,1211264,func,__text__
shadow_MakeObjectData,1218360,func,__text__
shadow_Tool,1219232,func,__text__
shadow_KillShadow,1220080,func,__text__
shadow_DispCancel,1220088,func,__text__
shadow_SetLength,1220256,func,__text__
shadow_Init,1220304,func,__text__
stage_MakeGObj,1220432,func,__text__
stage_ApplyData,1221080,func,__text__
stage_Init,1221560,func,__text__
stage_SetAnimation,1224368,func,__text__
stage_ContinueAnimation,1224832,func,__text__
stage_ResetAnimation,1225096,func,__text__
stage_CalcAnimationNoParent,1225144,func,__text__
stage_CalcAnimationParent,1225736,func,__text__
stage_DispAnimation,1226168,func,__text__
stage_SetScale,1226480,func,__text__
stage_PlayBgAnimation,1226744,func,__text__
stage_PlayBgAnimationDissolve,1227392,func,__text__
stage_MakePlayBgAnimation,1228120,func,__text__
stage_KillPlayBgAnimation,1228512,func,__text__
stage_DispBgAnimation,1228600,func,__text__
stage_DispBgAnimationNoFinish,1229240,func,__text__
stage_SetCameraForceOff,1229976,func,__text__
stage_CheckAnimationFinish,1229984,func,__text__
stage_CheckAnimationFrame,1230192,func,__text__
stage_SetLoopFlag,1230336,func,__text__
stage_SetFrameStep,1230408,func,__text__
stage_SetParentOfGObj,1230480,func,__text__
stage_SetParentOfGObjWithLocalRotationFlag,1230584,func,__text__
stage_SetLocalizeGeometry,1230688,func,__text__
stage_KillPlayBgAnimationIfOverMaxCount,1230856,func,__text__
stage_CheckAnimationFrameIn,1230944,func,__text__
tex_AllocVramAuto,1231088,func,__text__
tex_loadImage,1231328,func,__text__
tex_setTexReg,1231840,func,__text__
tex_transVramClutTex,1233520,func,__text__
tex_transVramDirectTex,1234056,func,__text__
tex_transRegister,1234440,func,__text__
tex_transTM2,1234480,func,__text__
tex_initClutTexture,1235152,func,__text__
tex_setRegisters,1235536,func,__text__
tex_initTM2,1236432,func,__text__
tex_convertClutCSM2ToCSM1,1237008,func,__text__
tex_convertImage,1237232,func,__text__
tex_makeCopyImage,1237752,func,__text__
tex_makeTexturePacket,1238384,func,__text__
tex_initTextureSub,1239288,func,__text__
tex_LoadTexturePart,1240088,func,__text__
tex_TransTexture,1240432,func,__text__
tex_TransTextureDefocus,1240736,func,__text__
tex_scrollClut,1241424,func,__text__
tex_textureAnimation,1242872,func,__text__
tex_SetClutAnimation,1243824,func,__text__
tex_FreeTexture,1243952,func,__text__
tex_ResetVram,1244232,func,__text__
tex_dispClut,1244608,func,__text__
tex_printTexture,1245712,func,__text__
tex_Tool,1246760,func,__text__
tex_ListTool,1250560,func,__text__
tex_GetTWTH,1251784,func,__text__
tex_InitTexture,1251864,func,__text__
tex_LoadTexture,1251896,func,__text__
tex_GetTextureNo,1251928,func,__text__
tex_GetTextureData,1252080,func,__text__
tex_GetTextureName,1252104,func,__text__
tex_SetSamplingType,1252128,func,__text__
tex_GetTexExtData,1252168,func,__text__
tex_GetVramFreeAddress,1252192,func,__text__
tex_UpdateMipMapLevel,1252224,func,__text__
tex_LockHeadTBP,1252376,func,__text__
tex_UnlockHeadTBP,1252592,func,__text__
tex_ResetVramPri,1252800,func,__text__
tex_GetTextureNum,1253000,func,__text__
tex_SetUVScroll,1253008,func,__text__
tex_Init,1253320,func,__text__
tex_RemakeRegistersSampleMin,1253496,func,__text__
fog_MakeFogClut,1253616,func,__text__
fog_DrawFog,1254128,func,__text__
fog_FogTool,1257208,func,__text__
iosCdvdStManager,1258064,func,__text__
iosCdvdMgrSearchFile,1258816,func,__text__
iosCdvdMgrStStart,1259216,func,__text__
iosCdvdMgrStStop,1259432,func,__text__
iosCdvdMgrLoad,1259688,func,__text__
temp_loadfunc,1260144,func,__text__
iosCdvdMgrPackLoad,1260296,func,__text__
iosCdStRead,1261272,func,__text__
iosCdvdHandlerReadNoInflate,1261744,func,__text__
iosCdvdHandlerReadInflate,1262168,func,__text__
iosCdvdHandlerRead,1262304,func,__text__
unifile_read_func,1262528,func,__text__
iosCdvdUnifileInfoGet,1262976,func,__text__
iosCdvdManager,1263048,func,__text__
iosCdvdDiskReady,1263584,func,__text__
iosCdvdLoad,1263616,func,__text__
iosCdvdPackLoad,1263672,func,__text__
iosCdvdBackGroundMgrAdd,1263704,func,__text__
cdWait,1264408,func,__text__
iosCdvdBackGroundRead,1265016,func,__text__
iosCdvdBackGroundReadIOPm,1265496,func,__text__
iosCdvdDirectStOpen,1265976,func,__text__
iosCdvdDirectStClose,1266480,func,__text__
iosCdvdChgFileName,1266544,func,__text__
iosCdvdGetFileLsn,1266704,func,__text__
iosCdvdSync,1266928,func,__text__
iosCdvdLoadPackFile,1266976,func,__text__
iosCdvdDiskStatusGet,1267104,func,__text__
iosCdvdBackGroundMgrDelete,1267112,func,__text__
iosCdvdBackGroundMgrNotDiskReadyPauseSet,1267128,func,__text__
iosCdvdBackGroundMgrDeleteRequestGet,1267160,func,__text__
iosCdvdBackGroundMgrEntryNum,1267232,func,__text__
iosCdvdBackGroundMgrSeek,1267288,func,__text__
iosCdvdBackGroundMgrGetRunning,1267296,func,__text__
iosCdvdDirectStRead,1267304,func,__text__
inflate_cd_read_func,1267400,func,__text__
iosCdvdBackGroundMgrInit,1267496,func,__text__
iosCdvdBackGroundMgr,1267552,func,__text__
iosCdvdDiskReadyBlock,1267736,func,__text__
huft_build,1267888,func,__text__
inflate_codes,1269880,func,__text__
inflate_stored,1271744,func,__text__
inflate_fixed,1272544,func,__text__
inflate_dynamic,1273152,func,__text__
inflate_start,1275480,func,__text__
close_inflate_handler,1275560,func,__text__
inflate,1275760,func,__text__
open_inflate_handler,1276984,func,__text__
fill_inbuf,1277128,func,__text__
huft_free,1277352,func,__text__
ios_init_plus,1277416,func,__text__
iosInitialize,1277656,func,__text__
iosSifAllocIopHeapDebug,1278128,func,__text__
new_mblock_node,1278296,func,__text__
reuse_mblock1,1278552,func,__text__
init_mblock,1278592,func,__text__
new_segment,1278608,func,__text__
reuse_mblock,1278776,func,__text__
strdup_mblock,1278864,func,__text__
iosMcMgrGetInfo,1279096,func,__text__
iosMcHandlerWrite,1279416,func,__text__
iosMcHandlerRead,1280432,func,__text__
iosMcMgrChdirProduct,1281344,func,__text__
iosMcMgrSaveSeg,1282016,func,__text__
iosMcMgrLoadSeg,1283088,func,__text__
iosMcMgrSaveProductBlock,1284040,func,__text__
iosMcMgrLoadProductBlock,1284056,func,__text__
iosMcMgrGetBlockSaveInfo,1284072,func,__text__
iosMcManager,1284520,func,__text__
iosMcMgrSync,1286160,func,__text__
iosMcTest,1286320,func,__text__
iosMcSync,1286328,func,__text__
iosMcGetInfo,1286352,func,__text__
iosMcFormat,1286416,func,__text__
iosMcUnformat,1286488,func,__text__
iosMcGetDir,1286560,func,__text__
iosMcDelete,1286632,func,__text__
iosMcSaveIconBlock,1286704,func,__text__
iosMcSaveProductBlock,1286776,func,__text__
iosMcLoadProductBlock,1286848,func,__text__
iosMcSaveGameBlock,1286920,func,__text__
iosMcLoadGameBlock,1286992,func,__text__
iosMcChdirProduct,1287064,func,__text__
iosMcGetBlockSaveInfo,1287136,func,__text__
product_write,1287208,func,__text__
product_read,1287584,func,__text__
gameblock_write,1287656,func,__text__
gameblock_read,1287736,func,__text__
iosMcIconWriteIconsys,1288056,func,__text__
iosMcIconWriteIcon,1288320,func,__text__
_iosMcIconWriteIconsys,1288584,func,__text__
iosMallocSetPartition,1288824,func,__text__
iosMallocResetPartition,1289368,func,__text__
iosMallocSetPartitionName,1289848,func,__text__
iosMallocClearPartition,1289984,func,__text__
_iosMallocDebug,1290424,func,__text__
iosMallocAlignDebug,1291568,func,__text__
_iosFreeWithFill,1292152,func,__text__
iosFree,1292320,func,__text__
iosMallocCheckLeak,1293528,func,__text__
iosMallocCheckLeak2,1294008,func,__text__
iosReallocDebug,1294336,func,__text__
iosMallocInitPartition,1294960,func,__text__
iosMallocDebug,1295232,func,__text__
iosMallocDebugNoAssert,1295496,func,__text__
deq_mes_th,1295528,func,__text__
iosMsgQueueCreate,1295576,func,__text__
iosMsgQueueDestroy,1295744,func,__text__
send_signal_message,1295880,func,__text__
iosMsgSetEvent,1296160,func,__text__
iosMsgInit,1296392,func,__text__
iosMsgSend,1296448,func,__text__
iosMsgRecv,1296712,func,__text__
iosMsgQueueDestroyAll,1296976,func,__text__
signal_handler,1297064,func,__text__
controler_stable_check,1297136,func,__text__
iosPadDevInit,1298544,func,__text__
iosPadDevReadFunc,1299112,func,__text__
iosPadRead,1299632,func,__text__
iosPadNormalizeStick,1299960,func,__text__
iosPadGetStick_func,1300400,func,__text__
iosPadActRequest,1300848,func,__text__
iosPadDevRead,1301112,func,__text__
iosPadGetPort,1301160,func,__text__
iosPadGetSlot,1301184,func,__text__
iosPadGetDevice,1301208,func,__text__
iosPadConnect,1301280,func,__text__
iosPadGetStick,1301312,func,__text__
iosPadStickCameraCoord,1301448,func,__text__
iosPadEnable,1301568,func,__text__
iosPadDisable,1301584,func,__text__
iosPadEnableGet,1301592,func,__text__
iosPadActInit,1301600,func,__text__
iosPadActStop,1301720,func,__text__
iosPadActStopAll,1301848,func,__text__
iosPadActVolumeSet,1301952,func,__text__
iosPadDevManager,1302024,func,__text__
iosPadActTickProc,1302096,func,__text__
iosPadDisconWait,1302360,func,__text__
iosPadErrorWait,1302368,func,__text__
Vibration_ShotDecode,1302376,func,__text__
Vibration_WaveDecode,1303048,func,__text__
Shock_Request,1303800,func,__text__
Shock_SetMotor,1304328,func,__text__
Init_ShockVoiceSet,1304688,func,__text__
Vibration_SetDecodeData,1304744,func,__text__
Init_ShockRequestBox,1304824,func,__text__
ShockRequestBox_Clear,1304864,func,__text__
ShockRequestBox_Regst,1304960,func,__text__
ShockRequestBox_Request,1304992,func,__text__
ShockRequestBox_DecodeRequest,1305392,func,__text__
ShockRequestBox_EndRequestFree,1305608,func,__text__
ShockRequestBox_VoiceSetUseRequestFree,1305696,func,__text__
ShockRequestBox_GetRequest,1305864,func,__text__
ShockRequestBox_RequestCancel,1305920,func,__text__
ShockRequestBox_RequestDirectCancel,1306048,func,__text__
Init_ShockDriver,1306160,func,__text__
ShockDriver_VoiceSet_NumberRegist,1306248,func,__text__
ShockDriver_VoiceSet_Regist,1306304,func,__text__
ShockDriver_VoiceSet_Remove,1306424,func,__text__
ShockDriver_GetShockVoiceMax,1306480,func,__text__
ShockDriver_GetShockVoiceSet,1306552,func,__text__
ShockDriver_GetShockVoice,1306600,func,__text__
Init_ShockEmulator,1306696,func,__text__
ShockEmulator_EmulationShot,1306712,func,__text__
ShockEmulator_EmulationWave,1306720,func,__text__
Init_ShockRequestAlloc,1306832,func,__text__
Get_ShockRequestStruct,1306904,func,__text__
Reset_ShockRequestStruct,1306968,func,__text__
ShockRevice_Wave,1306976,func,__text__
Init_Shock,1307184,func,__text__
Shock_SetShockVoiceSet,1307376,func,__text__
Init_Player,1307424,func,__text__
Init_Controler,1307480,func,__text__
Shock_RequestClear,1307496,func,__text__
Shock_Decode,1307592,func,__text__
dumyAllocFunc,1307776,func,__text__
Vibration_SetDecodeEnd,1307784,func,__text__
requestFree,1307832,func,__text__
iosThreadMain,1307944,func,__text__
iosThreadCreateS,1308056,func,__text__
iosThreadStart,1308592,func,__text__
iosThreadStop,1308608,func,__text__
iosThreadSleep,1308632,func,__text__
iosThreadDestroy,1308640,func,__text__
iosThreadSetPri,1308712,func,__text__
iosThreadMessage,1308800,func,__text__
iosThreadName,1308960,func,__text__
iosThreadSuspend,1308968,func,__text__
iosThreadResume,1308976,func,__text__
iosThreadInit,1308984,func,__text__
iosThreadCreate,1309416,func,__text__
iosThreadGetPri,1309832,func,__text__
iosGetIOSThreadFromId,1309896,func,__text__
iosThreadWakeup,1309968,func,__text__
iosThreadJoin,1310000,func,__text__
iosThreadCancelWakeup,1310128,func,__text__
iosSemaCreate,1310184,func,__text__
iosSemaDelete,1310320,func,__text__
iosSemaWait,1310440,func,__text__
iosSemaSignal,1310536,func,__text__
iosSemaReferStatus,1310616,func,__text__
iosThreadDestroyMgr,1310744,func,__text__
iosThreadAllQuit,1310984,func,__text__
isysGObjKindTableInit,1311088,func,__text__
isysGObjInit,1311112,func,__text__
cut_gobj_link,1311200,func,__text__
isysGObjRemoveAll,1311368,func,__text__
add_gobj_to_tail,1311704,func,__text__
add_gobj_to_head,1311912,func,__text__
isysGObjMove,1312120,func,__text__
isysGObjMoveHead,1312192,func,__text__
isysGObjAddAfterGObj,1312264,func,__text__
isysGObjAddBeforeGObj,1312568,func,__text__
isysGetNbAllocedGObjs,1312880,func,__text__
isysGObjAlloc,1312952,func,__text__
isysGObjRemove,1313072,func,__text__
isysGObjKindTableAdd,1313328,func,__text__
isysGObjKindTableRemove,1313552,func,__text__
isysGObjMoveAfterGObj,1313760,func,__text__
isysGObjMoveBeforeGObj,1313872,func,__text__
isysGObjAdd,1313984,func,__text__
isysGObjAddHead,1314248,func,__text__
isysGObjSearchFromObjLayoutID,1314512,func,__text__
isysGObjSearchFromObjKindID_begin,1314616,func,__text__
isysGObjSearchFromObjKindID_next,1314760,func,__text__
isysGObjSearchFromLabelTypeID,1314872,func,__text__
isysGObjGetExist_begin,1314960,func,__text__
isysGObjGetExist_next,1315040,func,__text__
isysGObjActiveLink,1315112,func,__text__
isysGObjActiveDlLink,1315168,func,__text__
cut_gobj_dl_link,1315224,func,__text__
isysGObjRemoveObjDL,1315392,func,__text__
add_gobj_to_tailDL,1315400,func,__text__
add_gobj_to_headDL,1315768,func,__text__
isysGObjMoveObjDL,1315976,func,__text__
isysGObjMoveObjDLHead,1316048,func,__text__
isysGObjLinkObjDL,1316120,func,__text__
isysGObjLinkObjDLHead,1316280,func,__text__
isysGObjLinkObjDLAfterGObj,1316320,func,__text__
isysGObjLinkObjDLBeforeGObj,1316424,func,__text__
isysGObjDlInit,1316528,func,__text__
isysGObjMoveObjDLAfterGObj,1316592,func,__text__
isysGObjMoveObjDLBeforeGObj,1316704,func,__text__
isysGObjProcessInit,1316816,func,__text__
isysGObjProcAdd_,1316824,func,__text__
cut_gobj_process_link,1317408,func,__text__
isysGObjProcRemove,1317536,func,__text__
isysGObjProcessAlloc,1317608,func,__text__
isysGObjProcAdd,1317728,func,__text__
isysGObjProcAddS,1317776,func,__text__
isysGObjProcAddGOppArg,1317824,func,__text__
isysGObjProcPause,1317872,func,__text__
isysGObjProcPauseAll,1317880,func,__text__
isysGObjProcPausePtr,1317936,func,__text__
isysGObjProcActive,1317984,func,__text__
isysGObjProcActiveAll,1318000,func,__text__
isysGObjProcRemoveAll,1318056,func,__text__
isysGObjProcThreadSleep,1318112,func,__text__
isysGObjProcAddSGOppArg,1318168,func,__text__
isysGObjProcActivePtr,1318216,func,__text__
free_gobj_process_resource,1318264,func,__text__
isysInitialize,1318272,func,__text__
iosOmInit,1318280,func,__text__
_iosOmMain,1318328,func,__text__
iosOmMain,1318880,func,__text__
iosOmCreateDL,1318888,func,__text__
iosOmExeEachGObj,1319160,func,__text__
iosOmExeEachGObjAll,1319264,func,__text__
iosOmReturnExeEachGObj,1319424,func,__text__
iosOmGetGObjStatus,1319576,func,__text__
iosOmSearchGObjId,1319624,func,__text__
iosOmSearchGObjIdAll,1319688,func,__text__
iosOmBeforeFuncStandard,1319784,func,__text__
iosOmSendMail,1319792,func,__text__
iosOmSendMailLink,1319864,func,__text__
iosOmExeMail,1319984,func,__text__
AdpcmStreamFree,1320216,func,__text__
adpcmTickProc2,1320224,func,__text__
adpcmDataSet,1320744,func,__text__
AdpcmPlay,1321720,func,__text__
AdpcmStop,1321768,func,__text__
AdpcmOpen,1321776,func,__text__
AdpcmClose,1322096,func,__text__
AdpcmInterStereoVolumeSet,1322504,func,__text__
AdpcmInterLeaveVolumeSet,1322776,func,__text__
AdpcmVolumeSet,1322824,func,__text__
adpcmPauseRequest,1322840,func,__text__
AdpcmStreamHeap,1322848,func,__text__
AdpcmStreamInit,1322952,func,__text__
AdpcmIopBuffAlloc,1323208,func,__text__
AdpcmNotUseIopAreaFree,1323328,func,__text__
AdpcmOpenSync,1323568,func,__text__
AdpcmFadeCloseAll,1323728,func,__text__
AdpcmUseAreaGet,1323784,func,__text__
AdpcmFreeAreaGet,1323840,func,__text__
AdpcmInterStereoVolumeSetAll,1323896,func,__text__
AdpcmInterLeaveVolumeGet,1324040,func,__text__
AdpcmVolumeGet,1324064,func,__text__
adpcmTickProc,1324080,func,__text__
adpcmDiskNotReady,1324304,func,__text__
adpcmDiskReturnReady,1324312,func,__text__
adpcmOpenProc,1324320,func,__text__
adpcmOpenDiskNotReady,1324360,func,__text__
soundInit,1324368,func,__text__
soundOutputModeSet,1324704,func,__text__
soundReverbDepthSet,1324720,func,__text__
soundAllocIopHeap,1324840,func,__text__
soundAllocIopFree,1324936,func,__text__
soundDataOpenChk,1324944,func,__text__
soundBufAlloc,1325640,func,__text__
soundBufSegFree,1326160,func,__text__
soundBDDataSet,1326440,func,__text__
soundDataOpen,1327120,func,__text__
soundDataOpenSync,1327360,func,__text__
soundDataClose,1327592,func,__text__
soundDataSegAllClose,1327936,func,__text__
soundSeVolSet,1328112,func,__text__
debug_DispSEInfo,1328624,func,__text__
sound3DParamSet,1330296,func,__text__
_soundSeDefPlay,1331272,func,__text__
_soundSeDefStop,1332512,func,__text__
soundSeDefStop,1332776,func,__text__
soundSeDefStopNoRelease,1332784,func,__text__
soundSeDefPitchSet,1332792,func,__text__
soundSeEnvPlay,1332856,func,__text__
soundSeEnvNotUseClose,1333400,func,__text__
soundDataSegNextStageNotUseClose,1334576,func,__text__
Ee2Iop,1334968,func,__text__
soundOutputModeGet,1335152,func,__text__
soundReverbDepthGet,1335160,func,__text__
soundBufAdpcmChAlloc,1335168,func,__text__
soundBufAdpcmFree,1335448,func,__text__
soundDataAreaSearch,1335480,func,__text__
soundDataAreaGet,1335552,func,__text__
soundHDDataSet,1335880,func,__text__
soundSQDataSet,1336232,func,__text__
soundSeDefPlay,1336584,func,__text__
soundSeDefPlayWithVolumeRate,1336672,func,__text__
soundSeDefVolumeRateGet,1336752,func,__text__
soundSeDefVolumeRateSet,1336816,func,__text__
soundSeGroupStop,1336872,func,__text__
soundSeGroupGet,1337032,func,__text__
soundSePlayModeStop,1337072,func,__text__
soundReqTickProc,1337208,func,__text__
soundVBlank,1337480,func,__text__
soundSeKindBuild,1337576,func,__text__
soundSeSemiCommonLoadChk,1337768,func,__text__
soundSeEnvDefaultSet,1337776,func,__text__
debug_req,1338064,func,__text__
sndBgmReadyNextStage,1338216,func,__text__
sndInit,1338312,func,__text__
sndManager,1338384,func,__text__
ACTGame_SaveActorInformation,1338560,func,__text__
ACTGame_DeleteActorInformation,1338640,func,__text__
EXITDATA_GetNextPosition,1338656,func,__text__
ACTGame_StageChangeGObj,1338864,func,__text__
ACTGame_SetActors_Debug,1339200,func,__text__
ACTGame_TryConnectHand,1339864,func,__text__
ACTGame_TryDisconnectHand,1339896,func,__text__
ACTGame_DisconnectHand_WithMail,1339928,func,__text__
ACTCheckView,1339968,func,__text__
ACTGameView_Loop,1340464,func,__text__
ACTGame_LwsEffectProcess,1341160,func,__text__
_ACTGame_SearchGObj,1341200,func,__text__
ACTLookTarget_Exec,1341664,func,__text__
ACTParaStatus_Clear,1341984,func,__text__
ACTParaStatus_Exec,1342000,func,__text__
_ACTCharStatus_Clear,1342440,func,__text__
GetSkeltonOrient,1342784,func,__text__
ACTGame_InnerVelocityUpdate,1342920,func,__text__
ACTGame_BeforeFunc,1343616,func,__text__
FunctionAboutClingedStatus,1345032,func,__text__
ACTEnvGetTest,1345656,func,__text__
ActOrientTest,1346896,func,__text__
GetGirlHandlinkClInfo,1353224,func,__text__
ACTGame_CommonLoop,1354568,func,__text__
ACTLookTargetSystem_Exec,1358736,func,__text__
ACTItemWatchMotion,1360672,func,__text__
ACTGame_InsertCamera_GirlIsPinch,1361472,func,__text__
RequestChangeHandMode,1362096,func,__text__
ACTNotNeedCameraOffset,1362368,func,__text__
ACTGameCollisionOn,1362424,func,__text__
ACTGameCollisionOff,1362464,func,__text__
ACTGame_CheckItemMotion,1362504,func,__text__
ACTGame_CheckHandMotion,1362552,func,__text__
ACTGame_StageChangeGObjID,1362632,func,__text__
ACTGame_StageChangeGObjDirect,1362760,func,__text__
ACTGame_FLAG_LIFEPINCH,1362944,func,__text__
ACTGame_FLAG_TETSUNAGI,1362992,func,__text__
ACTGame_FLAG_TETSUNAGI_VISUAL,1363032,func,__text__
GetSkeltonPosition,1363072,func,__text__
SetDirectRootPositionWithNodePointLimit,1363192,func,__text__
ACTGameView_Init,1363504,func,__text__
ACTCharctrl_Lock,1363528,func,__text__
ACTCharctrl_Unlock,1363600,func,__text__
ACTGame_ConnectHand,1363640,func,__text__
ACTGame_DisconnectHand,1363760,func,__text__
PAIR_GetPosition_BOY,1363896,func,__text__
PAIR_IsStatus_BOY_PULL,1363960,func,__text__
PAIR_IsStatus_GIRL_PULL,1364072,func,__text__
PAIR_IsStatus_BOY_WAIT,1364208,func,__text__
PAIR_GetPosition_BOY_DITCH,1364304,func,__text__
PAIR_IsStatus_BOY_DITCH,1364368,func,__text__
ACTGame_isHangChain,1364552,func,__text__
ACTGame_isWeaponEnableCatchfire,1364624,func,__text__
ACTCheckCollis_WF,1364696,func,__text__
ACTCheckCollis_W,1364960,func,__text__
ACTCheckCollis_CI,1365264,func,__text__
ACTCheckCollis_WELL,1365432,func,__text__
ACTCheckCollis_WAY,1365696,func,__text__
ACTCheckViewCl,1366024,func,__text__
ACTGameView_FirstSet,1366408,func,__text__
ACTGameView_Add,1366616,func,__text__
ACTGameView_Check,1366784,func,__text__
ACTGameViewSimple_Check,1366856,func,__text__
ACTGame_GetMotOrientFromWeapon,1366928,func,__text__
ACTGame_NoWeapon,1367000,func,__text__
ACTGame_isWeaponCombustible,1367072,func,__text__
ACTGame_GetNearestGObj,1367112,func,__text__
ACTLookTarget_Init,1367264,func,__text__
_ACTLookTarget_Set,1367288,func,__text__
ACTParaStatus_Init,1367392,func,__text__
_ACTParaStatus_Set,1367480,func,__text__
_ACTParaStatus_Check,1367520,func,__text__
_ACTCharStatus_Init,1367544,func,__text__
_ACTCharStatus_Set,1367560,func,__text__
_ACTCharStatus_Check,1367688,func,__text__
_ACTCharStatus_Exec,1367720,func,__text__
_ACTSetEnemyDisappearSpeed,1367728,func,__text__
ACTGame_SetMotionPlaySpeedRatio_Reserve,1367744,func,__text__
_ACTGame_GetParamF,1367784,func,__text__
ACTGame_GetCurrentCallStatus,1367808,func,__text__
ACTGame_CheckPriInputFrame,1368008,func,__text__
ACTGame_SendSoundMail,1368160,func,__text__
ACTGame_LwsEffectInit,1368344,func,__text__
ACTGame_LwsEffect_Guard,1368400,func,__text__
ActGame_GetOrientQ,1368568,func,__text__
_GetRootObjectOrient,1368736,func,__text__
ACTItemForceDrop,1368832,func,__text__
GetOtherStageGirlOrient,1368896,func,__text__
ACTChkAttackIgnore_BOY,1368984,func,__text__
ACTChkAttackIgnore_GIRL,1369064,func,__text__
ACTChkAttackIgnore_ENEMY,1369136,func,__text__
ACTCheckCollis_VIEW,1369312,func,__text__
ACTCheckViewClDetail,1369568,func,__text__
ACTGame_SetMotionPlaySpeedRatio_Clear,1369968,func,__text__
ACTGame_SetMotionPlaySpeedRatio_Exec,1370000,func,__text__
GetGirlPositionAtThisStage,1370208,func,__text__
ActPara_MakeTbl,1370272,func,__text__
ActPara_InitSystem,1370616,func,__text__
ActPara_GetDefTbl,1370680,func,__text__
ActPara_StatusToFlag,1370696,func,__text__
ActPara_DebugOut,1370720,func,__text__
ACTGetWish_FromPad,1370728,func,__text__
findChainInJump,1375568,func,__text__
CorrectOrient_RopeCliff,1377584,func,__text__
motBoyHand50,1378024,func,__text__
motBoyHand100,1378296,func,__text__
motBoyHand200,1378984,func,__text__
handoff_heroin,1379736,func,__text__
CheckCollisionAttr,1380728,func,__text__
BoyBgaManager,1381496,func,__text__
E3_StageStartBoy,1381784,func,__text__
GetChainSlope,1382096,func,__text__
subBoyControl,1382664,func,__text__
InitSwapWeapon,1388928,func,__text__
PutWeapon,1389240,func,__text__
OtherStageGirlPinchCamera_After,1389384,func,__text__
ACTDispLwsBoyStonize_InQueenStage,1389872,func,__text__
PrivInsCamProcess,1390016,func,__text__
subBoyCollision,1390512,func,__text__
actBoySwim,1395544,func,__text__
actBoyWalk,1396176,func,__text__
actBoyRun,1396544,func,__text__
actBoyAttack,1396912,func,__text__
actBoyTakeWeaponReady,1397480,func,__text__
actBoyTakeWeapon,1397872,func,__text__
actBoyCliffHesitate,1398360,func,__text__
ACTSendMail_PULLUP_GO,1398640,func,__text__
pullup_check_heroin_position,1399040,func,__text__
ditch_check_heroin_position,1399480,func,__text__
actBoyPullupReady,1399720,func,__text__
actBoyPullupGo,1400408,func,__text__
actBoyBelift,1400816,func,__text__
actBoyReadyMove,1401792,func,__text__
actBoyRescueReady,1402240,func,__text__
actBoyDitch3mReady,1403432,func,__text__
actBoyRescueGirlBhang,1404888,func,__text__
SetStatusBoy_OtherStageGirlPinch,1405480,func,__text__
actBoyStart,1405832,func,__text__
CorrectStickInfo,1406928,func,__text__
GetBoyWeaponGObj,1406984,func,__text__
actBoyStand,1407016,func,__text__
actBoyHang,1407120,func,__text__
actBoyBHang,1407176,func,__text__
actBoyFall,1407232,func,__text__
actBoyCall,1407296,func,__text__
actBoyHangBefore,1407416,func,__text__
actBoyBeslam,1407592,func,__text__
actBoyRescueSrc,1407680,func,__text__
actBoySupportGBBegin,1407728,func,__text__
actBoySupportGBLoop,1407792,func,__text__
actBoySupportGBEnd,1407884,func,__text__
actBoySupportBGBegin,1407952,func,__text__
actBoyDitch3mExec,1408000,func,__text__
actBoyHangG3M,1408048,func,__text__
IsAbleBoyControl,1408184,func,__text__
actBoyHand50,1408192,func,__text__
afterBoyHand50,1408320,func,__text__
actBoyHand100,1408376,func,__text__
afterBoyHand100,1408504,func,__text__
actBoyHand200,1408560,func,__text__
afterBoyHand200,1408688,func,__text__
ACTSearchEnemy,1408744,func,__text__
DeleteBoyWeapon,1409120,func,__text__
isLiftBoyEnable,1409264,func,__text__
SetKidnapInfo,1409304,func,__text__
GetKidnapInfo,1409328,func,__text__
PrivInsCamSet,1409360,func,__text__
BoyInfoUpdate_StageChange,1409456,func,__text__
IsBoyStatus_EnemyMustWait,1409672,func,__text__
IsGirlEscortedInNextStage,1409856,func,__text__
IsGirlEscortedInCurrentStage,1409880,func,__text__
GetSaveSofaLayoutID,1409888,func,__text__
OnGirlEscortFlag,1409968,func,__text__
SetBoyWeaponGObj,1410000,func,__text__
IsBoyStatus_NotDanger,1410104,func,__text__
RequestStageChangeKidnapEnd,1410168,func,__text__
GetEfStageCameraTargetID,1410344,func,__text__
IsBackFromEfStage,1410376,func,__text__
PrivInsCamChk,1410392,func,__text__
PrivInsCamChk_Control,1410408,func,__text__
GetBufpCharacterPacket,1410424,func,__text__
GetsizeCharacterPacket,1410440,func,__text__
MakeCharacterPacket,1410448,func,__text__
ReadCharacterPacket,1410776,func,__text__
ACTSearchGObj,1410976,func,__text__
afterBoySwim,1411336,func,__text__
actBoyJump,1411448,func,__text__
afterBoyTakeWeapon,1411496,func,__text__
afterBoyHangG3M,1411760,func,__text__
afterBoyRescueGirlBhang,1411776,func,__text__
subBoyBrainMain,1411808,func,__text__
SetBoyInfo,1411840,func,__text__
GetBoyRootPositionForCamera,1411896,func,__text__
Boy_Init,1412072,func,__text__
ACTSetPositionWithFitting,1412232,func,__text__
ACTSetPositionNoFitting,1412240,func,__text__
ACTSetPositionNodeWithFitting,1412248,func,__text__
ChangeMailInLadder,1412256,func,__text__
_ACTCorrectMsg,1412976,func,__text__
ACTGetOrientFromIntrK,1415840,func,__text__
ACTRunIntrCorrect,1417672,func,__text__
WithMailFunc_WayBeginPosError,1418304,func,__text__
WithMailFunc_AttackFail,1418312,func,__text__
WithMailFunc_AttackRejectInQueen,1418384,func,__text__
GetCorrectOrientOfChain,1418520,func,__text__
CollisCheckInRope,1418824,func,__text__
actCommonRope,1419264,func,__text__
motCommonRopeTurnR,1420136,func,__text__
motCommonRopeTurnL,1420472,func,__text__
actCommonRopeClimbEnd1,1420808,func,__text__
actCommonRopeCliff,1421768,func,__text__
TestCageUpDown,1422232,func,__text__
actCommonRopeSpecial,1423608,func,__text__
lever_nego1,1424640,func,__text__
SetDirectRootPositionXZ,1424712,func,__text__
actCommonLever,1424776,func,__text__
EBRAIN_SEND_MES,1425216,func,__text__
DamageFunc,1425256,func,__text__
DownFunc,1425416,func,__text__
actCommonDown,1425488,func,__text__
actCommonDie,1425816,func,__text__
actCommonCling,1427152,func,__text__
actCommonSlip,1427304,func,__text__
actCommonStoneDead,1427592,func,__text__
actCommonStone,1427816,func,__text__
actCommonSofa,1428200,func,__text__
BoxBarSoundOn,1428520,func,__text__
BoxBarSoundOff,1428576,func,__text__
_boxbar_set_sound,1428632,func,__text__
actCommonBox,1428872,func,__text__
actCommonBar,1430136,func,__text__
funcCommonJumpDircorrect,1430920,func,__text__
funcCommonFallDircorrect,1430936,func,__text__
correctJumpOrientByChain,1430952,func,__text__
actCommonJump,1431576,func,__text__
actCommonFall,1432224,func,__text__
debugDispFlyLimit,1434176,func,__text__
debugDispSphere,1434504,func,__text__
flyCoreLoop,1435944,func,__text__
actCommonFly,1439392,func,__text__
actCommonLadder,1439648,func,__text__
actCommonEdgeHang,1441176,func,__text__
funcCommonBeginReady,1441536,func,__text__
funcCommonEndReady,1441624,func,__text__
funcCommonEndExec,1441712,func,__text__
funcCommonError,1441800,func,__text__
SetMotionDirectionSmooze,1441888,func,__text__
_ACTDebugPrint,1442480,func,__text__
ACTSendMailCorrect,1443232,func,__text__
_ACTCommonMailTest,1443376,func,__text__
E3_LeverCheck,1444456,func,__text__
actCommonBecarry,1444648,func,__text__
subCommonIdle,1445416,func,__text__
ContinueCorrectPosition,1446856,func,__text__
actCommonTurn,1447184,func,__text__
actCommonBackhand,1447688,func,__text__
actCommonSlowrun,1448016,func,__text__
actCommonTruckLever,1448320,func,__text__
ACT_LAYOUT_GAMEOVER,1448640,func,__text__
ACTAdjustPlane,1448672,func,__text__
ACTAcceptMail,1448688,func,__text__
_ACTMotDirSmzDirect,1448776,func,__text__
WithMailFunc_Idling,1448936,func,__text__
WithMailFunc_BossDamaged,1449112,func,__text__
WithMailFunc_FallDead,1449136,func,__text__
actCommonRevive,1449288,func,__text__
actCommonReviveAir,1449416,func,__text__
actCommonPlay,1449496,func,__text__
actCommonOne,1449544,func,__text__
actCommonDelete,1449688,func,__text__
actCommonCatchFire,1449720,func,__text__
actCommonCatchFireBomb,1449840,func,__text__
actCommonPutFire,1449960,func,__text__
actCommonBoxReverbe,1450080,func,__text__
actCommonItem,1450136,func,__text__
actCommonClimb,1450184,func,__text__
actCommonCliffdown,1450256,func,__text__
actCommonLadderBellow,1450336,func,__text__
actCommonLadderBellowHang,1450648,func,__text__
actCommonEdge,1450736,func,__text__
actCommonDodge,1450832,func,__text__
actCommonDodgeJump,1451048,func,__text__
actCommonGuard,1451192,func,__text__
actCommonFallDamage,1451384,func,__text__
actCommonDamage,1451504,func,__text__
actCommonShoal,1451632,func,__text__
actCommonSwim,1451680,func,__text__
actCommonLever2,1451720,func,__text__
actCommonRopeTouchWall,1451872,func,__text__
actCommonRopeSwing,1452024,func,__text__
actCommonRopeTurn,1452272,func,__text__
actCommonRopeDownEnd,1452304,func,__text__
actCommonRopeJump,1452496,func,__text__
actCommonRopeJumpBefore,1452608,func,__text__
actCommonRopeTurnSpecial,1452656,func,__text__
actCommonRopeClimbEnd2,1452864,func,__text__
actCommonCornered,1452912,func,__text__
actCommonLookaround,1453016,func,__text__
actCommonTurnWarn,1453064,func,__text__
actCommonTurnStrict,1453248,func,__text__
actCommonPPipe,1453360,func,__text__
actCommonHandrail,1453392,func,__text__
actCommonOneWall,1453488,func,__text__
motCommonNull,1453544,func,__text__
motCommonBoxPush,1453584,func,__text__
motCommonBoxPull,1453728,func,__text__
motCommonBarPush,1453872,func,__text__
motCommonBarPull,1453920,func,__text__
motCommonLadderUp,1453976,func,__text__
motCommonLadderDown,1454104,func,__text__
motCommonSlip,1454248,func,__text__
motCommonRopejumpDircorrect,1454400,func,__text__
motCommonHangNone,1454528,func,__text__
motCommonHangWall,1454576,func,__text__
motCommonHangCliff,1454624,func,__text__
motCommonRopeTurnSpecialR,1454672,func,__text__
motCommonRopeTurnSpecialL,1455016,func,__text__
motCommonTruckLeverLoop,1455360,func,__text__
motCommonTruckLeverPull,1455448,func,__text__
motCommonTruckLeverPush,1455536,func,__text__
funcCommonRopeBefore,1455624,func,__text__
afterCommonRope,1455640,func,__text__
extraCommonNull,1455728,func,__text__
extraCommonCall,1455760,func,__text__
funcCommonWayOn,1455816,func,__text__
funcCommonSofaWakeup,1455840,func,__text__
_ACTMotReqResult,1455856,func,__text__
test_CURRENTORIENT,1455912,func,__text__
test_CURRENTROOT,1456024,func,__text__
StartCorrectPosition,1456216,func,__text__
IsCorrectPosition,1456552,func,__text__
ControlMotionOrient,1456584,func,__text__
FloorIsTruck,1456616,func,__text__
_ACTMotDir_V,1456696,func,__text__
ACTMotDirToWall,1456760,func,__text__
SetCorrectOrientOfChain,1456832,func,__text__
actAfterForceRope,1456888,func,__text__
actAfterForceRopeSwing,1456992,func,__text__
actAfterRopeJump,1457096,func,__text__
afterCommonRopeCliff,1457144,func,__text__
afterCommonRopeTurnSpecial,1457176,func,__text__
actAfterDown,1457208,func,__text__
afterCommonCling,1457312,func,__text__
actAfterSlip,1457352,func,__text__
afterCommonRevive,1457368,func,__text__
afterCommonStone,1457408,func,__text__
afterCommonBox,1457464,func,__text__
afterCommonBar,1457504,func,__text__
actAfterJump,1457592,func,__text__
actAfterFall,1457640,func,__text__
actAfterFly,1457744,func,__text__
ClipCollisionWithField,1457816,func,__text__
afterCommonOneWall,1457912,func,__text__
ACTCheckFlagAttack,1457928,func,__text__
afterCommonBecarry,1457952,func,__text__
afterCommonTruckLever,1458024,func,__text__
setBattleStatus,1458072,func,__text__
boss_effect_start,1458344,func,__text__
boss_effect_check_parts,1458776,func,__text__
boss_effect_process,1458848,func,__text__
_DoAwait,1459208,func,__text__
_DoAwaitGirl,1459328,func,__text__
_MustChase,1459448,func,__text__
subEnemyControl,1459712,func,__text__
subEnemyCollision,1460640,func,__text__
actEnemyAttack,1462080,func,__text__
actEnemyRestart,1462376,func,__text__
actEnemyForceSwitchToCarry,1463440,func,__text__
actEnemyKidnapEnd,1463920,func,__text__
actEnemyKidnapBegin,1465800,func,__text__
MoveChestForCatchBoy,1466320,func,__text__
actEnemyBodylift,1466808,func,__text__
actEnemyPickupBegin,1467848,func,__text__
CheckEnemyBrainMode,1468136,func,__text__
subEnemyBrainMain,1469296,func,__text__
subEnemyBrain_ToGenerator,1470816,func,__text__
enemy_dodge,1471232,func,__text__
enemy_dodge_to_boy,1471712,func,__text__
Battle_isCurrentStatus,1472128,func,__text__
GetFlyPosition,1472944,func,__text__
NakaBoss,1473696,func,__text__
subEnemyBrain_ToBoy,1474744,func,__text__
subEnemyBrain_ToGirl,1476744,func,__text__
_ApproachTarget_Boss,1477240,func,__text__
flyMailCore,1477784,func,__text__
_ApproachTarget_Way,1478128,func,__text__
actEnemyStart,1479832,func,__text__
subEnemyBrain_Attack,1481080,func,__text__
subEnemyBrain_Cling,1481944,func,__text__
funcEnemyAiGetGirl,1482296,func,__text__
actEnemyStand,1482328,func,__text__
actEnemyWalk,1482400,func,__text__
actEnemyRun,1482472,func,__text__
actEnemyHang,1482544,func,__text__
actEnemyCarry,1482616,func,__text__
actEnemyBodyslam,1482688,func,__text__
actEnemyBodyslamFail,1482760,func,__text__
actEnemyNest,1482824,func,__text__
funcEnemyCarryFail,1483016,func,__text__
actEnemyHyde,1483048,func,__text__
actEnemyFlagOnFree,1483128,func,__text__
afterCommonCarry,1483176,func,__text__
actEnemyFlagOnDead,1483272,func,__text__
EnemyBrainStatus_Boy,1483320,func,__text__
EnemyBrainStatus_Girl,1483344,func,__text__
actEnemyFlagCheckDead,1483368,func,__text__
actEnemyFlagCheckActive,1483408,func,__text__
ACTEnemyForceSwitchToCarry,1483488,func,__text__
actEnemy_GetClingTarget,1483576,func,__text__
actEnemy_isNormalEnemy,1483624,func,__text__
actEnemy_isLargeEnemy,1483648,func,__text__
actEnemy_isSmallEnemy,1483672,func,__text__
IsEnemyBrainToGenerator,1483696,func,__text__
IsEnemyBrainToBoy,1483808,func,__text__
GetEnemyTypeFromGObj,1483872,func,__text__
GetEnemyType,1483888,func,__text__
isEnemyKidnapEnable,1483896,func,__text__
isEnemyActive,1483992,func,__text__
GetMotherGeneratorLabelAskEnemy,1484104,func,__text__
GetMotherGeneratorGObjAskEnemy,1484120,func,__text__
subEnemyBrain_Idle,1484136,func,__text__
subEnemyBrain_Await,1484232,func,__text__
subEnemyBrain_FindGirl,1484416,func,__text__
subEnemyBrain_BodyGuard,1484824,func,__text__
subEnemyBrain_Shoulder,1485048,func,__text__
subEnemyBrain_Pickup,1485192,func,__text__
subEnemyBrain_Bodyslam,1485272,func,__text__
subEnemyBrain_Irregular,1485392,func,__text__
_BrainMode_SetDirect,1485664,func,__text__
EnemyUtil_TurnToBoy,1485712,func,__text__
FlyMail,1486072,func,__text__
boss_effect_callback,1486120,func,__text__
motEnemyStand,1486288,func,__text__
motEnemyWalk,1486360,func,__text__
motEnemyRun,1486448,func,__text__
actEnemyJump,1486536,func,__text__
EnemyUtil_isOtherStatus,1486608,func,__text__
isEnemyHyde,1486744,func,__text__
_ApproachTarget,1486792,func,__text__
afterEnemyBodylift,1486864,func,__text__
MakeCollisionDependGObjList,1486904,func,__text__
GetReflectionElement,1487144,func,__text__
clip_wall_1,1487464,func,__text__
clip_floor_1,1488880,func,__text__
DispCollisionPC,1489440,func,__text__
makeCollisionBlockTable,1489856,func,__text__
_Clip,1490464,func,__text__
__ClipWall,1491520,func,__text__
__ClipFloor,1491560,func,__text__
DrawGObjWallCollision,1491592,func,__text__
DrawGObjFloorCollision,1492280,func,__text__
DBG_VECTOR,1492848,func,__text__
GetEdgeOfFloor,1492960,func,__text__
DrawCollisionRay,1494544,func,__text__
MakeExitAttributeIndex,1495144,func,__text__
ClipFloorByGObj,1495480,func,__text__
ClipWallDebug,1495992,func,__text__
ClipWall,1496024,func,__text__
ClipWallR,1496056,func,__text__
ClipWallWaveForce,1496088,func,__text__
ClipWallFuchiHangWalkStop,1496120,func,__text__
ClipWallField,1496152,func,__text__
ClipWallEField,1496184,func,__text__
ClipWallBoxStop,1496216,func,__text__
ClipWallAdjustPos,1496248,func,__text__
ClipWallE,1496280,func,__text__
ClipWallCheckCB,1496312,func,__text__
ClipWallFieldCheckCB,1496352,func,__text__
ClipFloor,1496392,func,__text__
ClipFloorE,1496424,func,__text__
ClipFloorR,1496456,func,__text__
ClipFloorIH,1496488,func,__text__
ClipFloorCheckCB,1496520,func,__text__
ClipCollision,1496560,func,__text__
ChangeFieldCollisionDebugMode,1496672,func,__text__
LoadCollision,1496736,func,__text__
DrawCollision,1496808,func,__text__
ClipPlane,1497032,func,__text__
GetOrientOfWall,1497328,func,__text__
SetSimplePlane,1497656,func,__text__
GetWallAttribute,1497680,func,__text__
GetFloorAttribute,1497712,func,__text__
CompareAttribute,1497744,func,__text__
GetWallGlobalInfo,1497840,func,__text__
GetDistanceFromPlane,1498032,func,__text__
GetYDistanceFromPlane,1498080,func,__text__
GetYProjectionOfPlane,1498152,func,__text__
ResetCollisionPC,1498216,func,__text__
PositionOfExit,1498264,func,__text__
GetGlobalWallPlane,1498328,func,__text__
_clipWDebug,1498552,func,__text__
_clipW,1498848,func,__text__
_clipWE,1499184,func,__text__
_clipWEField,1499552,func,__text__
_clipWR,1499904,func,__text__
_clipWField,1500240,func,__text__
_clipWDitchHangWalkStop,1500560,func,__text__
_clipWWaveForce,1500880,func,__text__
_clipWBoxStop,1501200,func,__text__
_clipWAdjustPos,1501560,func,__text__
_clipF,1501880,func,__text__
_clipFE,1502176,func,__text__
_clipFIH,1502504,func,__text__
_clipFR,1502824,func,__text__
__ClipWallWithDrawRay,1503120,func,__text__
__ClipFloorWithDrawRay,1503336,func,__text__
ClipWallRD,1503552,func,__text__
ClipWallVector,1503592,func,__text__
MapCollisionData,1503688,func,__text__
fzShowV,1503720,func,__text__
fzShowM,1503824,func,__text__
fzMagnitude2f,1503920,func,__text__
fzMagnitude3f,1503960,func,__text__
fzMagnitudefv,1504008,func,__text__
fzMagnitude2fv,1504048,func,__text__
fzMagnitudeByLine,1504192,func,__text__
fzMagnitudeByLineSeg,1504368,func,__text__
GetEyeDirection,1504768,func,__text__
funcGirlHandDisconnect,1504904,func,__text__
motGirlHand50,1504944,func,__text__
motGirlHand100,1505336,func,__text__
motGirlHand200,1505784,func,__text__
GirlBrainClearTarget,1506336,func,__text__
SetTurnSpeedInEscape,1506352,func,__text__
girlBrainMain_MakeOthersList,1506904,func,__text__
girlBrainHideCheckIntercept,1508624,func,__text__
girlBrainMain_CheckWarningMode,1509104,func,__text__
girlBrainMain_DecideMode,1509800,func,__text__
girlBrainMain_PositionUpdate,1511472,func,__text__
girlBrainMain_Init,1511552,func,__text__
subGirlBrainMain,1511816,func,__text__
subGirlBrain_PulledUp,1516720,func,__text__
ATGoalTurnMail,1517856,func,__text__
checkWaterfallResult,1518208,func,__text__
subGirlBrain_Attract,1518848,func,__text__
_girlBrainHide_MakeHidePoint,1524896,func,__text__
girlBrainHide_GoalTurn,1525496,func,__text__
subGirlBrain_Hide,1526168,func,__text__
girlBrainRunawaySearchPoint,1527376,func,__text__
girlBrainRunawayMoveByWay,1528808,func,__text__
subGirlBrain_Escape,1529480,func,__text__
ClipTwinVector,1531080,func,__text__
Danger_Bomb,1531944,func,__text__
Danger_Gondola,1533296,func,__text__
Danger_Box,1535016,func,__text__
Danger_Rotobject,1536832,func,__text__
subGirlBrain_HideAdvance,1537312,func,__text__
isEnterHideadv_EnemyLocation,1537752,func,__text__
isEnterHideadv,1538200,func,__text__
WayTest,1538480,func,__text__
subGirlControl,1539000,func,__text__
subGirlCollision,1541568,func,__text__
actGirlHand,1546560,func,__text__
actGirlPulledReady,1549352,func,__text__
actGirlPulledGo,1549688,func,__text__
actGirlDitch3mReady,1550136,func,__text__
actGirlReadyMove,1550368,func,__text__
actGirlRescueDst,1550784,func,__text__
actGirlSupportBGBegin,1551504,func,__text__
actGirlStart,1551848,func,__text__
GirlAct_BoyAndMeCollisionMail,1552328,func,__text__
IsGirlStatusEscortEnable,1552720,func,__text__
DebugDispAutoEscort,1553128,func,__text__
actGirlHintPoint,1553712,func,__text__
ACTGame_GirlBeforeFunc,1554272,func,__text__
FindGirlPullupFloorBoxGObj,1554520,func,__text__
actGirlSupportGBBegin,1554592,func,__text__
actGirlSupportGBLoop,1554800,func,__text__
actGirlSupportGBEnd,1554896,func,__text__
actGirlHangG3M,1554944,func,__text__
actGirlDitch3mExec,1555016,func,__text__
actGirlStand,1555272,func,__text__
actGirlWalk,1555344,func,__text__
actGirlRun,1555416,func,__text__
actGirlHang,1555488,func,__text__
actGirlBHang,1555760,func,__text__
actGirlAttack,1556008,func,__text__
actGirlBecall,1556080,func,__text__
actGirlBehanged,1556328,func,__text__
actGirlAttractAction,1556464,func,__text__
actGirlHintVoice,1556512,func,__text__
actGirlCannotReach,1556584,func,__text__
actGirlHand50,1556712,func,__text__
afterGirlHand50,1556880,func,__text__
actGirlHand100,1556944,func,__text__
afterGirlHand100,1557072,func,__text__
actGirlHand200,1557136,func,__text__
afterGirlHand200,1557264,func,__text__
NotNeedBackHand,1557328,func,__text__
SetGirlDangerGObj,1557416,func,__text__
ClearGirlDangerGObj,1557448,func,__text__
subGirlBrain_Idle,1557480,func,__text__
subGirlBrain_Hesitate,1557528,func,__text__
subGirlBrain_Becarry,1557704,func,__text__
subGirlBrain_Busy,1557752,func,__text__
subGirlBrain_DangerEnv,1558016,func,__text__
enemy_list_compare,1558192,func,__text__
ACTCheckCollis_SAFE,1558224,func,__text__
afterGirlHand,1558592,func,__text__
afterGirlPulledGo,1558656,func,__text__
actGirlJump,1558688,func,__text__
afterGirlSupportBGBegin,1558760,func,__text__
isMustCheckCylinder,1558792,func,__text__
afterGirlHintPoint,1558864,func,__text__
jimaku_display_texture,1558920,func,__text__
iosCdvdBackGroundReadJimaku,1559328,func,__text__
jimakuHandler,1559424,func,__text__
jimakuMgrBegin,1559944,func,__text__
jimakuMgrNext,1560568,func,__text__
jimakuMgrJump,1561024,func,__text__
jimakuMgrEnd,1561232,func,__text__
jimakuBegin,1561304,func,__text__
jimakuNext,1561336,func,__text__
jimakuJump,1561384,func,__text__
jimakuEnd,1561512,func,__text__
jimakuDisp,1561528,func,__text__
jimakuManager,1561816,func,__text__
jimakuUndisp,1562048,func,__text__
_FUNC_GetWay_begin,1562064,func,__text__
avoid_obstacle2,1563216,func,__text__
create_box_bridge,1565152,func,__text__
GetWay_next,1565840,func,__text__
GetNearNigePointN,1567392,func,__text__
GetWay_begin,1569016,func,__text__
BridgeBox,1569048,func,__text__
DeleteGuideWay,1569056,func,__text__
visible_waypoint_of_all_except_gid,1569152,func,__text__
visible_waypoint_of_all_except_gid_ThreadVersion,1569552,func,__text__
visible_waypoint_of_all_except_temp,1569976,func,__text__
visible_waypoint_of_all_except_temp_ThreadVersion,1570408,func,__text__
ez_line,1570864,func,__text__
ez_circle,1570880,func,__text__
short_direction_between_wp,1570896,func,__text__
wgid_next,1571384,func,__text__
WayUtilWorkAlloc,1571880,func,__text__
WayUtilWorkFree,1572168,func,__text__
shortest_path,1572264,func,__text__
shortest_path_ThreadVersion,1572968,func,__text__
GetWgAll,1573696,func,__text__
set_check_wp,1574400,func,__text__
set_bridge,1574744,func,__text__
nearest_waypoint_of_group,1575456,func,__text__
nearest_waypoint,1575608,func,__text__
nearest_waypoint_from_gobj,1575768,func,__text__
nearest_waypoint_by_lineseg_of_group,1575936,func,__text__
nearest_waypoint_by_lineseg,1576112,func,__text__
nearest_waypoint_by_lineseg_of_group_from_gobj,1576296,func,__text__
nearest_waypoint_by_lineseg_from_gobj,1576488,func,__text__
waypoint_with_range,1576680,func,__text__
nearest_waypoint_of_all_except_group,1576824,func,__text__
nearest_waypoint_of_all_not_bridge_except_group,1576992,func,__text__
nearest_waypoint_of_all,1577216,func,__text__
visible_waypoint_of_all,1577384,func,__text__
visible_waypoint_of_all_from_gobj,1577416,func,__text__
visible_waypoint,1577464,func,__text__
visible_waypoint_from_gobj,1577744,func,__text__
get_wp_nearest_bridge_side_me,1578040,func,__text__
get_wp_nearest_bridge_side_bridge,1578184,func,__text__
direction_across_bridge,1578328,func,__text__
waybridge_between_group,1578472,func,__text__
bridge_waypoint_side_me,1578632,func,__text__
waypoint_connect_group_side_me,1578800,func,__text__
bridge_waypoint_side_bridge,1578872,func,__text__
waypoint_connect_group_side_bridge,1579048,func,__text__
NearestWgFromTarget,1579120,func,__text__
wayUtil_wpsort_compfnc,1579208,func,__text__
gflagInit,1579264,func,__text__
gflagSave,1579424,func,__text__
gflagLoad,1579512,func,__text__
gflagChk,1579592,func,__text__
gflagOn,1579632,func,__text__
gflagOff,1579680,func,__text__
scpTorchLightOn,1579728,func,__text__
scpTorchLightOff,1579776,func,__text__
scpSetCageVelocityFriction,1579824,func,__text__
scpPlayMotDir,1579888,func,__text__
scpPlayMotDirSmz,1579952,func,__text__
scpPlayMot,1580056,func,__text__
scpPlayJump,1580288,func,__text__
scpPlayStart,1580360,func,__text__
scpPlayEnd,1580424,func,__text__
scpTrans,1580480,func,__text__
scpTriggerBallTargetMan,1580496,func,__text__
scpDoorTypeUpDown,1580928,func,__text__
scpDoorTypeUpUp,1581264,func,__text__
scpSubAdpcmPlay,1581600,func,__text__
scpAdpcmCloseFunc,1582064,func,__text__
scpGirlHintVoiceReady,1582200,func,__text__
scpGirlHintVoicePlay,1582584,func,__text__
scpGirlHintVoiceTickProc,1582616,func,__text__
scpWoodSrh,1583120,func,__text__
scpSekizou,1584216,func,__text__
_SCPBoySupportGirl,1585816,func,__text__
_SCPMoveCharactorByWay_Cancel,1586424,func,__text__
scpSekizouCheckPoint,1586472,func,__text__
scpWakeupEnemyOne,1586600,func,__text__
scpSleepEnemyOne,1586656,func,__text__
scpSleepSpiderGroupOne,1586712,func,__text__
scpWakeupSpiderGroupOne,1586760,func,__text__
scpKillSpiderGroup,1586808,func,__text__
preload,1586840,func,__text__
scpSetBoyWeaponGObj,1586936,func,__text__
scpDispOffAllWithKind,1586944,func,__text__
scpDispOnAllWithKind,1587008,func,__text__
scpActivateAllWithKind,1587080,func,__text__
scpDisActivateAllWithKind,1587144,func,__text__
scpLinkBGAtoLayoutedTarget,1587208,func,__text__
scpLinkBGAtoLayoutedTargetSkelton,1587272,func,__text__
scpLinkBGAtoLayoutedTargetSkeltonWithLocalRotationFlag,1587408,func,__text__
scpLinkBGAtoKindTargetSkeltonWithLocalRotationFlag,1587560,func,__text__
scpGetWallCollision,1587712,func,__text__
scpDoorTypeUp,1588072,func,__text__
scpDoorTypeUpSwitch,1588360,func,__text__
scpAdpcmPlayRequestFunc,1588504,func,__text__
scpAdpcmPlayRequestNum,1588616,func,__text__
scpAdpcmFadeCloseFunc,1588672,func,__text__
scpAdpcmCloseChkFunc,1588832,func,__text__
scpDeamon,1588952,func,__text__
scpGirlHintVoiceCancel,1589120,func,__text__
scpWoodBox,1589272,func,__text__
scpIsTorchLightOn,1589368,func,__text__
scpIsBombExplode,1589432,func,__text__
scpGetRotObjectRotCount,1589520,func,__text__
scpIsRotObjectZPlusDirInclude,1589584,func,__text__
scpTransLinear,1589784,func,__text__
scpRotateLinear,1590000,func,__text__
scpTriggerPosBall,1590320,func,__text__
scpTriggerBall,1590560,func,__text__
scpTriggerFloorAttr,1590840,func,__text__
scpTriggerWallAttr,1591088,func,__text__
scpTriggerFloorAttrTargetMan,1591336,func,__text__
scpTriggerPosBox,1591712,func,__text__
scpEffectStart,1592024,func,__text__
scpSleepEnemyAll,1592096,func,__text__
scpWakeupEnemyAll,1592232,func,__text__
scpKillEnemyAll,1592368,func,__text__
scpMaskGeneratorAll,1592544,func,__text__
scpKillEnemyOne,1592616,func,__text__
_SCPMoveCharactorByWay,1592704,func,__text__
_SCPMoveByWay_ToChar,1592904,func,__text__
_SCPCharacterStop,1593256,func,__text__
scpSearchGObj,1593296,func,__text__
scpPlayMotNode,1593328,func,__text__
scpPlayMotReq,1593480,func,__text__
scpPlayPosSet,1593528,func,__text__
scpPlayWaitMotEnd,1593648,func,__text__
InitStageChange,1593712,func,__text__
RequestStageChange,1593720,func,__text__
RequestStageChangeWithColor,1593760,func,__text__
RequestStageChangeSimple,1594088,func,__text__
RequestStageChangeDirect,1594168,func,__text__
scpFadeOut,1594264,func,__text__
scpFadeIn,1594296,func,__text__
scpFadeChk,1594320,func,__text__
scpGameStat_BoyWeaponkind,1594360,func,__text__
scpIsWallLever2On,1594408,func,__text__
scpIsHangChain,1594440,func,__text__
scpIsHangChainOptional,1594472,func,__text__
scpBornSpider,1594536,func,__text__
scpActStatusDeathFall,1594824,func,__text__
scpSetStreamMotionRootOffset,1595064,func,__text__
scpWakeupItemWithBoundary,1595120,func,__text__
scpCheckReadyAllObjects,1595296,func,__text__
ScpCallCameraSetTarget,1595328,func,__text__
ScpCallCameraGetTarget,1595448,func,__text__
ScpCallCameraOff,1595488,func,__text__
ScpCallCameraOn,1595536,func,__text__
ScpCallCameraTargetOff,1595576,func,__text__
scpTransGObj,1595624,func,__text__
scpExplodeSecretItem,1595752,func,__text__
scpCheckExistAliveEnemy,1595880,func,__text__
scpCheckExistAliveSpider,1596008,func,__text__
scpLockMaxRotate,1596136,func,__text__
scpUnlockMaxRotate,1596176,func,__text__
scpGetRotObjectCurrentRot,1596216,func,__text__
scpCheckDisconnectWallStart,1596280,func,__text__
scpCheckDisconnectWallEnd,1596312,func,__text__
scpTriggerIgnore,1596360,func,__text__
scpDoorTypeUpMain,1596576,func,__text__
actSt25aQueenAppear,1596624,func,__text__
actSt25aQueenAppearChk,1597024,func,__text__
actConte11,1597272,func,__text__
actSt25aQueenTalkChk,1597984,func,__text__
actConte12,1599312,func,__text__
actConte12Jimaku,1600576,func,__text__
actSt25aQueenDeadChk,1601160,func,__text__
actConte13Jimaku,1602296,func,__text__
BoySekikaTexScroll,1602720,func,__text__
actSt25aElevChk,1602768,func,__text__
actSt25aGenerator,1603440,func,__text__
actSt25aQueenBefore,1603480,func,__text__
actSt25aQueenTalk,1603608,func,__text__
actSt25aQueenDeadReady,1603752,func,__text__
actSt25aQueenDead,1603856,func,__text__
actItouQueenAttack,1603960,func,__text__
actSt25aElev,1604064,func,__text__
actSwordEff,1604264,func,__text__
actSwordEffXL,1604328,func,__text__
actSt25aQueenBeforeChk,1604432,func,__text__
actConte11Jimaku,1604552,func,__text__
actSt25aQueenDeadReadyChk,1604912,func,__text__
actSt25aQueenDeadEvent,1605088,func,__text__
actItouQueenAttackChk,1605104,func,__text__
actSt25aElevCharaChk,1605240,func,__text__
warpGirlOutStage,1605376,func,__text__
warpGirlInStage,1605976,func,__text__
warpGirlInit,1606264,func,__text__
inner_check,1606272,func,__text__
MakeAttackPack_Actor,1606800,func,__text__
AttackCheckSameGroup,1607688,func,__text__
AttackMail,1608112,func,__text__
AttackCheckHit,1608832,func,__text__
AttackGenerate,1609992,func,__text__
EnemyAttackCenter,1610648,func,__text__
BoyAttackCenter,1610656,func,__text__
CommonAttackCenter,1610664,func,__text__
_AttackCenter,1610712,func,__text__
AttackCenter_WithDir,1611136,func,__text__
brainAddLevelGirl,1611576,func,__text__
brainInit,1611608,func,__text__
OverrideBrainStatusByGObj,1611696,func,__text__
brainStatusDefaultSet,1611776,func,__text__
brainLevelProcess,1612104,func,__text__
brainGetTarget,1612768,func,__text__
brainStatusDel,1613640,func,__text__
brainGetLevel,1613648,func,__text__
brainClsTargetLevel,1613688,func,__text__
brainInitGirlSet,1613904,func,__text__
brainAddLevelGirlDetail,1614024,func,__text__
brainAddLevelGop,1614120,func,__text__
brainSubLevelGop,1614232,func,__text__
brainSetLevelGop,1614352,func,__text__
brainDecTargetTimer,1614512,func,__text__
brainSetSpMode,1614656,func,__text__
brainLockGirl,1614672,func,__text__
brainUnlockGirl,1614688,func,__text__
brainAddLevel,1614704,func,__text__
brainSetLevel,1614784,func,__text__
brainCheckView,1614920,func,__text__
EnterMenu,1614968,func,__text__
saveEditedDataBinary,1615152,func,__text__
saveEditedData,1615480,func,__text__
gif_test,1616240,func,__text__
DebugDispBox,1616472,func,__text__
DispCameraGroup,1618112,func,__text__
drawXZArrow,1620112,func,__text__
DispAxisArrow,1620456,func,__text__
dispCameraPinType2,1620960,func,__text__
CameraEdit_DispPinType2,1622008,func,__text__
dispCameraGroupType2,1622024,func,__text__
CameraEdit_DispBoxType2_Plane,1624544,func,__text__
CameraEdit_DispBoxType2,1625528,func,__text__
menuGroupSelect,1625536,func,__text__
menuGroupEdit,1626128,func,__text__
menuPinSelect,1627136,func,__text__
menuPinEdit,1628352,func,__text__
wakeup_cameraedit,1630416,func,__text__
test_camedit,1630544,func,__text__
_CameraEdit_del_box,1630568,func,__text__
_CameraEdit_del_pin,1630912,func,__text__
CameraEdit_add_box,1631296,func,__text__
CameraEdit_add_pin,1632040,func,__text__
CameraEdit_del_box,1632728,func,__text__
CameraEdit_del_pin,1632784,func,__text__
CameraEdit_DispBox,1632856,func,__text__
CameraEdit_Reflect,1632864,func,__text__
CameraEdit_Save,1632880,func,__text__
debug_NMarker,1632896,func,__text__
debug_Marker,1633016,func,__text__
debug_Arrow,1633024,func,__text__
InitCameraEditor,1633032,func,__text__
debug_CameraEditor,1633048,func,__text__
CameraEdit_reset_box,1633136,func,__text__
CameraEdit_reset_pin,1633480,func,__text__
CameraEdit_reflect_box,1633760,func,__text__
CameraEdit_reflect_pin,1634104,func,__text__
CameraEdit_BOX_NUMBER,1634384,func,__text__
CameraEdit_PIN_NUMBER,1634400,func,__text__
CameraEdit_PIN_NUMBER_ALL,1634472,func,__text__
CameraEdit_BOX,1634536,func,__text__
CameraEdit_PIN,1634560,func,__text__
CameraEdit_DispPin,1634600,func,__text__
ConvertCameraSetBuffer,1634984,func,__text__
StickToTrans,1635352,func,__text__
menu_2,1635728,func,__text__
camEdit_group_select,1635832,func,__text__
_CameraEdit_BOX,1635944,func,__text__
_CameraEdit_PIN,1635968,func,__text__
_CameraEdit_add_box,1636008,func,__text__
_CameraEdit_add_pin,1636384,func,__text__
CameraEdit_Enter,1636728,func,__text__
CameraSetCameraSet,1636736,func,__text__
CameraSetCameraSet_Default,1636840,func,__text__
GetRootPositionForCamera,1636872,func,__text__
ico2camera_GetTargetPos,1636904,func,__text__
ico2camera_GetGroupNearest,1637544,func,__text__
initMonitorCamera,1637928,func,__text__
monitorMonitorCamera,1637968,func,__text__
ChaseCamera,1640320,func,__text__
CameraMove,1640728,func,__text__
ReflectCameraSetBinary,1643152,func,__text__
InitIco2Camera,1643952,func,__text__
GetTargetOffset,1644144,func,__text__
SetCameraMatrix_Ico2,1644624,func,__text__
ReadCameraSet,1646048,func,__text__
GetHandCameraStickInfo,1649272,func,__text__
SetCameraZoomOffsetRatio,1649504,func,__text__
GetCameraGroupCurrent,1649512,func,__text__
GetCameraGroupFromGObj,1649520,func,__text__
GetCameraGroupFromPosition,1649736,func,__text__
AddPluralCameraSet,1649936,func,__text__
InitPluralCameraSet,1650112,func,__text__
GetPluralCameraSet,1650120,func,__text__
MakeCameraSetBinary,1650288,func,__text__
GetSizeOfCameraSetBinary,1650920,func,__text__
SetCameraTargetPosition,1650992,func,__text__
SetWSMatrix,1651144,func,__text__
ConvertCameraSet,1651200,func,__text__
MakeMatrixFromCameraSet2,1651536,func,__text__
MakeCameraMatrix,1651712,func,__text__
CameraEditManual,1651984,func,__text__
DebugCameraManual,1653176,func,__text__
DebugCameraSemiAuto,1653232,func,__text__
BackToGameCamera,1653424,func,__text__
GetCameraInfomationFromGlobalPosition,1653688,func,__text__
InitCamera,1653736,func,__text__
SetCameraMatrix,1654128,func,__text__
Camctrl_ExitEveRock,1656944,func,__text__
Camctrl_SetTarget,1656992,func,__text__
GetCameraDefaultTargetGObj,1657040,func,__text__
CameraSetTargetGObj,1657096,func,__text__
CameraChangeTargetParallel,1657112,func,__text__
CameraGetTarget,1657304,func,__text__
CameraGetTargets,1657312,func,__text__
CameraSetMode,1657336,func,__text__
CameraGetMode,1657352,func,__text__
CameraGetOtherObjOffset,1657360,func,__text__
InsertCamera_Set,1657592,func,__text__
InsertCamera_SetNoraml,1657760,func,__text__
InsertCamera_SetDetail,1657936,func,__text__
InsertCamera_Exec,1658152,func,__text__
GetCurrentCameraSet2,1658280,func,__text__
SetCameraFlag_LwsCutBack,1658296,func,__text__
SetCameraFlag_GamecamCutBack,1658312,func,__text__
SetHandCameraLimitInDemo,1658328,func,__text__
ResetHandCameraLimitInDemo,1658344,func,__text__
SetZoomMaxValInDemo,1658376,func,__text__
ResetZoomMaxValInDemo,1658384,func,__text__
UpdateHandCameraLimitP,1658400,func,__text__
UpdateHandCameraLimitV,1658424,func,__text__
UpdateZoomMaxVallInDemo,1658448,func,__text__
InsertCamera_isEnable,1658472,func,__text__
CameraSetCameraPosition,1658488,func,__text__
CameraSetTargetPos,1658576,func,__text__
GetCameraPos,1658584,func,__text__
GetCameraInfo_tmp,1658616,func,__text__
testcamerazoom,1658696,func,__text__
SetMonitorCameraInitializeFlag,1658712,func,__text__
InitCameraSetManager,1658728,func,__text__
UpdateRootPosition,1658736,func,__text__
StartPendulum,1659000,func,__text__
collisionCheck,1659672,func,__text__
chain_simulate_term_simple,1660008,func,__text__
chain_simulate_term_ropeturn,1660344,func,__text__
chain_simulate_term_loop,1660456,func,__text__
chain_simulate_term_swingready,1660656,func,__text__
chain_simulate_term_swingstart,1660952,func,__text__
chain_simulate_term_moveup,1661528,func,__text__
chain_simulate_term_free,1661944,func,__text__
chain_simulate_term_down,1662144,func,__text__
chain_simulate_hangstart,1662640,func,__text__
chain_simulate_term,1662824,func,__text__
chain_simulate_stop,1662912,func,__text__
chain_simulate_free,1663096,func,__text__
correct_vector,1663344,func,__text__
pendulum_Process,1663744,func,__text__
InitChainGeo,1664808,func,__text__
chain_set_charachara,1666280,func,__text__
ChainGeo,1666624,func,__text__
ChainDL,1669240,func,__text__
GetPositionOnTheChain,1669584,func,__text__
PlumbPointUpdateChain,1669920,func,__text__
TestChainUpDown,1670312,func,__text__
SetChainRootUpdateMode,1672664,func,__text__
HoldChain,1672752,func,__text__
ReleaseChain,1672800,func,__text__
GetChainPendulum,1672816,func,__text__
IncreasePdlChain,1672880,func,__text__
DecreasePdlChain,1672904,func,__text__
PlumbOrientUpdateChain,1672952,func,__text__
isBottomOfChain,1672992,func,__text__
isStopChain,1673024,func,__text__
GetChainClimbOrient,1673040,func,__text__
CheckChainClimbablePos,1673080,func,__text__
GetChainClimbCollision,1673120,func,__text__
SetChainParentGObj,1673160,func,__text__
GetChainDirCorrectVal,1673176,func,__text__
GetRootPositionHandExtra,1673232,func,__text__
InitPendulum,1673344,func,__text__
LockChainGeo,1673656,func,__text__
UnLockChainGeo,1673680,func,__text__
GetChainHangRange,1673696,func,__text__
GetChainLength,1673712,func,__text__
EnableChainHang,1673752,func,__text__
UnableChainHang,1673776,func,__text__
IsAbleChainHang,1673792,func,__text__
ChainPositionReset,1673808,func,__text__
_GetCorrectOrientOfChain,1673976,func,__text__
chain_sub_simulate,1674272,func,__text__
chain_sub_pendulum,1674744,func,__text__
GetChainNearestNodePosition,1674888,func,__text__
eBrainProcess,1675120,func,__text__
eBrainGetTargetGeneratorFromLabel,1675696,func,__text__
eBrainGetTarget,1676144,func,__text__
eBrainInit,1678568,func,__text__
eBrainStatusSet,1678640,func,__text__
eBrainSendMes,1678816,func,__text__
GetStageFromLabel,1679072,func,__text__
eBrainGetTargetGeneratorFromLabelStage,1679280,func,__text__
EnemyCtrlBeforeFunc,1679552,func,__text__
InitEnemyCtrlGeo,1679688,func,__text__
IsSelectID_EnemyCtrl,1679712,func,__text__
fightSoundProcessMain,1679792,func,__text__
fightSoundProcess,1680272,func,__text__
fightSoundProcessRequestPause,1680512,func,__text__
fightSoundClose,1680528,func,__text__
fightSoundProcessRequestStart,1680584,func,__text__
fightSoundProcessRequestStatus,1680592,func,__text__
fightSoundPlayChk,1680600,func,__text__
CheckGeneratorCollision,1680616,func,__text__
GetGeneratorSafePosition,1680952,func,__text__
switch_MainStatus,1681592,func,__text__
endfunc_BGA,1681872,func,__text__
IsNeedGeneratorHard,1682232,func,__text__
CallEnemy,1682984,func,__text__
Generator_QuickCall,1683576,func,__text__
Generator_Delete,1683640,func,__text__
GetMotherGenerator,1683648,func,__text__
ReadGeneratorPacket,1684080,func,__text__
MakeGeneratorPacket,1684312,func,__text__
generatorBeforeFunc,1684488,func,__text__
GeneratorGeo,1684992,func,__text__
GeneratorDL,1686240,func,__text__
InitGeneratorGeo,1686544,func,__text__
Generator_Call,1686784,func,__text__
Generator_ResetCount,1686808,func,__text__
Generator_Mask,1686832,func,__text__
Generator_MaskOff,1686856,func,__text__
SetMotherGenerator,1686872,func,__text__
Generator_Init,1687064,func,__text__
GetbufpGeneratorPacket,1687216,func,__text__
GetsizeGeneratorPacket,1687232,func,__text__
RestoreGeneratorGeo,1687240,func,__text__
RestoreGeneratorExtGeo,1687272,func,__text__
MemoryGenerator,1687360,func,__text__
IsEnableCallEnemy,1687392,func,__text__
DirectCallEnemy,1687648,func,__text__
LockEnemyGenerate,1688016,func,__text__
UnlockEnemyGenerate,1688088,func,__text__
RestoreReviveCount,1688232,func,__text__
ReturnEnemyToGenerator,1688368,func,__text__
GeneratorWorkEnd,1688496,func,__text__
SearchActiveGenerator,1688520,func,__text__
ResetReviveCountEnemy,1688624,func,__text__
SetInfoSpKidnapGenerator,1688656,func,__text__
SetInfoSpKidnapEnemy,1688672,func,__text__
IsOpenGenerator,1688720,func,__text__
IsEnableCallEnemyByTargetGObj,1688808,func,__text__
_InterGV,1688928,func,__text__
GetMatrixDirectionToZ,1689072,func,__text__
_InterRotGV,1689432,func,__text__
_DistxzSqGV,1689760,func,__text__
_DistSqGV,1689816,func,__text__
_DistGV,1689864,func,__text__
_DistxzGV,1689920,func,__text__
_MoveGV,1689984,func,__text__
_RotyGV,1690184,func,__text__
_AbsRotyGV,1690320,func,__text__
_ApplyRyGV,1690360,func,__text__
_GetDirection,1690480,func,__text__
_RotGV,1690552,func,__text__
_RotGVF,1690712,func,__text__
_OrientXZGV,1690896,func,__text__
_OrientGV,1690952,func,__text__
_FrontGV,1691008,func,__text__
SwapGV,1691112,func,__text__
GetCorrectDistance,1691184,func,__text__
RoundDegGV,1691296,func,__text__
AlignDegGV,1691384,func,__text__
RotateAccordingToStick_PatternThree,1691464,func,__text__
SetCurrentInfo,1691960,func,__text__
HandyCamera_TargetMoveType,1692352,func,__text__
HandCameraCorrect,1692840,func,__text__
ClearHandCameraCorrect,1692968,func,__text__
InitHandCameraCorrect,1693072,func,__text__
SetLimitHandCameraCorrect,1693200,func,__text__
CreateKyomiGObj,1693224,func,__text__
LwsKyomiGeo,1693616,func,__text__
MakeHintSaveInfo,1693944,func,__text__
ReadHintSaveInfo,1694264,func,__text__
SetParamKyomiGObj,1694632,func,__text__
FinishHint,1694816,func,__text__
SleepHint,1694848,func,__text__
WakeupHint,1694880,func,__text__
IsTopHint,1694920,func,__text__
DebugHintStart,1694968,func,__text__
GetSizeHintSaveInfo,1695008,func,__text__
GetBuffHintSaveInfo,1695016,func,__text__
Hint_Init,1695032,func,__text__
InitMailAdditionalData,1695136,func,__text__
ActSendMail_WithAdditionalData,1695152,func,__text__
GetMailAdditionalData,1695408,func,__text__
ClearMailAdditionalData,1695576,func,__text__
before_DrawPolygon,1695680,func,__text__
after_DrawPolygon,1695720,func,__text__
_IsInScreen2,1695728,func,__text__
before_DrawLine,1696008,func,__text__
after_DrawLine,1696048,func,__text__
DrawPolygon,1696056,func,__text__
do_DrawLine,1696208,func,__text__
IsPointIsInScreen,1696456,func,__text__
interp_vector_sa,1696576,func,__text__
birdBeforeFunc,1696928,func,__text__
trans_bird,1697480,func,__text__
subBirdBrainMain,1697784,func,__text__
Debug_WireString_Bird,1702960,func,__text__
Debug_StickControl,1703216,func,__text__
BirdGeo,1703472,func,__text__
BirdDL,1703480,func,__text__
_ACTSendMailToBird,1703576,func,__text__
vector_angle_degree,1703584,func,__text__
subBirdControl,1703704,func,__text__
subBirdCollision,1703760,func,__text__
actBirdStart,1703800,func,__text__
InitBirdGeo,1703928,func,__text__
BirdAI,1704168,func,__text__
_ACTSendMailToBirdAll,1704176,func,__text__
GatherEffect_SetGoal,1704288,func,__text__
GatherEffect_Proc,1704360,func,__text__
GatherEffect_Set,1705104,func,__text__
GatherEffect_InqEnd,1705312,func,__text__
effect_end_func,1705424,func,__text__
bossCtrlBeforeFunc,1705576,func,__text__
BossEnemyFunc,1705968,func,__text__
gene_enemy,1706232,func,__text__
BossCtrlGeo,1707408,func,__text__
itou_boss_gflag_init,1707440,func,__text__
BossCtrlDL,1707464,func,__text__
InqCapsuleGhostBossStage,1707736,func,__text__
actBossCtrlStart,1707784,func,__text__
InitBossCtrlGeo,1708000,func,__text__
CapsuleGhostBossStart,1708272,func,__text__
InqCapsuleGhostBossEnd,1708288,func,__text__
gene_eff_end_func,1708480,func,__text__
itouGFlagInit,1708520,func,__text__
itouGflagLoad,1708528,func,__text__
itouGflagSave,1708536,func,__text__
m33_to_quat,1708544,func,__text__
lw_pos_to_ico_pos,1709120,func,__text__
apply_matrix_w1,1709168,func,__text__
ico_m33_to_quat,1709216,func,__text__
pbga_start,1709272,func,__text__
set_vertex,1709344,func,__text__
DrawLightning2,1710392,func,__text__
DrawLightningN,1713128,func,__text__
apply_m34,1713496,func,__text__
DrawLightning,1713536,func,__text__
lightning_test,1713800,func,__text__
cmpr,1714016,func,__text__
scale_m34,1714032,func,__text__
queen_effect_end_func,1714128,func,__text__
queenBeforeFunc,1714216,func,__text__
queen_gene_enemy,1714704,func,__text__
subQueenBrainMain,1715552,func,__text__
queen_Debug_StickControl,1717464,func,__text__
InitQueenGeo,1717720,func,__text__
QueenGeo,1717984,func,__text__
QueenDL,1718160,func,__text__
QueenBarrierGeo,1718288,func,__text__
QueenBarrierDL,1719360,func,__text__
QueenBallGeo,1719432,func,__text__
QueenBallDL,1721440,func,__text__
actQueenStart,1721888,func,__text__
QueenStartAttack,1722032,func,__text__
QueenInqDead,1722128,func,__text__
QueenBoysWeaponPower,1722168,func,__text__
QueenBarrierRadius,1722208,func,__text__
QueenBarrierInqBreakable,1722224,func,__text__
queenBarrierBeforeFunc,1722304,func,__text__
InqQueenBarrierExist,1722504,func,__text__
InitQueenBarrierGeo,1722576,func,__text__
QueenBallRadius,1722728,func,__text__
GetQueenBallThickness,1722760,func,__text__
queenBallBeforeFunc,1722776,func,__text__
InitQueenBallGeo,1723024,func,__text__
subQueenControl,1723160,func,__text__
MakeRefractTexture,1723240,func,__text__
queen_barrier_set_damage,1723976,func,__text__
makeRefractST,1724000,func,__text__
queen_barrier_disp_proc,1724600,func,__text__
queen_barrier_disp_init,1725344,func,__text__
queen_barrier_anim,1725920,func,__text__
GetStageDifferenceMatrix,1725976,func,__text__
StageOrientGet2,1726440,func,__text__
OtherStagePositionGet,1726976,func,__text__
StageOrientInit,1727384,func,__text__
StageOrientGet,1727624,func,__text__
switchThread,1727928,func,__text__
proceedAudio,1727936,func,__text__
readMpeg,1727952,func,__text__
initAll,1728704,func,__text__
termAll,1729480,func,__text__
movie_init,1729728,func,__text__
movie_end,1730200,func,__text__
movie_proc,1730472,func,__text__
readBufCreate,1730576,func,__text__
readBufDelete,1730752,func,__text__
readBufBeginPut,1730760,func,__text__
readBufEndPut,1730808,func,__text__
readBufBeginGet,1730872,func,__text__
readBufEndGet,1730944,func,__text__
strFileOpen,1730976,func,__text__
strFileClose,1731032,func,__text__
strFileRead,1731064,func,__text__
videoDec_free_buf,1731096,func,__text__
videoDecCreate,1731104,func,__text__
videoDecBeginPut,1731432,func,__text__
videoDecEndPut,1731440,func,__text__
videoDecFlush,1731448,func,__text__
videoCallback,1731648,func,__text__
decBitStrm0,1731944,func,__text__
videoDecFree,1732480,func,__text__
videoDecDelete,1732496,func,__text__
videoDecSetStream,1732560,func,__text__
videoDecAbort,1732592,func,__text__
videoDecGetState,1732608,func,__text__
videoDecIsFlushed,1732616,func,__text__
videoDecMain,1732696,func,__text__
mpegError,1732776,func,__text__
mpegNodata,1732816,func,__text__
mpegStopDMA,1732864,func,__text__
mpegRestartDMA,1732896,func,__text__
mpegTS,1732928,func,__text__
voBuf_free_buf,1732992,func,__text__
voBufCreate,1733040,func,__text__
voBufDelete,1733392,func,__text__
voBufFree,1733400,func,__text__
voBufReset,1733416,func,__text__
voBufIsFull,1733432,func,__text__
voBufIncCount,1733456,func,__text__
voBufGetData,1733576,func,__text__
voBufGetTag,1733632,func,__text__
voBufDecCount,1733720,func,__text__
initGeometryState,1733752,func,__text__
initMatrixDObj,1735096,func,__text__
allocObjectData,1735520,func,__text__
initInitialInverseMatrix,1736000,func,__text__
initPolygonState,1736072,func,__text__
CSVSYSTEM_InitDObj,1737024,func,__text__
FreeDObj,1737496,func,__text__
LinkParentOfDObj,1737504,func,__text__
UnlinkParentOfDObj,1737576,func,__text__
stop_free_resources,1737632,func,__text__
stage_initialize,1737952,func,__text__
exit_stage,1738128,func,__text__
start_stage_Load_thread,1738208,func,__text__
stgmgrNextStagePreLoad,1738536,func,__text__
stgmgrNextStagePreLoadEntry,1739104,func,__text__
StageManager,1739432,func,__text__
stgmgrForceSwitch,1740184,func,__text__
stgmgrForceSwitchWithFade,1740232,func,__text__
stgmgrForceSwitchWithFadeColor,1740248,func,__text__
stgmgrNextStagePreLoadForceStageSet,1740352,func,__text__
stgmgrNextStagePreLoadDistBoyMode,1740376,func,__text__
stgmgrNextStagePreLoadForceNoCancel,1740392,func,__text__
CheckPoint,1740400,func,__text__
stgmgrNextStagePreLoadDiskNotReady,1740480,func,__text__
backStageProcessOutStage,1740496,func,__text__
backStageProcessMain,1741824,func,__text__
routeSetPos,1742376,func,__text__
backStageProcessInStage,1742952,func,__text__
backStageSave,1744104,func,__text__
backStageLoad,1744272,func,__text__
backStageProcessInit,1744440,func,__text__
backStageDebugTimeZero,1744464,func,__text__
backStageTsuresariReturn,1744472,func,__text__
InitCharFileManager,1744480,func,__text__
ResetCharFileManager,1744608,func,__text__
ReadModelFile,1744744,func,__text__
ReadVolumeModelFile,1745208,func,__text__
ReadShadowModelFile,1745672,func,__text__
ReadTextureFile,1746152,func,__text__
ReadSkeltonFile,1746568,func,__text__
ReadCollisionFile,1747168,func,__text__
ReadStageAnimationFile,1748048,func,__text__
ReadMotionFile,1748312,func,__text__
ReadParticleEffectFile,1748896,func,__text__
ReadSoundBdFile,1749048,func,__text__
ReadSoundHdFile,1749480,func,__text__
ReadShockFile,1749960,func,__text__
ReadCamerasetFile,1750232,func,__text__
ReadEndCheckFile,1750440,func,__text__
ReadStageSettingFile,1750560,func,__text__
CSVSYSTEM_ReadCharFiles,1750720,func,__text__
ReadSoundSqFile,1751416,func,__text__
ReadSoundAdpcmFile,1751776,func,__text__
GetPObjAddress,1752096,func,__text__
debug_Assert,1752128,func,__text__
debug_openLog,1752280,func,__text__
debug_LogPrintf,1752304,func,__text__
debug_SaveDebugOptionFile,1752392,func,__text__
debug_GetDebugOption,1752680,func,__text__
debug_SetDmaCallback,1753224,func,__text__
debug_VariableInit,1753296,func,__text__
debug_Init,1753688,func,__text__
debug_Load,1753776,func,__text__
debug_MakeFont,1755280,func,__text__
debug_MakeBackImage,1756104,func,__text__
debug_PrintCharacter,1756520,func,__text__
debug_PrintFont,1757272,func,__text__
debug_FlushFontWindow,1757616,func,__text__
debug_FlushFont,1758080,func,__text__
debug_brainBar,1758768,func,__text__
debug_MakeBarString,1759648,func,__text__
debug_DrawBar,1760096,func,__text__
debug_DispBar,1763672,func,__text__
debug_ResizeSnapShot,1764112,func,__text__
debug_WriteBMP,1764720,func,__text__
debug_SnapShot,1765104,func,__text__
debug_DispQW,1766072,func,__text__
debug_Printf,1766560,func,__text__
debug_Printf2,1766672,func,__text__
debug_PrintFontWindow,1766784,func,__text__
debug_PrintfDummy,1767504,func,__text__
debug_PrintFontWindowDummy,1767536,func,__text__
debug_StdPrintfDummy,1767576,func,__text__
debug_PrintFontf,1767616,func,__text__
debug_PrintMatrix,1768056,func,__text__
debug_DispVu1FReg,1768232,func,__text__
debug_Mode,1768672,func,__text__
debug_SelectCsvWindowVal,1769768,func,__text__
getLineBuffer,1770128,func,__text__
getBuffer,1770152,func,__text__
debug_SelectCsvWindow,1770168,func,__text__
debug_SelectStageMain,1770816,func,__text__
debug_SelectStage,1771040,func,__text__
debug_mcRetErrCheck,1771616,func,__text__
debug_selectFile,1771920,func,__text__
debug_mcSaveMainBlock,1772352,func,__text__
debug_mcLoadMainBlock,1772832,func,__text__
debug_mcDeleteFile,1773416,func,__text__
debug_MemoryCard,1773792,func,__text__
debug_SETest,1774432,func,__text__
debug_SESlotDisp,1775104,func,__text__
debugCdvdLoadInfoSegDispFunc,1775536,func,__text__
debug_SelectActGobj,1775776,func,__text__
debug_DispBox,1776096,func,__text__
debug_DispBall,1777120,func,__text__
debug_CollisionTest,1777984,func,__text__
debug_Menu,1779096,func,__text__
debug_Menu_off,1779704,func,__text__
debug_BeginTimer,1779712,func,__text__
debug_GetTimerSec,1779752,func,__text__
debug_GetTimerCount,1779960,func,__text__
debug_ClearFontWindow,1780056,func,__text__
debug_ResizeFontWindowHeight,1780112,func,__text__
debug_SetBar,1780120,func,__text__
debug_SetBar2,1780304,func,__text__
debug_ResetBar,1780488,func,__text__
debug_DispVu1IReg,1780528,func,__text__
debug_DispVu1SReg,1780696,func,__text__
debug_DispMatrix,1780864,func,__text__
debug_SetBarDummy,1780936,func,__text__
debug_SelectCsvWindowWithLine,1780944,func,__text__
debug_TryToGetStartStage,1781592,func,__text__
debugSceOpen,1781600,func,__text__
debugSceClose,1781696,func,__text__
debugSceCloseFdNew,1781744,func,__text__
debug_CloseLog,1781800,func,__text__
debugCdvdLoadInfoSegInit,1781808,func,__text__
debugCdvdLoadInfoSegAdd,1781880,func,__text__
debugCdvdLoadInfoSegCls,1781928,func,__text__
gsResetFunc,1781968,func,__text__
ChangeGirlControlMode,1782008,func,__text__
debug_CallbackGsFinish,1782032,func,__text__
debug_SaveStartStageFile,1782056,func,__text__
_debug_SelectCsvWindow,1782232,func,__text__
debug_SelectCsvWindowWithLineColor,1782912,func,__text__
debug_mcFormat,1783592,func,__text__
debug_mcUnformat,1783824,func,__text__
debug_saveNumFunc,1784056,func,__text__
debug_mcTest,1784104,func,__text__
debug_STAFFROLLTest,1784136,func,__text__
debug_SETest_color,1784176,func,__text__
debug_reverbTest,1784240,func,__text__
debug_AdpcmTest,1784400,func,__text__
debugCdvdLoadInfoSegDisp,1784544,func,__text__
debug_GameOver,1784792,func,__text__
debug_EndingDemo,1784824,func,__text__
debug_BackStageTest,1784856,func,__text__
debug_tsuresariTimeZero,1784896,func,__text__
debug_hintStart,1784928,func,__text__
debug_SelectPad2ControlGobj,1785024,func,__text__
debug_FreeCamera,1785312,func,__text__
CloseVif1DirectPacket,1785376,func,__text__
SendVif1DirectPacket,1785440,func,__text__
RestoreNormalDrawEnvironment,1785528,func,__text__
SetTextureWithFrameBuffer,1785640,func,__text__
SetTexDrawEnvironment,1785832,func,__text__
SetDrawnTextureEnvironment,1786000,func,__text__
SetDrawEnvironment,1786200,func,__text__
drawSprite,1786392,func,__text__
PutFont,1787312,func,__text__
resetPath,1788320,func,__text__
resetGs,1788480,func,__text__
putString,1788520,func,__text__
drawWin,1788960,func,__text__
saveBack,1789416,func,__text__
baseFunc,1789488,func,__text__
syncGs,1789728,func,__text__
initLineTraceTable,1789856,func,__text__
traceLine,1790320,func,__text__
dispSource,1791248,func,__text__
display,1791928,func,__text__
debugEEExceptionMain,1792976,func,__text__
debugIOPExceptionMain,1794080,func,__text__
debug_SetExceptionMessage,1794384,func,__text__
debugExceptionInit,1794480,func,__text__
debugIOPExceptionInit,1794600,func,__text__
debug_assertMessage,1794608,func,__text__
debug_assert,1794640,func,__text__
OpenVif1DirectPacket,1794672,func,__text__
SetPrimColor,1794776,func,__text__
SetPrimColorTex,1795024,func,__text__
debug_TargetGObj,1795312,func,__text__
init_debug_menu,1795672,func,__text__
debug_TargetGObj_Func,1795696,func,__text__
gamesysObjInfoInit,1795752,func,__text__
gamesysObjInfoSave,1795840,func,__text__
gamesysObjInfoLoad,1795992,func,__text__
gamesysObjInfoEmptyAreaSearch,1796072,func,__text__
gamesysObjInfoBaseSet,1796544,func,__text__
gamesysBackStageProcess,1797232,func,__text__
gamesysMemoryHandlerWrite,1797280,func,__text__
gamesysGeneratorInfoSave,1797368,func,__text__
gamesysGeneratorInfoLoad,1797440,func,__text__
gamesysHintInfoSave,1797544,func,__text__
gamesysHintInfoLoad,1797616,func,__text__
gamesysCharacterInfoSave,1797720,func,__text__
gamesysCharacterInfoLoad,1797792,func,__text__
gamesysNObjInfoInit,1797896,func,__text__
gamesysObjInfoStageInitFlagCls,1797960,func,__text__
gamesysObjInfoStageInitPosSaveUnlock,1798016,func,__text__
gamesysObjInfoPosSetStage,1798072,func,__text__
gamesysObjInfoUniqDataSet,1798136,func,__text__
gamesysObjInfoPosNewStageSet,1798240,func,__text__
gamesysObjInfoGet,1798536,func,__text__
gamesysObjInfoCls,1798800,func,__text__
gamesysGirlStageGet,1799072,func,__text__
gamesysGetGirlStageIDAndPosition,1799112,func,__text__
gamesysStageExitTimeSet,1799192,func,__text__
gamesysMemoryHandlerRead,1799224,func,__text__
gamesysMemorySave,1799304,func,__text__
gamesysMemoryLoad,1799392,func,__text__
gamesysVersionLoad,1799488,func,__text__
gamesysVersionSave,1799560,func,__text__
ParentSimpleObjGeo,1799656,func,__text__
ParentSimpleObjDL,1799664,func,__text__
InitParentSimpleObjGeo,1799672,func,__text__
disp_memory_partition_bar,1799680,func,__text__
disp_memory_partition,1801192,func,__text__
ExecIcoMisc,1801512,func,__text__
InitIcoMisc,1802304,func,__text__
DispIcoMisc,1803624,func,__text__
ExitIcoMisc,1804080,func,__text__
kanbanReqAdd,1804088,func,__text__
kanban_init_textures_of_specified_property,1804392,func,__text__
kanbanInit,1804816,func,__text__
kanban_display_texture,1805072,func,__text__
fade_exec,1805792,func,__text__
display_layout,1806120,func,__text__
kanbanReqDel,1806552,func,__text__
kanbanReqDelFade,1806608,func,__text__
kanbanReqAllDel,1806640,func,__text__
kanbanReqAllDelFade,1806696,func,__text__
kanbanExec,1806752,func,__text__
kanbanBootMcCheck,1807056,func,__text__
kanbanBootMain,1808672,func,__text__
kanbanBootInit,1809016,func,__text__
kanbanBootStart,1809048,func,__text__
POSITIVE_SE,1809064,func,__text__
NEGATIVE_SE,1809088,func,__text__
CUR_SE,1809112,func,__text__
la_TESTFUNCTION,1809136,func,__text__
_la_mcard_error_check,1809152,func,__text__
_la_memory_card_check,1809400,func,__text__
_la_set_current_port_2,1810312,func,__text__
_la_set_current_port_lock_2,1811168,func,__text__
_la_set_current_port_new,1811624,func,__text__
la_vibe_select,1812064,func,__text__
la_title_continue_or_new,1812592,func,__text__
la_title_new_game_only,1813088,func,__text__
la_mc_file_select,1813512,func,__text__
_la_mask_preview_info,1814152,func,__text__
_la_set_preview_info,1814344,func,__text__
la_load_game_memory_card_check,1815096,func,__text__
la_mc_load_file_select,1815464,func,__text__
la_load_confirm_no_memory_card,1816168,func,__text__
la_load_confirm_no_data,1816496,func,__text__
la_load_start_check,1816784,func,__text__
la_load_processing,1817056,func,__text__
la_mc_confirm_save_file,1818136,func,__text__
la_save_game_memory_card_check,1818672,func,__text__
progressive_bar,1819152,func,__text__
la_mc_save_file_select,1819656,func,__text__
la_save_start_check,1820392,func,__text__
la_save_confirm_overwrite,1820776,func,__text__
la_format_confirm,1821200,func,__text__
la_system_save_processing,1821608,func,__text__
la_save_processing,1822416,func,__text__
la_end_confirm,1823368,func,__text__
la_delete_processing,1823752,func,__text__
la_game_loop,1824000,func,__text__
la_game_over_continue,1824352,func,__text__
la_key_config,1824864,func,__text__
la_game_option,1825976,func,__text__
la_adjust_screen,1826904,func,__text__
la_boot_memory_card_check,1827216,func,__text__
la_boot_no_memory_card,1827288,func,__text__
la_boot_no_free_area,1827336,func,__text__
la_boot_confirm_memory_card,1827384,func,__text__
la_scei_logo,1827440,func,__text__
la_title_demo,1827544,func,__text__
la_mc_preview_info,1827552,func,__text__
la_mc_current_slot,1827616,func,__text__
la_mc_load_current_slot_select,1827672,func,__text__
la_mc_save_current_slot_select,1827816,func,__text__
la_general_mc_confirm,1827960,func,__text__
la_save_confirm_no_memory_card,1828016,func,__text__
la_save_confirm_no_free_area,1828256,func,__text__
la_format_processing,1828512,func,__text__
la_save_confirm_complete,1828736,func,__text__
la_save_confirm_fail,1828976,func,__text__
la_format_confirm_fail,1828984,func,__text__
la_delete_start_check,1828992,func,__text__
la_delete_confirm,1829168,func,__text__
la_delete_confirm_complete,1829256,func,__text__
la_delete_confirm_fail,1829320,func,__text__
la_game_loading,1829328,func,__text__
la_playtime_count,1829352,func,__text__
la_game_demo,1829392,func,__text__
la_game_demo_pause,1829584,func,__text__
la_game_pause,1829656,func,__text__
la_switching_stage,1829832,func,__text__
la_save_confirm_yesno,1829896,func,__text__
PSH_POSITIVE_OR_NEGATIVE,1829952,func,__text__
keyconfig_reset,1830016,func,__text__
la_mc_saved_file_select,1830304,func,__text__
display_texture_fade_cancel_chk,1830568,func,__text__
lt_analog2Pad,1831216,func,__text__
default_item_select,1831456,func,__text__
texture_fading,1832464,func,__text__
lt_display_texture,1833312,func,__text__
display_primary_texture_layout,1836000,func,__text__
exec_layout_texture,1836744,func,__text__
lt_init_textures_of_specified_property,1837480,func,__text__
init_layout_texture,1837880,func,__text__
lt_switch_layout,1838264,func,__text__
lt_current_property_item,1838376,func,__text__
lt_link_layout,1838384,func,__text__
lt_prev_layout,1838568,func,__text__
lt_next_layout,1838728,func,__text__
lt_mask_property,1838880,func,__text__
lt_default_mask_property,1838936,func,__text__
lt_fade_status,1838992,func,__text__
lt_set_item_select_func,1839000,func,__text__
lt_set_fade_mode,1839008,func,__text__
GetRealModelId,1839016,func,__text__
InitStageLight,1839384,func,__text__
initSceneGObj,1840272,func,__text__
initParentLink,1841440,func,__text__
initWayData,1841776,func,__text__
InitSceneObjects,1841784,func,__text__
HotInitSceneObjects,1842368,func,__text__
ChangeStageStartInfo,1842536,func,__text__
CreateLayoutedGObj,1842568,func,__text__
MoveNextStage_Set,1842768,func,__text__
test_nextstage_firstwalk_set,1842864,func,__text__
GetStageStartInfo,1842880,func,__text__
MoveNextStage_Clear,1843016,func,__text__
staffRollStart,1843032,func,__text__
staffRollScroll,1843200,func,__text__
staffRollNameOut,1843576,func,__text__
staffRollMain,1843896,func,__text__
staffRollWide,1844400,func,__text__
InitAP1,1844496,func,__text__
yAxisRotFitting,1845968,func,__text__
zAxisRotFitting,1846200,func,__text__
fitToCol,1846432,func,__text__
walkMot,1847968,func,__text__
rolling,1848360,func,__text__
calcSubMission,1849216,func,__text__
updateMatrix,1850984,func,__text__
resetPositionInfo,1851576,func,__text__
AP1Geo,1851656,func,__text__
AP1DL,1852168,func,__text__
GetAP1SpecType,1852312,func,__text__
SetAP1VisualState,1852328,func,__text__
AP1Turn,1852344,func,__text__
AP1MotReqForce,1852480,func,__text__
AP1MotReq,1852552,func,__text__
AP1JumpReq,1852616,func,__text__
MakeAP1GObj,1852744,func,__text__
GetAP1Mode,1852824,func,__text__
standMot,1852864,func,__text__
rollingMot,1852944,func,__text__
attackMotInit,1853016,func,__text__
attackMot,1853184,func,__text__
standAI,1853320,func,__text__
walkAI,1853760,func,__text__
hehehe,1854672,func,__text__
SleepAP1,1854704,func,__text__
WakeUpAP1,1854776,func,__text__
subAP1BrainMain,1854912,func,__text__
hitProc,1856080,func,__text__
SetAP1DeadStatus,1856088,func,__text__
AP1BeforeFunc,1856160,func,__text__
actAP1Start,1856880,func,__text__
IsActCharDead,1857184,func,__text__
SetAP1HostGObj,1857216,func,__text__
SetAP1PriorLevel,1857232,func,__text__
GetAP1AIMode,1857248,func,__text__
jumpAI,1857312,func,__text__
attackAI,1857352,func,__text__
subAP1Control,1857392,func,__text__
SetActressLight,1857408,func,__text__
AttackCheckBoundaryBeforeFunc,1857608,func,__text__
InitAttackCheckBoundaryManagerGeo,1858000,func,__text__
AttackCheckBoundaryManagerGeo,1858696,func,__text__
AttackCheckBoundaryManagerDL,1858808,func,__text__
InitAttackCheckBoundaryGeo,1858816,func,__text__
AttackCheckBoundaryGeo,1858896,func,__text__
AttackCheckBoundaryDL,1858936,func,__text__
actAttackCheckBoundaryStart,1859112,func,__text__
GetAttackCheckBoundaryRadius,1859200,func,__text__
CreateAttackCheckBoundary,1859216,func,__text__
GetAttackCheckBoundaryManagerStatus,1859384,func,__text__
SetAttackCheckBoundaryAttribute,1859400,func,__text__
switchOnSE,1859416,func,__text__
switchReleaseSE,1859424,func,__text__
GetFloorLeverGlobalHoldPoint,1859432,func,__text__
FloorLeverTriStateGeo,1859552,func,__text__
FloorLeverGeo,1859672,func,__text__
FloorLeverDL,1860328,func,__text__
GetWallLeverGlobalHoldPoint,1860456,func,__text__
WallLeverGeo,1860576,func,__text__
WallLeverDL,1861280,func,__text__
CheckReadyAllSwitches,1861408,func,__text__
landingSE,1861712,func,__text__
fallDownStartSE,1861720,func,__text__
pushStartSE,1861728,func,__text__
pullStartSE,1861736,func,__text__
wallHitSE,1861744,func,__text__
initFallDown,1861752,func,__text__
checkFieldContact,1862048,func,__text__
execNormalMove,1862384,func,__text__
execAutoMove,1863696,func,__text__
AlignBox,1864016,func,__text__
initWheels,1864416,func,__text__
dispWheels,1865024,func,__text__
getNearestPosition,1865288,func,__text__
onPathInitialize,1866056,func,__text__
onPath,1866544,func,__text__
playAnimationCore,1867920,func,__text__
MoveFloatingBox,1868232,func,__text__
avoidCharGObj,1869008,func,__text__
execFloating,1869344,func,__text__
initFloating,1870816,func,__text__
_checkItemBreak,1871016,func,__text__
initLanding,1871368,func,__text__
execFallDown,1871616,func,__text__
inertiaMove,1872112,func,__text__
action,1872496,func,__text__
GetBoxHoldPoint,1872968,func,__text__
_checkItemCollision,1873544,func,__text__
moveBoxAutoMatic,1873888,func,__text__
MoveBoxWithHoldPoint,1874344,func,__text__
ReInitBoxGeo,1876104,func,__text__
InitBoxGeo,1876320,func,__text__
BoxGeo,1877448,func,__text__
GetBoxMode,1877560,func,__text__
CanHoldBox,1877576,func,__text__
BoxDL,1877600,func,__text__
GetBoxGlobalHoldPoint,1877720,func,__text__
IsThisBoxTruck,1877792,func,__text__
ExecBoxMoveStartReaction,1877808,func,__text__
ExecBoxMoveEndReaction,1877912,func,__text__
BoxGeoRestore,1878048,func,__text__
BoxExtGeoRestore,1878216,func,__text__
BoxMemoryFunc,1878224,func,__text__
InitSwitchGeo,1878232,func,__text__
SwitchGeo,1878240,func,__text__
SwitchDL,1878248,func,__text__
SetSwitchTriggerFunc,1878256,func,__text__
SetSwitchState,1878272,func,__text__
SetFloorLeverWithNodePoint,1878344,func,__text__
CanFloorLeverPull,1878592,func,__text__
InitFloorLeverGeo,1878616,func,__text__
GetFloorLeverAngle,1878888,func,__text__
SetWallLeverWithNodePoint,1878904,func,__text__
CanWallLeverPull,1879152,func,__text__
IsWallLeverStatus,1879176,func,__text__
InitWallLeverGeo,1879248,func,__text__
GetWallLeverAngle,1879520,func,__text__
initParentize,1879536,func,__text__
getAlign,1879664,func,__text__
GetDistanceOfGObj,1879768,func,__text__
moveXPlus,1879872,func,__text__
moveXMinus,1880064,func,__text__
moveZPlus,1880264,func,__text__
moveZMinus,1880456,func,__text__
BoxRideFunc,1880656,func,__text__
boy_dispClothes,1880800,func,__text__
boy_execClothes,1880960,func,__text__
InitLightLineGeo,1881360,func,__text__
LightLineDL,1882168,func,__text__
InitBoyGeo,1883176,func,__text__
synchronizeMotionOutputOriginForGirl,1884048,func,__text__
actionOfWater,1884448,func,__text__
BoyGeo,1884816,func,__text__
dispSubParts,1885032,func,__text__
boy_dispCrown,1885224,func,__text__
BoyDL,1885400,func,__text__
SelectBoyCrown,1885728,func,__text__
LightLineGeo,1885744,func,__text__
SetBoyStonizedVisual,1885944,func,__text__
CageRideFunc,1886016,func,__text__
SetCageFixGeometry,1886328,func,__text__
InitCageGeo,1886400,func,__text__
HotInitCageGeo,1887464,func,__text__
CageGeo,1887832,func,__text__
CageDL,1889152,func,__text__
GetCageChainPoint,1889200,func,__text__
SetCageVelocityFriction,1889344,func,__text__
StabilizeAllLayoutedCage,1889360,func,__text__
SetCageChainHangableFlag,1889432,func,__text__
CageFixGeo,1889448,func,__text__
CageFixDL,1889576,func,__text__
InitCageFixGeo,1889648,func,__text__
InitCandleGeo,1889656,func,__text__
CandleGeo,1889976,func,__text__
CandleDL,1890296,func,__text__
DeleteLayoutedCandleParticleEffect,1890368,func,__text__
_deleteLayoutedCandleParticleEffect,1890568,func,__text__
ChandelierGeo,1890728,func,__text__
ChandelierDL,1890880,func,__text__
InitChandelierGeo,1890952,func,__text__
actClipCollisionCore,1890960,func,__text__
CreateClipCollisionManagerGObj,1891504,func,__text__
RequestClipCollision,1891568,func,__text__
clipColMan_thStart,1891632,func,__text__
TestDispChainAnimation,1891656,func,__text__
GetChainExWeightGlobalPos,1892160,func,__text__
GetChainAnimation,1894592,func,__text__
SetChainExtendedWeight,1895880,func,__text__
GetClothAnimation,1896184,func,__text__
GetClothAnimationFix4Points,1899656,func,__text__
clipCylinderCollision,1900760,func,__text__
InitChains,1901480,func,__text__
InitClothes,1902216,func,__text__
InitClothesNoShade,1903288,func,__text__
DispClothMesh,1904360,func,__text__
DispMeshWire,1904552,func,__text__
DispCloth4D,1905128,func,__text__
DispCloth4DWithAdd,1905376,func,__text__
getCloth4D_preProcess,1905624,func,__text__
getCloth4D,1908456,func,__text__
getCloth4D_postProcess,1913048,func,__text__
_getCloth4D,1913664,func,__text__
GetCloth4D,1914280,func,__text__
GetCloth4DWithDetail,1914312,func,__text__
GetCloth4DWithTight,1914336,func,__text__
InitCloth4D,1914352,func,__text__
GetChainNodeGlobalQuaternion,1915608,func,__text__
MoveChainExtendedWeight,1915776,func,__text__
InitChainVelocity,1915800,func,__text__
DeleteChainExtendedWeight,1916064,func,__text__
GetChainNodeID,1916104,func,__text__
ResetClothAnimation,1916128,func,__text__
GetChainExWeightGlobalQuaternion,1916352,func,__text__
GetChainCollision,1916552,func,__text__
FSqrtInv,1916776,func,__text__
getXZLength,1916808,func,__text__
getXZInvLength,1916848,func,__text__
getXZLengthSquare,1916888,func,__text__
subAndGetInvLength,1916920,func,__text__
scaleAndAddVectorXYZ,1916976,func,__text__
scaleVectorXZ,1917016,func,__text__
tensionMoveNoReduce,1917048,func,__text__
tensionMove,1917136,func,__text__
getCrossPoint,1917240,func,__text__
checkOverThePlane,1917432,func,__text__
checkFrontAcross,1917496,func,__text__
LockZAnimation,1917608,func,__text__
getCloth4D_PlaneClip,1917744,func,__text__
InitClothTestGeo,1918040,func,__text__
ClothTestGeo,1918120,func,__text__
ClothTestDL,1918128,func,__text__
draw,1918136,func,__text__
drawHT,1918912,func,__text__
renderViewCoordZSphere,1920176,func,__text__
sonic,1920872,func,__text__
darkVolume,1925008,func,__text__
SetDarkVolumeEffect,1927848,func,__text__
DispGameOverEffect,1927872,func,__text__
GetGameOverEffectCenterPosition,1928480,func,__text__
InitGameOverEffect,1928496,func,__text__
SetupDarkVolume,1928960,func,__text__
DarkVolumeGeo,1928984,func,__text__
InitDarkVolumeGeo,1929056,func,__text__
DarkVolumeDL,1929080,func,__text__
ExecGameOverEffect,1929088,func,__text__
StartGameOverEffect,1929096,func,__text__
StartQueenAttackEffect,1929248,func,__text__
ResetGameOverEffect,1929336,func,__text__
_dispParam,1929352,func,__text__
editParam,1929800,func,__text__
dispXZYZCircle,1930864,func,__text__
dispCircle2,1931832,func,__text__
setQ,1932400,func,__text__
dispEffectToolField,1932480,func,__text__
EditTarget,1933208,func,__text__
saveEffectData,1933776,func,__text__
moveEffectToolGeometry,1934008,func,__text__
execEffectTool,1934512,func,__text__
exitEffectTool,1934992,func,__text__
EffectTool,1935064,func,__text__
setEnemyParticleObject,1935296,func,__text__
setEnemyObject,1936312,func,__text__
dispEnemyObject,1936688,func,__text__
EnemyCheckHit,1937464,func,__text__
CheckEnemyHit,1937968,func,__text__
InitEnemyGeo,1938472,func,__text__
EnemyGeo,1938944,func,__text__
DisplayEnemy,1939536,func,__text__
EnemyDL,1939688,func,__text__
DemoMotionGeo,1939784,func,__text__
SetEnemyDissolve,1939824,func,__text__
SetEnemyFlyXZAccel,1939896,func,__text__
SetEnemyFlyXZAccelAll,1939912,func,__text__
GetEnemyFlyXZAccel,1939992,func,__text__
EnemyAI,1940008,func,__text__
SetEnemyFootPrintSwitch,1940016,func,__text__
EnemySetfAppearAll,1940032,func,__text__
EnemySetfDisappearAll,1940112,func,__text__
EnemySetfDisappear,1940192,func,__text__
enemySetParticleDie,1940408,func,__text__
ReviveEnemyParticle,1940544,func,__text__
isExistEnemyParticle,1940576,func,__text__
EnemyGetNSafeParts,1940608,func,__text__
EnemyDeleteParticle,1940680,func,__text__
SetEnemyHitGeometryAction,1940944,func,__text__
InitDemoMotionGeo,1940960,func,__text__
HotInitDemoMotionGeo,1941040,func,__text__
GetEnemyHitNodeFlag,1941112,func,__text__
RandomizeEnemy,1941128,func,__text__
SetEnemyWingRatio,1941176,func,__text__
CanThisEnemyFly,1941192,func,__text__
GetEnemyBattleType,1941240,func,__text__
GetEnemyDefLife,1941288,func,__text__
GetEnemyDefDodgeRange,1941328,func,__text__
GetEnemyDefParaIndex,1941368,func,__text__
ResetEnemyPositionInfo,1941424,func,__text__
setEnemyStonizedVisual,1941584,func,__text__
UpdatePointBlur,1941672,func,__text__
InitEnemyEye,1942200,func,__text__
InitEnemyFootPrint,1942960,func,__text__
ExecEnemyFootPrints,1943664,func,__text__
EntryEnemyFootPrint,1944040,func,__text__
DispEnemyFootPrints,1944216,func,__text__
InitPointBlur,1944248,func,__text__
DispPointBlur,1944568,func,__text__
UpdateEnemyEye,1944664,func,__text__
DispEnemyEye,1944768,func,__text__
ResetEnemyEye,1944904,func,__text__
moveDataElements,1944928,func,__text__
SetFlag4PointFixID,1945216,func,__text__
InitFlagGeo,1945808,func,__text__
FlagGeo,1947840,func,__text__
FlagDL,1948128,func,__text__
DispFlyInfo,1948640,func,__text__
InitFlyInfo,1948680,func,__text__
InitFlyManager,1948704,func,__text__
GetFlyLimitHeight,1948712,func,__text__
GetFlyLimitClearance,1948960,func,__text__
playSE,1949160,func,__text__
playSERandomID,1949464,func,__text__
playSEConditionID,1949928,func,__text__
playEff,1950216,func,__text__
execEff,1950840,func,__text__
execVibCondition,1951304,func,__text__
ExecFrameDependSequence,1951448,func,__text__
executeSEPackageByGObj,1952128,func,__text__
executeSEPackageWithNoGObj,1952568,func,__text__
ExecuteSEPackageWithGroupVariation,1952872,func,__text__
ExecuteSEPackage,1952904,func,__text__
ExecuteSEPackageWithVolumeRate,1952912,func,__text__
StopSEPackageWithGroupVariation,1952928,func,__text__
StopSEPackage,1952952,func,__text__
InitFrameDependSequence,1952960,func,__text__
ExecuteDirectSEWithGroupVariation,1953152,func,__text__
ExecuteDirectSE,1953368,func,__text__
StopFDSVibration,1953584,func,__text__
execSE,1953680,func,__text__
checkWaterDepth,1953784,func,__text__
checkModelDataID,1953808,func,__text__
checkWeaponType,1953832,func,__text__
execVib,1953904,func,__text__
execWeaponLightOff,1954008,func,__text__
girl_execClothes,1954088,func,__text__
girl_dispCrown,1954624,func,__text__
girl_dispClothes,1954880,func,__text__
InitGirlGeo,1955208,func,__text__
GirlGeo,1955744,func,__text__
GirlAI,1956200,func,__text__
debugWireStringGirl,1956720,func,__text__
GirlDL,1956936,func,__text__
SetGirlClothDispSwitch,1956992,func,__text__
SetGirlHairDispSwitch,1957080,func,__text__
setGirlClothSetting,1957096,func,__text__
GirlForceFieldDL,1957200,func,__text__
InitGirlForceFieldGeo,1957528,func,__text__
GirlForceFieldGeo,1957656,func,__text__
connectToTarget,1957944,func,__text__
_handManager,1958760,func,__text__
HandManager,1959568,func,__text__
bombSparkStartSE,1959912,func,__text__
bombSparkSE,1959920,func,__text__
bombExplodeSE,1959928,func,__text__
HoldItem,1959936,func,__text__
avoidInsideOfWall,1960192,func,__text__
ReleaseItem,1960312,func,__text__
ThrowItem,1960424,func,__text__
InitItemGeo,1960608,func,__text__
carriedItemGeo,1961120,func,__text__
uncarriedItemGeo,1962104,func,__text__
execBombGeo,1965128,func,__text__
ItemGeo,1965704,func,__text__
ItemDL,1965952,func,__text__
BreakItemFromOutside,1966240,func,__text__
CheckCarryableItem,1966584,func,__text__
GetItemKind,1966632,func,__text__
GetCharHeldItem,1966648,func,__text__
IsItemHoldable,1966696,func,__text__
IsBombExplode,1966720,func,__text__
GetBombTorchGObj,1966744,func,__text__
ReviveAllCarryableItems,1966784,func,__text__
ReviveCarryableItemsWithBoundary,1966952,func,__text__
ReviveAllCarryableItemsWithRandomVelocity,1967200,func,__text__
CheckItemDead,1967496,func,__text__
StopItemExplodeAnimationAll,1967552,func,__text__
BreakItemWithAttackHit,1967704,func,__text__
ReviveAllCarryableItemsWithNonSleepFrame,1968008,func,__text__
Draw2DLine,1968192,func,__text__
Draw2DLineSeg_Start,1968480,func,__text__
Draw2DLineSeg_Loop,1968496,func,__text__
Draw2DLineG,1968656,func,__text__
_getLine,1969096,func,__text__
DrawLine,1970136,func,__text__
DrawLineG,1970288,func,__text__
SetLodLevel,1970520,func,__text__
pursueNodeList,1970712,func,__text__
InitMotionFile,1970960,func,__text__
InitMotionMemorySize,1971168,func,__text__
AddMotionMemorySize,1971184,func,__text__
GetMotionMemorySize,1971224,func,__text__
ResetDynamicMotionManager,1971248,func,__text__
ResetStatic2MotionManager,1971320,func,__text__
CheckMotionIncludeFacialData,1971384,func,__text__
dispSquare2,1971408,func,__text__
limitHPAngleAndSetB,1971592,func,__text__
avoidReverseInterpOnCurrentMatrix,1973520,func,__text__
avoidReverseInterpOnCurrentMatrixWithLimit,1973856,func,__text__
_getFinalMatrix,1974288,func,__text__
EditRotEmphasys,1985632,func,__text__
getFinalMatrix,1986072,func,__text__
getFinalMatrixWithNaturalGeometry,1986528,func,__text__
_calcNaturalGeometry,1986880,func,__text__
findActPoint,1987056,func,__text__
checkActPointWithHeight,1987384,func,__text__
clearCollisionStatus,1987632,func,__text__
checkUpperWallState,1987784,func,__text__
checkWallSideState,1987960,func,__text__
checkWallState,1988296,func,__text__
checkCliffState,1989480,func,__text__
_checkCliffAndWall,1990984,func,__text__
checkCliffAndWallStateOfLastPlane,1991800,func,__text__
checkCliffAndWallStateAtJump,1991960,func,__text__
dispActNode,1992048,func,__text__
dispLastNode,1992400,func,__text__
_wallHitReaction,1992528,func,__text__
_wallCollisionPreProcess,1993760,func,__text__
getFieldCollision,1994104,func,__text__
setIKAndAdjustRootHeight,1994408,func,__text__
landingFieldAction,1996424,func,__text__
floorFitting,1996744,func,__text__
rootUpdateXZ,1996952,func,__text__
rootUpdateXZ_MotPos,2001304,func,__text__
adjustSideWall,2002632,func,__text__
checkSideWall,2003088,func,__text__
forceFallDown,2003528,func,__text__
forceReset,2003576,func,__text__
checkWallUpperWall,2003624,func,__text__
calcWallFittingGeometry,2003720,func,__text__
rootUpdateHang,2004024,func,__text__
rootUpdateSwim,2005856,func,__text__
avoidSideAdjustWall,2007000,func,__text__
rootUpdateStepSolution,2007320,func,__text__
rootUpdateTrueMotion,2010160,func,__text__
rootUpdateDirectPlayForStream,2010392,func,__text__
rootUpdateDirectPlay,2010632,func,__text__
rootUpdateNodeFix,2011288,func,__text__
rootUpdateY,2011824,func,__text__
rootUpdateY_Rope,2012912,func,__text__
rootUpdateFly,2013520,func,__text__
rootUpdateEnemyFly,2014056,func,__text__
_getGeometryOfMotion,2014576,func,__text__
execPositionReserver,2015944,func,__text__
GetGeometryOfMotion,2016720,func,__text__
GetMatrixOfMotion,2018048,func,__text__
motMan_dispSkeltonHierarchy,2018880,func,__text__
motMan_getInitialMatrix,2019600,func,__text__
dispSkelton,2019856,func,__text__
SkelTest,2019944,func,__text__
SkelTestGeo,2020032,func,__text__
SetHitCollisionDisplay,2020224,func,__text__
ResetMotionProgramInterpInfo,2020240,func,__text__
SetDirectMotionProgramInterpInfo,2020352,func,__text__
getFinalMatrixCore,2020480,func,__text__
pursueNaturalGeometry,2020704,func,__text__
GetWallVector,2020880,func,__text__
upperFieldCheck,2020928,func,__text__
getGeometryOfMotion,2021024,func,__text__
orientDebug,2021208,func,__text__
GetNbMotionFrames,2021872,func,__text__
GetMotionPlaySpeedRatio,2022136,func,__text__
execFrameTrigger,2022360,func,__text__
UpdateFrameCounter,2022568,func,__text__
sendStateMail,2023744,func,__text__
shiftMotionData,2024632,func,__text__
shiftMotionOrientEndFunc,2025728,func,__text__
shiftMotionOrientBeginFunc,2025984,func,__text__
ForTest_ForceShiftMotion,2026920,func,__text__
normalMotionShift,2026936,func,__text__
parallelMotionShift,2027736,func,__text__
SetMotionRequest,2028576,func,__text__
getNodeBlendedFloatingMotion,2029472,func,__text__
getMotionGeometry,2030184,func,__text__
getShapeGeometry,2032720,func,__text__
getStreamMotionGeometry,2033520,func,__text__
getStreamBlendMotionGeometry,2033824,func,__text__
getStreamBlendShapeGeometry,2034352,func,__text__
getStreamShapeGeometry,2034728,func,__text__
getStreamMotion,2035016,func,__text__
ExecMotionOrient,2035280,func,__text__
SetNodeRotationLimitDataTable,2035720,func,__text__
GetMotionOrient,2036552,func,__text__
getMotionOrient,2036688,func,__text__
CopyBlendMotionDataSource,2036840,func,__text__
SetParallelMotionTableWithNoRequest,2037128,func,__text__
SetParallelMotionTable,2037168,func,__text__
InitMotionOrient,2037280,func,__text__
GetCurrentMotionDirectionAdjustFlag,2037440,func,__text__
ExecuteSlipProc,2037480,func,__text__
ExecutePauseSlipProc,2037688,func,__text__
setRootUpdateMode,2037744,func,__text__
setMotionSpeed,2037760,func,__text__
dispMotFrameProgress,2038800,func,__text__
objMenuProc,2039240,func,__text__
motKindMenuProc,2039720,func,__text__
motOriMenuProc,2040768,func,__text__
modeMessage,2041640,func,__text__
lookAtTest,2042328,func,__text__
MotionViewer,2043480,func,__text__
MoveColTestGeo,2045544,func,__text__
MoveColTestDL,2046016,func,__text__
InitMoveColTestGeo,2046024,func,__text__
InitMultiBgaManager,2046136,func,__text__
EntryMultiBgaManager,2046328,func,__text__
EntryMultiBgaManagerSensitive,2046432,func,__text__
DispMultiBgaManager,2046544,func,__text__
EntryMultiBgaManagerNoKind,2046736,func,__text__
DispMultiBgaManagerWithKind,2046848,func,__text__
setParticleEffectGeometry,2047048,func,__text__
_setParticleEffect,2047104,func,__text__
setParticleEffect,2048064,func,__text__
execParticleEffect,2048760,func,__text__
dispParticleEffect,2050440,func,__text__
SetParticleEffectByPartition,2051240,func,__text__
SetParticleEffectGeometry,2051656,func,__text__
SetParticleEffectUpperLimit,2051720,func,__text__
ExecParticleEffect,2051784,func,__text__
ResetParticleEffectPackages,2052224,func,__text__
SetParticleEffectPackage,2052512,func,__text__
InitParticleEffects,2052712,func,__text__
ExecParticleEffects,2052824,func,__text__
DispParticleEffects,2052880,func,__text__
DeleteParticleEffect,2052968,func,__text__
SetParticleEffectPauseFlag,2053112,func,__text__
SetParticleEffect,2053144,func,__text__
SetParticleEffectActiveSensing,2053176,func,__text__
GetParticleEffectPackage,2053288,func,__text__
DeleteParticleEffectsByPackage,2053312,func,__text__
DeleteParticleEffectsByID,2053464,func,__text__
GetParticleEffectData,2053632,func,__text__
DisableParticleEffectGeometryControl,2053664,func,__text__
GetParticleIDWithName,2053696,func,__text__
GetParticleLoopFlag,2053808,func,__text__
ParticleEffects_SetAllGoal,2053856,func,__text__
SetParticleEffectClipEnableFlag,2053968,func,__text__
SetParticleEffectDrainLevel,2054008,func,__text__
ParticleLayoutGeo,2054048,func,__text__
InitParticleLayoutGeo,2054112,func,__text__
ParticleLayoutDL,2054224,func,__text__
DeleteParticleLayout,2054232,func,__text__
InitPuddleGeo,2054304,func,__text__
baseSetup,2054624,func,__text__
drawAreaSetup,2054912,func,__text__
drawAreaRestore,2055368,func,__text__
leveldown,2055648,func,__text__
copy,2055928,func,__text__
drawRipple,2056296,func,__text__
drawRipples,2057120,func,__text__
PuddleDL,2057408,func,__text__
PuddleGeo,2057552,func,__text__
EntryRippleToPuddle,2057704,func,__text__
puddleRideFunc,2057800,func,__text__
InitRopeGeo,2057960,func,__text__
SetRopeFixPoint,2059136,func,__text__
HoldRope,2059160,func,__text__
ropeGeo,2059576,func,__text__
RopeDL,2059744,func,__text__
CheckRopeUpperWallClimbable,2060200,func,__text__
ReleaseRope,2060216,func,__text__
RopeGeo,2060224,func,__text__
RopeFixGeo,2060344,func,__text__
RopeFixDL,2060408,func,__text__
InitRopeFixGeo,2060480,func,__text__
moveStartSE,2060488,func,__text__
moveEndSE,2060496,func,__text__
RotObjectGeo,2060544,func,__text__
GetRotObjectHoldPoint,2060592,func,__text__
MoveRotObjectWithHoldPoint,2060840,func,__text__
ExecRotObjectMoveStartReaction,2061736,func,__text__
ExecRotObjectMoveEndReaction,2061744,func,__text__
SetRotObjectArmRadius,2061752,func,__text__
GetRotObjectGlobalHoldGeometry,2061792,func,__text__
InitRotObjectGeo,2062064,func,__text__
GetRotObjectGameSysObjInfoExtData,2062392,func,__text__
RotObjectDL,2062416,func,__text__
GetRotObjectRotCount,2062632,func,__text__
GetRotObjectZPlusDirection,2062664,func,__text__
RestoreRotObjectGeo,2062912,func,__text__
RestoreRotObjectExtGeo,2062920,func,__text__
MemoryRotObject,2062952,func,__text__
SetRotObjectLockFlag,2062984,func,__text__
InitSpiderLayoutGeo,2063000,func,__text__
WakeUpLayoutedSpiders,2063360,func,__text__
CallSpidersToReviveEnemy,2063520,func,__text__
SpiderLayoutGeo,2063880,func,__text__
DispAllMemberOfSpider,2064872,func,__text__
SetSpiderGroupReviveStatus,2065672,func,__text__
DeadAllSpiders,2065736,func,__text__
GetAliveSpiders,2065856,func,__text__
DeleteSpiderFromLayoutGroup,2066064,func,__text__
GetNearestOfLayoutSpiders,2066096,func,__text__
CheckSpidersInsideOfReviveRange,2066400,func,__text__
RestoreSpiderLayoutGeo,2066648,func,__text__
RestoreSpiderLayoutExtGeo,2066656,func,__text__
MemorySpiderLayout,2066840,func,__text__
WakeUpSpidersFromGenerator,2067032,func,__text__
DeleteAllSpidersOfLayoutGroup,2067248,func,__text__
SleepSpiderGroup,2067400,func,__text__
WakeupSpiderGroup,2067512,func,__text__
EntrySpiderGroupManager,2067624,func,__text__
tryToRevive,2067944,func,__text__
ExecSpiderGroupManager,2068448,func,__text__
InitSpiderGroupManager,2069008,func,__text__
EntryRevivedSpiderGroupManager,2069048,func,__text__
DispAllSpiderGroups,2069088,func,__text__
EntryToSpiderGroupManagerForReviveMaster,2069256,func,__text__
getReviveEnemyGObj,2069296,func,__text__
DispStageMultiBgaManager,2069392,func,__text__
InitStageMultiBgaManager,2069600,func,__text__
EntryStageMultiBgaManager,2069760,func,__text__
EntryStageMultiBgaManagerSensitive,2069976,func,__text__
EntryStageMultiBgaManagerWithStay,2070208,func,__text__
EntryStageMultiBgaManagerSensitiveWithStay,2070432,func,__text__
blur,2070672,func,__text__
auraInspireBefore,2071136,func,__text__
auraInspireAfter,2074344,func,__text__
makeFullScreenFlareBefore,2077272,func,__text__
makeFullScreenFlareAfter,2079816,func,__text__
pasteFullScreenFlare,2080240,func,__text__
depthField,2081728,func,__text__
GetSunWorldPos,2083408,func,__text__
MotionBlur,2083424,func,__text__
calcSun,2083936,func,__text__
colorSetting,2084128,func,__text__
dispPostInfo,2084576,func,__text__
dispFeedInfo,2084944,func,__text__
FullScreenEffectBefore,2085192,func,__text__
FullScreenEffectAfter,2085616,func,__text__
InitStaticBlur,2086016,func,__text__
StaticBlur,2086168,func,__text__
StaticBlurDL,2086176,func,__text__
SetMotionBlur,2086184,func,__text__
SetStaticBlur,2086192,func,__text__
SetDepthFadeParam,2086208,func,__text__
SetAuraInspireParam,2086248,func,__text__
InitializeStaticBlur,2086256,func,__text__
_initStaticBlur,2086264,func,__text__
SetAuraEffect,2086384,func,__text__
InitStormPackage,2086392,func,__text__
ClipStormByVolume,2087088,func,__text__
ClipStormByCamera,2087544,func,__text__
UpdateStormPackage,2087984,func,__text__
DispStormPackage,2088440,func,__text__
StormTestGeo,2089176,func,__text__
StormTestDL,2089192,func,__text__
InitStormTestGeo,2089216,func,__text__
_infoUpdate,2089376,func,__text__
PlayStreamMotion,2090624,func,__text__
ClearStreamMotionEntry,2090656,func,__text__
_deleteStreamMotionManager,2090752,func,__text__
DisableStreamMotionManagerAutomaticDelete,2091104,func,__text__
getStreamMotionData,2091120,func,__text__
getStreamMotionBlendData,2091296,func,__text__
GetStreamMotionDataNext,2091512,func,__text__
_transRingBuf,2091544,func,__text__
ExecStreamMotionManager,2091712,func,__text__
MallocStreamMotionBuffer,2092192,func,__text__
StandbyStreamMotion,2092344,func,__text__
StopStreamMotion,2092680,func,__text__
DeleteStreamMotionManager,2092688,func,__text__
EntryStreamMotion,2092880,func,__text__
GetDataSizeOfStreamMotion,2092960,func,__text__
GetStreamMotionData,2093040,func,__text__
InitStreamMotionManager,2093184,func,__text__
CheckReadyStreamMotion,2093200,func,__text__
SetStreamMotionFinishCallBackFunc,2093264,func,__text__
FreeStreamMotionBuffer,2093296,func,__text__
ClearAllStreamMotionEntry,2093352,func,__text__
_closeHander,2093512,func,__text__
_handler,2093544,func,__text__
SugiLeafGeo2,2093752,func,__text__
SugiLeafDL2,2094224,func,__text__
InitSugiLeafGeo,2094632,func,__text__
SugiLeafGeo,2094720,func,__text__
InitSugiLeafGeo2,2094904,func,__text__
torchOffSE,2095040,func,__text__
LightTorchOn,2095088,func,__text__
LightTorchOff,2095480,func,__text__
torchDrainControl,2095712,func,__text__
moveTorch,2095880,func,__text__
setPauseFlag,2096072,func,__text__
CheckTorchChainReactionReverse,2096240,func,__text__
procChainReaction,2096584,func,__text__
TorchGeo,2097008,func,__text__
InitTorchGeo,2097440,func,__text__
TorchDL,2097704,func,__text__
IsTorchLightOn,2097712,func,__text__
CheckTorchChainReaction,2097728,func,__text__
SetTorchLife,2097968,func,__text__
SetTorchChainReactionFlag,2097992,func,__text__
UpdateRealTimeGeometryValue,2098008,func,__text__
AllocWaterDot,2098088,func,__text__
setWaterDot,2098576,func,__text__
ExecWaterDot,2098784,func,__text__
DispWaterDot,2099216,func,__text__
InitializeWaterDot,2099616,func,__text__
EntryWaterDot,2099680,func,__text__
CreateWaySystemManagerGObj,2099920,func,__text__
RequestGetWayBegin,2099984,func,__text__
actWaySystemCore,2100048,func,__text__
waySysMan_thStart,2100128,func,__text__
torchOnOfWeaponSE,2100152,func,__text__
torchOffOfWeaponSE,2100160,func,__text__
weaponHitReactionSE,2100208,func,__text__
weaponFumbleSE,2100216,func,__text__
weaponStickSE,2100224,func,__text__
ReleaseWeaponWithFumbleTargetPos,2100232,func,__text__
ReleaseWeaponWithFumbleSequential,2100528,func,__text__
calcDynamicPathGeometry,2101544,func,__text__
calcDynamicGeometry,2102072,func,__text__
getGeometry,2103736,func,__text__
WeaponCurPos,2104128,func,__text__
WeaponHitEffect,2104224,func,__text__
ExecWeaponHitReaction,2104256,func,__text__
checkHit,2104264,func,__text__
initializeQueenzSword,2104576,func,__text__
InitWeaponGeo,2105128,func,__text__
dispLaserSword,2106056,func,__text__
dispInsectNet,2106352,func,__text__
dispBlur,2106776,func,__text__
calcBlur,2107168,func,__text__
WeaponGeo,2108136,func,__text__
WeaponDL,2109080,func,__text__
PickupWeapon,2109256,func,__text__
CheckSwapableWeapon,2109344,func,__text__
ReleaseWeapon,2109608,func,__text__
CheckWeaponKind,2109656,func,__text__
LightTorchOnOfWeapon,2109672,func,__text__
LightTorchOnOfWeaponWithNoSE,2109792,func,__text__
LightTorchOffOfWeapon,2109912,func,__text__
GetTorchGObjOfWeapon,2110008,func,__text__
ReleaseWeaponWithFumble,2110048,func,__text__
InitWeaponFumbleSequence,2110176,func,__text__
GetWeaponWeight,2110200,func,__text__
SetWeaponTorchChainReactionFlagAll,2110248,func,__text__
InitDemoQueensSword,2110432,func,__text__
ExecDemoQueensSword,2110664,func,__text__
SetWeaponOffsetMode,2110688,func,__text__
InitWindField,2110704,func,__text__
drawSenpuukiHaneUnit,2111096,func,__text__
drawSenpuuki,2111504,func,__text__
ExecWindField,2111840,func,__text__
GetWindVector,2112496,func,__text__
dummyGetWindVector,2112528,func,__text__
getParallelWindVector,2112552,func,__text__
getRadiateWindVector,2112824,func,__text__
StopWindField,2113000,func,__text__
drawLines,2113016,func,__text__
drawSenpuukiHane,2113144,func,__text__
drawSenpuukiUnit,2113272,func,__text__
drawSenpuukiBase,2113400,func,__text__
ExecWindManager,2113528,func,__text__
ReinitWindManager,2113656,func,__text__
SetWindManager,2113872,func,__text__
InitWindManager,2114000,func,__text__
GetRegularizedWindSpeed,2114216,func,__text__
InitWindMillGeo,2114440,func,__text__
WindMillGeo,2114800,func,__text__
WindMillDL,2114808,func,__text__
DispWireLetter,2114816,func,__text__
DispWireString,2115160,func,__text__
DefaultColorWireString,2115424,func,__text__
ChangeColorWireString,2115472,func,__text__
Draw2DBox,2115496,func,__text__
outerProcess,2115720,func,__text__
simulate,2116016,func,__text__
getAnimation,2116832,func,__text__
disp,2117352,func,__text__
GetWormRoute,2118240,func,__text__
InitWormGeo,2118768,func,__text__
GetWormCaptureVector,2119720,func,__text__
WormGeo,2119800,func,__text__
WormDL,2120504,func,__text__
SetDirectWormTargetPos,2120512,func,__text__
SetWormReduceRatio,2120728,func,__text__
TraceWormRoute,2120744,func,__text__
dma_init,2121128,func,__text__
matrix_init,2121232,func,__text__
malloc_MemCpy,2121248,func,__text__
malloc_SetPartition,2121256,func,__text__
malloc_GetPartition,2121264,func,__text__
mallocseki,2121272,func,__text__
freeseki,2121496,func,__text__
resetmallocseki,2121528,func,__text__
mallocsekistage,2121536,func,__text__
reallocseki,2121608,func,__text__
bga_InitData,2121648,func,__text__
bga_initLightEnvelope,2122584,func,__text__
bga_ApplyDObject,2123376,func,__text__
bga_GetMotion,2124096,func,__text__
bga_GetMotionParticle,2125880,func,__text__
bga_GetMotionLightning,2127608,func,__text__
bga_GetExtMotion,2129360,func,__text__
bga_GetGizmoMotion,2130008,func,__text__
bga_calcEnvelope,2130808,func,__text__
_RotTransCurrentMatrixYXZ,2131896,func,__text__
bga_CalcObject,2132616,func,__text__
bga_resetObjectCounter,2134888,func,__text__
bga_SetFrame,2135464,func,__text__
bga_CalcAnimation,2135864,func,__text__
bga_CalcSdfCamera,2136640,func,__text__
bga_addLightning,2137680,func,__text__
bga_DispLightning,2138280,func,__text__
bga_ResetCamera,2139656,func,__text__
bga_GetCameraMatrix,2139664,func,__text__
bga_InitSdfCamera,2139736,func,__text__
bga_SetCamFrame,2139856,func,__text__
bga_CheckAnimationFinish,2140008,func,__text__
bga_CheckAnimationFrame,2140096,func,__text__
bga_CheckAnimationFrameIn,2140200,func,__text__
bga_CheckSdfCameraFinish,2140360,func,__text__
bga_CheckSdfCameraFrame,2140448,func,__text__
bga_CheckSdfCameraFrameIn,2140536,func,__text__
bga_SetCameraForceOff,2140688,func,__text__
bga_InitBGA,2140704,func,__text__
bga_SetUniqAnimationFlag,2140720,func,__text__
bga_ResetAnimation,2140728,func,__text__
bga_GetZoom,2140808,func,__text__
font_CheckAlign,2140816,func,__text__
font_Print,2141816,func,__text__
font_GetWidth,2143240,func,__text__
font_GetHeight,2143248,func,__text__
font_Init,2143288,func,__text__
dl_Init,2143320,func,__text__
dl_Clear,2143600,func,__text__
dl_Swap,2143720,func,__text__
dl_PushPriority,2143992,func,__text__
dl_PopPriority,2144136,func,__text__
dl_Debug,2144272,func,__text__
dl_CloseDma,2144328,func,__text__
dl_Out,2144648,func,__text__
dl_SetDLPriority,2144784,func,__text__
dl_OpenDma,2144824,func,__text__
dl_GetPri,2144976,func,__text__
dpk_SwapBuffer,2144984,func,__text__
dpk_Init,2145136,func,__text__
dpk_CheckBufferSize,2145192,func,__text__
enemy_Initialize,2145240,func,__text__
enemy_GetPositionTable,2146072,func,__text__
cut_gobj_camera_dl_link,2146136,func,__text__
isysGObjRemoveCameraDL,2146256,func,__text__
add_gobj_to_tailCameraDL,2146264,func,__text__
isysGObjMoveCameraDL,2146552,func,__text__
isysGObjLinkCameraDL,2146608,func,__text__
isysGObjLinkCameraDLAfterGObj,2146736,func,__text__
isysGObjLinkCameraDLBeforeGObj,2146824,func,__text__
isysGObjCameraDlInit,2146912,func,__text__
isysGObjMoveCameraDLHead,2146928,func,__text__
isysGObjLinkCameraDLHead,2147136,func,__text__
isysObjMoveCameraDLAfterGObj,2147312,func,__text__
isysObjMoveCameraDLBeforeGObj,2147408,func,__text__
getDitchDistTbl,2147504,func,__text__
GetDitchPosition,2148360,func,__text__
DebugActOrientFlag,2148560,func,__text__
ACTGetEnvironment,2149240,func,__text__
ACTSetEnvAllmighty,2167192,func,__text__
GetSofaPosition,2167488,func,__text__
GetCollisCenterPositionSimple,2167616,func,__text__
CheckWallAttributeEdegWall,2167784,func,__text__
DetourCheck,2167848,func,__text__
checkPositionIllegal,2168528,func,__text__
ACTWayMove_BeginDetail,2168896,func,__text__
ACTWayMove_NextDetail,2169952,func,__text__
ACTWayExec_Position,2172448,func,__text__
ACTWay_IsMustWalkFromWay,2173096,func,__text__
ACTWay_SetBeginPositionIllegal,2173216,func,__text__
WayMove_CheckCollis,2173240,func,__text__
actChangeActBrain,2173352,func,__text__
actChangeActMain,2173496,func,__text__
actCreateMotionThread,2173696,func,__text__
actCreateSubThread,2173832,func,__text__
after_func_exec,2174096,func,__text__
actInitialize_ext_charcter,2174488,func,__text__
actInitialize_only_charcter,2174680,func,__text__
actInitialize,2174936,func,__text__
act_check_intr_list,2175936,func,__text__
act_check_mail,2176424,func,__text__
BeforeFunc,2177072,func,__text__
ACTDebugMove,2178824,func,__text__
actInitialize_geo,2180840,func,__text__
ACTReserveTarget,2180848,func,__text__
_ACTRun,2180920,func,__text__
_ACTWait,2180992,func,__text__
actCreateSubThreadGOppArg,2181152,func,__text__
actSetInterrupt,2181208,func,__text__
ConvertStickToAbsCoord,2181216,func,__text__
ActSetStartBrainStatus,2181336,func,__text__
actWaitCondition,2181360,func,__text__
BeforeFunc2,2181552,func,__text__
actDummy,2181896,func,__text__
setMailTarget,2181944,func,__text__
seMail,2181992,func,__text__
seMailTargetDistCheck,2182368,func,__text__
add_wp_pos,2182528,func,__text__
WayLengthOfPos_Pos,2182688,func,__text__
WayPointWithRangeFromPos,2183216,func,__text__
WayPointWithRangeFromPos2,2184192,func,__text__
NearestEnemyFromGirl,2185616,func,__text__
NumOfWpPos,2185904,func,__text__
CopyWpPos,2185912,func,__text__
WayLengthOfGObj_Pos,2186104,func,__text__
WayLengthOfGObj_GObj,2186184,func,__text__
WayPointWithRangeFromGObj,2186272,func,__text__
wayKidnap_wpsort_compfnc,2186344,func,__text__
CreateTempWayGroup,2186400,func,__text__
CreateBridge,2187032,func,__text__
InitWayPointSystem,2187176,func,__text__
CreateWayGroup,2187296,func,__text__
DeleteWayGroup,2187448,func,__text__
CloseWayGroup,2187576,func,__text__
CreateWayPoint,2187624,func,__text__
AddWayPoint,2187744,func,__text__
AddWayPointTop,2187848,func,__text__
InsertWayPointAfter,2187920,func,__text__
DeleteWayPoint,2187976,func,__text__
WayGroup_begin,2188200,func,__text__
WayGroup_next,2188264,func,__text__
WayBridge_begin,2188328,func,__text__
WayBridge_next,2188416,func,__text__
WayBridgeAll_begin,2188504,func,__text__
WayBridgeAll_next,2188576,func,__text__
WayBridgeVar_begin,2188648,func,__text__
WayBridgeVar_next,2188736,func,__text__
WayPoint_begin,2188824,func,__text__
WayPoint_next,2188888,func,__text__
WayPointList_begin,2188952,func,__text__
WayPointList_next,2188984,func,__text__
waypoint_bidirectional_list,2189048,func,__text__
SetWayGroupActive,2189136,func,__text__
CheckWayGroupActive,2189168,func,__text__
group_create,2189200,func,__text__
wayTool_group_select,2189552,func,__text__
point_delete,2190344,func,__text__
point_insert,2190600,func,__text__
quick_load_wpfile,2190888,func,__text__
ExtractWayData,2191176,func,__text__
wp_print_out,2191752,func,__text__
draw_way_group,2192536,func,__text__
way_toolDL,2193072,func,__text__
debug_WayTool,2193720,func,__text__
play_way,2194264,func,__text__
point_nige,2194488,func,__text__
quick_save_wpfile,2194640,func,__text__
cursor_control,2194824,func,__text__
actDejaChk,2194952,func,__text__
actDejaDemo,2195304,func,__text__
actDejaAfter,2196360,func,__text__
actDejaAfterChk,2196696,func,__text__
actDeja,2196992,func,__text__
actEnemySleep,2197168,func,__text__
actE3WarningChk,2197208,func,__text__
actE3Title,2197616,func,__text__
actE3TitleChk,2198056,func,__text__
actE3TitleFrameChk,2198304,func,__text__
actE3Inst1Chk,2199120,func,__text__
actE3Capsule,2199640,func,__text__
actE3CapsuleDemoCancel,2200032,func,__text__
actE3CapsuleDemo,2200456,func,__text__
actE3St13cInit,2200976,func,__text__
actE3CageFall,2201040,func,__text__
actE3CageFallChk,2201296,func,__text__
actE3CageFallDemo,2201664,func,__text__
actE3CageFallEffect,2202592,func,__text__
actE3St09aSekizo,2203552,func,__text__
actE3St09aSekizoChk,2203808,func,__text__
actE3GateChk,2204496,func,__text__
actE3GateDemo,2204872,func,__text__
actE3GateJimaku,2205728,func,__text__
actE3St01bInit,2206152,func,__text__
actE3St09aBrgDown,2206168,func,__text__
actE3Warning,2206456,func,__text__
actE3Inst1,2206584,func,__text__
actE3Door,2206768,func,__text__
actE3CageFallReady,2206920,func,__text__
actE3St13cIntro,2207040,func,__text__
actE3St13cGene1,2207160,func,__text__
actE3St13cGene2,2207344,func,__text__
actE3Floor,2207504,func,__text__
actE3St01bEne,2207552,func,__text__
actE3St01bGene1,2207672,func,__text__
actE3St01bGene2,2207856,func,__text__
actE3St01bGene3,2208032,func,__text__
actE3St09aBrg,2208208,func,__text__
actE3Gate,2208360,func,__text__
actE3CapsuleChk,2208568,func,__text__
actE3CapsuleDemoEnd,2208712,func,__text__
actE3DoorMain,2208920,func,__text__
actE3DoorSwitch,2208976,func,__text__
actE3DoorUp,2209064,func,__text__
actE3St13cIntroChk,2209248,func,__text__
actE3CageFallReadyChk,2209376,func,__text__
actE3St01bEneChk,2209488,func,__text__
actE3St09aGirlWay,2209672,func,__text__
actE3St09aBrgMain,2209816,func,__text__
actE3St09aBrgSwitch,2209864,func,__text__
actEndDemo01,2209952,func,__text__
actConte14_1,2210256,func,__text__
actEndDemo02,2210944,func,__text__
actConte14_2,2211264,func,__text__
actEndDemo06,2211840,func,__text__
actConte14_6,2212208,func,__text__
actEndDemo07,2212480,func,__text__
actConte14_7,2212720,func,__text__
actEndDemo10,2213184,func,__text__
actConte14_10,2213424,func,__text__
actConte14_13,2214208,func,__text__
actStaff1,2214464,func,__text__
actStaff1Demo,2214696,func,__text__
actStaff2Demo,2215512,func,__text__
actStaff3Demo,2216432,func,__text__
actEndDemo14,2217216,func,__text__
actConte14_14,2217520,func,__text__
actSt27aEnd,2218072,func,__text__
actSt27aEndChk,2218304,func,__text__
actSt27aEndDemo,2218712,func,__text__
actEndLogoChk,2219544,func,__text__
actEndDemo03,2219984,func,__text__
actEndDemo04,2220200,func,__text__
actEndDemo05,2220368,func,__text__
actEndDemo11,2220488,func,__text__
actEndDemo12,2220624,func,__text__
actEndDemo13,2220760,func,__text__
actStaff2,2220920,func,__text__
actStaff3,2221112,func,__text__
actEndLogo,2221296,func,__text__
actEndDemo01Chk,2221400,func,__text__
actEndDemo02Chk,2221560,func,__text__
actEndDemo03Chk,2221696,func,__text__
actConte14_3,2221832,func,__text__
actEndDemo04Chk,2221952,func,__text__
actConte14_4,2222088,func,__text__
actEndDemo05Chk,2222208,func,__text__
actConte14_5,2222256,func,__text__
actEndDemo06Chk,2222384,func,__text__
actEndDemo07Chk,2222520,func,__text__
actEndDemo10Chk,2222592,func,__text__
actConte14_10_Jimaku,2222760,func,__text__
actEndDemo11Chk,2223160,func,__text__
actConte14_11,2223208,func,__text__
actEndDemo12Chk,2223344,func,__text__
actConte14_12,2223392,func,__text__
actEndDemo13Chk,2223528,func,__text__
actStaff1Chk,2223576,func,__text__
actStaff2Chk,2223616,func,__text__
actStaff3Chk,2223672,func,__text__
actStaff3RollChk,2223832,func,__text__
actEndDemo14Chk,2223944,func,__text__
actEndingSave,2223992,func,__text__
actTitleCamera2,2224224,func,__text__
actOpDemo01,2224616,func,__text__
actTitleShortCut,2225928,func,__text__
actTitleReadTimeDemo0,2226272,func,__text__
actOpDemo01_2,2228296,func,__text__
actOpDemo01_2Chk,2228616,func,__text__
actOpDemo02,2229432,func,__text__
actSt24aConte01_2,2229704,func,__text__
actOpDemo03Chk,2230648,func,__text__
actSt13aConte01_3,2231000,func,__text__
actOpDemo03,2231840,func,__text__
actSubMpegReturnPreload,2231992,func,__text__
actSt26aConte01_1_newgame,2232120,func,__text__
actOpDemo02Chk,2232264,func,__text__
actSt24aConte01_2_Jimaku,2232496,func,__text__
actSt00aInit,2232888,func,__text__
actSt00aEnd,2233096,func,__text__
actSt00aEneChk,2233152,func,__text__
actSt00aStairChk,2233480,func,__text__
actSt00aDoor2,2234184,func,__text__
actSt00aDoor2UpChk,2234448,func,__text__
actSt00aDoor2DownChk,2234856,func,__text__
actSt00aDoor1,2235264,func,__text__
actSt00aDoor1UpChk,2235528,func,__text__
actSt00aDoor1DownChk,2235928,func,__text__
actSt00aEne,2236328,func,__text__
actSt00aEnemy1,2236448,func,__text__
actSt00aEnemy2,2236616,func,__text__
actSt00aStair,2236760,func,__text__
actSt00aAtr2,2236912,func,__text__
actSt00aAtr2Chk,2237032,func,__text__
actSt00aStairChkSub,2237120,func,__text__
actSt00aDoor2Event,2237296,func,__text__
actSt00aDoor2UpEffect,2237312,func,__text__
actSt00aDoor2DownEffect,2237536,func,__text__
actSt00aDoor1Event,2237760,func,__text__
actSt00aDoor1UpEffect,2237776,func,__text__
actSt00aDoor1DownEffect,2238000,func,__text__
actSt01bInit,2238224,func,__text__
actSt01bEneChk,2238352,func,__text__
actSt01bFloorChkSub,2238656,func,__text__
actSt01bFloorChk,2239000,func,__text__
actSt01bSekizo,2239624,func,__text__
actSt01bEne,2239736,func,__text__
actSt01bEnemy1,2239856,func,__text__
actSt01bEnemy2,2240040,func,__text__
actSt01bEnemy3,2240208,func,__text__
actSt01bEnemy4,2240352,func,__text__
actSt01bEnemy5,2240464,func,__text__
actSt01bEnemy6,2240576,func,__text__
actSt01bFloor,2240688,func,__text__
actSt01bWay,2240808,func,__text__
actSt01bEnd,2240912,func,__text__
actSt01bSekizoEvent,2240920,func,__text__
actSt01bFloorEvent,2240936,func,__text__
actSt01bWayOnChk,2240952,func,__text__
actSt01bWayOffChk,2241128,func,__text__
actSt02aInit,2241304,func,__text__
actSt02aDoor,2241384,func,__text__
actSt02aDoorUpChk,2241648,func,__text__
actSt02aDoorDownChk,2242040,func,__text__
actSt02aFenceOpen,2242432,func,__text__
actSt02WaterFallBoySplashCheck,2242864,func,__text__
actSt02aWaterFallReflactionEffect,2243168,func,__text__
actSt02aWaterFallChk,2243600,func,__text__
actSt02aGondolaUp,2243936,func,__text__
actSt02aGondolaDown,2244296,func,__text__
actSt02aBox,2244648,func,__text__
actSt02aGondola,2244880,func,__text__
actSt02aFence,2245056,func,__text__
actSt02aWaterFall,2245176,func,__text__
actSt02aBoxEvent2,2245336,func,__text__
actSt02aEne,2245416,func,__text__
actSt02aEnemy1,2245536,func,__text__
actSt02aEnemy2,2245680,func,__text__
actSt02aSekizo,2245856,func,__text__
actSt02aWay,2245960,func,__text__
actSt02aTakiWay,2246128,func,__text__
actSt02aSecretItem,2246248,func,__text__
actSt02aDoorEvent,2246368,func,__text__
actSt02aDoorUpEffect,2246384,func,__text__
actSt02aDoorDownEffect,2246608,func,__text__
actSt02aFenceMain,2246832,func,__text__
actSt02aFenceSwitch,2246880,func,__text__
actSt02aFenceOpenSub,2246984,func,__text__
actSt02aGondolaMain,2247128,func,__text__
actSt02aGondolaSwitch,2247176,func,__text__
actSt02aEneChk,2247344,func,__text__
actSt02aSekizoEvent,2247448,func,__text__
actSt02aWayOnChk,2247464,func,__text__
actSt02aWayOffChk,2247680,func,__text__
actSt02aTakiWayOnChk,2247904,func,__text__
actSt02aTakiWayOffChk,2248088,func,__text__
actSt02aSecretItemChk,2248280,func,__text__
actSt03tSwitchL,2248360,func,__text__
actSt03tSwitchLChk,2248592,func,__text__
actSt03tSwitchLUpChk,2249200,func,__text__
actSt03tSwitchR,2249608,func,__text__
actSt03tSwitchRChk,2249840,func,__text__
actSt03tSwitchRUpChk,2250344,func,__text__
actSt03tGene,2250752,func,__text__
actSt03tBoxA,2250952,func,__text__
actSt03tBoxB,2251128,func,__text__
actSt03tInit,2251312,func,__text__
actSt03tGirlUp,2251408,func,__text__
actSt03tGirlCam,2251544,func,__text__
actSt03tSekizo,2251648,func,__text__
actSt03tWay,2251752,func,__text__
actSt03tEne,2251920,func,__text__
actSt03tGirlPos,2252040,func,__text__
actSt03tHint1Sleep,2252168,func,__text__
actSt03tGirlCamEvent,2252272,func,__text__
actSt03tGirlCamStartChk,2252288,func,__text__
actSt03tGirlCamEndChk,2252496,func,__text__
actSt03tSekizoEvent,2252696,func,__text__
actSt03tEneChk,2252712,func,__text__
actSt03tWayOnChk,2252920,func,__text__
actSt03tWayOffChk,2253104,func,__text__
actSt03tGirlPosChk,2253288,func,__text__
actSt03tGirlUpChk,2253376,func,__text__
actSt03tHint1OnChk,2253480,func,__text__
actSt03tHint1OffChk,2253632,func,__text__
actSt04aGate,2253784,func,__text__
actSt04aGateChk,2254048,func,__text__
actSt04aConte06,2255752,func,__text__
actSt04aConte06Jimaku,2257384,func,__text__
actSt04aGateOpen,2258128,func,__text__
actSt04aGateOpenChk,2258376,func,__text__
actConte09,2259744,func,__text__
actConte09Jimaku,2260912,func,__text__
actSt04aGateOpen2Chk,2261336,func,__text__
actConte09_2,2261680,func,__text__
actSt04aGateOpen3,2262832,func,__text__
actSt04aGateOpen3Chk,2263088,func,__text__
actConte09_3,2263360,func,__text__
actSt04aGateLChk,2265816,func,__text__
actSt04aGateRChk,2266296,func,__text__
actSt04aTorch1,2266896,func,__text__
actSt04aTorch1Chk,2267696,func,__text__
actSt04aTorchAllFlagfChk,2268240,func,__text__
actSt04aTorchHintChk,2268984,func,__text__
actSt04aGateL,2269760,func,__text__
actSt04aGateR,2269928,func,__text__
actSt04aTorchXL,2270096,func,__text__
actSt04aDeadCam,2270160,func,__text__
actSt04aGateOpen2,2270384,func,__text__
actSt04aGateOpen2Ready,2270520,func,__text__
actSt04aGirlSit,2270624,func,__text__
actSt04aTorchHint,2270728,func,__text__
actSt04aModel,2270848,func,__text__
actSt04aEnvSe,2270968,func,__text__
actSt04aEnvSeWakare1,2271264,func,__text__
finishCallBackFunc,2271560,func,__text__
actSt04aGateOpen2ReadyChk,2271768,func,__text__
actSt04aEnvSeWakare2,2271960,func,__text__
actConte09_3Jimaku,2272256,func,__text__
actConte09_3_demoCancel,2272648,func,__text__
actSt04aGateLSub,2272680,func,__text__
actSt04aGateRSub,2272784,func,__text__
actSt04aGirlSitChk,2272888,func,__text__
actSt04aModelOnChk,2273112,func,__text__
actSt04aModelOffChk,2273264,func,__text__
actSt04bEnd,2273416,func,__text__
actSt04bSekizoChk,2273488,func,__text__
actSt04bEne1Chk,2274312,func,__text__
actSt04bCrest01XL,2274560,func,__text__
actSt04bDoorXL,2274704,func,__text__
actSt04bMonyoDoorXL,2274768,func,__text__
actSt04bSekizo,2274864,func,__text__
actSt04bEne1,2275056,func,__text__
actSt04bEnemy1,2275176,func,__text__
actSt04bEnemy2,2275336,func,__text__
actSt04bBallXL,2275496,func,__text__
actSt04bSolarXL,2275600,func,__text__
actSt04bSekizoEvent,2275696,func,__text__
actSt04bGirlWay,2275712,func,__text__
actSt04cEnd,2275840,func,__text__
actSt04cDoorDownChk,2275896,func,__text__
actSt04cIntroChk,2276160,func,__text__
actSt04lDoorChk,2276512,func,__text__
actSt04cSolarXL,2277080,func,__text__
actSt04lDoor,2277160,func,__text__
actSt04cIntro,2277336,func,__text__
actSt04cDoorDown,2277456,func,__text__
actSt04cEne,2277568,func,__text__
actSt04cEnemy1,2277688,func,__text__
actSt04cEnemy2,2277832,func,__text__
actSt04cWaterXL,2277976,func,__text__
actSt04cDoorDownEvent,2278056,func,__text__
actSt04cDoorDownEffect,2278072,func,__text__
actSt04cEneChk,2278352,func,__text__
actSt04cIntroChkSub,2278464,func,__text__
actSt04lDoorEvent,2278552,func,__text__
actSt04dDoor1,2278568,func,__text__
actSt04dDoor1UpChk,2278832,func,__text__
actSt04dDoor1DownChk,2279176,func,__text__
actSt04dDoor2,2279520,func,__text__
actSt04dDoor2UpChk,2279784,func,__text__
actSt04dDoor2DownChk,2280128,func,__text__
actSt04dDoor1Event,2280472,func,__text__
actSt04dDoor1UpEffect,2280488,func,__text__
actSt04dDoor1DownEffect,2280712,func,__text__
actSt04dDoor2Event,2280936,func,__text__
actSt04dDoor2UpEffect,2280952,func,__text__
actSt04dDoor2DownEffect,2281176,func,__text__
actSt04eWaterStop,2281400,func,__text__
actSt04eHint1,2281768,func,__text__
actSt04eHint1WakeUp,2281904,func,__text__
actSt04eFuchi1,2282032,func,__text__
actSt04eFuchi2,2282184,func,__text__
actSt04eFuchi3,2282336,func,__text__
actSt04eSe,2282488,func,__text__
actSt04eWater,2282592,func,__text__
actSt04eWaterMain,2282784,func,__text__
actSt04eWaterSwitch,2282832,func,__text__
actSt04eWaterFlagOn,2282920,func,__text__
actSt04eWaterStopSub,2283104,func,__text__
actSt04eHint1Chk,2283232,func,__text__
actSt04eFuchi1Chk,2283352,func,__text__
actSt04eFuchi2Chk,2283568,func,__text__
actst04eFuchi3Chk,2283784,func,__text__
actSt04eSeChk,2284000,func,__text__
actSt04eHint1WakeUpChk,2284264,func,__text__
actSt04cInit,2284344,func,__text__
actSt04dInit,2284832,func,__text__
actSt04eInit,2285552,func,__text__
actSt04lBallTurnCommonSub,2285704,func,__text__
actSt04lBallTurnCommon,2285944,func,__text__
turnBall,2286368,func,__text__
actSt04lCrest02,2286448,func,__text__
actSt04lCrestSub,2286672,func,__text__
actSt04lCrestMain,2286936,func,__text__
actSt04lCrest2Sub,2287480,func,__text__
actSt04lCrest2Main,2287768,func,__text__
actSt04lCrest3Sub,2288360,func,__text__
actSt04lCrest3Main,2288592,func,__text__
actSt04eSolarBeamChk,2289056,func,__text__
actSt04lStairSub,2289496,func,__text__
actSt04lStairChk,2290072,func,__text__
actSt04lRope1Chk,2290808,func,__text__
actSt04lRope2Chk,2291128,func,__text__
actSt04lRope3Chk,2291448,func,__text__
actSt04lRope4Chk,2291768,func,__text__
actSt04lSekizoChk,2292088,func,__text__
actSt04lGondolaChk,2292832,func,__text__
actSt04lMonyou01Chk,2293712,func,__text__
actSt04lMonyou02Chk,2294064,func,__text__
actSt04lMonyou03Chk,2294408,func,__text__
actSt04lMonyou04Chk,2294752,func,__text__
actSt04lMonyou05Chk,2295096,func,__text__
actSt04lMonyou06Chk,2295440,func,__text__
actSt04lMonyou07Chk,2295784,func,__text__
actSt04lOriSub,2296128,func,__text__
actSt04lOriChk,2296392,func,__text__
actSt04lOriRopeCutRChk,2296928,func,__text__
actSt04lOriRopeCutLChk,2297376,func,__text__
actSt04lOri2,2297824,func,__text__
actSt04lOri2Sub,2298056,func,__text__
actSt04lOri2Chk,2298304,func,__text__
actSt04lCrest01,2298752,func,__text__
actSt04lCrest03,2298912,func,__text__
actSt04lC1Ball,2299064,func,__text__
actSt04lC2Ball,2299248,func,__text__
actSt04lC3Ball,2299432,func,__text__
actSt04lStair,2299616,func,__text__
actSt04lBrg1,2299776,func,__text__
actSt04lBrg2,2299896,func,__text__
actSt04lBrg1Way,2300024,func,__text__
actSt04lBrg2Way,2300144,func,__text__
actSt04lRope1,2300264,func,__text__
actSt04lRope2,2300432,func,__text__
actSt04lRope3,2300600,func,__text__
actSt04lRope4,2300768,func,__text__
actSt04lSekizo,2300936,func,__text__
actSt04lTuri,2301088,func,__text__
actSt04lOri,2301248,func,__text__
actSt04lOriRopeCutR,2301416,func,__text__
actSt04lOriRopeCutL,2301536,func,__text__
actSt04lSword,2301656,func,__text__
actSt04lGondola,2301776,func,__text__
actSt04lMonyou01,2301976,func,__text__
actSt04lMonyou02,2302136,func,__text__
actSt04lMonyou03,2302288,func,__text__
actSt04lMonyou04,2302440,func,__text__
actSt04lMonyou05,2302592,func,__text__
actSt04lMonyou06,2302744,func,__text__
actSt04lMonyou07,2302896,func,__text__
actSt04lCrest01XL,2303048,func,__text__
actSt04lCrest02XL,2303144,func,__text__
actSt04lCrest03XL,2303240,func,__text__
actSt04lC2BallXL,2303336,func,__text__
actSt04lC3BallXL,2303464,func,__text__
actSt04lTorch1_1,2303584,func,__text__
actSt04lTorch1_2,2303736,func,__text__
actSt04lTorch2_1,2303888,func,__text__
actSt04lTorch2_2,2304056,func,__text__
actSt04lTorch3_1,2304224,func,__text__
actSt04lTorch3_2,2304376,func,__text__
actSt04lTorch2_1XL,2304528,func,__text__
actSt04lTorch2_2XL,2304696,func,__text__
actSt04lTorch3_1XL,2304864,func,__text__
actSt04lTorch3_2XL,2304936,func,__text__
actSt04cDoorInit,2305008,func,__text__
actSt04dEnemy1,2305144,func,__text__
actSt04dEnemy2,2305280,func,__text__
actSt04dEnemy3,2305416,func,__text__
actSt04eSolarBeam,2305520,func,__text__
actSt04lC1BallMain,2305728,func,__text__
actSt04lC1BallSwitch,2305776,func,__text__
actSt04lC1BallTurn,2305864,func,__text__
actSt04lC2BallMain,2306000,func,__text__
actSt04lC2BallSwitch,2306048,func,__text__
actSt04lC2BallTurn,2306136,func,__text__
actSt04lC3BallMain,2306272,func,__text__
actSt04lC3BallSwitch,2306320,func,__text__
actSt04lC3BallTurn,2306408,func,__text__
actSt04eSolarBeamChkSub,2306544,func,__text__
actSt04lRope1Event,2306648,func,__text__
actSt04lRope2Event,2306664,func,__text__
actSt04lBrg1Event,2306680,func,__text__
actSt04lBrg1Chk,2306696,func,__text__
actSt04lRope3Event,2306880,func,__text__
actSt04lRope4Event,2306896,func,__text__
actSt04lBrg2Event,2306912,func,__text__
actSt04lBrg2Chk,2306928,func,__text__
actSt04lBrg1WayChk,2307120,func,__text__
actSt04lBrg2WayChk,2307192,func,__text__
actSt04lTuriEvent,2307280,func,__text__
actSt04lTuriChk,2307296,func,__text__
actSt04lGondolaCharaChk,2307480,func,__text__
actSt04lMonyou01Event,2307648,func,__text__
actSt04lMonyou02Event,2307664,func,__text__
actSt04lMonyou03Event,2307680,func,__text__
actSt04lMonyou04Event,2307696,func,__text__
actSt04lMonyou05Event,2307712,func,__text__
actSt04lMonyou06Event,2307728,func,__text__
actSt04lMonyou07Event,2307744,func,__text__
actSt04lOriEvent,2307760,func,__text__
actSt04lOri2Event,2307776,func,__text__
actSt04lSwordChk,2307792,func,__text__
actSt04lTorch1_1Chk,2307832,func,__text__
actSt04lTorch1_2Chk,2307920,func,__text__
actSt04lTorch2_1Chk,2308008,func,__text__
actSt04lTorch2_2Chk,2308096,func,__text__
actSt04lTorch3_1Chk,2308184,func,__text__
actSt04lTorch3_2Chk,2308272,func,__text__
actSt04lTorch2_1XLChk,2308360,func,__text__
actSt04lTorch2_2XLChk,2308448,func,__text__
actSt05eEnd,2308536,func,__text__
actSt05cInit,2308592,func,__text__
actSt05dInit,2309112,func,__text__
actSt05eInit,2309832,func,__text__
actSt04rCrest02,2309984,func,__text__
openGateSub,2310216,func,__text__
openGate,2310464,func,__text__
actSt04rCrest2Main,2310856,func,__text__
actSt04rCrest3Main,2311144,func,__text__
actSt04rSolarBeam,2311384,func,__text__
actSt04rSolarBeamChk,2311760,func,__text__
actSt04rStairSub,2312240,func,__text__
actSt04rStairChk,2312816,func,__text__
actSt04rSekizoChk,2313560,func,__text__
actSt04rRope1Chk,2314304,func,__text__
actSt04rRope2Chk,2314624,func,__text__
actSt04rBrgCommon,2314944,func,__text__
actSt04rRope3Chk,2315272,func,__text__
actSt04rRope4Chk,2315592,func,__text__
actSt04rMonyou01Chk,2315912,func,__text__
actSt04rMonyou02Chk,2316280,func,__text__
actSt04rMonyou03Chk,2316648,func,__text__
actSt04rMonyou04Chk,2317016,func,__text__
actSt04rMonyou05Chk,2317384,func,__text__
actSt04rMonyou06Chk,2317752,func,__text__
actSt04rMonyou07Chk,2318120,func,__text__
actSt04rBarricadeChk,2318488,func,__text__
actSt04rGondolaChk,2318920,func,__text__
actSt04rSolarStageChange,2319872,func,__text__
actSt04rCrest01,2319992,func,__text__
actSt04rCrest03,2320152,func,__text__
actSt04rC1Ball,2320312,func,__text__
actSt04rC2Ball,2320496,func,__text__
actSt04rC3Ball,2320680,func,__text__
actSt04rStair,2320864,func,__text__
actSt04rBrg1,2321024,func,__text__
actSt04rBrg2,2321144,func,__text__
actSt04rBrg1Way,2321264,func,__text__
actSt04rBrg2Way,2321384,func,__text__
actSt04rRope1,2321504,func,__text__
actSt04rRope2,2321672,func,__text__
actSt04rRope3,2321840,func,__text__
actSt04rRope4,2322008,func,__text__
actSt04rSekizo,2322176,func,__text__
actSt04rBarricade,2322328,func,__text__
actSt04rGondola,2322480,func,__text__
actSt04rCrest01XL,2322680,func,__text__
actSt04rCrest02XL,2322776,func,__text__
actSt04rCrest03XL,2322872,func,__text__
actSt04rC2BallXL,2322968,func,__text__
actSt04rC3BallXL,2323088,func,__text__
actSt04rTorch1_1,2323208,func,__text__
actSt04rTorch1_2,2323360,func,__text__
actSt04rTorch2_1,2323512,func,__text__
actSt04rTorch2_2,2323664,func,__text__
actSt04rTorch3_1,2323816,func,__text__
actSt04rTorch3_2,2323952,func,__text__
actSt04rTorch2_1XL,2324088,func,__text__
actSt04rTorch2_2XL,2324256,func,__text__
actSt04rTorch3_1XL,2324424,func,__text__
actSt04rTorch3_2XL,2324496,func,__text__
actSt04rMonyou01,2324568,func,__text__
actSt04rMonyou02,2324720,func,__text__
actSt04rMonyou03,2324872,func,__text__
actSt04rMonyou04,2325024,func,__text__
actSt04rMonyou05,2325176,func,__text__
actSt04rMonyou06,2325328,func,__text__
actSt04rMonyou07,2325480,func,__text__
actSt05cDoorInit,2325632,func,__text__
actSt04rC1BallMain,2325768,func,__text__
actSt04rC1BallSwitch,2325816,func,__text__
actSt04rC1BallTurn,2325904,func,__text__
actSt04rC2BallMain,2325952,func,__text__
actSt04rC2BallSwitch,2326000,func,__text__
actSt04rC2BallTurn,2326088,func,__text__
actSt04rC3BallMain,2326136,func,__text__
actSt04rC3BallSwitch,2326184,func,__text__
actSt04rC3BallTurn,2326272,func,__text__
actSt04rCrestMain,2326320,func,__text__
actSt04rSolarStageChangeChk,2326488,func,__text__
actSt04rStairEvent,2326624,func,__text__
actSt04rRope1Event,2326640,func,__text__
actSt04rRope2Event,2326656,func,__text__
actSt04rBrg1Event,2326672,func,__text__
actSt04rBrg1Chk,2326688,func,__text__
actSt04rBrg1Sub,2326856,func,__text__
actSt04rRope3Event,2327072,func,__text__
actSt04rRope4Event,2327088,func,__text__
actSt04rBrg2Event,2327104,func,__text__
actSt04rBrg2Chk,2327120,func,__text__
actSt04rBrg1WayChk,2327288,func,__text__
actSt04rBrg2WayChk,2327360,func,__text__
actSt04rMonyou01Event,2327448,func,__text__
actSt04rMonyou02Event,2327464,func,__text__
actSt04rMonyou03Event,2327480,func,__text__
actSt04rMonyou04Event,2327496,func,__text__
actSt04rMonyou05Event,2327512,func,__text__
actSt04rMonyou06Event,2327528,func,__text__
actSt04rMonyou07Event,2327544,func,__text__
actSt04rBarricadeEvent,2327560,func,__text__
actSt04rGondolaCharaChk,2327576,func,__text__
actSt04rTorch1_1Chk,2327744,func,__text__
actSt04rTorch1_2Chk,2327832,func,__text__
actSt04rTorch2_1Chk,2327920,func,__text__
actSt04rTorch2_2Chk,2327992,func,__text__
actSt04rTorch3_1Chk,2328064,func,__text__
actSt04rTorch3_2Chk,2328136,func,__text__
actSt04rTorch2_1XLChk,2328208,func,__text__
actSt04rTorch2_2XLChk,2328296,func,__text__
actSt05bCrest01XL,2328384,func,__text__
actSt05bSekizoChk,2328640,func,__text__
actSt05bDoorXL,2329464,func,__text__
actSt05bMonyoDoorXL,2329576,func,__text__
actSt05bSekizo,2329672,func,__text__
actSt05bBallXL,2329864,func,__text__
actSt05bSolarXL,2329968,func,__text__
actSt05bSekizoEvent,2330064,func,__text__
actSt05bGirlWay,2330080,func,__text__
actSt04rDoorDownChk,2330208,func,__text__
actSt04rDoorChk,2330488,func,__text__
actSt04rDoor2Chk,2331040,func,__text__
actSt05cSolarXL,2331592,func,__text__
actSt05cWaterXL,2331672,func,__text__
actSt04rDoor,2331752,func,__text__
actSt04rDoor2,2331920,func,__text__
actSt05cDoorDown,2332088,func,__text__
actSt05cEne,2332200,func,__text__
actSt05cEnemy1,2332320,func,__text__
actSt05cEnemy2,2332472,func,__text__
actSt05cCrestHint,2332616,func,__text__
actSt05cDoorDownEvent,2332744,func,__text__
actSt05cDoorDownEffect,2332760,func,__text__
actSt05cEneChk,2333040,func,__text__
actSt04rDoorSub,2333152,func,__text__
actSt04rDoor2Sub,2333256,func,__text__
actSt05cCrestHintChk,2333360,func,__text__
actSt05dDoor2,2333488,func,__text__
actSt05dDoor2UpChk,2333752,func,__text__
actSt05dDoor2DownChk,2334104,func,__text__
actSt05dEne,2334456,func,__text__
actSt05dEnemy1,2334680,func,__text__
actSt05dEnemy2,2334896,func,__text__
actSt05dCrestHint,2335040,func,__text__
actSt05dDoor2Event,2335168,func,__text__
actSt05dDoor2UpEffect,2335184,func,__text__
actSt05dDoor2DownEffect,2335408,func,__text__
actSt05dEneChk,2335632,func,__text__
actSt05dCrestHintChk,2335744,func,__text__
actSt05eWaterStop,2335872,func,__text__
actSt05eSolarChk,2336240,func,__text__
actSt05eWater,2336744,func,__text__
actSt05eSolar,2336912,func,__text__
actSt05eWaterMain,2337104,func,__text__
actSt05eWaterSwitch,2337152,func,__text__
actSt05eWaterFlagOn,2337240,func,__text__
actSt05eWaterStopSub,2337424,func,__text__
actSt06aInit,2337552,func,__text__
actSt06aSuimon,2337680,func,__text__
actSt06aSuimonChk,2337944,func,__text__
actSt06aDoor,2338600,func,__text__
actSt06aDoorUpChk,2338864,func,__text__
actSt06aDoorDownChk,2339240,func,__text__
actSt06aShutterOpen,2339616,func,__text__
actSt06aBoxChk,2340040,func,__text__
actSt06aStatueChk,2340464,func,__text__
actSt06aHeadChk,2340896,func,__text__
actSt06aJumpMove,2341672,func,__text__
actSt06aPistonFlagOnChk,2342040,func,__text__
actSt06aShutter,2342352,func,__text__
actSt06aExit,2342536,func,__text__
actSt06aExitGirl,2342640,func,__text__
actSt06aBox,2342744,func,__text__
actSt06aBox2,2342896,func,__text__
actSt06aBox3,2343032,func,__text__
actSt06aBoxEvent2,2343168,func,__text__
actSt06aWay,2343336,func,__text__
actSt06aWallWay,2343440,func,__text__
actSt06aWallWay2,2343632,func,__text__
actSt06aStatue,2343824,func,__text__
actSt06aHead,2344008,func,__text__
actSt06aTree,2344200,func,__text__
actSt06aBallDelete,2344352,func,__text__
actSt06aKyomi,2344456,func,__text__
actSt06aJump,2344560,func,__text__
actSt06aPiston,2344760,func,__text__
actSt06aPistonFlag,2344864,func,__text__
actSt06aSound,2344968,func,__text__
actSt06aSound2,2345088,func,__text__
actSt06aSuimonEvent,2345208,func,__text__
actSt06aSuimonEffect,2345224,func,__text__
actSt06aSuimonFlagOn,2345488,func,__text__
actSt06aSuimonSub,2345672,func,__text__
actSt06aDoorEvent,2345792,func,__text__
actSt06aDoorUpEffect,2345808,func,__text__
actSt06aDoorDownEffect,2346032,func,__text__
actSt06aShutterMain,2346256,func,__text__
actSt06aShutterSwitch,2346312,func,__text__
actSt06aShutterOpenSub,2346400,func,__text__
actSt06aExitChk,2346552,func,__text__
actSt06aExitGirlChk,2346672,func,__text__
actSt06aBoxSub,2346920,func,__text__
actSt06aBox2Chk,2347104,func,__text__
actSt06aBox3Chk,2347224,func,__text__
actSt06aBallDeleteChk,2347320,func,__text__
actSt06aBoxEvent2InChk,2347432,func,__text__
actSt06aBoxEvent2OutChk,2347584,func,__text__
actSt06aWayOnChk,2347736,func,__text__
actSt06aWayOffChk,2347912,func,__text__
actSt06aWallWayOnChk,2348088,func,__text__
actSt06aWallWayOffChk,2348256,func,__text__
actSt06aWallWay2OnChk,2348424,func,__text__
actSt06aWallWay2OffChk,2348592,func,__text__
actSt06aTreeChk,2348760,func,__text__
actSt06aKyomiOnChk,2348960,func,__text__
actSt06aKyomiOffChk,2349184,func,__text__
actSt06aJumpMain,2349408,func,__text__
actSt06aJumpSwitch,2349464,func,__text__
actSt06aJumpSub,2349552,func,__text__
actSt06aPistonRideOnChk,2349752,func,__text__
actSt06aPistonRideOffChk,2349896,func,__text__
actSt06aPistonFlagOffChk,2350072,func,__text__
actSt06aSoundChk,2350296,func,__text__
actSt06aSound2Chk,2350392,func,__text__
actSt07aInit,2350544,func,__text__
actSt07aEnd,2350808,func,__text__
actSt07aChanChk,2350928,func,__text__
actSt07aChanEffect,2351840,func,__text__
actSt07aTsuroChk,2352280,func,__text__
actSt07aTsuroEffect,2353064,func,__text__
actSt07aSekizoChk,2354016,func,__text__
actSt07aEne,2354808,func,__text__
actSt07aEneChk,2355040,func,__text__
actSt07aGene1,2355384,func,__text__
actSt07aChan,2355600,func,__text__
actSt07aChanReady,2355784,func,__text__
actSt07aChanChain,2355904,func,__text__
actSt07aTsuro,2356040,func,__text__
actSt07aIntro,2356176,func,__text__
actSt07aSekizo,2356296,func,__text__
actSt07aGene2,2356448,func,__text__
actSt07aGene3,2356656,func,__text__
actSt07aEne2,2356864,func,__text__
actSt07aGene2_1,2356984,func,__text__
actSt07aGene2_2,2357168,func,__text__
actSt07aGene2_3,2357376,func,__text__
actSt07aChanReadyChk,2357488,func,__text__
actSt07aChanChainChk,2357600,func,__text__
actSt07ChanEvent,2357856,func,__text__
actSt07aChanFall,2357872,func,__text__
actSt07aChanMot,2358024,func,__text__
actSt07aChanWay1,2358112,func,__text__
actSt07aChanWay2,2358200,func,__text__
actSt07TsuroEvent,2358288,func,__text__
actSt07aTsuroConte,2358304,func,__text__
actSt07aGirlWay,2358432,func,__text__
actSt07aCamera2,2358520,func,__text__
actSt07aIntroChk,2358536,func,__text__
actSt07aSekizoEvent,2358712,func,__text__
actSt07aEne2Chk,2358728,func,__text__
actSt08aEnd,2358848,func,__text__
actSt08aEne1Chk,2358904,func,__text__
actSt08aEne2Chk,2359192,func,__text__
actSt08aDoorUp,2359552,func,__text__
actSt08aHasiUpSub,2359904,func,__text__
actSt08aHasiUp,2360168,func,__text__
actSt08aTorchOnChk,2360560,func,__text__
actSt08aTorchOffChk,2360872,func,__text__
actSt08aDoor,2361184,func,__text__
actSt08aEne1,2361352,func,__text__
actSt08aEne2,2361552,func,__text__
actSt08aEnemy1,2361672,func,__text__
actSt08aEnemy2,2361840,func,__text__
actSt08aEnemy3,2362008,func,__text__
actSt08aEnemy4,2362168,func,__text__
actSt08aIntro,2362328,func,__text__
actSt08aHint1,2362448,func,__text__
actSt08aGirlPos,2362584,func,__text__
actSt08aHasi,2362712,func,__text__
actSt08aTorch,2362888,func,__text__
actSt08aInit,2362992,func,__text__
actSt08aDoorMain,2363112,func,__text__
actSt08aDoorSwitch,2363168,func,__text__
actSt08aDoorUpSub,2363256,func,__text__
actSt08aIntroChk,2363432,func,__text__
actSt08aGirlPosChk,2363600,func,__text__
actSt08aHint1Chk,2363704,func,__text__
actSt08aHasiMain,2363792,func,__text__
actSt08aHasiSwitch,2363848,func,__text__
actSt08bKurenSwitch,2363936,func,__text__
actSt08bKurenLeft,2364912,func,__text__
actSt08bKurenRight,2365192,func,__text__
actSt08bDoor,2365448,func,__text__
actSt08bDoorUpChk,2365712,func,__text__
actSt08bDoorDownChk,2366088,func,__text__
actSt08bKuren,2366464,func,__text__
actSt08bEne,2366568,func,__text__
actSt08bEnemy1,2366688,func,__text__
actSt08bEnemy2,2366832,func,__text__
actSt08bKurenMain,2366976,func,__text__
actSt08aGirlYoro,2367048,func,__text__
actSt08bDoorEvent,2367136,func,__text__
actSt08bDoorUpEffect,2367152,func,__text__
actSt08bDoorDownEffect,2367376,func,__text__
actSt08bEneChk,2367600,func,__text__
actSt09aInit,2367704,func,__text__
actSt09aElvDown,2367768,func,__text__
actSt09aBrgDown,2368008,func,__text__
actSt09aElv,2368408,func,__text__
actSt09aSekizo,2368560,func,__text__
actSt09aIntro,2368736,func,__text__
actSt09aBrg,2368856,func,__text__
actSt09aHint1,2368976,func,__text__
actSt09aHint2,2369112,func,__text__
actSt09aElvMain,2369248,func,__text__
actSt09aElvSwitch,2369304,func,__text__
actSt09aElvUp,2369456,func,__text__
actSt09aSekizoEvent,2369680,func,__text__
actSt09aIntroChk,2369696,func,__text__
actSt09aBrgMain,2369824,func,__text__
actSt09aBrgSwitch,2369872,func,__text__
actSt09aBrgDownSub,2369960,func,__text__
actSt09aHint1Chk,2370192,func,__text__
actSt09aHint2Chk,2370288,func,__text__
actSt10lInit,2370392,func,__text__
actSt10lFloorLeft,2370512,func,__text__
actSt10lFloorRight,2371136,func,__text__
actSt10lGondolaUp,2371632,func,__text__
actSt10lGondolaDown,2372008,func,__text__
actSt10lEneCam2Chk,2372400,func,__text__
actSt10lEneCam3Chk,2372808,func,__text__
actSt10lChainMove,2373096,func,__text__
actSt10lChain,2373576,func,__text__
actSt10lFloor,2373752,func,__text__
actSt10lGondola,2373856,func,__text__
actSt10lSekizo,2374032,func,__text__
actSt10lBox,2374136,func,__text__
actSt10lEnemy1_1,2374240,func,__text__
actSt10lEnemy1_2,2374400,func,__text__
actSt10lEnemy2_1,2374528,func,__text__
actSt10lEnemy2_2,2374656,func,__text__
actSt10lEnemy2_3,2374784,func,__text__
actSt10lEnemy3_1,2374912,func,__text__
actSt10lEnemy3_2,2375040,func,__text__
actSt10lEneCam1,2375168,func,__text__
actSt10lEneCam2,2375288,func,__text__
actSt10lEneCam3,2375408,func,__text__
actSt10lEneKill,2375544,func,__text__
actSt10lBoxA,2375664,func,__text__
actSt10lBoxB,2375800,func,__text__
actSt10lGateXL,2375936,func,__text__
actSt10lFloorMain,2376016,func,__text__
actSt10lFloorSwitch,2376064,func,__text__
actSt10lGondolaMain,2376232,func,__text__
actSt10lGondolaSwitch,2376280,func,__text__
actSt10lEneCam1Chk,2376448,func,__text__
actSt10lBoxChk,2376576,func,__text__
actSt10lSekizoEvent,2376672,func,__text__
actSt10lBoxAChk,2376688,func,__text__
actSt10lBoxBChk,2376816,func,__text__
actSt10lChainMain,2376944,func,__text__
actSt10lChainSwitch,2376992,func,__text__
actSt10lEneKillChk,2377080,func,__text__
actSt10rInit,2377248,func,__text__
actSt10rEnd,2377464,func,__text__
actSt10rFloorChk,2377552,func,__text__
actSt10rFloorHitChk,2377992,func,__text__
actSt10rCageMain,2378312,func,__text__
actSt10rTowerChk,2378784,func,__text__
actSt10rTowerConte,2379392,func,__text__
actSt10rChainMove,2379848,func,__text__
actSt10rFence,2380264,func,__text__
actSt10rFenceDownChk,2380776,func,__text__
actSt10rFenceUpChk,2381152,func,__text__
actSt10rFenceDownChk2,2381520,func,__text__
actSt10rFenceUpChk2,2381896,func,__text__
actSt10rFloor,2382264,func,__text__
actSt10rFloorHit,2382392,func,__text__
actSt10rCage,2382512,func,__text__
actSt10rTower,2382672,func,__text__
actSt10rTowerResque,2382792,func,__text__
actSt10rExit,2382912,func,__text__
actSt10rChain,2383016,func,__text__
actSt10rSekizo,2383184,func,__text__
actSt10rEne,2383288,func,__text__
actSt10rEnemy1,2383408,func,__text__
actSt10rEnemy2,2383576,func,__text__
actSt10rElv,2383688,func,__text__
actSt10rGateXL,2383816,func,__text__
actSt10rWay,2383896,func,__text__
actSt10rFloorSub,2384000,func,__text__
actSt10rCageSub,2384232,func,__text__
actSt10rGirlWay,2384392,func,__text__
actSt10rExitChk,2384480,func,__text__
actSt10rChainMain,2384688,func,__text__
actSt10rChainSwitch,2384736,func,__text__
actSt10rChainMoveSub,2384824,func,__text__
actSt10rSekizoEvent,2384984,func,__text__
actSt10rEneChk,2385000,func,__text__
actSt10rWayOnChk,2385120,func,__text__
actSt10rWayOffChk,2385296,func,__text__
actSt10rTowerResqueChk,2385472,func,__text__
actSt13aElevUpSub,2385688,func,__text__
actSt13aElevUp,2386032,func,__text__
actSt13aElevDown,2386392,func,__text__
actSt13aElevDownSub,2386624,func,__text__
actSt13aElevDownChk,2386880,func,__text__
actSt13aSekizoChk,2387304,func,__text__
actSt13aElev,2387816,func,__text__
actSt13aSekizo,2387976,func,__text__
actSt13aCheck,2388128,func,__text__
actSt13aChain,2388248,func,__text__
actSt13aElevMain,2388416,func,__text__
actSt13aElevSwitch,2388464,func,__text__
actSt13aCheckChk,2388568,func,__text__
actSt13aChainOK,2388616,func,__text__
actSt13aChainNG,2388792,func,__text__
actSt13bFloor,2388968,func,__text__
actSt13bFloorChk,2389344,func,__text__
actSt13bConte02,2389584,func,__text__
actSt13bSekizoChk,2392008,func,__text__
actSt13bSekizo2Chk,2392512,func,__text__
actSt13bMeetAgain,2393016,func,__text__
actSt13bMeetAgainSub,2393296,func,__text__
actSt13bMeetAgainChk,2393576,func,__text__
actSt13bBoss,2394120,func,__text__
actSt13bBossChk,2394384,func,__text__
actSt13bBossAfterChk,2394824,func,__text__
actSt13bElevDownSub,2395296,func,__text__
actSt13bElevDown,2395560,func,__text__
actSt13bElevUp,2395952,func,__text__
actSt13bElevUpChk,2396184,func,__text__
actSt13bDoorUp,2396608,func,__text__
actSt13bElev2Chk,2396928,func,__text__
actSt13bSekizo,2397608,func,__text__
actSt13bSekizo2,2397760,func,__text__
actSt13bBossAfter,2397912,func,__text__
actSt13bStoneGirl,2398064,func,__text__
actSt13bElev,2398168,func,__text__
actSt13bElev2,2398272,func,__text__
actSt13bDoor,2398472,func,__text__
actBossTest,2398624,func,__text__
actSt13bConte02Jimaku,2398752,func,__text__
actSt13bSekizo2Event,2399136,func,__text__
actConte10c,2399152,func,__text__
actSt13bElevMain,2399328,func,__text__
actSt13bElevSwitch,2399376,func,__text__
actSt13bElevUpSub,2399464,func,__text__
actSt13bDoorMain,2399680,func,__text__
actSt13bDoorSwitch,2399728,func,__text__
actSt13bDoorUpSub,2399816,func,__text__
actSt13bElev2CharaChk,2400000,func,__text__
actSt13b2Generator,2400136,func,__text__
actSt13cInit,2400184,func,__text__
actSt13cEnd,2400232,func,__text__
actSt13cBmg1,2400296,func,__text__
actSt13cBmg1Chk,2400616,func,__text__
actSt13cConte04,2401320,func,__text__
actSt13cConte04Jimaku,2401640,func,__text__
actSt13cCage1stDownDemoCancel,2402080,func,__text__
actSt13cCage1stDown,2402536,func,__text__
actSt13cCageFall,2402928,func,__text__
actSt13cCageFallChk,2403264,func,__text__
actSt13cConte05,2404840,func,__text__
actSt13cConte05Jimaku,2406072,func,__text__
actSt13cCageFallEffect,2406528,func,__text__
actSt13cSekizoChk,2407416,func,__text__
actSt13cGirlCarryChk,2408144,func,__text__
actSt13cHandChk,2408520,func,__text__
actSt13cHandJimaku,2409808,func,__text__
actSt13cSleep,2410240,func,__text__
actSt13cCageDown,2410360,func,__text__
actSt13cCageFallReady,2410536,func,__text__
actSt13cEnemy,2410656,func,__text__
actSt13cEnemyNull,2410808,func,__text__
actSt13cSekizo,2410912,func,__text__
actSt13cSekizoJimaku,2411088,func,__text__
actSt13cHand,2411208,func,__text__
actSt13cGirlCarry,2411328,func,__text__
actSt13cRescue,2411448,func,__text__
actSt13cBuki,2411584,func,__text__
actE3St13cSekizo,2411688,func,__text__
actSt13cBmg1Event,2411840,func,__text__
actSt13cSleepEvent,2411856,func,__text__
actSt13cSleepChk,2411872,func,__text__
actSt13cCageDownMain,2412080,func,__text__
actSt13cCageDownSwitch,2412128,func,__text__
actSt13cCage1stDownDemo,2412240,func,__text__
actSt13cCageFallReadyChk,2412320,func,__text__
actSt13cCageFallEvent,2412448,func,__text__
actE3St13cSekizoEvent,2412464,func,__text__
actSt13cSekizoJimakuChk,2412480,func,__text__
actSt13cSekizoJimakuEff,2412592,func,__text__
actSt13cGirlCarryAgainChk,2412992,func,__text__
actSt13cHandSub,2413192,func,__text__
actSt13cRescueChk,2413248,func,__text__
actSt13cBukiEvent,2413416,func,__text__
actSt13cBukiChk,2413432,func,__text__
actSt13dExit,2413520,func,__text__
actSt13dExitR,2413744,func,__text__
actSt13dExitL,2413952,func,__text__
actSt13dInit,2414160,func,__text__
actSt17aDoor,2414168,func,__text__
actSt17aDoorUpChk,2414504,func,__text__
actSt17aDoorDownChk,2414920,func,__text__
actSt17aHasiChk,2415320,func,__text__
actSt17aHasiEffect,2416144,func,__text__
actSt17aIntroCancel,2416864,func,__text__
actLinkTest,2417136,func,__text__
actSt17aSekizo,2417240,func,__text__
actSt17aHasi,2417344,func,__text__
actSt17aIntro,2417544,func,__text__
actSt17aHint1,2417664,func,__text__
actSt17aFall,2417800,func,__text__
actSt17aSekizoEvent,2417920,func,__text__
actLinkTestChk,2417936,func,__text__
actSt17aDoorEvent,2418024,func,__text__
actSt17aDoorUpEffect,2418040,func,__text__
actSt17aDoorDownEffect,2418264,func,__text__
actSt17aHasiEvent,2418488,func,__text__
actSt17aIntroChk,2418504,func,__text__
actSt17aGirlWay,2418680,func,__text__
actSt17aHint1Chk,2418760,func,__text__
actSt17aFallChk,2418864,func,__text__
actSt17bTest,2418984,func,__text__
actSt17bCheck,2419032,func,__text__
actSt17bCheckChk,2419200,func,__text__
actSt18aEnd,2419248,func,__text__
actSt18aIntroChk,2419304,func,__text__
actSt18aSwitchLChk,2419632,func,__text__
actSt18aSwitchLUpChk,2420200,func,__text__
actSt18aSwitchRChk,2420520,func,__text__
actSt18aSwitchRUpChk,2421088,func,__text__
actSt18aDoorChk,2421408,func,__text__
actSt18aDoorDownChk,2421864,func,__text__
actSt18aEnemy1_1,2422136,func,__text__
actSt18aEnemy2_1,2422384,func,__text__
actSt18aIntro,2422592,func,__text__
actSt18aDoor,2422712,func,__text__
actSt18aSwitchL,2422912,func,__text__
actSt18aSwitchR,2423112,func,__text__
actSt18aEne,2423312,func,__text__
actSt18aEnemy1_2,2423432,func,__text__
actSt18aEne2,2423616,func,__text__
actSt18aEnemy2_2,2423736,func,__text__
actSt18aCamera,2423920,func,__text__
actSt18aDoorChkSub,2423936,func,__text__
actSt18aEneChk,2424128,func,__text__
actSt18aEne2Chk,2424240,func,__text__
actSt19aOriUp,2424376,func,__text__
actSt19aHaguruma,2424840,func,__text__
actSt19aHagurumaChk,2425176,func,__text__
actSt19aPipeChk,2425904,func,__text__
actSt19aChainDown,2426408,func,__text__
actSt19bIntro,2426760,func,__text__
actSt19aOri,2427104,func,__text__
actSt19aOriXL,2427280,func,__text__
actSt19aPipe,2427368,func,__text__
actSt19aPipeXL,2427552,func,__text__
actSt19aChain,2427648,func,__text__
actSt19aOriMain,2427800,func,__text__
actSt19aOriSwitch,2427856,func,__text__
actSt19aChainMain,2427944,func,__text__
actSt19aChainSwitch,2428000,func,__text__
actSt19aChainDownSub,2428112,func,__text__
actSt20aInit,2428288,func,__text__
actSt20aEnd,2428376,func,__text__
actSt20aBridgeDown,2428512,func,__text__
actSt20aGondolaDown,2428920,func,__text__
actSt20aGondolaUp,2429312,func,__text__
actSt20aFence,2429688,func,__text__
actSt20aFenceDownChk,2430184,func,__text__
actSt20aFenceUpChk,2430536,func,__text__
actSt20aFenceDownChk2,2430888,func,__text__
actSt20aFenceUpChk2,2431240,func,__text__
actSt20aBridge,2431592,func,__text__
actSt20aGondola,2431712,func,__text__
actSt20aExit,2431888,func,__text__
actSt20aElv,2431992,func,__text__
actSt20aEne,2432120,func,__text__
actSt20aEnemy1,2432240,func,__text__
actSt20aEnemy2,2432408,func,__text__
actSt20aEnemy3,2432576,func,__text__
actSt20aHint1,2432688,func,__text__
actSt20aGirlPos,2432824,func,__text__
actSt20aBridgeMain,2432952,func,__text__
actSt20aBridgeSwitch,2433008,func,__text__
actSt20aBridgeDownSub,2433096,func,__text__
actSt20aGondolaMain,2433280,func,__text__
actSt20aGondolaSwitch,2433352,func,__text__
actSt20aExitChk,2433520,func,__text__
actSt20aEneChk,2433728,func,__text__
actSt20aGirlPosChk,2433848,func,__text__
actSt20aHint1Chk,2433952,func,__text__
actSt22aLightningVolime,2434072,func,__text__
actSt22aIntro,2434264,func,__text__
actSt22aIntroChk,2434816,func,__text__
actSt22aIntroSub,2435496,func,__text__
actSt24aSwordChk,2435776,func,__text__
actSt24aDemoCamChk,2436400,func,__text__
actSt24aSword,2436720,func,__text__
actSt24aSaku,2436864,func,__text__
actSt24aDemoCam,2436928,func,__text__
actSt24aSwordSub,2437048,func,__text__
actSt47aInit,2437264,func,__text__
actSt47aEnd,2437432,func,__text__
actSt47aSekizo1Chk,2437488,func,__text__
actSt47aHane1Down,2438352,func,__text__
actSt47aHane1Up,2438800,func,__text__
actSt47aHane2Down,2439312,func,__text__
actSt47aHane2Up,2439760,func,__text__
actSt47aRope,2440240,func,__text__
actSt47aRopeChk,2440448,func,__text__
actSt47aBarricadeChk,2440992,func,__text__
actSt47aEnemy1,2441288,func,__text__
actSt47aTorch,2441488,func,__text__
actSt47aSekizo1,2441664,func,__text__
actSt47aSekizo2,2441856,func,__text__
actSt47aHane1,2441952,func,__text__
actSt47aHane2,2442064,func,__text__
actSt47aBarricade,2442168,func,__text__
actSt47aExit,2442344,func,__text__
actSt47aExit2,2442448,func,__text__
actSt47aEne,2442568,func,__text__
actSt47aEnemy2,2442688,func,__text__
actSt47aEnemy3,2442832,func,__text__
actSt47aEnemy4,2442976,func,__text__
actSt47aHint2On,2443080,func,__text__
actSt47aSekizo1Event,2443208,func,__text__
actSt47aGirlWay,2443224,func,__text__
actSt47aSekizo2Event,2443360,func,__text__
actSt47aHane1Main,2443376,func,__text__
actSt47aHane1Switch,2443424,func,__text__
actSt47aHane1_1Girl,2443592,func,__text__
actSt47aHane1_2Girl,2443672,func,__text__
actSt47aHane2Main,2443752,func,__text__
actSt47aHane2Switch,2443800,func,__text__
actSt47aHane2Girl,2443968,func,__text__
actSt47aRopeSub,2444048,func,__text__
actSt47aBarricadeEvent,2444224,func,__text__
actSt47aExitChk,2444240,func,__text__
actSt47aExit2Chk,2444360,func,__text__
actSt47aEneChk,2444416,func,__text__
actSt47aHint2OnChk,2444528,func,__text__
actExplode,2444608,func,__text__
actSplash1,2444712,func,__text__
actSplash2,2444816,func,__text__
actWave,2444920,func,__text__
actSpider,2445024,func,__text__
actDevilLightning,2445160,func,__text__
actQueenLightning,2445232,func,__text__
actSt17aTest,2445304,func,__text__
actSt27aWave,2445424,func,__text__
actExplodeChk,2445528,func,__text__
actSplash1Chk,2445704,func,__text__
actSplash2Chk,2445880,func,__text__
actWaveChk,2446056,func,__text__
actWave1,2446096,func,__text__
actSt27aWaveChk,2446232,func,__text__
actSt27aWave1,2446272,func,__text__
actSpiderChk,2446408,func,__text__
actSt17aTestChk,2446512,func,__text__
stageSEtaimatsu,2446624,func,__text__
stageSE04eriver,2447024,func,__text__
stageSE06ariver,2447528,func,__text__
stageSE10lstrong2,2447872,func,__text__
stageSE19ataki,2448200,func,__text__
stageSE02astrong,2448744,func,__text__
stageSE02ataki,2449032,func,__text__
stageSE02atakib,2449120,func,__text__
stageSE03tsuiro,2449216,func,__text__
stageSE03tnotSuiro,2449272,func,__text__
stageSE04agate,2449336,func,__text__
stageSE04bstrong,2449544,func,__text__
stageSE04ewind,2449640,func,__text__
stageSE04eriverDown,2449784,func,__text__
stageSE06astrong,2449960,func,__text__
stageSE06abirdIn,2450232,func,__text__
stageSE06abirdOut,2450320,func,__text__
stageSE06ataimatsu,2450408,func,__text__
stageSE08astrong,2450520,func,__text__
stageSE08astrong2,2450728,func,__text__
stageSE08anoise3,2450944,func,__text__
stageSE08ataimatsu,2451080,func,__text__
stageSE08bcrane,2451200,func,__text__
stageSE08brail,2451328,func,__text__
stageSE09asea,2451456,func,__text__
stageSE10lstrong,2451512,func,__text__
stageSE10rstrong,2451832,func,__text__
stageSE10rstrong2,2451984,func,__text__
stageSE13arain,2452080,func,__text__
stageSE13cNoise,2452144,func,__text__
stageSE13dterrace,2452184,func,__text__
stageSE13dstrong,2452248,func,__text__
stageSE17astrong,2452432,func,__text__
stageSE18awind,2452528,func,__text__
stageSE17brain,2452672,func,__text__
stageSE17bstrong,2452816,func,__text__
stageSE17btaki,2453032,func,__text__
stageSE19astrong,2453064,func,__text__
stageSE19arain,2453184,func,__text__
stageSE20astrong,2453224,func,__text__
stageSE20astrong2,2453352,func,__text__
stageSE22astrong,2453448,func,__text__
stageSE22arain,2453576,func,__text__
stageSE24astrong,2453728,func,__text__
stageSE24arain,2453824,func,__text__
stageSE24ariver,2453864,func,__text__
stageSE47anoise,2453896,func,__text__
GetDataFileName,2454040,func,__text__
GetDataFileName2,2454112,func,__text__
ObjectBeforeFunc,2454288,func,__text__
ObjAction_CorrectGeo,2454296,func,__text__
ObjAction_Mail,2454424,func,__text__
ObjAction_MailCenter,2454528,func,__text__
ObjAction_Init,2454776,func,__text__
audioDecCreate,2454864,func,__text__
audioDecEndPut,2455304,func,__text__
sendToIOP2area,2455592,func,__text__
audioDecSendToIOP,2456408,func,__text__
pcmCallback,2456880,func,__text__
audioDecDelete,2457112,func,__text__
audioDecReset,2457272,func,__text__
audioDecIsPreset,2457360,func,__text__
audioDecStart,2457384,func,__text__
audioDecPause,2457536,func,__text__
audioDecResume,2457592,func,__text__
dispClear,2457744,func,__text__
setDispEnv,2458120,func,__text__
setImageSize,2458600,func,__text__
sendDispEnv,2458616,func,__text__
dispCreate,2458720,func,__text__
dispSetTags,2458904,func,__text__
dispSwitch,2459976,func,__text__
vblankHandler,2460032,func,__text__
dispDelete,2460424,func,__text__
loadImage,2460432,func,__text__
handler_endimage,2460496,func,__text__
startDisplay,2460552,func,__text__
endDisplay,2460616,func,__text__
setDMAscTag,2460632,func,__text__
setGIFtag,2460720,func,__text__
setGIFad,2460808,func,__text__
setTEXFLUSH,2460856,func,__text__
setTEX1_1,2460888,func,__text__
setTEX0_1,2461016,func,__text__
setPRIM,2461200,func,__text__
setUV,2461352,func,__text__
setRGBAQ,2461424,func,__text__
setXYZ2,2461528,func,__text__
setFRAME_1,2461608,func,__text__
setTEST_1,2461704,func,__text__
setSCISSOR_1,2461848,func,__text__
setXYOFFSET_1,2461936,func,__text__
setPRMODECONT,2461992,func,__text__
setPRMODE,2462040,func,__text__
setCLAMP_1,2462184,func,__text__
setBITBLTBUF,2462304,func,__text__
setTRXPOS,2462360,func,__text__
setTRXREG,2462416,func,__text__
setTRXDIR,2462472,func,__text__
ErrMessage,2462520,func,__text__
copy2area,2462536,func,__text__
viBuf_free_buf,2462848,func,__text__
viBufCreate,2462904,func,__text__
viBufReset,2463352,func,__text__
viBufBeginPut,2463760,func,__text__
viBufEndPut,2463992,func,__text__
viBufAddDMA,2464072,func,__text__
viBufStopDMA,2464744,func,__text__
viBufRestartDMA,2465136,func,__text__
viBufFlush,2466136,func,__text__
viBufModifyPts,2466216,func,__text__
viBufGetTs,2466584,func,__text__
viBufFree,2466984,func,__text__
viBufDelete,2467000,func,__text__
viBufCount,2467192,func,__text__
viBufPutTs,2467272,func,__text__
ResetGObjProc,2467512,func,__text__
GetMaxGObj,2467520,func,__text__
GetGObjP,2467528,func,__text__
GetGObjId,2467552,func,__text__
PrintGObjID,2467624,func,__text__
InitCameraGObjs,2467752,func,__text__
CreateGObj,2467992,func,__text__
CreateGObjByFuncSet,2468344,func,__text__
MakeBoundingBox,2468640,func,__text__
MakePacket,2469424,func,__text__
AllocPObj,2469704,func,__text__
InitPObj,2470904,func,__text__
FreePObj,2471256,func,__text__
DrawVObj,2471288,func,__text__
SetVObjRT,2471488,func,__text__
sceGsResetGraph,2471552,func,__text__
sceGsGetGParam,2471824,func,__text__
sceGsResetPath,2471840,func,__text__
sceGsSetDefDispEnv,2471944,func,__text__
sceGsPutDispEnv,2472568,func,__text__
sceGsSetDefDrawEnv,2472760,func,__text__
sceGsPutDrawEnv,2473248,func,__text__
sceGsSetDefDBuff,2473480,func,__text__
sceGsSwapDBuff,2474144,func,__text__
sceGsSyncV,2474240,func,__text__
sceGsSyncPath,2474392,func,__text__
sceGsSetDefTexEnv,2475184,func,__text__
sceGsSetDefAlphaEnv,2475456,func,__text__
sceGsSetDefLoadImage,2475552,func,__text__
sceGsSetDefStoreImage,2476040,func,__text__
sceGsExecLoadImage,2476360,func,__text__
sceGsExecStoreImage,2476744,func,__text__
sceGsPutIMR,2478424,func,__text__
sceGsSetHalfOffset,2478488,func,__text__
sceGsGetIMR,2478624,func,__text__
sceGszbufaddr,2478656,func,__text__
sceGsSetDefClear,2478856,func,__text__
sceVu0ApplyMatrix,2479120,func,__text__
sceVu0MulMatrix,2479168,func,__text__
sceVu0OuterProduct,2479240,func,__text__
sceVu0InnerProduct,2479272,func,__text__
sceVu0Normalize,2479312,func,__text__
sceVu0TransposeMatrix,2479368,func,__text__
sceVu0InversMatrix,2479440,func,__text__
sceVu0DivVector,2479552,func,__text__
sceVu0DivVectorXYZ,2479584,func,__text__
sceVu0InterVector,2479616,func,__text__
sceVu0AddVector,2479656,func,__text__
sceVu0SubVector,2479680,func,__text__
sceVu0MulVector,2479704,func,__text__
sceVu0ScaleVector,2479728,func,__text__
sceVu0TransMatrix,2479752,func,__text__
sceVu0CopyVector,2479800,func,__text__
sceVu0CopyMatrix,2479816,func,__text__
sceVu0FTOI4Vector,2479856,func,__text__
sceVu0FTOI0Vector,2479872,func,__text__
sceVu0ITOF4Vector,2479888,func,__text__
sceVu0ITOF0Vector,2479904,func,__text__
sceVu0UnitMatrix,2479920,func,__text__
_sceVu0ecossin,2479960,func,__text__
sceVu0RotMatrixZ,2480080,func,__text__
sceVu0RotMatrixX,2480248,func,__text__
sceVu0RotMatrixY,2480416,func,__text__
sceVu0RotMatrix,2480584,func,__text__
sceVu0ClampVector,2480664,func,__text__
sceVu0CameraMatrix,2480704,func,__text__
sceVu0NormalLightMatrix,2480880,func,__text__
sceVu0LightColorMatrix,2481072,func,__text__
sceVu0ViewScreenMatrix,2481176,func,__text__
sceVu0DropShadowMatrix,2481440,func,__text__
sceVu0RotTransPersN,2481840,func,__text__
sceVu0RotTransPers,2481928,func,__text__
sceVu0CopyVectorXYZ,2482000,func,__text__
sceVu0InterVectorXYZ,2482032,func,__text__
sceVu0ScaleVectorXYZ,2482080,func,__text__
sceVu0ClipScreen,2482104,func,__text__
sceVu0ClipScreen3,2482176,func,__text__
sceVu0ClipAll,2482272,func,__text__
sceVpu0Reset,2482416,func,__text__
memclr,2482512,func,__text__
sceDmaGetChan,2482568,func,__text__
sceDmaReset,2482608,func,__text__
sceDmaDebug,2482832,func,__text__
sceDmaPutEnv,2482848,func,__text__
sceDmaGetEnv,2483320,func,__text__
sceDmaPutStallAddr,2483376,func,__text__
sceDmaSend,2483416,func,__text__
sceDmaSendN,2483632,func,__text__
sceDmaSendI,2483864,func,__text__
sceDmaRecv,2484096,func,__text__
sceDmaRecvN,2484296,func,__text__
sceDmaRecvI,2484536,func,__text__
sceDmaSync,2484776,func,__text__
sceDmaWatch,2484976,func,__text__
sceDmaPause,2485184,func,__text__
sceDmaRestart,2485216,func,__text__
sceVif1PkInit,2485248,func,__text__
sceVif1PkReset,2485264,func,__text__
sceVif1PkTerminate,2485280,func,__text__
sceVif1PkCnt,2485368,func,__text__
sceVif1PkEnd,2485456,func,__text__
sceVif1PkOpenDirectCode,2485544,func,__text__
sceVif1PkCloseDirectCode,2485632,func,__text__
sceVif1PkOpenGifTag,2485680,func,__text__
sceVif1PkCloseGifTag,2485704,func,__text__
sceVif1PkAlign,2485872,func,__text__
sceVif1PkAddGsData,2486000,func,__text__
sceResetttyinit,2486040,func,__text__
VSync,2486056,func,__text__
VSync2,2486120,func,__text__
write,2486216,func,__text__
read,2486344,func,__text__
open,2486464,func,__text__
close,2486504,func,__text__
ioctl,2486512,func,__text__
lseek,2486520,func,__text__
sbrk,2486528,func,__text__
isatty,2486704,func,__text__
fstat,2486712,func,__text__
getpid,2486736,func,__text__
kill,2486744,func,__text__
stat,2486784,func,__text__
unlink,2486824,func,__text__
QueueInit,2486864,func,__text__
QueuePeekWriteDone,2486904,func,__text__
QueuePeekReadDone,2486968,func,__text__
sceTtyHandler,2487032,func,__text__
sceTtyWrite,2487440,func,__text__
sceTtyRead,2487776,func,__text__
sceTtyInit,2487984,func,__text__
sceSifInitRpc,2488176,func,__text__
sceSifExitRpc,2488592,func,__text__
_sceRpcGetPacket,2488632,func,__text__
_sceRpcFreePacket,2488800,func,__text__
_sceRpcGetFPacket,2488832,func,__text__
_sceRpcGetFPacket2,2488880,func,__text__
_request_end,2488944,func,__text__
_request_rdata,2489128,func,__text__
sceSifGetOtherData,2489224,func,__text__
_search_svdata,2489568,func,__text__
_request_bind,2489648,func,__text__
sceSifBindRpc,2489824,func,__text__
_request_call,2490144,func,__text__
sceSifCallRpc,2490288,func,__text__
sceSifCheckStatRpc,2490784,func,__text__
sceSifSetRpcQueue,2490848,func,__text__
sceSifRegisterRpc,2491000,func,__text__
sceSifRemoveRpc,2491208,func,__text__
sceSifRemoveRpcQueue,2491360,func,__text__
sceSifGetNextRequest,2491504,func,__text__
sceSifExecRequest,2491592,func,__text__
sceSifRpcLoop,2492048,func,__text__
_sceFsIobSemaMK,2492112,func,__text__
new_iob,2492208,func,__text__
get_iob,2492344,func,__text__
_sceFs_Rcv_Intr,2492456,func,__text__
_sceFsSemInit,2493408,func,__text__
_sceFsWaitS,2493488,func,__text__
_sceFsSigSema,2493536,func,__text__
sceFsInit,2493552,func,__text__
_fs_version,2493968,func,__text__
sceFsReset,2494112,func,__text__
sceOpen,2494168,func,__text__
sceClose,2494816,func,__text__
sceLseek,2495200,func,__text__
sceRead,2495768,func,__text__
sceWrite,2496392,func,__text__
sceIoctl,2497096,func,__text__
sceIoctl2,2497944,func,__text__
_sceCallCode,2498416,func,__text__
sceRemove,2498840,func,__text__
sceMkdir,2498872,func,__text__
sceRmdir,2499304,func,__text__
sceFormat,2499336,func,__text__
sceAddDrv,2499960,func,__text__
sceDelDrv,2500248,func,__text__
sceDopen,2500280,func,__text__
sceDclose,2500440,func,__text__
sceDread,2500800,func,__text__
sceGetstat,2501144,func,__text__
sceChstat,2501560,func,__text__
sceRename,2502136,func,__text__
sceChdir,2502632,func,__text__
sceSync,2502664,func,__text__
sceMount,2503072,func,__text__
sceUmount,2503696,func,__text__
sceLseek64,2503728,func,__text__
sceDevctl,2504296,func,__text__
sceSymlink,2504856,func,__text__
sceReadlink,2505336,func,__text__
sceSifInitIopHeap,2505792,func,__text__
sceSifAllocIopHeap,2505928,func,__text__
sceSifFreeIopHeap,2506040,func,__text__
sceSifLoadIopHeap,2506160,func,__text__
_lf_bind,2506400,func,__text__
_lf_version,2506656,func,__text__
sceSifLoadFileReset,2506800,func,__text__
_sceSifLoadModuleBuffer,2506856,func,__text__
sceSifLoadModuleBuffer,2507376,func,__text__
sceSifLoadStartModuleBuffer,2507408,func,__text__
_sceSifLoadModule,2507440,func,__text__
sceSifLoadModule,2507992,func,__text__
sceSifLoadStartModule,2508024,func,__text__
_sceSifLoadElfPart,2508056,func,__text__
sceSifLoadElfPart,2508320,func,__text__
sceSifLoadElf,2508352,func,__text__
sceSifGetIopAddr,2508392,func,__text__
sceSifSetIopAddr,2508632,func,__text__
sceSifResetIop,2508856,func,__text__
sceSifIsAliveIop,2509160,func,__text__
sceSifSyncIop,2509200,func,__text__
sceSifRebootIop,2509272,func,__text__
_DumpTLB,2509544,func,__text__
kPutTLBEntry,2509696,func,__text__
kSetTLBEntry,2509888,func,__text__
kGetTLBEntry,2509960,func,__text__
kProbeTLBEntry,2510040,func,__text__
kExpandScratchPad,2510120,func,__text__
SetTLBHandler,2510424,func,__text__
SetDebugHandler,2510520,func,__text__
tlb_setup,2510656,func,__text__
InitTLBFunctions,2510672,func,__text__
PutTLBEntry,2510752,func,__text__
iPutTLBEntry,2510768,func,__text__
SetTLBEntry,2510784,func,__text__
iSetTLBEntry,2510800,func,__text__
GetTLBEntry,2510816,func,__text__
iGetTLBEntry,2510832,func,__text__
ProbeTLBEntry,2510848,func,__text__
iProbeTLBEntry,2510864,func,__text__
ExpandScratchPad,2510880,func,__text__
_kTLBException,2510912,func,__text__
_xlaunch,2511168,func,__text__
_kExitTLBHandler,2511232,func,__text__
_kDebugException,2511488,func,__text__
_set_sreg,2511776,func,__text__
_change_addr,2511808,func,__text__
sceSifGetSreg,2511824,func,__text__
sceSifSetSreg,2511848,func,__text__
sceSifGetDataTable,2511880,func,__text__
sceSifInitCmd,2511896,func,__text__
sceSifExitCmd,2512536,func,__text__
sceSifSetCmdBuffer,2512592,func,__text__
sceSifSetSysCmdBuffer,2512616,func,__text__
sceSifAddCmdHandler,2512640,func,__text__
sceSifRemoveCmdHandler,2512688,func,__text__
_sceSifSendCmd,2512728,func,__text__
sceSifSendCmd,2513040,func,__text__
isceSifSendCmd,2513104,func,__text__
_sceSifCmdIntrHdlr,2513168,func,__text__
sceSifWriteBackDCache,2513464,func,__text__
CB_DelayTh,2513640,func,__text__
sceCdDelayThread,2513680,func,__text__
sceCdCallback,2513784,func,__text__
_sceCd_cd_callback,2513872,func,__text__
_Cdvd_cbLoop,2514032,func,__text__
sceCdInitEeCB,2514224,func,__text__
_sceCd_cd_read_intr,2514440,func,__text__
cmd_sem_init,2514600,func,__text__
cdvd_exit,2514752,func,__text__
sceCdPOffCallback,2514880,func,__text__
_sceCd_Poff_Intr,2514992,func,__text__
PowerOffCB,2515056,func,__text__
sceCdSearchFile,2515448,func,__text__
_sceCd_ncmd_prechk,2516216,func,__text__
sceCdNcmdDiskReady,2516584,func,__text__
sceCdSync,2516736,func,__text__
sceCdSyncS,2516896,func,__text__
_sceCd_scmd_prechk,2517008,func,__text__
sceCdInit,2517376,func,__text__
sceCdDiskReady,2518112,func,__text__
sceCdMmode,2518616,func,__text__
sceCdRead,2518816,func,__text__
sceCdReadIOPm,2519296,func,__text__
sceCdGetDiskType,2519640,func,__text__
sceCdGetError,2519792,func,__text__
sceCdStatus,2519944,func,__text__
sceCdBreak,2520128,func,__text__
sceCdReadClock,2520312,func,__text__
sceCdStInit,2520560,func,__text__
sceCdStStart,2520608,func,__text__
sceCdStSeekF,2520664,func,__text__
sceCdStSeek,2520712,func,__text__
sceCdStStop,2520760,func,__text__
sceCdStRead,2520816,func,__text__
sceCdStPause,2521208,func,__text__
sceCdStResume,2521288,func,__text__
sceCdStStat,2521376,func,__text__
sceCdStream,2521448,func,__text__
_send_to_iop,2521808,func,__text__
scePadInit,2522112,func,__text__
scePadInit2,2522432,func,__text__
scePadEnd,2522592,func,__text__
scePadPortOpen,2522720,func,__text__
scePadPortClose,2523208,func,__text__
scePadGetDmaStr,2523392,func,__text__
scePadGetFrameCount,2523488,func,__text__
scePadRead,2523568,func,__text__
scePadGetState,2523696,func,__text__
scePadStateIntToStr,2523816,func,__text__
scePadSetReqState,2523872,func,__text__
scePadGetReqState,2523976,func,__text__
scePadReqIntToStr,2524056,func,__text__
scePadInfoAct,2524112,func,__text__
scePadInfoComb,2524400,func,__text__
scePadInfoMode,2524688,func,__text__
scePadSetMainMode,2525000,func,__text__
scePadSetActDirect,2525184,func,__text__
scePadSetActAlign,2525368,func,__text__
scePadGetButtonMask,2525584,func,__text__
scePadSetButtonInfo,2525768,func,__text__
scePadInfoPressMode,2525944,func,__text__
scePadEnterPressMode,2526040,func,__text__
scePadExitPressMode,2526128,func,__text__
scePadSetVrefParam,2526216,func,__text__
scePadGetPortMax,2526424,func,__text__
scePadGetSlotMax,2526528,func,__text__
scePadGetModVersion,2526632,func,__text__
scePadSetWarningLevel,2526736,func,__text__
sceMcInit,2526840,func,__text__
_lmcGetClientPtr,2527280,func,__text__
sceMcChangeThreadPriority,2527328,func,__text__
sceMcGetSlotMax,2527512,func,__text__
sceMcOpen,2527704,func,__text__
sceMcMkdir,2528016,func,__text__
sceMcClose,2528072,func,__text__
sceMcSeek,2528256,func,__text__
mceIntrReadFixAlign,2528472,func,__text__
sceMcRead,2528616,func,__text__
sceMcWrite,2528904,func,__text__
mcHearAlarm,2529288,func,__text__
mcDelayThread,2529328,func,__text__
sceMcSync,2529400,func,__text__
mceGetInfoApdx,2529624,func,__text__
sceMcGetInfo,2529712,func,__text__
sceMcGetDir,2530104,func,__text__
mceStorePwd,2530448,func,__text__
sceMcChdir,2530584,func,__text__
sceMcFormat,2530920,func,__text__
sceMcDelete,2531120,func,__text__
sceMcFlush,2531416,func,__text__
sceMcSetFileInfo,2531600,func,__text__
sceMcRename,2532072,func,__text__
sceMcUnformat,2532432,func,__text__
sceMcGetEntSpace,2532632,func,__text__
_type2id,2532912,func,__text__
_id2type,2533048,func,__text__
sceMpegDemuxPssRing,2533560,func,__text__
sceMpegDemuxPss,2534312,func,__text__
sceMpegAddStrCallback,2534344,func,__text__
_pack_header,2534592,func,__text__
_system_header,2534928,func,__text__
_PES_packet,2535040,func,__text__
sceMpegInit,2536456,func,__text__
sceMpegCreate,2536616,func,__text__
sceMpegDelete,2537192,func,__text__
sceMpegAddBs,2537200,func,__text__
sceMpegGetPicture,2537256,func,__text__
sceMpegGetPictureRAW8,2537328,func,__text__
sceMpegGetPictureRAW8xy,2537400,func,__text__
sceMpegSetDecodeMode,2537480,func,__text__
sceMpegGetDecodeMode,2537504,func,__text__
sceMpegIsEnd,2537536,func,__text__
sceMpegIsRefBuffEmpty,2537552,func,__text__
sceMpegReset,2537568,func,__text__
sceMpegClearRefBuff,2537632,func,__text__
sceMpegAddCallback,2537736,func,__text__
_dispatchMpegCallback,2537776,func,__text__
_dispatchMpegCbNodata,2537856,func,__text__
sceMpegSetDefaultPtsGap,2537896,func,__text__
sceMpegResetDefaultPtsGap,2537920,func,__text__
sceMpegSetImageBuff,2537936,func,__text__
sceMpegDispWidth,2537960,func,__text__
sceMpegDispHeight,2537976,func,__text__
sceMpegDispCenterOffX,2537992,func,__text__
sceMpegDispCenterOffY,2538008,func,__text__
sceSetBrokenLink,2538024,func,__text__
sceSetPtm,2538040,func,__text__
_alalcInit,2538064,func,__text__
_alalcSetDynamic,2538088,func,__text__
_alalcFree,2538104,func,__text__
_alalcAlloc,2538120,func,__text__
_alalcRest,2538224,func,__text__
_getpic,2538248,func,__text__
_decodeOrSkipFrame,2538640,func,__text__
_decodeOrSkip,2538936,func,__text__
_decodeOrSkipField,2539000,func,__text__
_sceMpegFlush,2539368,func,__text__
_initSeqAgain,2539480,func,__text__
_lastFrame,2539496,func,__text__
_clearOnce,2539632,func,__text__
_clearEach,2539712,func,__text__
_ErrMessage,2539912,func,__text__
_Error1,2539928,func,__text__
_Error,2539976,func,__text__
_sendDataToIPU,2540064,func,__text__
_RefImageInit,2540280,func,__text__
_sequenceHeader,2540312,func,__text__
_initSeq,2540656,func,__text__
_initRefImages,2541496,func,__text__
_setDefaultQM,2541728,func,__text__
_sequenceExtension,2541920,func,__text__
_sequenceDisplayExtension,2542280,func,__text__
_sequenceScalableExtension,2542440,func,__text__
_unknown_extension,2542456,func,__text__
_pictureSpatialScalableExtension,2542472,func,__text__
_pictureTemporalScalableExtension,2542488,func,__text__
_defStopDMA,2542504,func,__text__
_defRestartDMA,2542520,func,__text__
_motionComp0,2542544,func,__text__
_getAllRefs,2543368,func,__text__
_getRef0,2545080,func,__text__
_doMC,2546136,func,__text__
_rix_000,2546536,func,__text__
_ri0_000,2546656,func,__text__
_rix_001,2546808,func,__text__
_ri0_001,2546992,func,__text__
_rix_010,2547200,func,__text__
_ri0_010,2547376,func,__text__
_rix_011,2547560,func,__text__
_ri0_011,2547808,func,__text__
_rix_100,2548064,func,__text__
_ri0_100,2548232,func,__text__
_rix_101,2548408,func,__text__
_ri0_101,2548640,func,__text__
_rix_110,2548872,func,__text__
_ri0_110,2549096,func,__text__
_rix_111,2549304,func,__text__
_ri0_111,2549600,func,__text__
_copyAddRefImage,2549880,func,__text__
_copyRefImage,2549976,func,__text__
_ipuSetMPEG1,2550072,func,__text__
_waitBdecOut,2550112,func,__text__
_dmVector,2550600,func,__text__
_dualPrimeVector,2550632,func,__text__
_mbAddressIncrement,2551024,func,__text__
_pictureData0,2551296,func,__text__
_sliceA0,2551592,func,__text__
_slice0,2551888,func,__text__
_skipMB0,2552400,func,__text__
_decMB0,2552608,func,__text__
_decode_motion_vector,2553928,func,__text__
_motionVectors,2554064,func,__text__
_motionVector,2554448,func,__text__
_sendIpuCommand,2554768,func,__text__
_waitIpuIdle,2554816,func,__text__
_waitIpuIdle64,2554984,func,__text__
_ipuVdec,2555160,func,__text__
_peepBit,2555600,func,__text__
_flushBuf,2555912,func,__text__
_nextBit,2556192,func,__text__
_nextStartCode,2556552,func,__text__
_sliceB,2556656,func,__text__
_nextHeader,2556768,func,__text__
_pictureHeader,2557064,func,__text__
_extensionAndUserData,2557272,func,__text__
_pictureCodingExtension,2557448,func,__text__
_extrainfo,2558008,func,__text__
_updateTempTackData,2558064,func,__text__
_groupOfPicturesHeader,2558288,func,__text__
_quantMatrixExtension,2558520,func,__text__
_pictureDisplayExtension,2558696,func,__text__
_copyrightExtension,2558936,func,__text__
_decPicture,2559112,func,__text__
_outputFrame,2559336,func,__text__
_updateRefImage,2559520,func,__text__
_isOutSizeOK,2560512,func,__text__
_cpr8,2560672,func,__text__
_markOutput,2561168,func,__text__
_getPtsDtsFlags,2561224,func,__text__
_dispRefImage,2561632,func,__text__
_dispRefImageField,2561912,func,__text__
_doCSC,2562360,func,__text__
_ch3dmaCSC,2562592,func,__text__
_doCSC2,2562920,func,__text__
_ch4dma,2563368,func,__text__
_csc_storeRefImage,2563584,func,__text__
_sysbitInit,2564184,func,__text__
_sysbitNext,2564240,func,__text__
_sysbitFlush,2564272,func,__text__
_sysbitGet,2564424,func,__text__
_sysbitMarker,2564504,func,__text__
_sysbitJump,2564576,func,__text__
_sysbitPtr,2564664,func,__text__
setD3_CHCR,2564712,func,__text__
libipu_setD4_CHCR,2564816,func,__text__
sceIpuStopDMA,2564920,func,__text__
sceIpuRestartDMA,2565152,func,__text__
sceIpuSync,2565488,func,__text__
ipuinit_setD4_CHCR,2565592,func,__text__
sceIpuInit,2565696,func,__text__
GetRomName,2566264,func,__text__
IsT10K,2566424,func,__text__
sceScfGetLanguage,2566488,func,__text__
sceScfSetT10kConfig,2566584,func,__text__
sceScfGetAspect,2566616,func,__text__
sceScfGetSpdif,2566680,func,__text__
sceScfGetTimeZone,2566744,func,__text__
sceScfGetDateNotation,2566848,func,__text__
sceScfGetSummerTime,2566976,func,__text__
sceScfGetTimeNotation,2567104,func,__text__
tobcd,2567232,func,__text__
frombcd,2567336,func,__text__
convertfrombcd,2567424,func,__text__
converttobcd,2567560,func,__text__
adddate,2567696,func,__text__
subdate,2567928,func,__text__
addhour,2568144,func,__text__
subhour,2568256,func,__text__
AdjustTime,2568360,func,__text__
sceScfGetGMTfromRTC,2568568,func,__text__
sceScfGetLocalTimefromRTC,2568640,func,__text__
_SgGetSlotContext,2568744,func,__text__
_SgGetSeqContext,2568768,func,__text__
_SgGetComContext,2568792,func,__text__
_SgGetVabContext,2568808,func,__text__
_SgSetSeVolValue,2568832,func,__text__
_SgGetSeVolValue,2568856,func,__text__
_SgSetSeContext,2568880,func,__text__
_SgGetHeadContext,2568896,func,__text__
_SgGetIop2EeContext,2568912,func,__text__
_SgGetPacketCntext,2568928,func,__text__
_SgCalledTickProc,2568960,func,__text__
_SgSetPkAdd,2570208,func,__text__
_SgSeMain,2570360,func,__text__
_SgBgmMain,2571416,func,__text__
_SgSetRealtimeTickProc,2572600,func,__text__
_SgSetRealtimeVolume,2574400,func,__text__
_SgTableEnvAdd,2574880,func,__text__
_SgSeqKeyOnSlot,2575296,func,__text__
_SgSeKeyOnSlot,2575608,func,__text__
_SgSeKeyOff,2576176,func,__text__
_SgSeqKeyOff,2576504,func,__text__
_SgIntoKeyOn,2576768,func,__text__
_SgPitchTableVag,2576904,func,__text__
_SgSeqSeVolume,2576976,func,__text__
_SgPan,2577392,func,__text__
_SgEndSeq,2577536,func,__text__
_SgTempoChange,2577744,func,__text__
_SgProgChange,2577888,func,__text__
_SgContMod,2578032,func,__text__
_SgContModLoop,2578384,func,__text__
_SgContPolta,2578760,func,__text__
_SgContVol,2579096,func,__text__
_SgContPan,2579536,func,__text__
_SgContDump,2580080,func,__text__
_SgContSeLoop,2580360,func,__text__
_SgContParam,2580552,func,__text__
_SgContLoopCount,2581448,func,__text__
_SgContLoop,2581584,func,__text__
_SgBendForm,2581896,func,__text__
_SgDeltaTime,2582168,func,__text__
_SgSeqSeRrEnd,2582256,func,__text__
_SgfadeParam,2582704,func,__text__
_SgInit,2582760,func,__text__
_SgSndn2Remote,2583168,func,__text__
SgSndn2RemoteInit,2583248,func,__text__
SgSndn2RemoteSync,2583392,func,__text__
SgInit,2583464,func,__text__
SgInitHot,2583472,func,__text__
SgQuit,2583480,func,__text__
SgCalledTickProc,2583592,func,__text__
SgSetDigitalOutputMode,2583640,func,__text__
SgDmaWrite,2583664,func,__text__
SgDmaRead,2583712,func,__text__
_SgDmaCommon,2583752,func,__text__
SgGetDmaTransferStatus,2583896,func,__text__
SgVabOpen,2584040,func,__text__
SgVabOpenFakeBody,2584152,func,__text__
SgVabClose,2584400,func,__text__
SgBgmOpen,2584752,func,__text__
SgBgmClose,2585112,func,__text__
SgSetReverbEndAddr,2585248,func,__text__
SgSetReverbType,2585272,func,__text__
SgSetReverbDepth,2585296,func,__text__
SgSetReverbDelaytime,2585320,func,__text__
SgSetReverbFeedback,2585344,func,__text__
SgSetOutputMode,2585368,func,__text__
SgSetTickMode,2585408,func,__text__
SgGetSlotStatus,2585448,func,__text__
SgSetMasterVol,2585704,func,__text__
SgSetBgmVol,2585728,func,__text__
SgSetSeMasterVol,2585896,func,__text__
SgBgmPlay,2586032,func,__text__
SgBgmStop,2586200,func,__text__
SgSetBgmTempo,2586824,func,__text__
SgGetBgmTempo,2586992,func,__text__
SgGetBgmStatus,2587040,func,__text__
SgGetBgmChStatus,2587176,func,__text__
SgSetBgmPanpot,2587352,func,__text__
SgSePlay,2587576,func,__text__
SgSeStop,2588128,func,__text__
SgSeStopAll,2588432,func,__text__
SgSetSeVolDirect,2588600,func,__text__
SgSetSePitchDirect,2588760,func,__text__
SgGetSpuSlotMalloc,2588872,func,__text__
SgSetSpuSlotFree,2589344,func,__text__
SgStAdpcmInit,2589408,func,__text__
SgStAdpcmQuit,2589432,func,__text__
SgStAdpcmOpen,2589456,func,__text__
SgStAdpcmClose,2589600,func,__text__
SgStAdpcmChannelVolume,2589664,func,__text__
SgStAdpcmChannelPitch,2589800,func,__text__
SgStAdpcmPlay,2589920,func,__text__
SgStAdpcmStop,2590016,func,__text__
SgStAdpcmIopReadAddr,2590112,func,__text__
SgStPcmInit,2590224,func,__text__
SgStPcmQuit,2590248,func,__text__
SgStPcmOpen,2590272,func,__text__
SgStPcmClose,2590384,func,__text__
SgStPcmSetEffect,2590448,func,__text__
SgStPcmPlay,2590472,func,__text__
SgStPcmStop,2590536,func,__text__
SgStPcmLseek,2590600,func,__text__
SgStPcmVolume,2590680,func,__text__
SgStPcmIopReadAddr,2590760,func,__text__
SgStPcmBufMode,2590832,func,__text__
sinf,2590936,func,__text__
acosf,2591176,func,__text__
asinf,2591432,func,__text__
atan2f,2591688,func,__text__
fmodf,2591984,func,__text__
__ieee754_acosf,2592304,func,__text__
__ieee754_asinf,2593376,func,__text__
__ieee754_atan2f,2594304,func,__text__
__ieee754_fmodf,2595048,func,__text__
__ieee754_rem_pio2f,2595640,func,__text__
__ieee754_sqrtf,2596632,func,__text__
__kernel_cosf,2596944,func,__text__
__kernel_rem_pio2f,2597288,func,__text__
__kernel_sinf,2599672,func,__text__
matherr,2599936,func,__text__
atanf,2599976,func,__text__
fabsf,2600656,func,__text__
floorf,2600688,func,__text__
isnanf,2600920,func,__text__
scalbnf,2600960,func,__text__
copysignf,2601312,func,__text__
__do_global_dtors,2601360,func,__text__
__do_global_ctors,2601448,func,__text__
__main,2601624,func,__text__
__divdi3,2601656,func,__text__
__fixunsdfdi,2603432,func,__text__
__floatdidf,2603672,func,__text__
__moddi3,2603824,func,__text__
__muldi3,2605464,func,__text__
__udivdi3,2605560,func,__text__
__umoddi3,2607048,func,__text__
__pack_d,2608392,func,__text__
__unpack_d,2608696,func,__text__
dp_fpadd_parts,2608856,func,__text__
dpadd,2609432,func,__text__
dpsub,2609520,func,__text__
dpmul,2609624,func,__text__
dpdiv,2610304,func,__text__
__fpcmp_parts_d,2610664,func,__text__
dpcmp,2610944,func,__text__
litodp,2611024,func,__text__
dptoli,2611208,func,__text__
dptoul,2611360,func,__text__
__negdf2,2611520,func,__text__
__make_dp,2611576,func,__text__
dptofp,2611624,func,__text__
__pack_f,2611712,func,__text__
__unpack_f,2611984,func,__text__
fp_fpadd_parts,2612128,func,__text__
fpadd,2612696,func,__text__
fpsub,2612784,func,__text__
fpmul,2612888,func,__text__
fpdiv,2613392,func,__text__
__fpcmp_parts_f,2613744,func,__text__
fpcmp,2614024,func,__text__
sitofp,2614104,func,__text__
fptosi,2614288,func,__text__
fptoui,2614432,func,__text__
__negsf2,2614584,func,__text__
__make_fp,2614640,func,__text__
fptodp,2614688,func,__text__
__assert,2614752,func,__text__
atoi,2614808,func,__text__
__errno,2614848,func,__text__
fiprintf,2614864,func,__text__
memcmp,2614916,func,__text__
memcpy,2615064,func,__text__
memset,2615240,func,__text__
_printf_r,2615432,func,__text__
printf,2615496,func,__text__
qsort,2615576,func,__text__
srand,2618176,func,__text__
rand,2618192,func,__text__
_sprintf_r,2618240,func,__text__
sprintf,2618344,func,__text__
eofread,2618456,func,__text__
sscanf,2618464,func,__text__
strcat,2618600,func,__text__
strcmp,2618900,func,__text__
strcpy,2619224,func,__text__
strlen,2619500,func,__text__
strncmp,2619816,func,__text__
strncpy,2620256,func,__text__
strrchr,2620704,func,__text__
strstr,2620784,func,__text__
strtok,2620896,func,__text__
strtok_r,2620936,func,__text__
_strtol_r,2621096,func,__text__
strtol,2621664,func,__text__
__isprint,2621720,func,__text__
__isbprintf,2621792,func,__text__
vfiprintf,2621976,func,__text__
_vfiprintf_r,2622096,func,__text__
__sprint,2625120,func,__text__
__sbprintf,2625192,func,__text__
vfprintf,2625376,func,__text__
_vfprintf_r,2625496,func,__text__
cvt,2630896,func,__text__
exponent,2631328,func,__text__
__svfscanf,2631552,func,__text__
__sccl,2634376,func,__text__
vsprintf,2634640,func,__text__
__swsetup,2634728,func,__text__
abort,2635000,func,__text__
atof,2635032,func,__text__
quorem,2635064,func,__text__
_dtoa_r,2635600,func,__text__
fflush,2640160,func,__text__
std,2640424,func,__text__
__sfmoreglue,2640512,func,__text__
__sfp,2640624,func,__text__
_cleanup_r,2640848,func,__text__
_cleanup,2640864,func,__text__
__sinit,2640880,func,__text__
fread,2641024,func,__text__
_free_r,2641312,func,__text__
_malloc_trim_r,2642112,func,__text__
__sfvwrite,2642480,func,__text__
_fwalk,2643464,func,__text__
_setlocale_r,2643616,func,__text__
_localeconv_r,2643752,func,__text__
setlocale,2643768,func,__text__
localeconv,2643816,func,__text__
__smakebuf,2643856,func,__text__
malloc_extend_top,2644192,func,__text__
_RotMatrixZ_02,2480128,label,__text__
_RotMatrixX_02,2480296,label,__text__
_RotMatrixY_02,2480464,label,__text__
_maxval,2550048,func,__text__
Screen4By3,5557090,func,
DateNotation,5557091,func,
SpdifModeEnabled,5557093,func,
SummerTime,5557094,func,
TimeNotation,5557095,func,
D_0054e5b8,5563832,func,seki/src/GsBase
D_0054ea48,5565000,func,seki/src/GsBase
D_0054f3d8,5567448,func,seki/src/Packet
D_0054f718,5568280,func,seki/src/Packet
D_0054fa50,5569104,func,seki/src/RegistPacket
D_0054ffe0,5570528,func,seki/src/StageAnimation
D_005502f0,5571312,func,seki/src/Texture
D_00550c40,5573696,func,fumi/ios/cdvd
D_005511a8,5575080,func,fumi/ios/mcard
D_005512a8,5575336,func,fumi/ios/mcard
D_005515b8,5576120,func,fumi/ios/memory
D_00551708,5576456,func,fumi/ios/memory
D_00551820,5576736,func,fumi/ios/memory
D_00551bb0,5577648,func,fumi/ios/pad
D_00552c20,5581856,func,fumi/src/boyact
D_00552f18,5582616,func,fumi/src/commonact
D_00555170,5591408,func,omori/src/camera-root
D_005553b8,5591992,func,omori/src/chain
D_00619348,6394696,func,common/src/charFileManager
D_0061b5b0,6403504,func,common/src/debug
D_0061bbc8,6405064,func,common/src/debug
D_0061be50,6405712,func,common/src/debug
D_0061cf50,6410064,func,common/src/debug_exception
D_0061d0a0,6410400,func,common/src/debug_exception
D_00620120,6422816,func,sugipon/src/motionOrientManager
D_00620170,6422896,func,sugipon/src/motionOrientManager
D_006201b8,6422968,func,sugipon/src/motionOrientManager
D_00620700,6424320,func,sugipon/src/motionViewer
D_006208e0,6424800,func,sugipon/src/particleEffect
D_00620a10,6425104,func,sugipon/src/rope
D_00620ff8,6426616,func,sugipon/src/streamMotionManager
D_00621580,6428032,func,seki/src/BgAnimation
_ctype_,6520425,func,sdk/lib/libc/assert
InitialObjPointer,6531088,func,
space,6534024,func,
staffRollAlphaTemp,6534763,func,
InitialIndData,6534960,func,
th,6535256,func,
phi,6535258,func,
ios_partition_root,6530088,u32,
n_thread,6530544,u32,
__assert_cond_0,6530552,char,
iosThreadDestroyMgrMsgBuf,6537632,func,
D_0063C5D8,6538712,u32,
thread_table,7065312,func,
iosThreadDestroyMgrMsgQ,7066336,func,
iosThreadDestroyMgrThread,7066384,func,
iosThreadDestroyMgrStack,7066496,u8,
